ts,type,price,volume,side,bid,ask
2026-03-30 15:45:48.065,Q,,,,6375.5,6375.75
2026-03-30 15:45:48.083,T,6375.5,1,,,
2026-03-30 15:45:48.179,T,6375.5,1,,,
2026-03-30 15:45:48.179,T,6375.5,1,,,
2026-03-30 15:45:48.236,T,6375.5,1,,,
2026-03-30 15:45:48.283,T,6375.5,1,,,
2026-03-30 15:45:48.332,T,6375.75,1,,,
2026-03-30 15:45:48.332,T,6375.75,1,,,
2026-03-30 15:45:48.332,T,6375.75,1,,,
2026-03-30 15:45:48.332,T,6375.75,1,,,
2026-03-30 15:45:48.332,T,6375.75,1,,,
2026-03-30 15:45:48.332,T,6375.75,1,,,
2026-03-30 15:45:48.332,T,6375.75,1,,,
2026-03-30 15:45:48.332,T,6375.75,1,,,
2026-03-30 15:45:48.333,Q,,,,6375.75,6376.0
2026-03-30 15:45:48.386,T,6375.75,1,,,
2026-03-30 15:45:48.386,T,6375.75,1,,,
2026-03-30 15:45:48.386,T,6375.75,1,,,
2026-03-30 15:45:48.386,T,6375.75,1,,,
2026-03-30 15:45:49.538,T,6376.0,1,,,
2026-03-30 15:45:49.584,T,6375.75,1,,,
2026-03-30 15:45:49.584,T,6376.0,1,,,
2026-03-30 15:45:50.283,T,6375.75,1,,,
2026-03-30 15:45:50.435,T,6376.0,1,,,
2026-03-30 15:45:50.484,T,6375.75,1,,,
2026-03-30 15:45:50.484,T,6375.75,1,,,
2026-03-30 15:45:50.484,T,6375.75,1,,,
2026-03-30 15:45:50.484,T,6375.75,1,,,
2026-03-30 15:45:50.484,T,6375.75,1,,,
2026-03-30 15:45:50.484,T,6375.75,2,,,
2026-03-30 15:45:50.484,T,6375.75,1,,,
2026-03-30 15:45:50.484,T,6375.75,1,,,
2026-03-30 15:45:50.484,T,6375.75,1,,,
2026-03-30 15:45:50.484,T,6375.75,3,,,
2026-03-30 15:45:50.484,T,6375.75,1,,,
2026-03-30 15:45:50.484,T,6375.75,3,,,
2026-03-30 15:45:50.484,T,6375.75,1,,,
2026-03-30 15:45:50.484,T,6375.75,1,,,
2026-03-30 15:45:50.484,T,6375.75,1,,,
2026-03-30 15:45:50.484,T,6375.75,1,,,
2026-03-30 15:45:50.634,T,6375.75,1,,,
2026-03-30 15:45:50.634,T,6375.75,1,,,
2026-03-30 15:45:50.634,T,6375.75,1,,,
2026-03-30 15:45:50.634,T,6375.75,1,,,
2026-03-30 15:45:50.634,T,6375.75,1,,,
2026-03-30 15:45:50.634,T,6375.75,1,,,
2026-03-30 15:45:50.634,T,6375.75,1,,,
2026-03-30 15:45:50.791,T,6375.75,1,,,
2026-03-30 15:45:50.791,T,6375.75,1,,,
2026-03-30 15:45:50.791,T,6375.75,2,,,
2026-03-30 15:45:50.792,Q,,,,6375.5,6375.75
2026-03-30 15:45:51.235,T,6375.75,1,,,
2026-03-30 15:45:51.235,T,6375.75,1,,,
2026-03-30 15:45:51.235,T,6375.75,1,,,
2026-03-30 15:45:51.235,T,6375.75,1,,,
2026-03-30 15:45:51.235,T,6375.75,1,,,
2026-03-30 15:45:52.132,Q,,,,6375.75,6376.0
2026-03-30 15:45:52.132,T,6375.75,1,,,
2026-03-30 15:45:52.132,T,6375.75,1,,,
2026-03-30 15:45:52.132,T,6375.75,1,,,
2026-03-30 15:45:52.132,T,6375.75,4,,,
2026-03-30 15:45:52.132,T,6375.75,3,,,
2026-03-30 15:45:52.132,T,6375.75,1,,,
2026-03-30 15:45:52.132,T,6375.75,1,,,
2026-03-30 15:45:52.132,T,6375.75,1,,,
2026-03-30 15:45:52.132,T,6375.75,1,,,
2026-03-30 15:45:52.186,T,6375.75,1,,,
2026-03-30 15:45:52.186,T,6375.75,1,,,
2026-03-30 15:45:52.186,T,6375.75,1,,,
2026-03-30 15:45:52.186,T,6375.75,1,,,
2026-03-30 15:45:52.186,T,6375.75,1,,,
2026-03-30 15:45:52.187,Q,,,,6375.5,6376.0
2026-03-30 15:45:52.235,Q,,,,6375.75,6376.0
2026-03-30 15:45:52.585,T,6375.75,1,,,
2026-03-30 15:45:52.585,T,6376.0,1,,,
2026-03-30 15:45:52.635,T,6376.0,1,,,
2026-03-30 15:45:52.635,T,6376.0,1,,,
2026-03-30 15:45:52.635,T,6376.0,1,,,
2026-03-30 15:45:52.635,T,6376.0,1,,,
2026-03-30 15:45:52.635,T,6376.0,1,,,
2026-03-30 15:45:52.635,T,6376.0,1,,,
2026-03-30 15:45:52.635,T,6376.0,1,,,
2026-03-30 15:45:52.635,T,6376.0,1,,,
2026-03-30 15:45:52.635,T,6376.0,1,,,
2026-03-30 15:45:52.635,T,6376.0,1,,,
2026-03-30 15:45:52.635,T,6376.0,1,,,
2026-03-30 15:45:52.635,T,6376.0,1,,,
2026-03-30 15:45:52.635,T,6376.0,2,,,
2026-03-30 15:45:52.635,T,6376.0,3,,,
2026-03-30 15:45:52.635,T,6376.0,1,,,
2026-03-30 15:45:52.635,T,6376.0,1,,,
2026-03-30 15:45:52.635,T,6376.0,1,,,
2026-03-30 15:45:52.635,T,6376.0,1,,,
2026-03-30 15:45:52.635,T,6376.0,1,,,
2026-03-30 15:45:52.635,T,6376.0,1,,,
2026-03-30 15:45:52.635,T,6376.0,1,,,
2026-03-30 15:45:52.635,T,6376.0,1,,,
2026-03-30 15:45:52.635,T,6376.0,1,,,
2026-03-30 15:45:52.635,T,6376.0,1,,,
2026-03-30 15:45:52.635,T,6376.0,1,,,
2026-03-30 15:45:52.635,T,6376.0,1,,,
2026-03-30 15:45:52.635,T,6376.0,1,,,
2026-03-30 15:45:52.635,T,6376.0,1,,,
2026-03-30 15:45:52.637,Q,,,,6376.0,6376.25
2026-03-30 15:45:52.933,T,6376.25,1,,,
2026-03-30 15:45:52.933,T,6376.25,3,,,
2026-03-30 15:45:52.933,T,6376.25,1,,,
2026-03-30 15:45:52.933,T,6376.25,1,,,
2026-03-30 15:45:52.933,T,6376.25,1,,,
2026-03-30 15:45:52.933,T,6376.25,1,,,
2026-03-30 15:45:52.933,T,6376.25,1,,,
2026-03-30 15:45:52.933,T,6376.25,1,,,
2026-03-30 15:45:52.933,T,6376.25,1,,,
2026-03-30 15:45:52.933,T,6376.25,1,,,
2026-03-30 15:45:52.933,T,6376.25,1,,,
2026-03-30 15:45:52.933,T,6376.25,1,,,
2026-03-30 15:45:52.933,T,6376.25,1,,,
2026-03-30 15:45:52.933,T,6376.25,1,,,
2026-03-30 15:45:52.933,T,6376.25,1,,,
2026-03-30 15:45:52.933,T,6376.25,3,,,
2026-03-30 15:45:53.136,T,6376.25,3,,,
2026-03-30 15:45:53.136,T,6376.25,1,,,
2026-03-30 15:45:53.136,T,6376.25,1,,,
2026-03-30 15:45:53.136,T,6376.25,1,,,
2026-03-30 15:45:53.136,T,6376.25,1,,,
2026-03-30 15:45:53.136,T,6376.25,1,,,
2026-03-30 15:45:53.136,T,6376.25,1,,,
2026-03-30 15:45:53.316,Q,,,,6376.25,6376.5
2026-03-30 15:45:53.316,T,6376.25,3,,,
2026-03-30 15:45:53.316,Q,,,,6376.0,6376.25
2026-03-30 15:45:53.585,Q,,,,6376.25,6376.5
2026-03-30 15:45:53.585,T,6376.25,1,,,
2026-03-30 15:45:53.585,T,6376.25,1,,,
2026-03-30 15:45:53.585,T,6376.25,1,,,
2026-03-30 15:45:53.585,T,6376.25,1,,,
2026-03-30 15:45:53.585,T,6376.25,1,,,
2026-03-30 15:45:53.585,T,6376.25,1,,,
2026-03-30 15:45:53.585,T,6376.25,1,,,
2026-03-30 15:45:53.585,T,6376.25,1,,,
2026-03-30 15:45:53.585,T,6376.25,1,,,
2026-03-30 15:45:53.585,T,6376.25,2,,,
2026-03-30 15:45:53.585,T,6376.25,1,,,
2026-03-30 15:45:53.633,T,6376.5,2,,,
2026-03-30 15:45:53.633,T,6376.5,1,,,
2026-03-30 15:45:54.238,T,6376.5,2,,,
2026-03-30 15:45:54.238,T,6376.5,1,,,
2026-03-30 15:45:54.238,T,6376.5,1,,,
2026-03-30 15:45:54.238,T,6376.5,1,,,
2026-03-30 15:45:54.238,T,6376.5,1,,,
2026-03-30 15:45:54.238,T,6376.5,1,,,
2026-03-30 15:45:54.238,T,6376.5,1,,,
2026-03-30 15:45:54.238,T,6376.5,1,,,
2026-03-30 15:45:54.238,T,6376.5,1,,,
2026-03-30 15:45:54.238,T,6376.5,5,,,
2026-03-30 15:45:54.238,T,6376.5,1,,,
2026-03-30 15:45:54.238,T,6376.5,1,,,
2026-03-30 15:45:54.238,T,6376.5,1,,,
2026-03-30 15:45:54.238,T,6376.5,1,,,
2026-03-30 15:45:54.238,T,6376.5,1,,,
2026-03-30 15:45:54.238,T,6376.5,1,,,
2026-03-30 15:45:54.238,T,6376.5,1,,,
2026-03-30 15:45:54.238,T,6376.5,1,,,
2026-03-30 15:45:54.238,T,6376.5,4,,,
2026-03-30 15:45:54.238,T,6376.75,1,,,
2026-03-30 15:45:54.238,T,6376.75,1,,,
2026-03-30 15:45:54.238,T,6376.75,1,,,
2026-03-30 15:45:54.238,T,6376.75,1,,,
2026-03-30 15:45:54.238,T,6376.75,1,,,
2026-03-30 15:45:54.238,T,6376.75,1,,,
2026-03-30 15:45:54.238,T,6376.75,1,,,
2026-03-30 15:45:54.238,T,6376.75,1,,,
2026-03-30 15:45:54.238,T,6376.5,3,,,
2026-03-30 15:45:54.238,T,6376.5,1,,,
2026-03-30 15:45:54.238,T,6376.5,1,,,
2026-03-30 15:45:54.238,T,6376.5,2,,,
2026-03-30 15:45:54.238,T,6376.5,1,,,
2026-03-30 15:45:54.238,T,6376.5,1,,,
2026-03-30 15:45:54.238,T,6376.5,1,,,
2026-03-30 15:45:54.238,T,6376.5,2,,,
2026-03-30 15:45:54.238,T,6376.5,1,,,
2026-03-30 15:45:54.238,T,6376.75,1,,,
2026-03-30 15:45:54.238,T,6376.75,1,,,
2026-03-30 15:45:54.238,T,6376.75,1,,,
2026-03-30 15:45:54.238,T,6376.75,1,,,
2026-03-30 15:45:54.238,T,6376.75,1,,,
2026-03-30 15:45:54.238,T,6376.75,4,,,
2026-03-30 15:45:54.238,T,6376.75,1,,,
2026-03-30 15:45:54.238,T,6376.75,1,,,
2026-03-30 15:45:54.238,T,6376.75,1,,,
2026-03-30 15:45:54.238,T,6376.75,1,,,
2026-03-30 15:45:54.238,T,6376.75,1,,,
2026-03-30 15:45:54.238,T,6376.75,1,,,
2026-03-30 15:45:54.238,T,6376.75,1,,,
2026-03-30 15:45:54.238,T,6376.75,1,,,
2026-03-30 15:45:54.238,T,6376.75,1,,,
2026-03-30 15:45:54.238,T,6376.75,1,,,
2026-03-30 15:45:54.238,T,6376.75,3,,,
2026-03-30 15:45:54.238,T,6376.75,1,,,
2026-03-30 15:45:54.238,T,6376.75,1,,,
2026-03-30 15:45:54.238,T,6376.75,2,,,
2026-03-30 15:45:54.238,T,6376.75,1,,,
2026-03-30 15:45:54.238,T,6376.75,2,,,
2026-03-30 15:45:54.238,T,6376.75,1,,,
2026-03-30 15:45:54.238,T,6376.75,1,,,
2026-03-30 15:45:54.238,T,6376.75,1,,,
2026-03-30 15:45:54.238,T,6376.75,1,,,
2026-03-30 15:45:54.238,T,6376.75,1,,,
2026-03-30 15:45:54.241,Q,,,,6376.5,6376.75
2026-03-30 15:45:54.285,T,6376.75,1,,,
2026-03-30 15:45:54.285,T,6376.75,1,,,
2026-03-30 15:45:54.285,T,6376.75,1,,,
2026-03-30 15:45:54.285,T,6376.75,1,,,
2026-03-30 15:45:54.285,T,6376.75,1,,,
2026-03-30 15:45:54.285,T,6376.75,1,,,
2026-03-30 15:45:54.285,T,6376.75,1,,,
2026-03-30 15:45:54.285,T,6376.75,2,,,
2026-03-30 15:45:54.285,T,6376.75,1,,,
2026-03-30 15:45:54.285,T,6376.75,1,,,
2026-03-30 15:45:54.285,T,6376.75,1,,,
2026-03-30 15:45:54.285,T,6376.75,1,,,
2026-03-30 15:45:54.285,T,6376.75,1,,,
2026-03-30 15:45:54.285,T,6376.75,1,,,
2026-03-30 15:45:54.285,T,6376.75,1,,,
2026-03-30 15:45:54.285,T,6376.75,1,,,
2026-03-30 15:45:54.285,T,6376.75,3,,,
2026-03-30 15:45:54.285,T,6376.75,1,,,
2026-03-30 15:45:54.285,T,6376.75,1,,,
2026-03-30 15:45:54.285,T,6376.75,1,,,
2026-03-30 15:45:54.285,T,6376.75,1,,,
2026-03-30 15:45:54.285,T,6376.75,1,,,
2026-03-30 15:45:54.285,T,6376.75,1,,,
2026-03-30 15:45:54.285,T,6376.75,1,,,
2026-03-30 15:45:54.285,T,6376.75,1,,,
2026-03-30 15:45:54.285,T,6376.75,1,,,
2026-03-30 15:45:54.285,T,6376.75,2,,,
2026-03-30 15:45:54.285,T,6376.75,1,,,
2026-03-30 15:45:54.287,Q,,,,6376.5,6377.0
2026-03-30 15:45:54.333,T,6376.75,1,,,
2026-03-30 15:45:54.333,T,6376.75,3,,,
2026-03-30 15:45:54.333,T,6376.75,1,,,
2026-03-30 15:45:54.333,T,6376.75,1,,,
2026-03-30 15:45:54.380,Q,,,,6376.75,6377.0
2026-03-30 15:45:54.436,T,6376.75,1,,,
2026-03-30 15:45:54.436,T,6376.75,1,,,
2026-03-30 15:45:54.436,T,6376.75,1,,,
2026-03-30 15:45:54.436,T,6376.75,1,,,
2026-03-30 15:45:54.436,T,6376.75,1,,,
2026-03-30 15:45:54.436,T,6376.75,1,,,
2026-03-30 15:45:54.436,T,6376.75,2,,,
2026-03-30 15:45:54.436,T,6376.75,2,,,
2026-03-30 15:45:54.436,T,6376.75,1,,,
2026-03-30 15:45:54.436,Q,,,,6376.5,6376.75
2026-03-30 15:45:54.536,T,6376.75,1,,,
2026-03-30 15:45:54.536,T,6376.75,1,,,
2026-03-30 15:45:54.536,T,6376.75,1,,,
2026-03-30 15:45:54.536,T,6376.75,1,,,
2026-03-30 15:45:54.536,T,6376.75,1,,,
2026-03-30 15:45:54.536,T,6376.75,1,,,
2026-03-30 15:45:54.536,T,6376.75,1,,,
2026-03-30 15:45:54.584,Q,,,,6376.75,6377.0
2026-03-30 15:45:54.584,T,6376.75,1,,,
2026-03-30 15:45:54.584,T,6376.75,1,,,
2026-03-30 15:45:54.879,T,6376.75,1,,,
2026-03-30 15:45:54.879,T,6376.75,3,,,
2026-03-30 15:45:54.879,T,6376.75,1,,,
2026-03-30 15:45:54.879,T,6376.75,1,,,
2026-03-30 15:45:54.879,T,6376.75,1,,,
2026-03-30 15:45:54.879,T,6376.75,1,,,
2026-03-30 15:45:54.879,T,6376.75,1,,,
2026-03-30 15:45:54.879,T,6376.75,1,,,
2026-03-30 15:45:54.879,T,6376.75,1,,,
2026-03-30 15:45:54.879,T,6376.75,1,,,
2026-03-30 15:45:55.032,Q,,,,6376.75,6377.25
2026-03-30 15:45:55.032,T,6377.0,1,,,
2026-03-30 15:45:55.032,T,6377.0,1,,,
2026-03-30 15:45:55.032,T,6377.0,1,,,
2026-03-30 15:45:55.032,T,6377.0,1,,,
2026-03-30 15:45:55.032,T,6377.0,1,,,
2026-03-30 15:45:55.032,T,6377.0,1,,,
2026-03-30 15:45:55.032,T,6377.0,1,,,
2026-03-30 15:45:55.032,T,6377.0,1,,,
2026-03-30 15:45:55.032,T,6377.0,1,,,
2026-03-30 15:45:55.032,T,6377.0,1,,,
2026-03-30 15:45:55.032,T,6377.0,1,,,
2026-03-30 15:45:55.032,T,6377.0,2,,,
2026-03-30 15:45:55.032,T,6377.0,2,,,
2026-03-30 15:45:55.032,T,6377.0,1,,,
2026-03-30 15:45:55.032,T,6377.0,1,,,
2026-03-30 15:45:55.032,T,6377.0,1,,,
2026-03-30 15:45:55.032,T,6377.0,5,,,
2026-03-30 15:45:55.082,Q,,,,6377.0,6377.25
2026-03-30 15:45:55.130,T,6377.0,1,,,
2026-03-30 15:45:55.181,T,6377.25,3,,,
2026-03-30 15:45:55.234,T,6377.0,1,,,
2026-03-30 15:45:55.234,T,6377.0,1,,,
2026-03-30 15:45:55.234,T,6377.0,1,,,
2026-03-30 15:45:55.234,T,6377.0,1,,,
2026-03-30 15:45:55.234,T,6377.0,1,,,
2026-03-30 15:45:55.379,T,6377.0,1,,,
2026-03-30 15:45:55.379,T,6377.0,1,,,
2026-03-30 15:45:55.379,T,6377.0,1,,,
2026-03-30 15:45:55.379,T,6377.0,1,,,
2026-03-30 15:45:55.379,T,6377.0,2,,,
2026-03-30 15:45:55.379,T,6377.0,1,,,
2026-03-30 15:45:55.379,T,6377.0,1,,,
2026-03-30 15:45:55.379,T,6377.0,1,,,
2026-03-30 15:45:55.379,T,6377.0,1,,,
2026-03-30 15:45:55.379,T,6377.0,1,,,
2026-03-30 15:45:55.379,T,6377.0,1,,,
2026-03-30 15:45:55.379,T,6377.0,1,,,
2026-03-30 15:45:55.379,T,6377.0,1,,,
2026-03-30 15:45:55.379,T,6377.0,1,,,
2026-03-30 15:45:55.379,T,6377.0,2,,,
2026-03-30 15:45:55.379,T,6376.75,1,,,
2026-03-30 15:45:55.379,T,6376.75,1,,,
2026-03-30 15:45:55.380,Q,,,,6376.75,6377.0
2026-03-30 15:45:55.435,T,6377.0,1,,,
2026-03-30 15:45:55.435,T,6377.0,1,,,
2026-03-30 15:45:55.836,T,6377.0,1,,,
2026-03-30 15:45:55.886,T,6376.75,3,,,
2026-03-30 15:45:55.886,T,6376.75,1,,,
2026-03-30 15:45:55.886,T,6376.75,1,,,
2026-03-30 15:45:55.886,T,6376.75,1,,,
2026-03-30 15:45:55.886,T,6376.75,2,,,
2026-03-30 15:45:55.886,T,6376.75,1,,,
2026-03-30 15:45:55.886,T,6376.75,1,,,
2026-03-30 15:45:55.886,T,6376.75,3,,,
2026-03-30 15:45:55.886,T,6376.75,1,,,
2026-03-30 15:45:55.886,T,6376.75,1,,,
2026-03-30 15:45:55.886,T,6376.75,1,,,
2026-03-30 15:45:55.886,T,6376.75,1,,,
2026-03-30 15:45:55.886,T,6376.75,1,,,
2026-03-30 15:45:55.886,T,6376.75,1,,,
2026-03-30 15:45:56.086,T,6377.0,1,,,
2026-03-30 15:45:56.134,Q,,,,6377.0,6377.25
2026-03-30 15:45:56.134,T,6377.0,1,,,
2026-03-30 15:45:56.134,T,6377.0,1,,,
2026-03-30 15:45:56.134,T,6377.0,1,,,
2026-03-30 15:45:56.134,T,6377.0,1,,,
2026-03-30 15:45:56.134,T,6377.0,1,,,
2026-03-30 15:45:56.134,T,6377.0,1,,,
2026-03-30 15:45:56.134,T,6377.0,1,,,
2026-03-30 15:45:56.134,T,6377.0,1,,,
2026-03-30 15:45:56.134,T,6377.0,3,,,
2026-03-30 15:45:56.134,T,6377.0,1,,,
2026-03-30 15:45:56.134,T,6377.0,1,,,
2026-03-30 15:45:56.180,T,6377.0,1,,,
2026-03-30 15:45:56.180,T,6377.0,3,,,
2026-03-30 15:45:56.180,T,6377.0,1,,,
2026-03-30 15:45:56.180,T,6377.0,1,,,
2026-03-30 15:45:56.180,T,6377.0,1,,,
2026-03-30 15:45:56.180,T,6377.0,1,,,
2026-03-30 15:45:56.180,Q,,,,6376.75,6377.0
2026-03-30 15:45:56.234,T,6377.0,1,,,
2026-03-30 15:45:56.234,T,6377.0,1,,,
2026-03-30 15:45:56.429,T,6377.0,1,,,
2026-03-30 15:45:56.429,Q,,,,6377.0,6377.25
2026-03-30 15:45:56.485,T,6377.0,3,,,
2026-03-30 15:45:56.485,T,6377.0,1,,,
2026-03-30 15:45:56.485,T,6377.0,1,,,
2026-03-30 15:45:56.586,T,6377.0,1,,,
2026-03-30 15:45:56.586,T,6377.0,1,,,
2026-03-30 15:45:56.586,T,6377.0,1,,,
2026-03-30 15:45:56.586,T,6376.75,1,,,
2026-03-30 15:45:56.586,T,6376.75,3,,,
2026-03-30 15:45:56.586,T,6376.75,1,,,
2026-03-30 15:45:56.587,Q,,,,6376.75,6377.0
2026-03-30 15:45:56.885,T,6376.75,1,,,
2026-03-30 15:45:56.885,T,6376.75,1,,,
2026-03-30 15:45:56.885,T,6376.75,1,,,
2026-03-30 15:45:56.885,T,6376.75,1,,,
2026-03-30 15:45:56.885,T,6376.75,1,,,
2026-03-30 15:45:56.885,T,6376.75,2,,,
2026-03-30 15:45:56.885,T,6376.75,1,,,
2026-03-30 15:45:56.886,Q,,,,6376.5,6377.0
2026-03-30 15:45:56.933,Q,,,,6376.5,6376.75
2026-03-30 15:45:56.981,T,6376.75,1,,,
2026-03-30 15:45:56.981,T,6376.75,1,,,
2026-03-30 15:45:56.981,T,6376.75,1,,,
2026-03-30 15:45:56.981,T,6376.75,1,,,
2026-03-30 15:45:57.084,T,6376.75,3,,,
2026-03-30 15:45:57.084,T,6376.75,1,,,
2026-03-30 15:45:57.084,T,6376.75,1,,,
2026-03-30 15:45:57.084,T,6376.75,1,,,
2026-03-30 15:45:57.084,T,6376.75,1,,,
2026-03-30 15:45:57.084,T,6377.0,1,,,
2026-03-30 15:45:57.084,T,6377.0,2,,,
2026-03-30 15:45:57.084,Q,,,,6376.75,6377.0
2026-03-30 15:45:57.136,Q,,,,6376.5,6377.0
2026-03-30 15:45:57.136,T,6376.75,1,,,
2026-03-30 15:45:57.136,T,6376.75,1,,,
2026-03-30 15:45:57.235,T,6377.0,1,,,
2026-03-30 15:45:57.235,T,6377.0,1,,,
2026-03-30 15:45:57.235,T,6377.0,1,,,
2026-03-30 15:45:57.235,T,6377.0,1,,,
2026-03-30 15:45:57.235,T,6377.0,1,,,
2026-03-30 15:45:57.235,T,6377.0,1,,,
2026-03-30 15:45:57.235,T,6377.0,2,,,
2026-03-30 15:45:57.235,T,6377.0,1,,,
2026-03-30 15:45:57.235,T,6377.0,1,,,
2026-03-30 15:45:57.235,T,6377.0,3,,,
2026-03-30 15:45:57.235,T,6377.0,1,,,
2026-03-30 15:45:57.235,T,6377.0,1,,,
2026-03-30 15:45:57.235,T,6377.0,1,,,
2026-03-30 15:45:57.235,T,6377.0,1,,,
2026-03-30 15:45:57.235,T,6377.0,1,,,
2026-03-30 15:45:57.235,T,6377.0,3,,,
2026-03-30 15:45:57.235,T,6377.0,1,,,
2026-03-30 15:45:57.235,T,6377.0,1,,,
2026-03-30 15:45:57.235,T,6377.0,1,,,
2026-03-30 15:45:57.235,T,6377.0,1,,,
2026-03-30 15:45:57.236,Q,,,,6376.75,6377.0
2026-03-30 15:45:57.379,T,6376.75,1,,,
2026-03-30 15:45:57.379,T,6376.75,1,,,
2026-03-30 15:45:57.379,T,6376.75,1,,,
2026-03-30 15:45:57.379,T,6376.75,1,,,
2026-03-30 15:45:57.379,T,6376.75,1,,,
2026-03-30 15:45:57.379,T,6376.75,1,,,
2026-03-30 15:45:57.379,Q,,,,6376.5,6376.75
2026-03-30 15:45:57.486,T,6376.75,1,,,
2026-03-30 15:45:57.938,T,6376.75,2,,,
2026-03-30 15:45:57.938,T,6376.75,3,,,
2026-03-30 15:45:57.938,T,6376.75,1,,,
2026-03-30 15:45:57.938,T,6376.75,1,,,
2026-03-30 15:45:57.938,T,6376.75,2,,,
2026-03-30 15:45:57.938,T,6376.75,1,,,
2026-03-30 15:45:57.938,T,6376.75,1,,,
2026-03-30 15:45:57.938,T,6376.75,1,,,
2026-03-30 15:45:57.938,T,6376.75,1,,,
2026-03-30 15:45:57.938,T,6377.0,1,,,
2026-03-30 15:45:57.938,T,6377.0,1,,,
2026-03-30 15:45:57.938,T,6377.0,1,,,
2026-03-30 15:45:57.938,T,6377.0,1,,,
2026-03-30 15:45:57.938,T,6377.0,3,,,
2026-03-30 15:45:57.938,T,6377.0,1,,,
2026-03-30 15:45:57.938,T,6377.0,1,,,
2026-03-30 15:45:57.938,T,6377.0,1,,,
2026-03-30 15:45:57.938,T,6377.0,1,,,
2026-03-30 15:45:57.938,T,6377.0,1,,,
2026-03-30 15:45:57.938,T,6376.75,1,,,
2026-03-30 15:45:57.938,T,6376.75,2,,,
2026-03-30 15:45:57.938,T,6376.75,3,,,
2026-03-30 15:45:57.938,T,6376.75,1,,,
2026-03-30 15:45:57.938,T,6376.75,3,,,
2026-03-30 15:45:57.938,T,6376.75,1,,,
2026-03-30 15:45:57.938,T,6376.75,3,,,
2026-03-30 15:45:57.938,T,6376.75,1,,,
2026-03-30 15:45:57.938,T,6376.75,1,,,
2026-03-30 15:45:57.981,T,6376.75,2,,,
2026-03-30 15:45:57.981,Q,,,,6376.75,6377.0
2026-03-30 15:45:58.035,T,6376.75,1,,,
2026-03-30 15:45:58.132,T,6376.75,1,,,
2026-03-30 15:45:58.285,Q,,,,6376.5,6376.75
2026-03-30 15:45:58.285,T,6376.75,1,,,
2026-03-30 15:45:58.285,T,6376.75,1,,,
2026-03-30 15:45:58.285,T,6376.75,1,,,
2026-03-30 15:45:58.285,T,6376.75,1,,,
2026-03-30 15:45:58.285,T,6376.75,1,,,
2026-03-30 15:45:58.285,T,6376.75,2,,,
2026-03-30 15:45:58.285,T,6376.75,2,,,
2026-03-30 15:45:58.332,T,6376.75,1,,,
2026-03-30 15:45:58.332,T,6376.75,3,,,
2026-03-30 15:45:58.332,T,6376.75,1,,,
2026-03-30 15:45:58.332,T,6376.75,1,,,
2026-03-30 15:45:58.332,Q,,,,6376.75,6377.0
2026-03-30 15:45:58.380,T,6376.75,1,,,
2026-03-30 15:45:58.380,T,6376.75,1,,,
2026-03-30 15:45:58.380,T,6376.75,1,,,
2026-03-30 15:45:58.380,T,6376.75,1,,,
2026-03-30 15:45:58.479,T,6376.75,1,,,
2026-03-30 15:45:58.479,Q,,,,6376.5,6377.0
2026-03-30 15:45:58.535,Q,,,,6376.75,6377.0
2026-03-30 15:45:58.588,T,6377.0,1,,,
2026-03-30 15:45:58.588,T,6377.0,1,,,
2026-03-30 15:45:58.588,T,6377.0,1,,,
2026-03-30 15:45:58.588,T,6377.0,1,,,
2026-03-30 15:45:58.588,T,6377.0,1,,,
2026-03-30 15:45:58.588,T,6377.0,1,,,
2026-03-30 15:45:58.588,T,6377.0,1,,,
2026-03-30 15:45:58.588,T,6377.0,1,,,
2026-03-30 15:45:58.588,T,6377.0,1,,,
2026-03-30 15:45:58.588,T,6377.0,1,,,
2026-03-30 15:45:58.588,T,6377.0,1,,,
2026-03-30 15:45:58.588,T,6377.0,1,,,
2026-03-30 15:45:58.588,T,6377.0,3,,,
2026-03-30 15:45:58.588,T,6377.0,2,,,
2026-03-30 15:45:58.588,T,6377.0,2,,,
2026-03-30 15:45:58.588,T,6377.0,1,,,
2026-03-30 15:45:58.588,T,6377.0,1,,,
2026-03-30 15:45:58.588,T,6377.0,1,,,
2026-03-30 15:45:58.588,T,6377.0,3,,,
2026-03-30 15:45:58.635,T,6376.75,1,,,
2026-03-30 15:45:58.635,T,6377.0,1,,,
2026-03-30 15:45:58.635,T,6377.0,1,,,
2026-03-30 15:45:58.635,T,6377.0,3,,,
2026-03-30 15:45:58.635,T,6377.0,1,,,
2026-03-30 15:45:58.635,T,6377.0,1,,,
2026-03-30 15:45:58.635,T,6377.0,1,,,
2026-03-30 15:45:58.635,Q,,,,6377.0,6377.25
2026-03-30 15:45:58.835,Q,,,,6376.75,6377.0
2026-03-30 15:45:58.835,T,6377.0,1,,,
2026-03-30 15:45:58.835,T,6377.0,1,,,
2026-03-30 15:45:58.835,T,6377.0,1,,,
2026-03-30 15:45:58.835,T,6377.0,1,,,
2026-03-30 15:45:58.835,T,6377.0,1,,,
2026-03-30 15:45:58.835,T,6377.0,2,,,
2026-03-30 15:45:58.882,T,6377.0,1,,,
2026-03-30 15:45:58.986,T,6376.75,1,,,
2026-03-30 15:45:58.986,T,6376.75,1,,,
2026-03-30 15:45:58.986,T,6376.75,2,,,
2026-03-30 15:45:58.986,T,6376.75,2,,,
2026-03-30 15:45:58.986,T,6376.75,1,,,
2026-03-30 15:45:58.986,T,6376.75,1,,,
2026-03-30 15:45:58.986,T,6376.75,1,,,
2026-03-30 15:45:58.986,T,6376.75,1,,,
2026-03-30 15:45:58.986,T,6376.75,2,,,
2026-03-30 15:45:58.986,T,6376.75,1,,,
2026-03-30 15:45:58.986,T,6376.75,1,,,
2026-03-30 15:45:58.986,T,6376.75,1,,,
2026-03-30 15:45:58.986,T,6376.75,1,,,
2026-03-30 15:45:58.986,T,6376.75,1,,,
2026-03-30 15:45:58.986,T,6376.75,1,,,
2026-03-30 15:45:58.986,T,6376.75,1,,,
2026-03-30 15:45:58.986,T,6376.75,2,,,
2026-03-30 15:45:58.986,T,6376.75,3,,,
2026-03-30 15:45:58.986,T,6376.75,2,,,
2026-03-30 15:45:58.986,T,6376.75,1,,,
2026-03-30 15:45:58.986,T,6376.75,2,,,
2026-03-30 15:45:58.986,T,6376.75,1,,,
2026-03-30 15:45:58.986,T,6376.75,1,,,
2026-03-30 15:45:59.034,Q,,,,6376.5,6376.75
2026-03-30 15:45:59.034,T,6376.75,1,,,
2026-03-30 15:45:59.034,T,6376.75,1,,,
2026-03-30 15:45:59.034,T,6376.75,1,,,
2026-03-30 15:45:59.130,T,6376.75,2,,,
2026-03-30 15:45:59.130,T,6376.75,1,,,
2026-03-30 15:45:59.130,T,6376.75,1,,,
2026-03-30 15:45:59.228,T,6376.75,1,,,
2026-03-30 15:45:59.228,T,6376.75,1,,,
2026-03-30 15:45:59.286,T,6376.75,3,,,
2026-03-30 15:45:59.286,T,6376.75,1,,,
2026-03-30 15:45:59.286,T,6376.75,1,,,
2026-03-30 15:45:59.286,T,6376.75,1,,,
2026-03-30 15:45:59.286,T,6376.75,2,,,
2026-03-30 15:45:59.286,T,6376.75,1,,,
2026-03-30 15:45:59.286,T,6376.75,1,,,
2026-03-30 15:45:59.286,T,6376.75,1,,,
2026-03-30 15:45:59.286,T,6376.75,2,,,
2026-03-30 15:45:59.286,T,6377.0,3,,,
2026-03-30 15:45:59.286,T,6377.0,1,,,
2026-03-30 15:45:59.286,T,6377.0,1,,,
2026-03-30 15:45:59.286,T,6377.0,1,,,
2026-03-30 15:45:59.286,T,6377.0,1,,,
2026-03-30 15:45:59.286,T,6377.0,1,,,
2026-03-30 15:45:59.286,T,6377.0,1,,,
2026-03-30 15:45:59.286,T,6377.0,2,,,
2026-03-30 15:45:59.286,T,6377.0,1,,,
2026-03-30 15:45:59.286,T,6376.75,1,,,
2026-03-30 15:45:59.287,Q,,,,6376.5,6377.0
2026-03-30 15:45:59.337,T,6376.75,1,,,
2026-03-30 15:45:59.337,T,6376.75,1,,,
2026-03-30 15:45:59.337,T,6376.75,1,,,
2026-03-30 15:45:59.337,T,6376.75,1,,,
2026-03-30 15:45:59.337,Q,,,,6376.5,6376.75
2026-03-30 15:45:59.381,Q,,,,6376.75,6377.0
2026-03-30 15:45:59.381,T,6376.75,1,,,
2026-03-30 15:45:59.381,T,6376.75,1,,,
2026-03-30 15:45:59.381,T,6376.75,1,,,
2026-03-30 15:45:59.381,T,6376.75,1,,,
2026-03-30 15:45:59.381,T,6376.75,1,,,
2026-03-30 15:45:59.381,T,6376.75,1,,,
2026-03-30 15:45:59.429,Q,,,,6376.5,6377.0
2026-03-30 15:45:59.429,T,6376.75,1,,,
2026-03-30 15:45:59.429,T,6376.75,1,,,
2026-03-30 15:45:59.429,T,6376.75,1,,,
2026-03-30 15:45:59.429,T,6376.75,1,,,
2026-03-30 15:45:59.429,T,6376.75,1,,,
2026-03-30 15:45:59.429,T,6376.75,1,,,
2026-03-30 15:45:59.429,T,6376.75,1,,,
2026-03-30 15:45:59.429,T,6376.75,2,,,
2026-03-30 15:45:59.429,T,6376.75,1,,,
2026-03-30 15:45:59.429,T,6376.75,1,,,
2026-03-30 15:45:59.429,T,6376.75,1,,,
2026-03-30 15:45:59.429,T,6376.75,1,,,
2026-03-30 15:45:59.485,Q,,,,6376.5,6376.75
2026-03-30 15:46:00.086,T,6376.5,7,,,
2026-03-30 15:46:00.086,T,6376.5,1,,,
2026-03-30 15:46:00.086,T,6376.5,1,,,
2026-03-30 15:46:00.086,T,6376.5,1,,,
2026-03-30 15:46:00.086,T,6376.5,1,,,
2026-03-30 15:46:00.086,T,6376.5,1,,,
2026-03-30 15:46:00.086,T,6376.5,1,,,
2026-03-30 15:46:00.086,T,6376.5,1,,,
2026-03-30 15:46:00.086,T,6376.5,2,,,
2026-03-30 15:46:00.086,T,6376.5,1,,,
2026-03-30 15:46:00.086,T,6376.5,3,,,
2026-03-30 15:46:00.086,T,6376.5,1,,,
2026-03-30 15:46:00.086,T,6376.5,1,,,
2026-03-30 15:46:00.086,T,6376.5,1,,,
2026-03-30 15:46:00.086,T,6376.5,2,,,
2026-03-30 15:46:00.086,T,6376.5,1,,,
2026-03-30 15:46:00.086,T,6376.5,1,,,
2026-03-30 15:46:00.086,T,6376.25,1,,,
2026-03-30 15:46:00.086,T,6376.25,1,,,
2026-03-30 15:46:00.086,T,6376.25,1,,,
2026-03-30 15:46:00.086,T,6376.25,1,,,
2026-03-30 15:46:00.086,T,6376.25,2,,,
2026-03-30 15:46:00.086,T,6376.25,1,,,
2026-03-30 15:46:00.086,T,6376.25,1,,,
2026-03-30 15:46:00.086,T,6376.25,1,,,
2026-03-30 15:46:00.086,T,6376.25,1,,,
2026-03-30 15:46:00.086,T,6376.25,1,,,
2026-03-30 15:46:00.086,T,6376.5,2,,,
2026-03-30 15:46:00.088,Q,,,,6376.25,6376.5
2026-03-30 15:46:00.131,T,6376.5,1,,,
2026-03-30 15:46:00.131,T,6376.25,1,,,
2026-03-30 15:46:00.131,T,6376.25,1,,,
2026-03-30 15:46:00.131,T,6376.25,1,,,
2026-03-30 15:46:00.131,T,6376.25,1,,,
2026-03-30 15:46:00.131,T,6376.25,1,,,
2026-03-30 15:46:00.131,T,6376.25,1,,,
2026-03-30 15:46:00.131,T,6376.25,3,,,
2026-03-30 15:46:00.131,T,6376.25,1,,,
2026-03-30 15:46:00.131,T,6376.25,1,,,
2026-03-30 15:46:00.131,T,6376.25,1,,,
2026-03-30 15:46:00.131,T,6376.25,3,,,
2026-03-30 15:46:00.131,T,6376.25,2,,,
2026-03-30 15:46:00.131,T,6376.25,3,,,
2026-03-30 15:46:00.131,T,6376.25,1,,,
2026-03-30 15:46:00.131,T,6376.25,1,,,
2026-03-30 15:46:00.131,T,6376.25,1,,,
2026-03-30 15:46:00.131,T,6376.25,1,,,
2026-03-30 15:46:00.132,Q,,,,6376.0,6376.25
2026-03-30 15:46:00.185,T,6376.25,1,,,
2026-03-30 15:46:00.334,T,6376.25,1,,,
2026-03-30 15:46:00.679,T,6376.25,1,,,
2026-03-30 15:46:00.781,T,6376.25,1,,,
2026-03-30 15:46:00.935,T,6376.0,1,,,
2026-03-30 15:46:01.185,T,6376.0,1,,,
2026-03-30 15:46:01.185,T,6376.0,1,,,
2026-03-30 15:46:01.185,T,6376.0,1,,,
2026-03-30 15:46:01.185,T,6376.0,1,,,
2026-03-30 15:46:01.185,T,6376.0,1,,,
2026-03-30 15:46:01.185,T,6376.0,1,,,
2026-03-30 15:46:01.185,T,6376.0,1,,,
2026-03-30 15:46:01.185,T,6376.0,1,,,
2026-03-30 15:46:01.185,T,6376.0,1,,,
2026-03-30 15:46:01.185,T,6376.0,1,,,
2026-03-30 15:46:01.185,T,6376.0,3,,,
2026-03-30 15:46:01.185,T,6376.0,1,,,
2026-03-30 15:46:01.185,T,6376.0,5,,,
2026-03-30 15:46:01.185,T,6375.75,1,,,
2026-03-30 15:46:01.185,T,6376.0,1,,,
2026-03-30 15:46:01.185,T,6376.0,2,,,
2026-03-30 15:46:01.185,T,6376.0,5,,,
2026-03-30 15:46:01.185,T,6376.0,1,,,
2026-03-30 15:46:01.185,T,6376.0,3,,,
2026-03-30 15:46:01.185,T,6376.0,1,,,
2026-03-30 15:46:01.185,T,6376.0,4,,,
2026-03-30 15:46:01.185,T,6376.0,2,,,
2026-03-30 15:46:01.535,T,6376.0,1,,,
2026-03-30 15:46:01.535,T,6376.0,1,,,
2026-03-30 15:46:01.535,T,6376.0,1,,,
2026-03-30 15:46:01.535,T,6376.0,1,,,
2026-03-30 15:46:01.535,T,6376.0,1,,,
2026-03-30 15:46:01.535,T,6376.0,1,,,
2026-03-30 15:46:01.535,T,6376.0,1,,,
2026-03-30 15:46:01.535,T,6376.0,1,,,
2026-03-30 15:46:01.536,Q,,,,6375.75,6376.0
2026-03-30 15:46:01.886,T,6375.75,1,,,
2026-03-30 15:46:01.886,T,6375.75,1,,,
2026-03-30 15:46:02.036,T,6376.0,2,,,
2026-03-30 15:46:02.036,T,6376.0,1,,,
2026-03-30 15:46:02.036,T,6376.0,1,,,
2026-03-30 15:46:02.036,T,6376.0,1,,,
2026-03-30 15:46:02.036,T,6376.0,1,,,
2026-03-30 15:46:02.036,T,6376.0,1,,,
2026-03-30 15:46:02.036,T,6376.0,1,,,
2026-03-30 15:46:02.036,T,6376.0,1,,,
2026-03-30 15:46:02.036,T,6376.0,1,,,
2026-03-30 15:46:02.036,T,6376.0,1,,,
2026-03-30 15:46:02.036,T,6376.0,1,,,
2026-03-30 15:46:02.036,T,6376.0,1,,,
2026-03-30 15:46:02.131,T,6375.75,1,,,
2026-03-30 15:46:02.180,T,6375.75,1,,,
2026-03-30 15:46:02.180,T,6375.75,1,,,
2026-03-30 15:46:02.180,T,6375.75,1,,,
2026-03-30 15:46:02.180,T,6375.75,1,,,
2026-03-30 15:46:02.180,T,6375.75,1,,,
2026-03-30 15:46:02.180,T,6375.75,1,,,
2026-03-30 15:46:02.180,T,6375.75,1,,,
2026-03-30 15:46:02.180,T,6375.75,1,,,
2026-03-30 15:46:02.180,T,6375.75,1,,,
2026-03-30 15:46:02.180,T,6375.75,1,,,
2026-03-30 15:46:02.180,T,6375.75,1,,,
2026-03-30 15:46:02.180,T,6375.75,1,,,
2026-03-30 15:46:02.180,T,6375.75,1,,,
2026-03-30 15:46:02.180,T,6375.75,1,,,
2026-03-30 15:46:02.181,Q,,,,6375.5,6375.75
2026-03-30 15:46:02.236,T,6376.0,1,,,
2026-03-30 15:46:02.237,Q,,,,6375.75,6376.0
2026-03-30 15:46:02.478,T,6375.75,1,,,
2026-03-30 15:46:02.785,T,6376.0,1,,,
2026-03-30 15:46:03.032,T,6376.0,1,,,
2026-03-30 15:46:03.080,T,6375.75,1,,,
2026-03-30 15:46:03.080,T,6376.0,1,,,
2026-03-30 15:46:03.080,T,6376.0,1,,,
2026-03-30 15:46:03.080,T,6376.0,1,,,
2026-03-30 15:46:03.080,T,6376.0,1,,,
2026-03-30 15:46:03.080,T,6376.0,1,,,
2026-03-30 15:46:03.080,T,6376.0,1,,,
2026-03-30 15:46:03.080,T,6376.0,1,,,
2026-03-30 15:46:03.080,T,6376.0,1,,,
2026-03-30 15:46:03.080,T,6376.0,1,,,
2026-03-30 15:46:03.080,T,6376.0,3,,,
2026-03-30 15:46:03.080,T,6376.0,2,,,
2026-03-30 15:46:03.080,T,6376.0,1,,,
2026-03-30 15:46:03.080,T,6376.0,1,,,
2026-03-30 15:46:03.082,Q,,,,6376.0,6376.25
2026-03-30 15:46:03.130,Q,,,,6375.75,6376.0
2026-03-30 15:46:03.130,T,6376.0,1,,,
2026-03-30 15:46:03.130,T,6376.0,1,,,
2026-03-30 15:46:03.236,Q,,,,6376.0,6376.25
2026-03-30 15:46:03.236,T,6376.0,1,,,
2026-03-30 15:46:03.236,T,6376.0,1,,,
2026-03-30 15:46:03.683,T,6376.25,1,,,
2026-03-30 15:46:03.683,T,6376.25,1,,,
2026-03-30 15:46:03.683,T,6376.25,1,,,
2026-03-30 15:46:03.683,T,6376.25,1,,,
2026-03-30 15:46:03.683,T,6376.25,2,,,
2026-03-30 15:46:03.683,T,6376.25,2,,,
2026-03-30 15:46:03.683,T,6376.25,2,,,
2026-03-30 15:46:03.683,T,6376.25,1,,,
2026-03-30 15:46:03.683,T,6376.25,1,,,
2026-03-30 15:46:03.854,Q,,,,6376.25,6376.5
2026-03-30 15:46:03.854,T,6376.5,1,,,
2026-03-30 15:46:03.854,T,6376.5,1,,,
2026-03-30 15:46:03.854,T,6376.5,1,,,
2026-03-30 15:46:03.854,T,6376.5,1,,,
2026-03-30 15:46:03.854,T,6376.5,2,,,
2026-03-30 15:46:03.854,T,6376.5,1,,,
2026-03-30 15:46:03.854,T,6376.5,1,,,
2026-03-30 15:46:03.855,Q,,,,6376.5,6376.75
2026-03-30 15:46:03.886,T,6376.75,2,,,
2026-03-30 15:46:03.886,T,6376.75,1,,,
2026-03-30 15:46:03.886,T,6376.75,1,,,
2026-03-30 15:46:03.886,T,6376.75,1,,,
2026-03-30 15:46:03.886,T,6376.75,1,,,
2026-03-30 15:46:03.886,T,6376.75,1,,,
2026-03-30 15:46:03.886,T,6376.75,1,,,
2026-03-30 15:46:03.886,T,6376.75,1,,,
2026-03-30 15:46:03.886,T,6376.75,1,,,
2026-03-30 15:46:03.886,T,6376.75,1,,,
2026-03-30 15:46:03.886,T,6376.75,1,,,
2026-03-30 15:46:03.886,T,6376.75,1,,,
2026-03-30 15:46:03.886,T,6376.75,1,,,
2026-03-30 15:46:03.886,T,6376.75,1,,,
2026-03-30 15:46:03.886,T,6376.75,1,,,
2026-03-30 15:46:03.886,T,6376.75,1,,,
2026-03-30 15:46:03.886,T,6377.0,1,,,
2026-03-30 15:46:03.887,Q,,,,6376.75,6377.0
2026-03-30 15:46:04.237,T,6377.0,1,,,
2026-03-30 15:46:04.237,T,6377.0,1,,,
2026-03-30 15:46:04.237,T,6377.0,1,,,
2026-03-30 15:46:04.237,T,6377.0,1,,,
2026-03-30 15:46:04.237,T,6377.0,1,,,
2026-03-30 15:46:04.237,T,6377.0,1,,,
2026-03-30 15:46:04.237,T,6377.0,1,,,
2026-03-30 15:46:04.237,T,6377.0,1,,,
2026-03-30 15:46:04.237,T,6377.0,1,,,
2026-03-30 15:46:04.237,T,6377.0,1,,,
2026-03-30 15:46:04.237,T,6377.0,1,,,
2026-03-30 15:46:04.237,T,6377.0,1,,,
2026-03-30 15:46:04.237,T,6377.0,1,,,
2026-03-30 15:46:04.237,T,6377.0,2,,,
2026-03-30 15:46:04.237,T,6377.0,4,,,
2026-03-30 15:46:04.237,T,6377.0,2,,,
2026-03-30 15:46:04.237,T,6377.0,19,,,
2026-03-30 15:46:04.237,T,6377.0,1,,,
2026-03-30 15:46:04.237,T,6377.0,1,,,
2026-03-30 15:46:04.237,T,6377.0,1,,,
2026-03-30 15:46:04.237,T,6377.25,1,,,
2026-03-30 15:46:04.237,T,6377.25,1,,,
2026-03-30 15:46:04.237,T,6377.25,1,,,
2026-03-30 15:46:04.237,T,6377.25,1,,,
2026-03-30 15:46:04.237,T,6377.25,1,,,
2026-03-30 15:46:04.237,T,6377.25,2,,,
2026-03-30 15:46:04.237,T,6377.25,1,,,
2026-03-30 15:46:04.237,T,6377.25,1,,,
2026-03-30 15:46:04.237,T,6377.25,1,,,
2026-03-30 15:46:04.240,Q,,,,6377.25,6377.5
2026-03-30 15:46:04.283,T,6377.25,2,,,
2026-03-30 15:46:04.283,T,6377.25,3,,,
2026-03-30 15:46:04.283,T,6377.25,3,,,
2026-03-30 15:46:04.283,T,6377.25,2,,,
2026-03-30 15:46:04.283,T,6377.25,1,,,
2026-03-30 15:46:04.283,T,6377.25,2,,,
2026-03-30 15:46:04.283,T,6377.25,1,,,
2026-03-30 15:46:04.283,T,6377.25,1,,,
2026-03-30 15:46:04.283,T,6377.25,1,,,
2026-03-30 15:46:04.283,T,6377.25,5,,,
2026-03-30 15:46:04.283,Q,,,,6377.0,6377.25
2026-03-30 15:46:04.331,Q,,,,6376.75,6377.0
2026-03-30 15:46:04.332,T,6377.0,1,,,
2026-03-30 15:46:04.332,T,6377.0,4,,,
2026-03-30 15:46:04.332,T,6377.0,1,,,
2026-03-30 15:46:04.332,T,6377.0,1,,,
2026-03-30 15:46:04.332,T,6377.0,1,,,
2026-03-30 15:46:04.332,T,6377.0,1,,,
2026-03-30 15:46:04.332,T,6377.0,1,,,
2026-03-30 15:46:04.332,T,6377.0,1,,,
2026-03-30 15:46:04.332,T,6377.0,1,,,
2026-03-30 15:46:04.332,T,6377.0,1,,,
2026-03-30 15:46:04.332,T,6377.0,3,,,
2026-03-30 15:46:04.332,T,6377.0,25,,,
2026-03-30 15:46:04.332,T,6377.0,9,,,
2026-03-30 15:46:04.332,T,6377.0,1,,,
2026-03-30 15:46:04.332,T,6377.0,1,,,
2026-03-30 15:46:04.332,T,6377.0,1,,,
2026-03-30 15:46:04.332,T,6377.0,1,,,
2026-03-30 15:46:04.332,T,6377.0,1,,,
2026-03-30 15:46:04.332,T,6377.0,2,,,
2026-03-30 15:46:04.332,T,6377.0,1,,,
2026-03-30 15:46:04.332,T,6377.0,1,,,
2026-03-30 15:46:04.332,T,6377.0,1,,,
2026-03-30 15:46:04.332,T,6377.0,1,,,
2026-03-30 15:46:04.332,T,6377.0,2,,,
2026-03-30 15:46:04.332,T,6377.0,1,,,
2026-03-30 15:46:04.332,T,6377.0,1,,,
2026-03-30 15:46:04.332,T,6377.0,1,,,
2026-03-30 15:46:04.332,T,6377.0,1,,,
2026-03-30 15:46:04.332,T,6377.0,3,,,
2026-03-30 15:46:04.332,T,6377.0,1,,,
2026-03-30 15:46:04.332,T,6377.0,3,,,
2026-03-30 15:46:04.332,T,6377.0,1,,,
2026-03-30 15:46:04.435,Q,,,,6377.0,6377.25
2026-03-30 15:46:04.435,T,6377.0,1,,,
2026-03-30 15:46:04.435,T,6377.0,3,,,
2026-03-30 15:46:04.535,Q,,,,6376.75,6377.0
2026-03-30 15:46:04.536,T,6377.0,2,,,
2026-03-30 15:46:04.536,T,6377.0,1,,,
2026-03-30 15:46:04.536,T,6377.0,1,,,
2026-03-30 15:46:05.235,T,6376.75,1,,,
2026-03-30 15:46:05.385,T,6376.75,1,,,
2026-03-30 15:46:05.385,T,6376.75,1,,,
2026-03-30 15:46:05.385,T,6376.75,1,,,
2026-03-30 15:46:05.637,T,6376.75,1,,,
2026-03-30 15:46:05.637,T,6376.75,1,,,
2026-03-30 15:46:05.637,T,6376.75,1,,,
2026-03-30 15:46:05.637,T,6376.75,1,,,
2026-03-30 15:46:05.637,T,6376.75,1,,,
2026-03-30 15:46:05.637,T,6376.75,1,,,
2026-03-30 15:46:05.637,T,6376.75,1,,,
2026-03-30 15:46:05.637,T,6376.75,3,,,
2026-03-30 15:46:05.637,T,6376.75,1,,,
2026-03-30 15:46:05.678,T,6376.75,1,,,
2026-03-30 15:46:05.678,T,6376.75,1,,,
2026-03-30 15:46:05.679,Q,,,,6376.5,6376.75
2026-03-30 15:46:05.736,T,6376.75,1,,,
2026-03-30 15:46:05.736,T,6376.5,1,,,
2026-03-30 15:46:05.736,T,6376.5,12,,,
2026-03-30 15:46:05.736,T,6376.5,1,,,
2026-03-30 15:46:05.736,T,6376.5,1,,,
2026-03-30 15:46:05.736,T,6376.5,1,,,
2026-03-30 15:46:05.736,T,6376.5,1,,,
2026-03-30 15:46:05.736,T,6376.5,1,,,
2026-03-30 15:46:05.736,T,6376.5,3,,,
2026-03-30 15:46:05.736,T,6376.5,1,,,
2026-03-30 15:46:05.736,T,6376.5,1,,,
2026-03-30 15:46:05.736,T,6376.5,1,,,
2026-03-30 15:46:05.736,T,6376.5,2,,,
2026-03-30 15:46:05.736,T,6376.5,1,,,
2026-03-30 15:46:05.736,T,6376.5,1,,,
2026-03-30 15:46:05.783,T,6376.5,1,,,
2026-03-30 15:46:05.885,T,6376.75,2,,,
2026-03-30 15:46:06.187,T,6376.5,1,,,
2026-03-30 15:46:06.187,T,6376.5,1,,,
2026-03-30 15:46:06.187,T,6376.5,1,,,
2026-03-30 15:46:06.187,T,6376.5,1,,,
2026-03-30 15:46:06.187,T,6376.5,1,,,
2026-03-30 15:46:06.187,T,6376.5,1,,,
2026-03-30 15:46:06.187,T,6376.5,3,,,
2026-03-30 15:46:06.187,T,6376.5,3,,,
2026-03-30 15:46:06.187,T,6376.5,1,,,
2026-03-30 15:46:06.187,T,6376.5,1,,,
2026-03-30 15:46:06.188,Q,,,,6376.25,6376.5
2026-03-30 15:46:06.235,T,6376.5,1,,,
2026-03-30 15:46:06.283,T,6376.25,2,,,
2026-03-30 15:46:06.386,T,6376.5,1,,,
2026-03-30 15:46:06.481,T,6376.5,1,,,
2026-03-30 15:46:06.481,T,6376.5,1,,,
2026-03-30 15:46:06.481,T,6376.5,1,,,
2026-03-30 15:46:06.481,T,6376.5,1,,,
2026-03-30 15:46:06.481,T,6376.5,2,,,
2026-03-30 15:46:06.481,T,6376.5,1,,,
2026-03-30 15:46:06.481,T,6376.5,1,,,
2026-03-30 15:46:06.481,T,6376.5,1,,,
2026-03-30 15:46:06.531,Q,,,,6376.25,6376.75
2026-03-30 15:46:06.601,T,6376.5,2,,,
2026-03-30 15:46:06.602,Q,,,,6376.25,6376.5
2026-03-30 15:46:07.085,T,6376.5,1,,,
2026-03-30 15:46:07.085,T,6376.5,1,,,
2026-03-30 15:46:07.085,T,6376.5,1,,,
2026-03-30 15:46:07.085,T,6376.5,1,,,
2026-03-30 15:46:07.085,Q,,,,6376.5,6376.75
2026-03-30 15:46:07.236,T,6376.5,1,,,
2026-03-30 15:46:07.236,T,6376.5,1,,,
2026-03-30 15:46:07.236,T,6376.5,2,,,
2026-03-30 15:46:07.236,T,6376.5,1,,,
2026-03-30 15:46:07.236,T,6376.5,1,,,
2026-03-30 15:46:07.236,T,6376.5,1,,,
2026-03-30 15:46:07.236,T,6376.5,1,,,
2026-03-30 15:46:07.236,T,6376.5,1,,,
2026-03-30 15:46:07.331,T,6376.5,1,,,
2026-03-30 15:46:07.481,T,6376.5,3,,,
2026-03-30 15:46:07.481,T,6376.5,1,,,
2026-03-30 15:46:07.481,T,6376.5,1,,,
2026-03-30 15:46:07.481,T,6376.5,2,,,
2026-03-30 15:46:07.481,T,6376.5,1,,,
2026-03-30 15:46:07.481,T,6376.5,1,,,
2026-03-30 15:46:07.481,T,6376.5,1,,,
2026-03-30 15:46:07.481,T,6376.5,1,,,
2026-03-30 15:46:07.481,T,6376.5,1,,,
2026-03-30 15:46:07.481,T,6376.5,1,,,
2026-03-30 15:46:07.481,T,6376.5,3,,,
2026-03-30 15:46:07.481,T,6376.5,2,,,
2026-03-30 15:46:07.481,T,6376.5,1,,,
2026-03-30 15:46:07.481,T,6376.5,1,,,
2026-03-30 15:46:07.481,T,6376.5,1,,,
2026-03-30 15:46:07.481,T,6376.5,1,,,
2026-03-30 15:46:07.481,T,6376.5,2,,,
2026-03-30 15:46:07.481,T,6376.5,3,,,
2026-03-30 15:46:07.481,T,6376.5,1,,,
2026-03-30 15:46:07.481,T,6376.5,1,,,
2026-03-30 15:46:07.481,T,6376.5,1,,,
2026-03-30 15:46:07.482,Q,,,,6376.25,6376.5
2026-03-30 15:46:07.589,T,6376.5,1,,,
2026-03-30 15:46:07.589,T,6376.5,3,,,
2026-03-30 15:46:07.589,T,6376.5,1,,,
2026-03-30 15:46:07.589,T,6376.5,1,,,
2026-03-30 15:46:07.589,T,6376.5,1,,,
2026-03-30 15:46:07.590,Q,,,,6376.25,6376.75
2026-03-30 15:46:07.634,Q,,,,6376.25,6376.5
2026-03-30 15:46:07.634,T,6376.75,1,,,
2026-03-30 15:46:07.634,T,6376.5,1,,,
2026-03-30 15:46:07.634,T,6376.5,1,,,
2026-03-30 15:46:07.634,T,6376.5,1,,,
2026-03-30 15:46:07.634,T,6376.5,1,,,
2026-03-30 15:46:07.634,T,6376.5,2,,,
2026-03-30 15:46:07.634,T,6376.5,3,,,
2026-03-30 15:46:07.678,T,6376.5,1,,,
2026-03-30 15:46:07.678,T,6376.5,1,,,
2026-03-30 15:46:07.678,T,6376.5,1,,,
2026-03-30 15:46:07.678,T,6376.5,1,,,
2026-03-30 15:46:07.679,Q,,,,6376.5,6376.75
2026-03-30 15:46:08.035,T,6376.5,1,,,
2026-03-30 15:46:08.035,T,6376.5,1,,,
2026-03-30 15:46:08.035,T,6376.5,1,,,
2026-03-30 15:46:08.036,Q,,,,6376.25,6376.75
2026-03-30 15:46:08.085,T,6376.5,1,,,
2026-03-30 15:46:08.137,Q,,,,6376.5,6376.75
2026-03-30 15:46:08.182,Q,,,,6376.25,6376.5
2026-03-30 15:46:08.182,T,6376.5,1,,,
2026-03-30 15:46:08.432,T,6376.25,1,,,
2026-03-30 15:46:08.535,T,6376.25,1,,,
2026-03-30 15:46:08.535,T,6376.25,1,,,
2026-03-30 15:46:08.535,T,6376.25,1,,,
2026-03-30 15:46:08.535,T,6376.25,1,,,
2026-03-30 15:46:08.535,T,6376.25,1,,,
2026-03-30 15:46:08.535,T,6376.25,1,,,
2026-03-30 15:46:08.535,T,6376.25,1,,,
2026-03-30 15:46:08.535,T,6376.25,1,,,
2026-03-30 15:46:08.535,T,6376.25,1,,,
2026-03-30 15:46:08.535,T,6376.25,1,,,
2026-03-30 15:46:08.535,T,6376.25,1,,,
2026-03-30 15:46:08.535,T,6376.25,1,,,
2026-03-30 15:46:08.535,T,6376.25,1,,,
2026-03-30 15:46:08.535,T,6376.25,1,,,
2026-03-30 15:46:08.535,T,6376.25,2,,,
2026-03-30 15:46:08.584,T,6376.25,1,,,
2026-03-30 15:46:08.584,T,6376.25,1,,,
2026-03-30 15:46:08.584,T,6376.25,1,,,
2026-03-30 15:46:08.584,T,6376.25,1,,,
2026-03-30 15:46:08.585,Q,,,,6376.0,6376.25
2026-03-30 15:46:08.834,T,6376.25,1,,,
2026-03-30 15:46:08.834,T,6376.25,1,,,
2026-03-30 15:46:08.834,T,6376.25,1,,,
2026-03-30 15:46:08.879,Q,,,,6376.25,6376.5
2026-03-30 15:46:09.134,T,6376.25,2,,,
2026-03-30 15:46:09.134,T,6376.25,1,,,
2026-03-30 15:46:09.134,T,6376.25,1,,,
2026-03-30 15:46:09.134,T,6376.25,2,,,
2026-03-30 15:46:09.134,T,6376.25,1,,,
2026-03-30 15:46:09.134,T,6376.25,1,,,
2026-03-30 15:46:09.134,T,6376.25,1,,,
2026-03-30 15:46:09.134,T,6376.25,1,,,
2026-03-30 15:46:09.134,T,6376.25,1,,,
2026-03-30 15:46:09.134,T,6376.25,1,,,
2026-03-30 15:46:09.135,Q,,,,6376.0,6376.25
2026-03-30 15:46:09.379,T,6376.0,1,,,
2026-03-30 15:46:09.379,T,6376.0,3,,,
2026-03-30 15:46:09.379,T,6376.0,1,,,
2026-03-30 15:46:09.379,T,6376.0,2,,,
2026-03-30 15:46:09.379,T,6376.0,1,,,
2026-03-30 15:46:09.379,T,6376.0,1,,,
2026-03-30 15:46:09.379,T,6376.0,1,,,
2026-03-30 15:46:09.379,T,6376.0,1,,,
2026-03-30 15:46:09.379,T,6376.0,1,,,
2026-03-30 15:46:09.379,T,6376.0,1,,,
2026-03-30 15:46:09.379,T,6376.0,1,,,
2026-03-30 15:46:09.379,T,6376.0,1,,,
2026-03-30 15:46:09.379,T,6376.0,1,,,
2026-03-30 15:46:09.379,T,6376.0,1,,,
2026-03-30 15:46:09.379,T,6376.0,4,,,
2026-03-30 15:46:09.379,T,6376.0,2,,,
2026-03-30 15:46:09.379,T,6376.0,1,,,
2026-03-30 15:46:09.379,T,6376.0,1,,,
2026-03-30 15:46:09.379,T,6376.0,1,,,
2026-03-30 15:46:09.379,T,6376.0,2,,,
2026-03-30 15:46:09.379,T,6376.0,1,,,
2026-03-30 15:46:09.430,T,6376.0,1,,,
2026-03-30 15:46:09.430,T,6376.0,1,,,
2026-03-30 15:46:09.529,T,6376.0,1,,,
2026-03-30 15:46:09.529,T,6376.0,1,,,
2026-03-30 15:46:09.529,T,6376.0,1,,,
2026-03-30 15:46:09.586,T,6376.0,1,,,
2026-03-30 15:46:09.586,T,6376.25,3,,,
2026-03-30 15:46:09.586,T,6376.25,1,,,
2026-03-30 15:46:09.586,T,6376.25,1,,,
2026-03-30 15:46:09.586,T,6376.25,2,,,
2026-03-30 15:46:09.586,T,6376.25,1,,,
2026-03-30 15:46:09.586,T,6376.25,1,,,
2026-03-30 15:46:09.586,T,6376.25,1,,,
2026-03-30 15:46:09.586,T,6376.25,2,,,
2026-03-30 15:46:09.586,T,6376.25,1,,,
2026-03-30 15:46:09.586,T,6376.25,1,,,
2026-03-30 15:46:09.586,T,6376.25,1,,,
2026-03-30 15:46:09.586,T,6376.25,3,,,
2026-03-30 15:46:09.586,T,6376.25,1,,,
2026-03-30 15:46:09.586,T,6376.25,1,,,
2026-03-30 15:46:09.586,T,6376.25,1,,,
2026-03-30 15:46:09.586,T,6376.25,1,,,
2026-03-30 15:46:09.586,T,6376.25,1,,,
2026-03-30 15:46:09.586,T,6376.25,1,,,
2026-03-30 15:46:09.586,T,6376.25,1,,,
2026-03-30 15:46:09.586,T,6376.0,1,,,
2026-03-30 15:46:09.633,T,6376.25,1,,,
2026-03-30 15:46:09.633,T,6376.25,2,,,
2026-03-30 15:46:09.633,T,6376.25,1,,,
2026-03-30 15:46:09.633,T,6376.25,1,,,
2026-03-30 15:46:09.633,Q,,,,6376.25,6376.5
2026-03-30 15:46:09.678,T,6376.25,1,,,
2026-03-30 15:46:09.678,T,6376.25,1,,,
2026-03-30 15:46:09.679,Q,,,,6376.0,6376.5
2026-03-30 15:46:09.730,Q,,,,6376.0,6376.25
2026-03-30 15:46:10.079,T,6376.0,1,,,
2026-03-30 15:46:10.186,T,6376.0,1,,,
2026-03-30 15:46:10.237,T,6376.25,3,,,
2026-03-30 15:46:10.237,T,6376.25,1,,,
2026-03-30 15:46:10.237,T,6376.25,1,,,
2026-03-30 15:46:10.237,T,6376.25,1,,,
2026-03-30 15:46:10.237,T,6376.25,1,,,
2026-03-30 15:46:10.237,T,6376.25,1,,,
2026-03-30 15:46:10.237,T,6376.25,1,,,
2026-03-30 15:46:10.237,T,6376.25,1,,,
2026-03-30 15:46:10.237,T,6376.25,2,,,
2026-03-30 15:46:10.237,T,6376.25,1,,,
2026-03-30 15:46:10.237,T,6376.25,1,,,
2026-03-30 15:46:10.237,T,6376.25,1,,,
2026-03-30 15:46:10.237,T,6376.25,1,,,
2026-03-30 15:46:10.237,T,6376.25,1,,,
2026-03-30 15:46:10.237,T,6376.25,1,,,
2026-03-30 15:46:10.237,T,6376.25,1,,,
2026-03-30 15:46:10.237,T,6376.5,2,,,
2026-03-30 15:46:10.237,T,6376.5,3,,,
2026-03-30 15:46:10.237,T,6376.5,1,,,
2026-03-30 15:46:10.237,T,6376.25,2,,,
2026-03-30 15:46:10.237,T,6376.25,1,,,
2026-03-30 15:46:10.237,T,6376.25,2,,,
2026-03-30 15:46:10.237,T,6376.25,1,,,
2026-03-30 15:46:10.285,T,6376.25,1,,,
2026-03-30 15:46:10.285,T,6376.25,1,,,
2026-03-30 15:46:10.285,T,6376.25,1,,,
2026-03-30 15:46:10.285,T,6376.5,1,,,
2026-03-30 15:46:10.286,Q,,,,6376.25,6376.5
2026-03-30 15:46:10.428,T,6376.5,1,,,
2026-03-30 15:46:10.428,T,6376.5,1,,,
2026-03-30 15:46:10.428,T,6376.5,1,,,
2026-03-30 15:46:10.428,T,6376.5,1,,,
2026-03-30 15:46:10.428,T,6376.5,1,,,
2026-03-30 15:46:10.428,T,6376.5,1,,,
2026-03-30 15:46:10.428,T,6376.5,1,,,
2026-03-30 15:46:10.428,T,6376.5,1,,,
2026-03-30 15:46:10.428,T,6376.5,1,,,
2026-03-30 15:46:10.428,T,6376.5,1,,,
2026-03-30 15:46:10.428,T,6376.5,1,,,
2026-03-30 15:46:10.429,Q,,,,6376.5,6376.75
2026-03-30 15:46:10.885,T,6376.75,1,,,
2026-03-30 15:46:10.885,T,6376.75,1,,,
2026-03-30 15:46:10.885,T,6376.75,1,,,
2026-03-30 15:46:10.885,T,6376.75,1,,,
2026-03-30 15:46:11.090,T,6376.5,2,,,
2026-03-30 15:46:11.090,T,6376.5,1,,,
2026-03-30 15:46:11.090,T,6376.5,1,,,
2026-03-30 15:46:11.090,T,6376.5,1,,,
2026-03-30 15:46:11.090,T,6376.5,1,,,
2026-03-30 15:46:11.090,T,6376.5,1,,,
2026-03-30 15:46:11.090,T,6376.5,1,,,
2026-03-30 15:46:11.090,T,6376.5,1,,,
2026-03-30 15:46:11.090,T,6376.5,1,,,
2026-03-30 15:46:11.090,T,6376.5,1,,,
2026-03-30 15:46:11.090,T,6376.5,2,,,
2026-03-30 15:46:11.090,T,6376.5,25,,,
2026-03-30 15:46:11.090,T,6376.5,1,,,
2026-03-30 15:46:11.090,T,6376.5,1,,,
2026-03-30 15:46:11.090,T,6376.25,1,,,
2026-03-30 15:46:11.090,T,6376.25,1,,,
2026-03-30 15:46:11.090,T,6376.25,2,,,
2026-03-30 15:46:11.090,T,6376.25,3,,,
2026-03-30 15:46:11.090,T,6376.25,1,,,
2026-03-30 15:46:11.090,T,6376.25,1,,,
2026-03-30 15:46:11.090,T,6376.25,1,,,
2026-03-30 15:46:11.090,T,6376.25,1,,,
2026-03-30 15:46:11.090,T,6376.25,2,,,
2026-03-30 15:46:11.090,T,6376.25,1,,,
2026-03-30 15:46:11.090,T,6376.25,1,,,
2026-03-30 15:46:11.090,T,6376.25,1,,,
2026-03-30 15:46:11.090,T,6376.25,1,,,
2026-03-30 15:46:11.090,T,6376.25,1,,,
2026-03-30 15:46:11.090,T,6376.25,1,,,
2026-03-30 15:46:11.090,T,6376.25,1,,,
2026-03-30 15:46:11.090,T,6376.25,1,,,
2026-03-30 15:46:11.090,T,6376.25,1,,,
2026-03-30 15:46:11.090,T,6376.25,1,,,
2026-03-30 15:46:11.090,T,6376.25,4,,,
2026-03-30 15:46:11.090,T,6376.25,1,,,
2026-03-30 15:46:11.090,T,6376.25,1,,,
2026-03-30 15:46:11.090,T,6376.25,3,,,
2026-03-30 15:46:11.090,T,6376.25,1,,,
2026-03-30 15:46:11.090,T,6376.25,1,,,
2026-03-30 15:46:11.090,T,6376.25,2,,,
2026-03-30 15:46:11.090,T,6376.25,1,,,
2026-03-30 15:46:11.090,T,6376.25,1,,,
2026-03-30 15:46:11.090,T,6376.25,1,,,
2026-03-30 15:46:11.090,T,6376.25,1,,,
2026-03-30 15:46:11.090,T,6376.25,1,,,
2026-03-30 15:46:11.090,T,6376.25,4,,,
2026-03-30 15:46:11.090,T,6376.0,1,,,
2026-03-30 15:46:11.090,T,6376.0,1,,,
2026-03-30 15:46:11.090,T,6376.0,1,,,
2026-03-30 15:46:11.090,T,6376.0,1,,,
2026-03-30 15:46:11.090,T,6376.0,1,,,
2026-03-30 15:46:11.090,T,6376.0,1,,,
2026-03-30 15:46:11.090,T,6376.0,2,,,
2026-03-30 15:46:11.090,T,6376.0,1,,,
2026-03-30 15:46:11.090,T,6376.0,1,,,
2026-03-30 15:46:11.090,T,6376.0,1,,,
2026-03-30 15:46:11.090,T,6376.0,1,,,
2026-03-30 15:46:11.090,T,6376.0,1,,,
2026-03-30 15:46:11.090,T,6376.0,1,,,
2026-03-30 15:46:11.090,T,6376.0,1,,,
2026-03-30 15:46:11.090,T,6376.25,1,,,
2026-03-30 15:46:11.090,T,6376.25,1,,,
2026-03-30 15:46:11.090,T,6376.25,1,,,
2026-03-30 15:46:11.090,T,6376.25,1,,,
2026-03-30 15:46:11.090,T,6376.25,1,,,
2026-03-30 15:46:11.090,T,6376.25,1,,,
2026-03-30 15:46:11.090,T,6376.25,1,,,
2026-03-30 15:46:11.090,T,6376.25,1,,,
2026-03-30 15:46:11.092,Q,,,,6376.0,6376.25
2026-03-30 15:46:11.235,T,6376.25,1,,,
2026-03-30 15:46:11.235,T,6376.25,1,,,
2026-03-30 15:46:11.235,T,6376.25,1,,,
2026-03-30 15:46:11.235,T,6376.25,1,,,
2026-03-30 15:46:11.235,T,6376.25,1,,,
2026-03-30 15:46:11.235,T,6376.25,2,,,
2026-03-30 15:46:11.235,T,6376.25,1,,,
2026-03-30 15:46:12.036,T,6376.0,1,,,
2026-03-30 15:46:12.133,T,6376.0,1,,,
2026-03-30 15:46:12.133,T,6376.0,1,,,
2026-03-30 15:46:12.133,T,6376.0,3,,,
2026-03-30 15:46:12.133,T,6376.0,3,,,
2026-03-30 15:46:12.133,T,6376.0,1,,,
2026-03-30 15:46:12.133,T,6376.0,1,,,
2026-03-30 15:46:12.133,T,6376.0,2,,,
2026-03-30 15:46:12.133,T,6376.0,1,,,
2026-03-30 15:46:12.133,T,6376.0,1,,,
2026-03-30 15:46:12.133,T,6376.0,1,,,
2026-03-30 15:46:12.133,Q,,,,6375.75,6376.0
2026-03-30 15:46:12.178,Q,,,,6375.75,6376.25
2026-03-30 15:46:12.178,T,6376.0,1,,,
2026-03-30 15:46:12.178,T,6376.0,1,,,
2026-03-30 15:46:12.178,T,6376.0,1,,,
2026-03-30 15:46:12.178,T,6376.0,2,,,
2026-03-30 15:46:12.178,T,6376.0,2,,,
2026-03-30 15:46:12.178,T,6376.0,3,,,
2026-03-30 15:46:12.178,T,6376.0,2,,,
2026-03-30 15:46:12.178,T,6376.0,1,,,
2026-03-30 15:46:12.178,T,6376.0,3,,,
2026-03-30 15:46:12.178,T,6376.0,1,,,
2026-03-30 15:46:12.178,T,6376.0,1,,,
2026-03-30 15:46:12.178,T,6376.0,1,,,
2026-03-30 15:46:12.235,Q,,,,6376.0,6376.25
2026-03-30 15:46:12.283,Q,,,,6375.75,6376.25
2026-03-30 15:46:12.383,Q,,,,6376.0,6376.25
2026-03-30 15:46:12.479,Q,,,,6375.75,6376.25
2026-03-30 15:46:12.735,Q,,,,6376.0,6376.25
2026-03-30 15:46:12.783,T,6376.0,1,,,
2026-03-30 15:46:12.783,Q,,,,6375.75,6376.0
2026-03-30 15:46:12.832,Q,,,,6375.5,6375.75
2026-03-30 15:46:12.832,T,6375.75,1,,,
2026-03-30 15:46:12.832,T,6375.75,1,,,
2026-03-30 15:46:12.832,T,6375.75,1,,,
2026-03-30 15:46:12.832,T,6375.75,2,,,
2026-03-30 15:46:12.832,T,6375.75,1,,,
2026-03-30 15:46:12.832,T,6375.75,1,,,
2026-03-30 15:46:12.832,T,6375.75,1,,,
2026-03-30 15:46:12.832,T,6375.75,1,,,
2026-03-30 15:46:12.832,T,6375.75,1,,,
2026-03-30 15:46:12.832,T,6375.75,2,,,
2026-03-30 15:46:12.832,T,6375.75,1,,,
2026-03-30 15:46:12.832,T,6375.75,1,,,
2026-03-30 15:46:12.832,T,6375.75,1,,,
2026-03-30 15:46:12.832,T,6375.75,1,,,
2026-03-30 15:46:12.832,T,6375.75,4,,,
2026-03-30 15:46:12.832,T,6375.75,1,,,
2026-03-30 15:46:12.832,T,6375.75,1,,,
2026-03-30 15:46:12.832,T,6375.75,5,,,
2026-03-30 15:46:12.832,T,6375.75,1,,,
2026-03-30 15:46:12.832,T,6375.75,1,,,
2026-03-30 15:46:12.832,T,6375.75,1,,,
2026-03-30 15:46:12.832,T,6375.75,1,,,
2026-03-30 15:46:12.832,T,6375.75,1,,,
2026-03-30 15:46:12.832,T,6375.75,1,,,
2026-03-30 15:46:12.832,T,6375.75,1,,,
2026-03-30 15:46:12.832,T,6375.75,1,,,
2026-03-30 15:46:12.832,T,6375.75,2,,,
2026-03-30 15:46:12.832,T,6375.75,1,,,
2026-03-30 15:46:12.832,T,6375.75,1,,,
2026-03-30 15:46:12.832,T,6375.75,1,,,
2026-03-30 15:46:12.832,T,6375.75,2,,,
2026-03-30 15:46:12.832,T,6375.75,1,,,
2026-03-30 15:46:12.832,T,6375.75,1,,,
2026-03-30 15:46:12.832,T,6375.75,1,,,
2026-03-30 15:46:12.888,T,6375.5,1,,,
2026-03-30 15:46:12.888,T,6375.5,1,,,
2026-03-30 15:46:12.888,T,6375.5,1,,,
2026-03-30 15:46:12.888,T,6375.5,1,,,
2026-03-30 15:46:12.888,T,6375.75,2,,,
2026-03-30 15:46:12.934,T,6375.75,1,,,
2026-03-30 15:46:12.983,T,6375.75,1,,,
2026-03-30 15:46:13.030,Q,,,,6375.5,6376.0
2026-03-30 15:46:13.030,T,6375.5,1,,,
2026-03-30 15:46:13.030,T,6375.75,1,,,
2026-03-30 15:46:13.030,T,6375.75,1,,,
2026-03-30 15:46:13.030,T,6375.75,1,,,
2026-03-30 15:46:13.030,T,6375.75,1,,,
2026-03-30 15:46:13.086,Q,,,,6375.5,6375.75
2026-03-30 15:46:13.136,T,6375.5,1,,,
2026-03-30 15:46:13.284,T,6375.5,1,,,
2026-03-30 15:46:13.284,T,6375.75,1,,,
2026-03-30 15:46:13.284,T,6375.75,1,,,
2026-03-30 15:46:13.284,T,6375.75,1,,,
2026-03-30 15:46:13.284,T,6375.75,3,,,
2026-03-30 15:46:13.284,T,6375.75,1,,,
2026-03-30 15:46:13.380,T,6375.75,1,,,
2026-03-30 15:46:13.436,T,6375.75,1,,,
2026-03-30 15:46:13.587,T,6375.5,1,,,
2026-03-30 15:46:13.735,T,6375.5,1,,,
2026-03-30 15:46:13.832,T,6375.75,3,,,
2026-03-30 15:46:13.832,T,6375.75,1,,,
2026-03-30 15:46:13.832,T,6375.75,1,,,
2026-03-30 15:46:13.832,T,6375.75,1,,,
2026-03-30 15:46:13.832,T,6375.75,2,,,
2026-03-30 15:46:13.832,T,6375.75,1,,,
2026-03-30 15:46:13.832,T,6375.75,1,,,
2026-03-30 15:46:13.832,T,6375.75,1,,,
2026-03-30 15:46:13.832,T,6375.75,1,,,
2026-03-30 15:46:13.832,T,6375.75,1,,,
2026-03-30 15:46:13.832,T,6375.75,1,,,
2026-03-30 15:46:13.832,T,6375.75,1,,,
2026-03-30 15:46:13.832,T,6375.75,6,,,
2026-03-30 15:46:13.832,T,6375.75,5,,,
2026-03-30 15:46:13.832,Q,,,,6375.75,6376.0
2026-03-30 15:46:14.087,T,6375.75,1,,,
2026-03-30 15:46:14.087,T,6375.75,1,,,
2026-03-30 15:46:14.087,T,6375.75,1,,,
2026-03-30 15:46:14.087,T,6376.0,1,,,
2026-03-30 15:46:14.087,T,6375.75,1,,,
2026-03-30 15:46:14.087,T,6375.75,1,,,
2026-03-30 15:46:14.283,T,6375.75,1,,,
2026-03-30 15:46:14.786,T,6375.75,1,,,
2026-03-30 15:46:14.786,T,6375.75,1,,,
2026-03-30 15:46:14.786,T,6375.75,1,,,
2026-03-30 15:46:14.834,T,6376.0,1,,,
2026-03-30 15:46:14.834,T,6376.0,1,,,
2026-03-30 15:46:14.834,T,6376.0,1,,,
2026-03-30 15:46:14.834,T,6376.0,1,,,
2026-03-30 15:46:14.834,T,6376.0,1,,,
2026-03-30 15:46:15.334,T,6376.0,3,,,
2026-03-30 15:46:15.334,T,6376.0,3,,,
2026-03-30 15:46:15.334,T,6376.0,1,,,
2026-03-30 15:46:15.334,T,6376.0,1,,,
2026-03-30 15:46:15.334,T,6376.0,1,,,
2026-03-30 15:46:15.334,T,6376.0,1,,,
2026-03-30 15:46:15.334,T,6376.0,1,,,
2026-03-30 15:46:15.383,T,6376.0,1,,,
2026-03-30 15:46:15.383,T,6376.0,1,,,
2026-03-30 15:46:15.383,Q,,,,6376.0,6376.25
2026-03-30 15:46:15.487,T,6376.0,1,,,
2026-03-30 15:46:15.487,T,6376.0,1,,,
2026-03-30 15:46:15.487,T,6376.0,3,,,
2026-03-30 15:46:15.585,Q,,,,6375.75,6376.25
2026-03-30 15:46:15.633,T,6376.25,1,,,
2026-03-30 15:46:15.633,T,6376.25,1,,,
2026-03-30 15:46:15.634,Q,,,,6376.0,6376.25
2026-03-30 15:46:16.081,T,6376.0,2,,,
2026-03-30 15:46:16.185,T,6376.0,1,,,
2026-03-30 15:46:16.185,T,6376.0,1,,,
2026-03-30 15:46:16.185,T,6376.0,1,,,
2026-03-30 15:46:16.185,T,6376.0,2,,,
2026-03-30 15:46:16.185,T,6376.0,1,,,
2026-03-30 15:46:16.185,T,6376.0,1,,,
2026-03-30 15:46:16.185,T,6376.0,1,,,
2026-03-30 15:46:16.185,T,6376.0,1,,,
2026-03-30 15:46:16.185,T,6376.0,1,,,
2026-03-30 15:46:16.185,T,6376.0,1,,,
2026-03-30 15:46:16.185,T,6376.0,1,,,
2026-03-30 15:46:16.185,T,6376.0,1,,,
2026-03-30 15:46:16.185,T,6376.0,1,,,
2026-03-30 15:46:16.185,T,6376.0,1,,,
2026-03-30 15:46:16.185,T,6376.0,1,,,
2026-03-30 15:46:16.185,T,6376.0,3,,,
2026-03-30 15:46:16.185,T,6376.0,3,,,
2026-03-30 15:46:16.185,T,6376.0,1,,,
2026-03-30 15:46:16.185,T,6376.0,1,,,
2026-03-30 15:46:16.185,T,6376.0,1,,,
2026-03-30 15:46:16.185,T,6376.0,1,,,
2026-03-30 15:46:16.185,T,6376.0,1,,,
2026-03-30 15:46:16.185,T,6376.0,1,,,
2026-03-30 15:46:16.185,T,6376.0,4,,,
2026-03-30 15:46:16.185,T,6376.0,1,,,
2026-03-30 15:46:16.187,Q,,,,6375.75,6376.0
2026-03-30 15:46:16.232,Q,,,,6376.0,6376.25
2026-03-30 15:46:16.233,T,6376.0,1,,,
2026-03-30 15:46:16.280,T,6376.25,1,,,
2026-03-30 15:46:16.431,T,6376.25,1,,,
2026-03-30 15:46:16.431,T,6376.25,1,,,
2026-03-30 15:46:16.431,T,6376.25,1,,,
2026-03-30 15:46:16.431,T,6376.25,2,,,
2026-03-30 15:46:16.940,T,6376.25,1,,,
2026-03-30 15:46:16.983,T,6376.25,1,,,
2026-03-30 15:46:17.135,T,6376.0,1,,,
2026-03-30 15:46:17.241,T,6376.0,1,,,
2026-03-30 15:46:17.241,T,6376.0,1,,,
2026-03-30 15:46:17.241,T,6376.0,1,,,
2026-03-30 15:46:17.241,T,6376.0,1,,,
2026-03-30 15:46:17.241,T,6376.0,1,,,
2026-03-30 15:46:17.241,T,6376.0,1,,,
2026-03-30 15:46:17.241,T,6376.0,1,,,
2026-03-30 15:46:17.241,T,6376.0,2,,,
2026-03-30 15:46:17.241,T,6376.0,3,,,
2026-03-30 15:46:17.241,T,6376.0,1,,,
2026-03-30 15:46:17.242,Q,,,,6375.75,6376.0
2026-03-30 15:46:17.436,Q,,,,6376.0,6376.25
2026-03-30 15:46:17.480,T,6376.0,2,,,
2026-03-30 15:46:17.686,T,6376.25,1,,,
2026-03-30 15:46:17.686,T,6376.0,1,,,
2026-03-30 15:46:17.686,T,6376.0,1,,,
2026-03-30 15:46:17.686,T,6376.0,1,,,
2026-03-30 15:46:17.686,T,6376.0,1,,,
2026-03-30 15:46:17.686,T,6376.0,1,,,
2026-03-30 15:46:17.687,Q,,,,6375.75,6376.0
2026-03-30 15:46:17.784,T,6375.75,1,,,
2026-03-30 15:46:17.784,T,6375.75,2,,,
2026-03-30 15:46:17.832,T,6375.75,1,,,
2026-03-30 15:46:17.832,T,6375.75,1,,,
2026-03-30 15:46:17.832,T,6375.75,1,,,
2026-03-30 15:46:17.832,T,6375.75,1,,,
2026-03-30 15:46:17.832,T,6375.75,1,,,
2026-03-30 15:46:17.832,T,6375.75,1,,,
2026-03-30 15:46:17.832,T,6375.75,1,,,
2026-03-30 15:46:17.931,T,6376.0,1,,,
2026-03-30 15:46:18.033,Q,,,,6375.5,6375.75
2026-03-30 15:46:18.034,T,6375.75,1,,,
2026-03-30 15:46:18.034,T,6375.75,1,,,
2026-03-30 15:46:18.034,T,6375.75,1,,,
2026-03-30 15:46:18.034,T,6375.75,1,,,
2026-03-30 15:46:18.034,T,6375.75,1,,,
2026-03-30 15:46:18.034,T,6375.75,1,,,
2026-03-30 15:46:18.034,T,6375.75,1,,,
2026-03-30 15:46:18.034,T,6375.75,1,,,
2026-03-30 15:46:18.034,T,6375.75,1,,,
2026-03-30 15:46:18.089,T,6375.75,1,,,
2026-03-30 15:46:18.089,T,6375.75,1,,,
2026-03-30 15:46:18.090,Q,,,,6375.75,6376.0
2026-03-30 15:46:18.131,T,6375.75,1,,,
2026-03-30 15:46:18.131,T,6375.75,1,,,
2026-03-30 15:46:18.131,T,6375.75,2,,,
2026-03-30 15:46:18.131,T,6375.75,1,,,
2026-03-30 15:46:18.132,Q,,,,6375.5,6375.75
2026-03-30 15:46:18.298,T,6375.75,1,,,
2026-03-30 15:46:18.382,Q,,,,6375.5,6376.0
2026-03-30 15:46:18.382,T,6375.75,1,,,
2026-03-30 15:46:18.382,T,6375.75,1,,,
2026-03-30 15:46:18.432,Q,,,,6375.5,6375.75
2026-03-30 15:46:18.481,Q,,,,6375.75,6376.0
2026-03-30 15:46:18.580,T,6375.75,1,,,
2026-03-30 15:46:18.580,T,6375.75,1,,,
2026-03-30 15:46:18.580,T,6375.75,1,,,
2026-03-30 15:46:18.580,T,6375.75,1,,,
2026-03-30 15:46:18.580,T,6375.75,1,,,
2026-03-30 15:46:18.580,T,6375.75,1,,,
2026-03-30 15:46:18.580,T,6375.75,1,,,
2026-03-30 15:46:18.580,T,6375.75,1,,,
2026-03-30 15:46:18.580,T,6375.75,1,,,
2026-03-30 15:46:18.580,T,6375.75,1,,,
2026-03-30 15:46:18.580,T,6375.75,1,,,
2026-03-30 15:46:18.680,T,6375.75,1,,,
2026-03-30 15:46:18.680,T,6375.75,1,,,
2026-03-30 15:46:18.680,Q,,,,6375.5,6375.75
2026-03-30 15:46:18.746,T,6375.75,1,,,
2026-03-30 15:46:18.746,Q,,,,6375.75,6376.0
2026-03-30 15:46:18.831,T,6375.75,2,,,
2026-03-30 15:46:18.831,T,6375.75,3,,,
2026-03-30 15:46:19.084,T,6375.75,1,,,
2026-03-30 15:46:19.084,T,6375.75,2,,,
2026-03-30 15:46:19.084,T,6375.75,1,,,
2026-03-30 15:46:19.085,Q,,,,6375.5,6376.0
2026-03-30 15:46:19.132,Q,,,,6375.75,6376.0
2026-03-30 15:46:19.329,T,6375.75,1,,,
2026-03-30 15:46:19.511,Q,,,,6375.5,6375.75
2026-03-30 15:46:19.537,Q,,,,6375.25,6375.75
2026-03-30 15:46:19.537,T,6375.5,1,,,
2026-03-30 15:46:19.537,T,6375.5,1,,,
2026-03-30 15:46:19.537,T,6375.5,1,,,
2026-03-30 15:46:19.537,T,6375.5,1,,,
2026-03-30 15:46:19.537,T,6375.5,1,,,
2026-03-30 15:46:19.537,T,6375.5,1,,,
2026-03-30 15:46:19.537,T,6375.5,1,,,
2026-03-30 15:46:19.537,T,6375.5,3,,,
2026-03-30 15:46:19.537,T,6375.5,1,,,
2026-03-30 15:46:19.537,T,6375.5,1,,,
2026-03-30 15:46:19.537,T,6375.5,1,,,
2026-03-30 15:46:19.537,T,6375.5,1,,,
2026-03-30 15:46:19.537,T,6375.5,3,,,
2026-03-30 15:46:19.537,T,6375.5,1,,,
2026-03-30 15:46:19.537,T,6375.5,1,,,
2026-03-30 15:46:19.537,T,6375.5,1,,,
2026-03-30 15:46:19.537,T,6375.5,1,,,
2026-03-30 15:46:19.587,Q,,,,6375.5,6375.75
2026-03-30 15:46:19.629,Q,,,,6375.25,6375.75
2026-03-30 15:46:19.679,Q,,,,6375.5,6375.75
2026-03-30 15:46:19.738,T,6375.5,1,,,
2026-03-30 15:46:19.837,T,6375.5,1,,,
2026-03-30 15:46:20.234,T,6375.5,1,,,
2026-03-30 15:46:20.335,Q,,,,6375.25,6375.75
2026-03-30 15:46:20.336,T,6375.5,2,,,
2026-03-30 15:46:20.336,T,6375.5,1,,,
2026-03-30 15:46:20.336,T,6375.5,1,,,
2026-03-30 15:46:20.336,T,6375.5,1,,,
2026-03-30 15:46:20.336,T,6375.5,2,,,
2026-03-30 15:46:20.336,T,6375.5,1,,,
2026-03-30 15:46:20.336,T,6375.5,1,,,
2026-03-30 15:46:20.336,T,6375.5,1,,,
2026-03-30 15:46:20.336,T,6375.5,1,,,
2026-03-30 15:46:20.336,T,6375.5,1,,,
2026-03-30 15:46:20.336,T,6375.5,1,,,
2026-03-30 15:46:20.336,T,6375.5,1,,,
2026-03-30 15:46:20.336,T,6375.5,1,,,
2026-03-30 15:46:20.336,T,6375.5,1,,,
2026-03-30 15:46:20.336,T,6375.5,1,,,
2026-03-30 15:46:20.387,T,6375.5,1,,,
2026-03-30 15:46:20.387,T,6375.5,1,,,
2026-03-30 15:46:20.387,T,6375.5,1,,,
2026-03-30 15:46:20.387,Q,,,,6375.5,6375.75
2026-03-30 15:46:20.483,T,6375.5,1,,,
2026-03-30 15:46:20.483,T,6375.5,1,,,
2026-03-30 15:46:20.483,T,6375.5,1,,,
2026-03-30 15:46:20.483,T,6375.5,1,,,
2026-03-30 15:46:20.483,Q,,,,6375.25,6375.5
2026-03-30 15:46:20.537,T,6375.5,3,,,
2026-03-30 15:46:20.537,T,6375.5,2,,,
2026-03-30 15:46:21.488,T,6375.5,1,,,
2026-03-30 15:46:21.488,T,6375.5,1,,,
2026-03-30 15:46:21.488,T,6375.5,1,,,
2026-03-30 15:46:21.488,T,6375.5,1,,,
2026-03-30 15:46:21.488,T,6375.5,1,,,
2026-03-30 15:46:21.488,T,6375.5,1,,,
2026-03-30 15:46:21.488,T,6375.5,1,,,
2026-03-30 15:46:21.489,Q,,,,6375.5,6375.75
2026-03-30 15:46:21.586,Q,,,,6375.25,6375.5
2026-03-30 15:46:21.587,T,6375.5,1,,,
2026-03-30 15:46:21.587,T,6375.5,1,,,
2026-03-30 15:46:21.587,T,6375.5,1,,,
2026-03-30 15:46:21.587,T,6375.5,1,,,
2026-03-30 15:46:21.587,T,6375.5,1,,,
2026-03-30 15:46:21.729,Q,,,,6375.25,6375.75
2026-03-30 15:46:21.779,Q,,,,6375.25,6375.5
2026-03-30 15:46:22.033,Q,,,,6375.5,6375.75
2026-03-30 15:46:22.034,T,6375.5,1,,,
2026-03-30 15:46:22.034,T,6375.5,1,,,
2026-03-30 15:46:22.034,T,6375.5,1,,,
2026-03-30 15:46:22.088,Q,,,,6375.25,6375.75
2026-03-30 15:46:22.181,Q,,,,6375.5,6375.75
2026-03-30 15:46:22.635,T,6375.5,1,,,
2026-03-30 15:46:22.635,T,6375.5,1,,,
2026-03-30 15:46:23.098,T,6375.5,1,,,
2026-03-30 15:46:23.098,T,6375.5,1,,,
2026-03-30 15:46:23.098,T,6375.5,1,,,
2026-03-30 15:46:23.098,T,6375.5,1,,,
2026-03-30 15:46:23.098,T,6375.5,1,,,
2026-03-30 15:46:23.099,Q,,,,6375.25,6375.75
2026-03-30 15:46:23.135,Q,,,,6375.25,6375.5
2026-03-30 15:46:23.729,T,6375.5,1,,,
2026-03-30 15:46:23.729,T,6375.5,1,,,
2026-03-30 15:46:23.729,T,6375.5,2,,,
2026-03-30 15:46:23.729,T,6375.5,1,,,
2026-03-30 15:46:23.729,T,6375.5,1,,,
2026-03-30 15:46:23.729,T,6375.5,1,,,
2026-03-30 15:46:23.729,T,6375.5,3,,,
2026-03-30 15:46:23.729,T,6375.5,1,,,
2026-03-30 15:46:23.787,T,6375.5,1,,,
2026-03-30 15:46:23.835,T,6375.25,1,,,
2026-03-30 15:46:23.835,T,6375.25,1,,,
2026-03-30 15:46:23.835,T,6375.25,1,,,
2026-03-30 15:46:24.031,T,6375.25,1,,,
2026-03-30 15:46:24.031,T,6375.25,3,,,
2026-03-30 15:46:24.031,T,6375.25,1,,,
2026-03-30 15:46:24.031,T,6375.25,1,,,
2026-03-30 15:46:24.031,T,6375.25,1,,,
2026-03-30 15:46:24.031,T,6375.25,1,,,
2026-03-30 15:46:24.031,T,6375.25,1,,,
2026-03-30 15:46:24.031,T,6375.25,4,,,
2026-03-30 15:46:24.031,T,6375.25,2,,,
2026-03-30 15:46:24.031,T,6375.25,1,,,
2026-03-30 15:46:24.031,T,6375.25,1,,,
2026-03-30 15:46:24.031,T,6375.25,1,,,
2026-03-30 15:46:24.084,T,6375.25,1,,,
2026-03-30 15:46:24.084,T,6375.25,1,,,
2026-03-30 15:46:24.133,Q,,,,6375.0,6375.5
2026-03-30 15:46:24.133,T,6375.25,1,,,
2026-03-30 15:46:24.133,T,6375.25,1,,,
2026-03-30 15:46:24.133,T,6375.25,1,,,
2026-03-30 15:46:24.133,T,6375.25,1,,,
2026-03-30 15:46:24.181,Q,,,,6375.25,6375.5
2026-03-30 15:46:24.288,Q,,,,6375.0,6375.25
2026-03-30 15:46:24.288,T,6375.25,1,,,
2026-03-30 15:46:24.288,T,6375.25,1,,,
2026-03-30 15:46:24.335,T,6375.25,1,,,
2026-03-30 15:46:24.381,Q,,,,6375.25,6375.5
2026-03-30 15:46:24.480,T,6375.25,1,,,
2026-03-30 15:46:24.480,Q,,,,6375.0,6375.25
2026-03-30 15:46:24.633,T,6375.0,2,,,
2026-03-30 15:46:24.633,T,6375.0,2,,,
2026-03-30 15:46:24.633,T,6375.0,1,,,
2026-03-30 15:46:24.633,T,6375.0,1,,,
2026-03-30 15:46:24.633,T,6375.0,1,,,
2026-03-30 15:46:24.633,T,6375.0,1,,,
2026-03-30 15:46:24.679,T,6375.0,1,,,
2026-03-30 15:46:24.679,T,6375.0,1,,,
2026-03-30 15:46:24.679,T,6375.0,1,,,
2026-03-30 15:46:24.679,T,6375.0,1,,,
2026-03-30 15:46:24.679,T,6375.0,2,,,
2026-03-30 15:46:24.783,Q,,,,6375.25,6375.5
2026-03-30 15:46:24.783,T,6375.25,1,,,
2026-03-30 15:46:24.783,T,6375.25,1,,,
2026-03-30 15:46:24.783,T,6375.25,2,,,
2026-03-30 15:46:24.783,T,6375.25,1,,,
2026-03-30 15:46:24.783,T,6375.25,1,,,
2026-03-30 15:46:24.783,T,6375.25,1,,,
2026-03-30 15:46:24.783,T,6375.25,1,,,
2026-03-30 15:46:24.836,Q,,,,6375.0,6375.5
2026-03-30 15:46:24.836,T,6375.25,1,,,
2026-03-30 15:46:24.836,T,6375.25,1,,,
2026-03-30 15:46:24.836,T,6375.25,1,,,
2026-03-30 15:46:24.836,T,6375.25,1,,,
2026-03-30 15:46:24.836,T,6375.25,2,,,
2026-03-30 15:46:24.836,T,6375.25,1,,,
2026-03-30 15:46:24.836,T,6375.25,2,,,
2026-03-30 15:46:24.836,T,6375.25,1,,,
2026-03-30 15:46:24.886,T,6375.25,3,,,
2026-03-30 15:46:24.886,T,6375.25,1,,,
2026-03-30 15:46:24.886,T,6375.25,1,,,
2026-03-30 15:46:24.886,T,6375.25,1,,,
2026-03-30 15:46:24.887,Q,,,,6375.0,6375.25
2026-03-30 15:46:24.933,T,6375.0,1,,,
2026-03-30 15:46:24.933,T,6375.25,3,,,
2026-03-30 15:46:24.933,T,6375.25,1,,,
2026-03-30 15:46:25.030,T,6375.25,1,,,
2026-03-30 15:46:25.084,T,6375.0,1,,,
2026-03-30 15:46:25.084,T,6375.0,2,,,
2026-03-30 15:46:25.084,T,6375.0,1,,,
2026-03-30 15:46:25.283,T,6375.0,1,,,
2026-03-30 15:46:25.488,T,6375.0,1,,,
2026-03-30 15:46:25.488,T,6375.0,3,,,
2026-03-30 15:46:25.488,T,6375.0,5,,,
2026-03-30 15:46:25.488,T,6375.0,1,,,
2026-03-30 15:46:25.488,T,6375.0,1,,,
2026-03-30 15:46:25.488,T,6375.0,1,,,
2026-03-30 15:46:25.488,T,6375.0,1,,,
2026-03-30 15:46:25.488,T,6375.0,2,,,
2026-03-30 15:46:25.488,T,6375.0,1,,,
2026-03-30 15:46:25.488,T,6375.0,1,,,
2026-03-30 15:46:25.488,T,6375.0,2,,,
2026-03-30 15:46:25.488,T,6375.0,1,,,
2026-03-30 15:46:25.488,T,6375.0,1,,,
2026-03-30 15:46:25.488,T,6375.0,1,,,
2026-03-30 15:46:25.488,T,6375.0,1,,,
2026-03-30 15:46:25.488,T,6374.75,1,,,
2026-03-30 15:46:25.488,T,6374.75,1,,,
2026-03-30 15:46:25.488,T,6374.75,1,,,
2026-03-30 15:46:25.490,Q,,,,6374.75,6375.0
2026-03-30 15:46:25.536,T,6374.75,1,,,
2026-03-30 15:46:25.536,T,6374.75,1,,,
2026-03-30 15:46:25.536,T,6374.75,1,,,
2026-03-30 15:46:25.536,T,6374.75,2,,,
2026-03-30 15:46:25.536,T,6374.75,1,,,
2026-03-30 15:46:25.536,T,6374.75,1,,,
2026-03-30 15:46:25.536,T,6374.75,1,,,
2026-03-30 15:46:25.536,T,6374.75,1,,,
2026-03-30 15:46:25.536,T,6374.75,1,,,
2026-03-30 15:46:25.536,T,6374.75,1,,,
2026-03-30 15:46:25.536,T,6374.75,1,,,
2026-03-30 15:46:25.536,T,6374.75,2,,,
2026-03-30 15:46:25.536,T,6374.75,2,,,
2026-03-30 15:46:25.536,T,6374.75,1,,,
2026-03-30 15:46:25.536,T,6374.75,1,,,
2026-03-30 15:46:25.536,T,6374.75,1,,,
2026-03-30 15:46:25.536,T,6374.75,2,,,
2026-03-30 15:46:25.536,T,6374.75,2,,,
2026-03-30 15:46:25.536,T,6374.75,3,,,
2026-03-30 15:46:25.536,T,6374.75,1,,,
2026-03-30 15:46:25.584,T,6374.75,1,,,
2026-03-30 15:46:25.584,T,6374.75,1,,,
2026-03-30 15:46:25.584,T,6374.75,2,,,
2026-03-30 15:46:25.584,T,6374.75,3,,,
2026-03-30 15:46:25.584,T,6374.75,7,,,
2026-03-30 15:46:25.584,T,6374.75,1,,,
2026-03-30 15:46:25.584,T,6374.75,1,,,
2026-03-30 15:46:25.584,T,6374.75,1,,,
2026-03-30 15:46:25.585,Q,,,,6374.5,6374.75
2026-03-30 15:46:25.634,T,6374.5,1,,,
2026-03-30 15:46:25.634,T,6374.5,1,,,
2026-03-30 15:46:25.634,T,6374.5,1,,,
2026-03-30 15:46:25.634,T,6374.5,1,,,
2026-03-30 15:46:25.634,T,6374.5,1,,,
2026-03-30 15:46:25.634,T,6374.5,1,,,
2026-03-30 15:46:25.634,T,6374.5,1,,,
2026-03-30 15:46:25.634,T,6374.5,2,,,
2026-03-30 15:46:25.634,T,6374.5,1,,,
2026-03-30 15:46:25.634,T,6374.5,3,,,
2026-03-30 15:46:25.634,T,6374.5,1,,,
2026-03-30 15:46:25.634,T,6374.5,2,,,
2026-03-30 15:46:25.634,T,6374.5,1,,,
2026-03-30 15:46:25.634,T,6374.5,1,,,
2026-03-30 15:46:25.634,T,6374.75,1,,,
2026-03-30 15:46:25.634,T,6374.75,1,,,
2026-03-30 15:46:25.634,T,6374.75,1,,,
2026-03-30 15:46:25.634,T,6374.75,1,,,
2026-03-30 15:46:25.634,T,6374.75,3,,,
2026-03-30 15:46:25.634,T,6374.75,1,,,
2026-03-30 15:46:25.634,T,6374.75,1,,,
2026-03-30 15:46:25.634,T,6374.75,1,,,
2026-03-30 15:46:25.634,T,6374.75,1,,,
2026-03-30 15:46:25.634,T,6374.75,1,,,
2026-03-30 15:46:25.634,T,6374.75,1,,,
2026-03-30 15:46:25.634,T,6374.75,1,,,
2026-03-30 15:46:25.634,T,6374.75,1,,,
2026-03-30 15:46:25.634,T,6374.75,1,,,
2026-03-30 15:46:25.634,T,6374.75,1,,,
2026-03-30 15:46:25.634,T,6374.75,1,,,
2026-03-30 15:46:25.634,T,6374.75,1,,,
2026-03-30 15:46:25.634,T,6374.75,1,,,
2026-03-30 15:46:25.634,T,6374.75,2,,,
2026-03-30 15:46:25.634,T,6374.75,3,,,
2026-03-30 15:46:25.634,T,6374.75,1,,,
2026-03-30 15:46:25.634,T,6374.75,1,,,
2026-03-30 15:46:25.634,T,6374.75,2,,,
2026-03-30 15:46:25.634,T,6374.75,1,,,
2026-03-30 15:46:25.637,Q,,,,6374.75,6375.0
2026-03-30 15:46:25.680,T,6374.75,3,,,
2026-03-30 15:46:25.680,T,6374.75,2,,,
2026-03-30 15:46:25.680,T,6374.75,1,,,
2026-03-30 15:46:25.680,T,6374.75,1,,,
2026-03-30 15:46:25.680,T,6374.75,1,,,
2026-03-30 15:46:25.680,T,6375.0,1,,,
2026-03-30 15:46:25.680,T,6375.0,1,,,
2026-03-30 15:46:25.680,T,6375.0,1,,,
2026-03-30 15:46:25.680,T,6375.0,1,,,
2026-03-30 15:46:25.680,T,6375.0,1,,,
2026-03-30 15:46:25.785,Q,,,,6374.75,6375.25
2026-03-30 15:46:25.786,T,6375.0,1,,,
2026-03-30 15:46:25.786,T,6375.0,1,,,
2026-03-30 15:46:25.786,T,6375.0,1,,,
2026-03-30 15:46:25.786,T,6375.0,1,,,
2026-03-30 15:46:25.834,T,6375.0,1,,,
2026-03-30 15:46:25.834,T,6375.0,1,,,
2026-03-30 15:46:25.834,T,6375.0,2,,,
2026-03-30 15:46:25.834,T,6375.0,2,,,
2026-03-30 15:46:25.834,T,6375.0,1,,,
2026-03-30 15:46:25.834,T,6375.0,1,,,
2026-03-30 15:46:25.834,T,6375.0,1,,,
2026-03-30 15:46:25.834,T,6375.0,1,,,
2026-03-30 15:46:25.834,T,6375.0,1,,,
2026-03-30 15:46:25.835,Q,,,,6375.0,6375.25
2026-03-30 15:46:25.886,T,6375.0,3,,,
2026-03-30 15:46:25.886,T,6375.0,1,,,
2026-03-30 15:46:25.886,Q,,,,6374.75,6375.0
2026-03-30 15:46:25.933,T,6375.0,3,,,
2026-03-30 15:46:25.933,T,6375.0,4,,,
2026-03-30 15:46:26.031,T,6375.0,1,,,
2026-03-30 15:46:26.031,T,6375.0,1,,,
2026-03-30 15:46:26.031,Q,,,,6374.75,6375.25
2026-03-30 15:46:26.137,Q,,,,6374.75,6375.0
2026-03-30 15:46:26.138,T,6375.0,1,,,
2026-03-30 15:46:26.138,T,6375.0,1,,,
2026-03-30 15:46:26.138,T,6375.0,1,,,
2026-03-30 15:46:26.138,T,6375.0,1,,,
2026-03-30 15:46:26.138,T,6375.0,2,,,
2026-03-30 15:46:26.487,T,6374.75,1,,,
2026-03-30 15:46:26.935,T,6374.75,1,,,
2026-03-30 15:46:27.086,T,6375.0,1,,,
2026-03-30 15:46:27.482,Q,,,,6375.0,6375.25
2026-03-30 15:46:27.483,T,6375.0,1,,,
2026-03-30 15:46:27.483,T,6375.0,1,,,
2026-03-30 15:46:27.483,T,6375.0,1,,,
2026-03-30 15:46:27.483,T,6375.0,1,,,
2026-03-30 15:46:27.483,T,6375.0,2,,,
2026-03-30 15:46:27.483,T,6375.0,2,,,
2026-03-30 15:46:27.483,T,6375.0,1,,,
2026-03-30 15:46:27.483,T,6375.0,1,,,
2026-03-30 15:46:27.483,T,6375.0,3,,,
2026-03-30 15:46:27.483,T,6375.0,3,,,
2026-03-30 15:46:27.483,T,6375.0,2,,,
2026-03-30 15:46:27.483,T,6375.0,2,,,
2026-03-30 15:46:27.483,T,6375.0,1,,,
2026-03-30 15:46:27.483,T,6375.0,2,,,
2026-03-30 15:46:27.483,T,6375.0,3,,,
2026-03-30 15:46:27.483,T,6375.0,1,,,
2026-03-30 15:46:27.483,T,6375.0,2,,,
2026-03-30 15:46:27.483,T,6375.0,1,,,
2026-03-30 15:46:27.483,T,6375.0,1,,,
2026-03-30 15:46:27.483,T,6375.0,3,,,
2026-03-30 15:46:27.483,T,6375.0,1,,,
2026-03-30 15:46:27.483,T,6375.0,1,,,
2026-03-30 15:46:27.483,T,6375.0,2,,,
2026-03-30 15:46:27.483,T,6375.0,1,,,
2026-03-30 15:46:27.483,T,6375.0,1,,,
2026-03-30 15:46:27.483,T,6375.0,1,,,
2026-03-30 15:46:27.483,T,6375.0,2,,,
2026-03-30 15:46:27.483,T,6375.0,1,,,
2026-03-30 15:46:27.483,T,6375.0,1,,,
2026-03-30 15:46:27.483,T,6375.0,1,,,
2026-03-30 15:46:27.483,T,6375.0,1,,,
2026-03-30 15:46:27.483,T,6375.25,5,,,
2026-03-30 15:46:27.483,T,6375.0,1,,,
2026-03-30 15:46:27.483,T,6375.0,1,,,
2026-03-30 15:46:27.585,T,6375.0,1,,,
2026-03-30 15:46:27.683,T,6375.25,1,,,
2026-03-30 15:46:27.933,T,6375.0,1,,,
2026-03-30 15:46:28.179,T,6375.25,1,,,
2026-03-30 15:46:28.179,T,6375.25,1,,,
2026-03-30 15:46:28.179,T,6375.25,1,,,
2026-03-30 15:46:28.236,T,6375.25,1,,,
2026-03-30 15:46:28.236,T,6375.25,1,,,
2026-03-30 15:46:28.236,T,6375.25,1,,,
2026-03-30 15:46:28.236,T,6375.25,2,,,
2026-03-30 15:46:28.236,T,6375.25,1,,,
2026-03-30 15:46:28.236,T,6375.25,1,,,
2026-03-30 15:46:28.236,T,6375.25,1,,,
2026-03-30 15:46:28.236,T,6375.25,1,,,
2026-03-30 15:46:28.236,T,6375.25,1,,,
2026-03-30 15:46:28.236,T,6375.25,1,,,
2026-03-30 15:46:28.236,T,6375.25,1,,,
2026-03-30 15:46:28.236,T,6375.25,1,,,
2026-03-30 15:46:28.236,T,6375.25,1,,,
2026-03-30 15:46:28.534,T,6375.0,1,,,
2026-03-30 15:46:28.736,T,6375.0,1,,,
2026-03-30 15:46:28.736,T,6375.25,1,,,
2026-03-30 15:46:28.830,Q,,,,6375.25,6375.5
2026-03-30 15:46:28.830,T,6375.25,1,,,
2026-03-30 15:46:28.830,T,6375.25,1,,,
2026-03-30 15:46:28.830,T,6375.25,1,,,
2026-03-30 15:46:28.830,T,6375.25,1,,,
2026-03-30 15:46:28.830,T,6375.25,1,,,
2026-03-30 15:46:28.830,T,6375.25,1,,,
2026-03-30 15:46:28.830,T,6375.25,1,,,
2026-03-30 15:46:28.887,T,6375.25,1,,,
2026-03-30 15:46:28.887,T,6375.25,1,,,
2026-03-30 15:46:29.186,T,6375.25,1,,,
2026-03-30 15:46:29.186,T,6375.25,1,,,
2026-03-30 15:46:29.186,T,6375.25,1,,,
2026-03-30 15:46:29.186,T,6375.25,1,,,
2026-03-30 15:46:29.186,T,6375.25,1,,,
2026-03-30 15:46:29.186,T,6375.25,1,,,
2026-03-30 15:46:29.186,T,6375.25,1,,,
2026-03-30 15:46:29.186,T,6375.25,1,,,
2026-03-30 15:46:29.187,Q,,,,6375.0,6375.25
2026-03-30 15:46:29.430,T,6375.25,1,,,
2026-03-30 15:46:29.604,T,6375.0,1,,,
2026-03-30 15:46:29.604,T,6375.0,1,,,
2026-03-30 15:46:29.604,T,6375.0,1,,,
2026-03-30 15:46:29.604,T,6375.0,1,,,
2026-03-30 15:46:29.604,T,6375.0,1,,,
2026-03-30 15:46:29.604,T,6375.0,1,,,
2026-03-30 15:46:29.604,T,6375.0,1,,,
2026-03-30 15:46:29.604,T,6375.0,1,,,
2026-03-30 15:46:29.604,T,6375.0,1,,,
2026-03-30 15:46:29.604,T,6375.0,1,,,
2026-03-30 15:46:29.604,T,6375.0,2,,,
2026-03-30 15:46:29.604,T,6375.0,1,,,
2026-03-30 15:46:29.605,Q,,,,6374.75,6375.0
2026-03-30 15:46:29.605,T,6374.75,2,,,
2026-03-30 15:46:29.605,T,6374.75,1,,,
2026-03-30 15:46:29.605,T,6374.75,1,,,
2026-03-30 15:46:29.605,T,6374.75,1,,,
2026-03-30 15:46:29.605,T,6374.75,1,,,
2026-03-30 15:46:29.605,T,6374.75,1,,,
2026-03-30 15:46:29.605,T,6374.75,1,,,
2026-03-30 15:46:29.605,T,6374.75,2,,,
2026-03-30 15:46:29.605,T,6374.75,1,,,
2026-03-30 15:46:29.605,T,6374.75,1,,,
2026-03-30 15:46:29.605,T,6374.75,1,,,
2026-03-30 15:46:29.605,T,6374.75,1,,,
2026-03-30 15:46:29.605,T,6374.75,2,,,
2026-03-30 15:46:29.605,T,6374.75,5,,,
2026-03-30 15:46:29.605,T,6374.75,3,,,
2026-03-30 15:46:29.634,T,6374.75,1,,,
2026-03-30 15:46:29.936,T,6374.75,1,,,
2026-03-30 15:46:30.982,Q,,,,6375.0,6375.25
2026-03-30 15:46:30.982,T,6374.75,1,,,
2026-03-30 15:46:30.982,T,6375.0,1,,,
2026-03-30 15:46:30.982,T,6375.0,1,,,
2026-03-30 15:46:30.982,T,6375.0,1,,,
2026-03-30 15:46:30.982,T,6375.0,2,,,
2026-03-30 15:46:30.982,T,6375.0,1,,,
2026-03-30 15:46:30.982,T,6375.0,1,,,
2026-03-30 15:46:30.982,T,6375.0,1,,,
2026-03-30 15:46:31.087,T,6375.25,1,,,
2026-03-30 15:46:31.087,T,6375.25,1,,,
2026-03-30 15:46:31.087,T,6375.25,1,,,
2026-03-30 15:46:31.087,T,6375.25,1,,,
2026-03-30 15:46:31.087,T,6375.25,1,,,
2026-03-30 15:46:31.087,T,6375.25,1,,,
2026-03-30 15:46:31.087,T,6375.25,1,,,
2026-03-30 15:46:31.087,T,6375.25,1,,,
2026-03-30 15:46:31.087,T,6375.5,2,,,
2026-03-30 15:46:31.087,T,6375.5,1,,,
2026-03-30 15:46:31.087,T,6375.25,1,,,
2026-03-30 15:46:31.087,T,6375.25,1,,,
2026-03-30 15:46:31.087,T,6375.25,3,,,
2026-03-30 15:46:31.087,T,6375.25,1,,,
2026-03-30 15:46:31.087,T,6375.25,1,,,
2026-03-30 15:46:31.087,T,6375.25,1,,,
2026-03-30 15:46:31.087,T,6375.25,1,,,
2026-03-30 15:46:31.087,T,6375.25,1,,,
2026-03-30 15:46:31.087,T,6375.25,1,,,
2026-03-30 15:46:31.087,T,6375.25,1,,,
2026-03-30 15:46:31.087,T,6375.25,1,,,
2026-03-30 15:46:31.087,T,6375.25,1,,,
2026-03-30 15:46:31.087,T,6375.25,3,,,
2026-03-30 15:46:31.087,T,6375.25,1,,,
2026-03-30 15:46:31.087,T,6375.25,1,,,
2026-03-30 15:46:31.087,T,6375.5,1,,,
2026-03-30 15:46:31.090,Q,,,,6375.25,6375.5
2026-03-30 15:46:31.183,Q,,,,6375.25,6375.75
2026-03-30 15:46:31.184,T,6375.5,1,,,
2026-03-30 15:46:31.184,T,6375.5,1,,,
2026-03-30 15:46:31.184,T,6375.5,1,,,
2026-03-30 15:46:31.184,T,6375.5,1,,,
2026-03-30 15:46:31.184,T,6375.5,1,,,
2026-03-30 15:46:31.184,T,6375.5,1,,,
2026-03-30 15:46:31.184,T,6375.5,1,,,
2026-03-30 15:46:31.184,T,6375.5,1,,,
2026-03-30 15:46:31.184,T,6375.5,1,,,
2026-03-30 15:46:31.184,T,6375.5,1,,,
2026-03-30 15:46:31.184,T,6375.5,1,,,
2026-03-30 15:46:31.184,T,6375.5,1,,,
2026-03-30 15:46:31.184,T,6375.5,1,,,
2026-03-30 15:46:31.184,T,6375.5,1,,,
2026-03-30 15:46:31.184,T,6375.5,1,,,
2026-03-30 15:46:31.184,T,6375.5,1,,,
2026-03-30 15:46:31.184,T,6375.5,1,,,
2026-03-30 15:46:31.236,T,6375.75,1,,,
2026-03-30 15:46:31.236,T,6375.5,1,,,
2026-03-30 15:46:31.236,T,6375.5,2,,,
2026-03-30 15:46:31.236,T,6375.5,1,,,
2026-03-30 15:46:31.236,T,6375.5,1,,,
2026-03-30 15:46:31.236,T,6375.5,1,,,
2026-03-30 15:46:31.236,T,6375.5,1,,,
2026-03-30 15:46:31.238,Q,,,,6375.5,6375.75
2026-03-30 15:46:31.681,T,6375.5,1,,,
2026-03-30 15:46:31.787,Q,,,,6375.25,6375.5
2026-03-30 15:46:31.787,T,6375.5,2,,,
2026-03-30 15:46:31.787,T,6375.5,1,,,
2026-03-30 15:46:31.787,T,6375.5,1,,,
2026-03-30 15:46:31.787,T,6375.5,1,,,
2026-03-30 15:46:31.836,T,6375.5,1,,,
2026-03-30 15:46:31.836,T,6375.5,1,,,
2026-03-30 15:46:31.836,T,6375.5,1,,,
2026-03-30 15:46:31.837,Q,,,,6375.5,6375.75
2026-03-30 15:46:32.230,T,6375.5,1,,,
2026-03-30 15:46:32.230,T,6375.5,1,,,
2026-03-30 15:46:32.230,T,6375.5,1,,,
2026-03-30 15:46:32.230,T,6375.5,1,,,
2026-03-30 15:46:32.230,T,6375.5,1,,,
2026-03-30 15:46:32.230,T,6375.5,2,,,
2026-03-30 15:46:32.230,T,6375.5,1,,,
2026-03-30 15:46:32.230,T,6375.5,2,,,
2026-03-30 15:46:32.434,T,6375.5,1,,,
2026-03-30 15:46:32.434,T,6375.5,1,,,
2026-03-30 15:46:32.434,T,6375.5,1,,,
2026-03-30 15:46:32.435,Q,,,,6375.25,6375.75
2026-03-30 15:46:32.483,Q,,,,6375.25,6375.5
2026-03-30 15:46:32.529,Q,,,,6375.25,6375.75
2026-03-30 15:46:32.587,Q,,,,6375.25,6375.5
2026-03-30 15:46:32.633,T,6375.5,2,,,
2026-03-30 15:46:32.633,T,6375.5,1,,,
2026-03-30 15:46:32.745,T,6375.5,1,,,
2026-03-30 15:46:33.129,T,6375.25,1,,,
2026-03-30 15:46:33.679,T,6375.5,1,,,
2026-03-30 15:46:33.679,T,6375.5,1,,,
2026-03-30 15:46:33.679,T,6375.5,2,,,
2026-03-30 15:46:33.679,T,6375.5,1,,,
2026-03-30 15:46:33.786,T,6375.25,1,,,
2026-03-30 15:46:34.183,T,6375.5,1,,,
2026-03-30 15:46:34.183,T,6375.25,1,,,
2026-03-30 15:46:34.183,T,6375.25,1,,,
2026-03-30 15:46:34.183,T,6375.25,1,,,
2026-03-30 15:46:34.183,T,6375.25,1,,,
2026-03-30 15:46:34.183,T,6375.25,1,,,
2026-03-30 15:46:34.183,T,6375.25,1,,,
2026-03-30 15:46:34.183,T,6375.25,1,,,
2026-03-30 15:46:34.183,T,6375.25,1,,,
2026-03-30 15:46:34.382,T,6375.5,1,,,
2026-03-30 15:46:34.481,T,6375.5,1,,,
2026-03-30 15:46:34.481,T,6375.25,2,,,
2026-03-30 15:46:34.481,T,6375.25,1,,,
2026-03-30 15:46:34.481,T,6375.25,2,,,
2026-03-30 15:46:34.481,T,6375.25,1,,,
2026-03-30 15:46:34.481,T,6375.25,1,,,
2026-03-30 15:46:34.481,T,6375.25,1,,,
2026-03-30 15:46:34.481,T,6375.25,1,,,
2026-03-30 15:46:34.481,T,6375.25,1,,,
2026-03-30 15:46:34.481,T,6375.25,7,,,
2026-03-30 15:46:34.481,T,6375.25,1,,,
2026-03-30 15:46:34.481,T,6375.25,1,,,
2026-03-30 15:46:34.529,Q,,,,6375.0,6375.25
2026-03-30 15:46:34.530,T,6375.25,1,,,
2026-03-30 15:46:34.785,T,6375.0,3,,,
2026-03-30 15:46:34.785,T,6375.0,1,,,
2026-03-30 15:46:34.785,T,6375.0,1,,,
2026-03-30 15:46:34.884,T,6375.0,1,,,
2026-03-30 15:46:34.986,T,6375.25,1,,,
2026-03-30 15:46:34.986,T,6375.25,1,,,
2026-03-30 15:46:35.130,T,6375.25,1,,,
2026-03-30 15:46:35.130,T,6375.25,1,,,
2026-03-30 15:46:35.130,T,6375.25,1,,,
2026-03-30 15:46:35.236,T,6375.0,1,,,
2026-03-30 15:46:35.236,T,6375.0,2,,,
2026-03-30 15:46:36.133,T,6375.0,1,,,
2026-03-30 15:46:36.330,Q,,,,6374.75,6375.0
2026-03-30 15:46:36.331,T,6375.0,1,,,
2026-03-30 15:46:36.331,T,6375.0,1,,,
2026-03-30 15:46:36.331,T,6375.0,1,,,
2026-03-30 15:46:36.331,T,6375.0,1,,,
2026-03-30 15:46:36.331,T,6375.0,1,,,
2026-03-30 15:46:36.331,T,6375.0,1,,,
2026-03-30 15:46:36.331,T,6375.0,1,,,
2026-03-30 15:46:36.331,T,6375.0,2,,,
2026-03-30 15:46:36.331,T,6375.0,1,,,
2026-03-30 15:46:36.331,T,6375.0,1,,,
2026-03-30 15:46:36.331,T,6375.0,1,,,
2026-03-30 15:46:36.331,T,6375.0,1,,,
2026-03-30 15:46:36.530,Q,,,,6374.5,6374.75
2026-03-30 15:46:36.531,T,6374.75,1,,,
2026-03-30 15:46:36.531,T,6374.75,1,,,
2026-03-30 15:46:36.531,T,6374.75,1,,,
2026-03-30 15:46:36.531,T,6374.75,1,,,
2026-03-30 15:46:36.531,T,6374.75,3,,,
2026-03-30 15:46:36.531,T,6374.75,1,,,
2026-03-30 15:46:36.531,T,6374.75,1,,,
2026-03-30 15:46:36.531,T,6374.75,1,,,
2026-03-30 15:46:36.735,T,6374.5,1,,,
2026-03-30 15:46:36.735,T,6374.5,1,,,
2026-03-30 15:46:36.735,T,6374.5,1,,,
2026-03-30 15:46:36.735,T,6374.5,1,,,
2026-03-30 15:46:36.735,T,6374.5,1,,,
2026-03-30 15:46:36.735,T,6374.5,1,,,
2026-03-30 15:46:36.735,T,6374.5,1,,,
2026-03-30 15:46:36.735,T,6374.5,1,,,
2026-03-30 15:46:36.735,T,6374.5,1,,,
2026-03-30 15:46:36.735,T,6374.5,2,,,
2026-03-30 15:46:36.736,Q,,,,6374.25,6374.5
2026-03-30 15:46:36.886,T,6374.25,1,,,
2026-03-30 15:46:36.886,T,6374.25,2,,,
2026-03-30 15:46:36.886,T,6374.25,1,,,
2026-03-30 15:46:36.886,T,6374.25,1,,,
2026-03-30 15:46:36.886,T,6374.25,1,,,
2026-03-30 15:46:36.886,T,6374.25,1,,,
2026-03-30 15:46:36.886,T,6374.25,1,,,
2026-03-30 15:46:36.886,T,6374.25,1,,,
2026-03-30 15:46:36.886,T,6374.25,1,,,
2026-03-30 15:46:36.886,T,6374.25,1,,,
2026-03-30 15:46:36.886,T,6374.25,1,,,
2026-03-30 15:46:37.132,T,6374.5,1,,,
2026-03-30 15:46:37.132,T,6374.5,1,,,
2026-03-30 15:46:37.132,T,6374.5,2,,,
2026-03-30 15:46:37.132,T,6374.5,2,,,
2026-03-30 15:46:37.132,T,6374.5,2,,,
2026-03-30 15:46:37.132,T,6374.25,1,,,
2026-03-30 15:46:37.132,T,6374.25,1,,,
2026-03-30 15:46:37.132,T,6374.25,1,,,
2026-03-30 15:46:37.132,T,6374.25,1,,,
2026-03-30 15:46:37.132,T,6374.25,1,,,
2026-03-30 15:46:37.587,T,6374.25,1,,,
2026-03-30 15:46:37.635,T,6374.25,3,,,
2026-03-30 15:46:37.635,T,6374.25,1,,,
2026-03-30 15:46:37.635,T,6374.25,1,,,
2026-03-30 15:46:37.832,T,6374.5,1,,,
2026-03-30 15:46:37.832,T,6374.5,1,,,
2026-03-30 15:46:38.086,T,6374.5,1,,,
2026-03-30 15:46:38.131,T,6374.25,4,,,
2026-03-30 15:46:38.235,T,6374.5,1,,,
2026-03-30 15:46:38.235,T,6374.5,1,,,
2026-03-30 15:46:38.235,T,6374.5,2,,,
2026-03-30 15:46:38.331,T,6374.25,1,,,
2026-03-30 15:46:38.331,T,6374.25,1,,,
2026-03-30 15:46:38.331,T,6374.25,1,,,
2026-03-30 15:46:38.331,T,6374.25,1,,,
2026-03-30 15:46:38.331,T,6374.25,1,,,
2026-03-30 15:46:38.331,T,6374.25,1,,,
2026-03-30 15:46:38.331,T,6374.25,2,,,
2026-03-30 15:46:38.331,T,6374.25,1,,,
2026-03-30 15:46:38.331,T,6374.25,1,,,
2026-03-30 15:46:38.383,Q,,,,6374.5,6374.75
2026-03-30 15:46:38.383,T,6374.5,3,,,
2026-03-30 15:46:38.383,T,6374.5,1,,,
2026-03-30 15:46:38.383,T,6374.5,1,,,
2026-03-30 15:46:38.383,T,6374.5,2,,,
2026-03-30 15:46:38.383,T,6374.5,1,,,
2026-03-30 15:46:38.383,T,6374.5,1,,,
2026-03-30 15:46:38.383,T,6374.5,1,,,
2026-03-30 15:46:38.383,T,6374.5,1,,,
2026-03-30 15:46:38.383,T,6374.5,1,,,
2026-03-30 15:46:38.383,T,6374.5,1,,,
2026-03-30 15:46:38.383,T,6374.5,1,,,
2026-03-30 15:46:38.383,T,6374.5,6,,,
2026-03-30 15:46:38.383,T,6374.5,3,,,
2026-03-30 15:46:38.383,T,6374.5,1,,,
2026-03-30 15:46:38.383,T,6374.5,1,,,
2026-03-30 15:46:38.383,T,6374.5,1,,,
2026-03-30 15:46:38.383,T,6374.5,1,,,
2026-03-30 15:46:38.383,T,6374.5,1,,,
2026-03-30 15:46:38.383,T,6374.5,1,,,
2026-03-30 15:46:38.383,T,6374.5,2,,,
2026-03-30 15:46:38.383,T,6374.5,1,,,
2026-03-30 15:46:38.383,T,6374.5,1,,,
2026-03-30 15:46:38.383,T,6374.5,1,,,
2026-03-30 15:46:38.383,T,6374.5,1,,,
2026-03-30 15:46:38.486,T,6374.5,3,,,
2026-03-30 15:46:38.486,T,6374.5,1,,,
2026-03-30 15:46:38.486,T,6374.5,1,,,
2026-03-30 15:46:38.486,T,6374.5,2,,,
2026-03-30 15:46:38.486,T,6374.5,1,,,
2026-03-30 15:46:38.486,T,6374.5,1,,,
2026-03-30 15:46:38.486,T,6374.5,3,,,
2026-03-30 15:46:38.486,T,6374.5,1,,,
2026-03-30 15:46:38.486,T,6374.5,1,,,
2026-03-30 15:46:38.487,Q,,,,6374.25,6374.5
2026-03-30 15:46:38.783,T,6374.5,1,,,
2026-03-30 15:46:38.783,T,6374.5,1,,,
2026-03-30 15:46:38.783,T,6374.5,1,,,
2026-03-30 15:46:38.783,T,6374.5,1,,,
2026-03-30 15:46:38.783,T,6374.5,3,,,
2026-03-30 15:46:38.783,T,6374.75,1,,,
2026-03-30 15:46:38.784,Q,,,,6374.5,6374.75
2026-03-30 15:46:39.106,T,6374.75,1,,,
2026-03-30 15:46:39.106,T,6374.75,1,,,
2026-03-30 15:46:39.106,T,6374.75,1,,,
2026-03-30 15:46:39.106,T,6374.75,1,,,
2026-03-30 15:46:39.106,T,6374.75,2,,,
2026-03-30 15:46:39.106,T,6374.75,1,,,
2026-03-30 15:46:39.106,T,6374.75,1,,,
2026-03-30 15:46:39.107,Q,,,,6374.75,6375.0
2026-03-30 15:46:39.282,T,6375.0,1,,,
2026-03-30 15:46:39.333,T,6374.75,1,,,
2026-03-30 15:46:39.333,T,6374.75,1,,,
2026-03-30 15:46:39.333,T,6374.75,1,,,
2026-03-30 15:46:39.333,T,6374.75,1,,,
2026-03-30 15:46:39.333,T,6374.75,1,,,
2026-03-30 15:46:39.333,T,6374.75,1,,,
2026-03-30 15:46:39.333,T,6374.75,3,,,
2026-03-30 15:46:39.333,T,6374.75,1,,,
2026-03-30 15:46:39.333,T,6374.75,2,,,
2026-03-30 15:46:39.333,T,6374.75,1,,,
2026-03-30 15:46:39.485,T,6374.75,1,,,
2026-03-30 15:46:39.532,Q,,,,6374.5,6374.75
2026-03-30 15:46:39.587,T,6374.75,1,,,
2026-03-30 15:46:39.587,T,6374.75,2,,,
2026-03-30 15:46:39.587,T,6374.75,1,,,
2026-03-30 15:46:39.587,T,6374.75,1,,,
2026-03-30 15:46:39.587,T,6374.75,1,,,
2026-03-30 15:46:39.587,T,6374.75,1,,,
2026-03-30 15:46:39.587,T,6374.75,1,,,
2026-03-30 15:46:39.587,T,6374.75,1,,,
2026-03-30 15:46:39.587,T,6374.75,1,,,
2026-03-30 15:46:39.587,T,6374.75,1,,,
2026-03-30 15:46:39.587,T,6374.75,1,,,
2026-03-30 15:46:39.588,Q,,,,6374.75,6375.0
2026-03-30 15:46:40.136,T,6375.0,1,,,
2026-03-30 15:46:40.136,T,6375.0,1,,,
2026-03-30 15:46:40.136,T,6375.0,2,,,
2026-03-30 15:46:40.136,T,6375.0,1,,,
2026-03-30 15:46:40.136,T,6375.0,1,,,
2026-03-30 15:46:40.136,T,6375.0,1,,,
2026-03-30 15:46:40.136,T,6375.0,1,,,
2026-03-30 15:46:40.136,T,6375.0,1,,,
2026-03-30 15:46:40.136,T,6375.0,1,,,
2026-03-30 15:46:40.136,T,6375.0,3,,,
2026-03-30 15:46:40.136,T,6375.0,1,,,
2026-03-30 15:46:40.136,T,6375.0,1,,,
2026-03-30 15:46:40.136,T,6375.0,1,,,
2026-03-30 15:46:40.136,T,6375.0,2,,,
2026-03-30 15:46:40.136,T,6375.0,1,,,
2026-03-30 15:46:40.136,T,6375.0,1,,,
2026-03-30 15:46:40.136,T,6375.0,1,,,
2026-03-30 15:46:40.136,T,6375.0,1,,,
2026-03-30 15:46:40.137,Q,,,,6375.0,6375.25
2026-03-30 15:46:40.184,T,6375.25,1,,,
2026-03-30 15:46:40.184,T,6375.25,1,,,
2026-03-30 15:46:40.184,T,6375.25,1,,,
2026-03-30 15:46:40.184,T,6375.25,1,,,
2026-03-30 15:46:40.184,T,6375.25,1,,,
2026-03-30 15:46:40.184,T,6375.25,1,,,
2026-03-30 15:46:40.184,T,6375.25,1,,,
2026-03-30 15:46:40.184,T,6375.25,1,,,
2026-03-30 15:46:40.184,T,6375.25,1,,,
2026-03-30 15:46:40.184,T,6375.25,1,,,
2026-03-30 15:46:40.184,T,6375.25,1,,,
2026-03-30 15:46:40.184,T,6375.25,1,,,
2026-03-30 15:46:40.184,T,6375.25,1,,,
2026-03-30 15:46:40.184,T,6375.25,1,,,
2026-03-30 15:46:40.184,T,6375.25,1,,,
2026-03-30 15:46:40.184,T,6375.25,2,,,
2026-03-30 15:46:40.184,T,6375.25,1,,,
2026-03-30 15:46:40.184,T,6375.25,1,,,
2026-03-30 15:46:40.186,Q,,,,6375.0,6375.5
2026-03-30 15:46:40.235,T,6375.25,1,,,
2026-03-30 15:46:40.235,T,6375.25,1,,,
2026-03-30 15:46:40.235,T,6375.25,1,,,
2026-03-30 15:46:40.235,Q,,,,6375.25,6375.5
2026-03-30 15:46:40.293,T,6375.25,1,,,
2026-03-30 15:46:40.293,T,6375.25,1,,,
2026-03-30 15:46:40.294,Q,,,,6375.0,6375.25
2026-03-30 15:46:40.379,T,6375.25,2,,,
2026-03-30 15:46:40.379,T,6375.25,1,,,
2026-03-30 15:46:40.379,T,6375.25,1,,,
2026-03-30 15:46:40.379,T,6375.25,1,,,
2026-03-30 15:46:40.379,T,6375.25,1,,,
2026-03-30 15:46:40.379,T,6375.25,1,,,
2026-03-30 15:46:40.379,T,6375.0,1,,,
2026-03-30 15:46:40.379,T,6375.0,1,,,
2026-03-30 15:46:40.486,Q,,,,6374.75,6375.25
2026-03-30 15:46:40.487,T,6375.0,1,,,
2026-03-30 15:46:40.487,T,6375.0,1,,,
2026-03-30 15:46:40.487,T,6375.0,1,,,
2026-03-30 15:46:40.487,T,6375.0,1,,,
2026-03-30 15:46:40.487,T,6375.0,1,,,
2026-03-30 15:46:40.586,T,6375.0,1,,,
2026-03-30 15:46:40.586,T,6375.0,1,,,
2026-03-30 15:46:40.587,Q,,,,6375.0,6375.25
2026-03-30 15:46:40.834,T,6375.0,1,,,
2026-03-30 15:46:41.136,T,6375.25,1,,,
2026-03-30 15:46:41.285,T,6375.25,1,,,
2026-03-30 15:46:41.635,Q,,,,6375.25,6375.5
2026-03-30 15:46:41.636,T,6375.25,1,,,
2026-03-30 15:46:41.636,T,6375.25,1,,,
2026-03-30 15:46:41.636,T,6375.25,1,,,
2026-03-30 15:46:41.636,T,6375.25,1,,,
2026-03-30 15:46:41.982,T,6375.5,1,,,
2026-03-30 15:46:41.982,T,6375.5,1,,,
2026-03-30 15:46:41.982,T,6375.5,1,,,
2026-03-30 15:46:41.982,T,6375.5,1,,,
2026-03-30 15:46:41.982,T,6375.5,1,,,
2026-03-30 15:46:41.982,T,6375.5,1,,,
2026-03-30 15:46:41.982,T,6375.5,1,,,
2026-03-30 15:46:41.982,T,6375.5,1,,,
2026-03-30 15:46:41.982,T,6375.5,1,,,
2026-03-30 15:46:41.982,T,6375.5,1,,,
2026-03-30 15:46:41.982,T,6375.5,1,,,
2026-03-30 15:46:41.982,T,6375.5,1,,,
2026-03-30 15:46:41.982,T,6375.25,1,,,
2026-03-30 15:46:42.036,T,6375.5,2,,,
2026-03-30 15:46:42.036,T,6375.5,1,,,
2026-03-30 15:46:42.486,T,6375.25,1,,,
2026-03-30 15:46:42.535,T,6375.5,1,,,
2026-03-30 15:46:42.535,T,6375.5,1,,,
2026-03-30 15:46:42.535,T,6375.5,1,,,
2026-03-30 15:46:42.634,T,6375.5,1,,,
2026-03-30 15:46:42.934,T,6375.5,1,,,
2026-03-30 15:46:42.934,T,6375.5,1,,,
2026-03-30 15:46:42.934,T,6375.5,1,,,
2026-03-30 15:46:42.934,T,6375.5,1,,,
2026-03-30 15:46:42.934,T,6375.5,1,,,
2026-03-30 15:46:42.934,T,6375.5,1,,,
2026-03-30 15:46:42.934,T,6375.5,3,,,
2026-03-30 15:46:42.934,T,6375.5,1,,,
2026-03-30 15:46:42.934,T,6375.5,3,,,
2026-03-30 15:46:42.934,T,6375.5,1,,,
2026-03-30 15:46:42.934,T,6375.5,1,,,
2026-03-30 15:46:42.934,T,6375.5,1,,,
2026-03-30 15:46:42.934,T,6375.5,1,,,
2026-03-30 15:46:42.934,T,6375.5,1,,,
2026-03-30 15:46:42.934,T,6375.5,1,,,
2026-03-30 15:46:42.934,T,6375.5,1,,,
2026-03-30 15:46:42.934,T,6375.5,1,,,
2026-03-30 15:46:43.098,T,6375.5,1,,,
2026-03-30 15:46:43.187,T,6375.5,1,,,
2026-03-30 15:46:43.187,T,6375.5,1,,,
2026-03-30 15:46:43.187,T,6375.5,1,,,
2026-03-30 15:46:43.381,T,6375.25,1,,,
2026-03-30 15:46:44.187,T,6375.5,1,,,
2026-03-30 15:46:44.187,T,6375.5,1,,,
2026-03-30 15:46:44.187,T,6375.5,1,,,
2026-03-30 15:46:44.187,T,6375.5,1,,,
2026-03-30 15:46:44.187,T,6375.5,1,,,
2026-03-30 15:46:44.187,T,6375.5,1,,,
2026-03-30 15:46:44.187,T,6375.5,1,,,
2026-03-30 15:46:44.187,T,6375.5,1,,,
2026-03-30 15:46:44.187,T,6375.5,1,,,
2026-03-30 15:46:44.235,T,6375.25,3,,,
2026-03-30 15:46:44.331,T,6375.25,1,,,
2026-03-30 15:46:44.331,T,6375.25,1,,,
2026-03-30 15:46:44.331,T,6375.25,1,,,
2026-03-30 15:46:44.331,T,6375.25,1,,,
2026-03-30 15:46:44.331,T,6375.25,2,,,
2026-03-30 15:46:45.178,T,6375.25,1,,,
2026-03-30 15:46:45.178,T,6375.25,1,,,
2026-03-30 15:46:45.178,T,6375.25,1,,,
2026-03-30 15:46:45.178,T,6375.25,1,,,
2026-03-30 15:46:45.178,T,6375.25,1,,,
2026-03-30 15:46:45.354,Q,,,,6375.0,6375.25
2026-03-30 15:46:45.355,T,6375.25,1,,,
2026-03-30 15:46:45.355,T,6375.25,1,,,
2026-03-30 15:46:45.355,T,6375.25,1,,,
2026-03-30 15:46:45.355,T,6375.25,1,,,
2026-03-30 15:46:45.355,T,6375.25,1,,,
2026-03-30 15:46:45.355,T,6375.0,1,,,
2026-03-30 15:46:45.355,T,6375.0,1,,,
2026-03-30 15:46:45.356,Q,,,,6375.25,6375.5
2026-03-30 15:46:45.586,T,6375.5,1,,,
2026-03-30 15:46:45.586,T,6375.5,2,,,
2026-03-30 15:46:45.586,T,6375.5,1,,,
2026-03-30 15:46:45.586,T,6375.5,1,,,
2026-03-30 15:46:45.586,T,6375.5,2,,,
2026-03-30 15:46:45.586,T,6375.5,1,,,
2026-03-30 15:46:45.586,T,6375.5,1,,,
2026-03-30 15:46:45.586,T,6375.5,1,,,
2026-03-30 15:46:45.586,T,6375.5,1,,,
2026-03-30 15:46:45.586,T,6375.5,1,,,
2026-03-30 15:46:45.586,T,6375.5,3,,,
2026-03-30 15:46:45.586,T,6375.5,1,,,
2026-03-30 15:46:45.586,T,6375.5,1,,,
2026-03-30 15:46:45.586,T,6375.5,1,,,
2026-03-30 15:46:45.586,T,6375.5,1,,,
2026-03-30 15:46:45.586,T,6375.5,1,,,
2026-03-30 15:46:45.586,T,6375.5,1,,,
2026-03-30 15:46:45.586,T,6375.5,1,,,
2026-03-30 15:46:45.586,T,6375.5,1,,,
2026-03-30 15:46:45.586,T,6375.5,1,,,
2026-03-30 15:46:45.586,T,6375.75,1,,,
2026-03-30 15:46:45.586,T,6375.75,1,,,
2026-03-30 15:46:45.586,T,6375.75,1,,,
2026-03-30 15:46:45.586,T,6375.75,1,,,
2026-03-30 15:46:45.586,T,6375.75,1,,,
2026-03-30 15:46:45.586,T,6375.75,1,,,
2026-03-30 15:46:45.586,T,6375.75,1,,,
2026-03-30 15:46:45.586,T,6375.75,1,,,
2026-03-30 15:46:45.586,T,6375.75,1,,,
2026-03-30 15:46:45.586,T,6375.75,1,,,
2026-03-30 15:46:45.586,T,6375.75,1,,,
2026-03-30 15:46:45.586,T,6375.75,1,,,
2026-03-30 15:46:45.586,T,6375.75,1,,,
2026-03-30 15:46:45.586,T,6375.75,2,,,
2026-03-30 15:46:45.586,T,6375.75,1,,,
2026-03-30 15:46:45.586,T,6375.75,1,,,
2026-03-30 15:46:45.586,T,6375.75,2,,,
2026-03-30 15:46:45.586,T,6375.75,1,,,
2026-03-30 15:46:45.586,T,6375.75,3,,,
2026-03-30 15:46:45.586,T,6375.75,1,,,
2026-03-30 15:46:45.586,T,6375.75,1,,,
2026-03-30 15:46:45.586,T,6375.75,5,,,
2026-03-30 15:46:45.586,T,6375.75,1,,,
2026-03-30 15:46:45.586,T,6375.75,1,,,
2026-03-30 15:46:45.586,T,6375.75,1,,,
2026-03-30 15:46:45.586,T,6375.75,1,,,
2026-03-30 15:46:45.586,T,6375.75,1,,,
2026-03-30 15:46:45.586,T,6375.75,2,,,
2026-03-30 15:46:45.586,T,6375.75,1,,,
2026-03-30 15:46:45.586,T,6375.75,5,,,
2026-03-30 15:46:45.586,T,6375.75,1,,,
2026-03-30 15:46:45.586,T,6375.75,1,,,
2026-03-30 15:46:45.586,T,6375.75,4,,,
2026-03-30 15:46:45.586,T,6375.75,1,,,
2026-03-30 15:46:45.586,T,6375.75,1,,,
2026-03-30 15:46:45.586,T,6375.75,1,,,
2026-03-30 15:46:45.586,T,6375.75,1,,,
2026-03-30 15:46:45.586,T,6375.75,1,,,
2026-03-30 15:46:45.591,Q,,,,6375.5,6375.75
2026-03-30 15:46:45.634,T,6375.5,1,,,
2026-03-30 15:46:45.634,T,6375.5,1,,,
2026-03-30 15:46:45.737,T,6375.75,2,,,
2026-03-30 15:46:45.936,T,6375.75,1,,,
2026-03-30 15:46:45.936,T,6375.75,2,,,
2026-03-30 15:46:45.936,T,6375.75,1,,,
2026-03-30 15:46:45.936,T,6375.75,1,,,
2026-03-30 15:46:45.936,T,6375.75,1,,,
2026-03-30 15:46:45.936,T,6375.75,1,,,
2026-03-30 15:46:45.936,T,6375.75,1,,,
2026-03-30 15:46:45.936,T,6375.75,1,,,
2026-03-30 15:46:45.983,T,6375.75,1,,,
2026-03-30 15:46:45.983,T,6375.75,1,,,
2026-03-30 15:46:45.983,T,6375.75,1,,,
2026-03-30 15:46:45.983,T,6375.75,1,,,
2026-03-30 15:46:45.983,T,6375.75,2,,,
2026-03-30 15:46:45.983,T,6375.75,1,,,
2026-03-30 15:46:45.983,T,6375.75,3,,,
2026-03-30 15:46:45.983,T,6375.75,1,,,
2026-03-30 15:46:45.983,T,6375.75,1,,,
2026-03-30 15:46:45.983,T,6375.75,1,,,
2026-03-30 15:46:45.984,Q,,,,6375.5,6376.0
2026-03-30 15:46:46.030,Q,,,,6375.75,6376.0
2026-03-30 15:46:46.135,T,6376.0,2,,,
2026-03-30 15:46:46.135,T,6376.0,1,,,
2026-03-30 15:46:46.236,T,6375.75,2,,,
2026-03-30 15:46:46.236,T,6375.75,1,,,
2026-03-30 15:46:46.236,T,6375.75,3,,,
2026-03-30 15:46:46.236,T,6375.75,1,,,
2026-03-30 15:46:46.236,T,6375.75,1,,,
2026-03-30 15:46:46.236,T,6375.75,1,,,
2026-03-30 15:46:46.236,T,6375.75,3,,,
2026-03-30 15:46:46.236,T,6375.75,1,,,
2026-03-30 15:46:46.236,T,6375.75,1,,,
2026-03-30 15:46:46.236,T,6375.75,1,,,
2026-03-30 15:46:46.236,T,6375.75,1,,,
2026-03-30 15:46:46.236,T,6375.75,1,,,
2026-03-30 15:46:46.237,Q,,,,6375.5,6376.0
2026-03-30 15:46:46.332,Q,,,,6375.75,6376.0
2026-03-30 15:46:46.436,T,6375.75,1,,,
2026-03-30 15:46:46.436,T,6375.75,2,,,
2026-03-30 15:46:46.436,T,6375.75,1,,,
2026-03-30 15:46:46.436,T,6375.75,1,,,
2026-03-30 15:46:46.436,T,6375.75,1,,,
2026-03-30 15:46:46.436,T,6375.75,1,,,
2026-03-30 15:46:46.436,T,6375.75,3,,,
2026-03-30 15:46:46.436,T,6375.75,1,,,
2026-03-30 15:46:46.436,T,6375.75,1,,,
2026-03-30 15:46:46.436,T,6375.75,1,,,
2026-03-30 15:46:46.436,T,6375.75,1,,,
2026-03-30 15:46:46.436,T,6375.75,1,,,
2026-03-30 15:46:46.436,T,6375.75,2,,,
2026-03-30 15:46:46.436,T,6375.75,1,,,
2026-03-30 15:46:46.437,Q,,,,6375.5,6376.0
2026-03-30 15:46:46.484,T,6375.75,1,,,
2026-03-30 15:46:46.484,Q,,,,6375.75,6376.0
2026-03-30 15:46:46.535,T,6376.0,1,,,
2026-03-30 15:46:46.585,T,6375.75,1,,,
2026-03-30 15:46:46.585,T,6375.75,1,,,
2026-03-30 15:46:46.886,T,6375.75,1,,,
2026-03-30 15:46:46.886,T,6375.75,1,,,
2026-03-30 15:46:46.886,T,6375.75,1,,,
2026-03-30 15:46:46.886,T,6375.75,1,,,
2026-03-30 15:46:46.886,T,6375.75,1,,,
2026-03-30 15:46:46.887,Q,,,,6375.5,6376.0
2026-03-30 15:46:46.935,Q,,,,6375.5,6375.75
2026-03-30 15:46:47.834,T,6375.5,1,,,
2026-03-30 15:46:47.834,T,6375.5,1,,,
2026-03-30 15:46:47.834,T,6375.5,1,,,
2026-03-30 15:46:47.834,T,6375.5,1,,,
2026-03-30 15:46:47.834,T,6375.5,1,,,
2026-03-30 15:46:47.834,T,6375.5,1,,,
2026-03-30 15:46:47.834,T,6375.5,1,,,
2026-03-30 15:46:47.834,T,6375.5,1,,,
2026-03-30 15:46:47.834,T,6375.5,1,,,
2026-03-30 15:46:47.834,T,6375.5,1,,,
2026-03-30 15:46:47.834,T,6375.5,2,,,
2026-03-30 15:46:47.834,T,6375.5,1,,,
2026-03-30 15:46:47.834,T,6375.5,1,,,
2026-03-30 15:46:47.834,T,6375.5,1,,,
2026-03-30 15:46:48.085,T,6375.75,3,,,
2026-03-30 15:46:48.085,T,6375.75,2,,,
2026-03-30 15:46:48.085,T,6375.75,1,,,
2026-03-30 15:46:48.085,T,6375.75,1,,,
2026-03-30 15:46:48.085,T,6375.75,2,,,
2026-03-30 15:46:48.085,T,6375.75,1,,,
2026-03-30 15:46:48.085,T,6375.75,1,,,
2026-03-30 15:46:48.085,T,6375.75,1,,,
2026-03-30 15:46:48.085,T,6375.75,1,,,
2026-03-30 15:46:48.085,T,6375.75,1,,,
2026-03-30 15:46:48.085,T,6375.75,3,,,
2026-03-30 15:46:48.085,T,6375.75,1,,,
2026-03-30 15:46:48.085,T,6375.75,1,,,
2026-03-30 15:46:48.085,T,6375.75,1,,,
2026-03-30 15:46:48.085,T,6375.75,1,,,
2026-03-30 15:46:48.085,T,6375.75,1,,,
2026-03-30 15:46:48.085,T,6375.75,1,,,
2026-03-30 15:46:48.085,T,6375.75,1,,,
2026-03-30 15:46:48.085,T,6375.75,1,,,
2026-03-30 15:46:48.085,T,6375.5,1,,,
2026-03-30 15:46:48.333,T,6375.75,1,,,
2026-03-30 15:46:48.333,T,6375.75,1,,,
2026-03-30 15:46:48.679,Q,,,,6376.0,6376.25
2026-03-30 15:46:48.680,T,6375.75,1,,,
2026-03-30 15:46:48.680,T,6375.75,1,,,
2026-03-30 15:46:48.680,T,6375.75,1,,,
2026-03-30 15:46:48.680,T,6375.75,1,,,
2026-03-30 15:46:48.680,T,6375.75,1,,,
2026-03-30 15:46:48.680,T,6375.75,1,,,
2026-03-30 15:46:48.680,T,6375.75,3,,,
2026-03-30 15:46:48.680,T,6375.75,1,,,
2026-03-30 15:46:48.680,T,6375.75,2,,,
2026-03-30 15:46:48.680,T,6375.75,1,,,
2026-03-30 15:46:48.680,T,6375.75,1,,,
2026-03-30 15:46:48.680,T,6375.75,1,,,
2026-03-30 15:46:48.680,T,6375.75,1,,,
2026-03-30 15:46:48.680,T,6375.75,1,,,
2026-03-30 15:46:48.680,T,6375.75,1,,,
2026-03-30 15:46:48.680,T,6376.0,1,,,
2026-03-30 15:46:48.680,T,6376.0,2,,,
2026-03-30 15:46:48.680,T,6376.0,1,,,
2026-03-30 15:46:48.680,T,6376.0,1,,,
2026-03-30 15:46:48.680,T,6376.0,1,,,
2026-03-30 15:46:48.680,T,6376.0,1,,,
2026-03-30 15:46:48.680,T,6376.0,3,,,
2026-03-30 15:46:48.680,T,6376.0,1,,,
2026-03-30 15:46:48.680,T,6376.0,1,,,
2026-03-30 15:46:48.680,T,6376.0,1,,,
2026-03-30 15:46:48.680,T,6376.0,1,,,
2026-03-30 15:46:48.680,T,6376.0,1,,,
2026-03-30 15:46:48.680,T,6376.0,1,,,
2026-03-30 15:46:48.680,T,6376.0,1,,,
2026-03-30 15:46:48.680,T,6376.0,5,,,
2026-03-30 15:46:48.680,T,6376.0,1,,,
2026-03-30 15:46:48.680,T,6376.0,10,,,
2026-03-30 15:46:48.680,T,6376.0,1,,,
2026-03-30 15:46:48.680,T,6376.0,1,,,
2026-03-30 15:46:48.680,T,6376.0,1,,,
2026-03-30 15:46:48.680,T,6376.0,1,,,
2026-03-30 15:46:48.680,T,6376.0,1,,,
2026-03-30 15:46:48.680,T,6376.0,1,,,
2026-03-30 15:46:48.680,T,6376.0,1,,,
2026-03-30 15:46:48.680,T,6376.0,1,,,
2026-03-30 15:46:48.680,T,6376.0,1,,,
2026-03-30 15:46:48.680,T,6376.0,1,,,
2026-03-30 15:46:48.680,T,6376.0,1,,,
2026-03-30 15:46:48.680,T,6376.0,3,,,
2026-03-30 15:46:48.680,T,6376.0,1,,,
2026-03-30 15:46:48.680,T,6376.0,1,,,
2026-03-30 15:46:48.680,T,6376.0,2,,,
2026-03-30 15:46:48.680,T,6376.0,1,,,
2026-03-30 15:46:48.680,T,6376.0,5,,,
2026-03-30 15:46:48.680,T,6376.0,3,,,
2026-03-30 15:46:48.680,T,6376.0,1,,,
2026-03-30 15:46:48.680,T,6376.0,4,,,
2026-03-30 15:46:48.680,T,6376.0,1,,,
2026-03-30 15:46:48.680,T,6376.0,2,,,
2026-03-30 15:46:48.680,T,6376.0,1,,,
2026-03-30 15:46:48.680,T,6376.0,1,,,
2026-03-30 15:46:48.680,T,6376.0,1,,,
2026-03-30 15:46:48.680,T,6376.0,1,,,
2026-03-30 15:46:48.680,T,6376.0,1,,,
2026-03-30 15:46:48.680,T,6376.0,1,,,
2026-03-30 15:46:48.680,T,6376.0,1,,,
2026-03-30 15:46:48.749,T,6376.0,1,,,
2026-03-30 15:46:49.337,T,6376.25,1,,,
2026-03-30 15:46:49.337,T,6376.25,1,,,
2026-03-30 15:46:49.337,T,6376.25,1,,,
2026-03-30 15:46:49.337,T,6376.25,3,,,
2026-03-30 15:46:49.337,T,6376.25,1,,,
2026-03-30 15:46:49.337,T,6376.25,1,,,
2026-03-30 15:46:49.337,T,6376.25,1,,,
2026-03-30 15:46:49.337,T,6376.25,1,,,
2026-03-30 15:46:49.337,T,6376.25,1,,,
2026-03-30 15:46:49.337,T,6376.25,1,,,
2026-03-30 15:46:49.337,T,6376.25,1,,,
2026-03-30 15:46:49.337,T,6376.25,1,,,
2026-03-30 15:46:49.337,T,6376.25,1,,,
2026-03-30 15:46:49.337,T,6376.25,1,,,
2026-03-30 15:46:49.337,T,6376.25,1,,,
2026-03-30 15:46:49.337,T,6376.25,1,,,
2026-03-30 15:46:49.337,T,6376.25,1,,,
2026-03-30 15:46:49.337,T,6376.25,2,,,
2026-03-30 15:46:49.337,T,6376.25,1,,,
2026-03-30 15:46:49.337,T,6376.25,1,,,
2026-03-30 15:46:49.337,T,6376.25,2,,,
2026-03-30 15:46:49.339,Q,,,,6376.25,6376.5
2026-03-30 15:46:49.483,T,6376.25,2,,,
2026-03-30 15:46:49.483,T,6376.25,1,,,
2026-03-30 15:46:49.483,T,6376.25,1,,,
2026-03-30 15:46:49.483,T,6376.25,1,,,
2026-03-30 15:46:49.483,T,6376.25,2,,,
2026-03-30 15:46:49.483,T,6376.25,1,,,
2026-03-30 15:46:49.483,T,6376.25,3,,,
2026-03-30 15:46:49.483,T,6376.25,1,,,
2026-03-30 15:46:49.483,T,6376.25,1,,,
2026-03-30 15:46:49.483,T,6376.25,1,,,
2026-03-30 15:46:49.483,T,6376.25,1,,,
2026-03-30 15:46:49.483,T,6376.25,1,,,
2026-03-30 15:46:49.483,T,6376.25,1,,,
2026-03-30 15:46:49.483,T,6376.25,3,,,
2026-03-30 15:46:49.483,T,6376.25,1,,,
2026-03-30 15:46:49.483,T,6376.25,1,,,
2026-03-30 15:46:49.483,T,6376.25,1,,,
2026-03-30 15:46:49.483,T,6376.25,1,,,
2026-03-30 15:46:49.483,T,6376.0,1,,,
2026-03-30 15:46:49.483,T,6376.0,2,,,
2026-03-30 15:46:49.483,T,6376.0,1,,,
2026-03-30 15:46:49.483,T,6376.0,1,,,
2026-03-30 15:46:49.483,T,6376.0,1,,,
2026-03-30 15:46:49.483,T,6376.0,3,,,
2026-03-30 15:46:49.483,T,6376.0,1,,,
2026-03-30 15:46:49.483,T,6376.0,3,,,
2026-03-30 15:46:49.483,T,6376.0,1,,,
2026-03-30 15:46:49.483,T,6376.0,1,,,
2026-03-30 15:46:49.483,T,6376.0,1,,,
2026-03-30 15:46:49.483,T,6376.0,1,,,
2026-03-30 15:46:49.483,T,6376.0,1,,,
2026-03-30 15:46:49.483,T,6376.0,1,,,
2026-03-30 15:46:49.483,T,6376.0,1,,,
2026-03-30 15:46:49.483,T,6376.0,1,,,
2026-03-30 15:46:49.483,T,6376.0,1,,,
2026-03-30 15:46:49.483,T,6376.0,1,,,
2026-03-30 15:46:49.483,T,6376.0,1,,,
2026-03-30 15:46:49.483,T,6376.0,1,,,
2026-03-30 15:46:49.483,T,6376.0,1,,,
2026-03-30 15:46:49.483,T,6376.0,1,,,
2026-03-30 15:46:49.486,Q,,,,6376.0,6376.25
2026-03-30 15:46:49.786,T,6376.0,1,,,
2026-03-30 15:46:49.786,T,6376.0,1,,,
2026-03-30 15:46:49.786,T,6376.0,1,,,
2026-03-30 15:46:49.786,T,6376.0,2,,,
2026-03-30 15:46:49.786,T,6376.0,1,,,
2026-03-30 15:46:49.786,T,6376.0,1,,,
2026-03-30 15:46:49.786,T,6376.0,3,,,
2026-03-30 15:46:50.080,T,6376.25,1,,,
2026-03-30 15:46:50.833,Q,,,,6375.75,6376.0
2026-03-30 15:46:50.833,T,6376.0,1,,,
2026-03-30 15:46:50.833,T,6376.0,1,,,
2026-03-30 15:46:50.833,T,6376.0,1,,,
2026-03-30 15:46:50.833,T,6376.0,1,,,
2026-03-30 15:46:50.833,T,6376.0,1,,,
2026-03-30 15:46:50.833,T,6376.0,2,,,
2026-03-30 15:46:50.833,T,6376.0,1,,,
2026-03-30 15:46:51.138,T,6375.75,2,,,
2026-03-30 15:46:51.138,T,6375.75,1,,,
2026-03-30 15:46:51.138,T,6375.75,1,,,
2026-03-30 15:46:51.334,T,6375.75,1,,,
2026-03-30 15:46:51.334,T,6375.75,1,,,
2026-03-30 15:46:51.334,T,6375.75,1,,,
2026-03-30 15:46:51.334,T,6375.75,1,,,
2026-03-30 15:46:51.334,T,6375.75,1,,,
2026-03-30 15:46:51.334,T,6375.75,1,,,
2026-03-30 15:46:51.334,T,6375.75,1,,,
2026-03-30 15:46:51.334,T,6375.75,1,,,
2026-03-30 15:46:51.334,T,6375.75,2,,,
2026-03-30 15:46:51.334,T,6375.75,1,,,
2026-03-30 15:46:51.334,T,6375.75,1,,,
2026-03-30 15:46:51.334,T,6375.75,1,,,
2026-03-30 15:46:51.334,T,6375.75,1,,,
2026-03-30 15:46:51.334,T,6375.75,1,,,
2026-03-30 15:46:51.334,T,6375.75,1,,,
2026-03-30 15:46:51.334,T,6375.75,1,,,
2026-03-30 15:46:51.334,T,6375.75,1,,,
2026-03-30 15:46:51.334,T,6375.75,1,,,
2026-03-30 15:46:51.334,T,6375.75,1,,,
2026-03-30 15:46:51.334,T,6375.75,1,,,
2026-03-30 15:46:51.334,T,6375.75,1,,,
2026-03-30 15:46:51.334,T,6375.75,1,,,
2026-03-30 15:46:51.334,T,6375.75,1,,,
2026-03-30 15:46:51.334,T,6375.75,1,,,
2026-03-30 15:46:51.334,T,6375.75,1,,,
2026-03-30 15:46:51.533,T,6376.0,1,,,
2026-03-30 15:46:52.084,T,6375.75,1,,,
2026-03-30 15:46:52.734,T,6376.0,1,,,
2026-03-30 15:46:52.734,T,6375.75,1,,,
2026-03-30 15:46:52.885,T,6375.75,1,,,
2026-03-30 15:46:52.885,T,6375.75,1,,,
2026-03-30 15:46:53.484,T,6375.75,1,,,
2026-03-30 15:46:53.484,T,6375.75,1,,,
2026-03-30 15:46:53.484,T,6375.75,1,,,
2026-03-30 15:46:53.484,T,6375.75,1,,,
2026-03-30 15:46:53.484,T,6375.75,1,,,
2026-03-30 15:46:53.588,T,6376.0,1,,,
2026-03-30 15:46:53.588,T,6376.0,1,,,
2026-03-30 15:46:53.588,T,6376.0,3,,,
2026-03-30 15:46:53.588,T,6376.0,1,,,
2026-03-30 15:46:53.588,T,6376.0,1,,,
2026-03-30 15:46:53.588,T,6376.0,1,,,
2026-03-30 15:46:53.588,T,6376.0,1,,,
2026-03-30 15:46:53.588,T,6376.0,1,,,
2026-03-30 15:46:53.588,T,6376.0,1,,,
2026-03-30 15:46:53.588,T,6376.0,1,,,
2026-03-30 15:46:53.588,T,6376.0,1,,,
2026-03-30 15:46:53.588,T,6376.0,11,,,
2026-03-30 15:46:53.588,T,6376.0,1,,,
2026-03-30 15:46:53.588,T,6376.0,1,,,
2026-03-30 15:46:53.588,T,6376.0,1,,,
2026-03-30 15:46:53.588,T,6376.0,2,,,
2026-03-30 15:46:53.588,T,6376.0,1,,,
2026-03-30 15:46:53.588,T,6376.0,1,,,
2026-03-30 15:46:53.588,T,6376.0,1,,,
2026-03-30 15:46:53.588,T,6376.0,1,,,
2026-03-30 15:46:53.588,T,6376.0,1,,,
2026-03-30 15:46:53.588,T,6376.0,1,,,
2026-03-30 15:46:53.588,T,6376.0,1,,,
2026-03-30 15:46:53.588,T,6376.0,1,,,
2026-03-30 15:46:53.588,T,6376.0,1,,,
2026-03-30 15:46:53.588,T,6376.0,2,,,
2026-03-30 15:46:53.588,T,6376.0,1,,,
2026-03-30 15:46:53.590,Q,,,,6376.0,6376.25
2026-03-30 15:46:53.836,Q,,,,6375.75,6376.25
2026-03-30 15:46:53.885,Q,,,,6375.75,6376.0
2026-03-30 15:46:54.079,T,6376.0,3,,,
2026-03-30 15:46:54.079,Q,,,,6376.0,6376.25
2026-03-30 15:46:54.130,Q,,,,6375.75,6376.25
2026-03-30 15:46:54.178,Q,,,,6375.75,6376.0
2026-03-30 15:46:54.283,Q,,,,6375.75,6376.25
2026-03-30 15:46:54.329,Q,,,,6376.0,6376.25
2026-03-30 15:46:54.530,T,6376.25,1,,,
2026-03-30 15:46:54.888,T,6376.0,1,,,
2026-03-30 15:46:55.182,T,6376.0,1,,,
2026-03-30 15:46:55.283,T,6376.0,1,,,
2026-03-30 15:46:55.486,T,6376.25,2,,,
2026-03-30 15:46:55.486,T,6376.25,1,,,
2026-03-30 15:46:55.530,T,6376.25,1,,,
2026-03-30 15:46:55.530,T,6376.25,1,,,
2026-03-30 15:46:55.530,T,6376.25,1,,,
2026-03-30 15:46:55.530,T,6376.25,1,,,
2026-03-30 15:46:55.530,T,6376.25,1,,,
2026-03-30 15:46:55.530,T,6376.25,1,,,
2026-03-30 15:46:55.530,T,6376.25,1,,,
2026-03-30 15:46:55.530,T,6376.25,1,,,
2026-03-30 15:46:55.530,T,6376.25,1,,,
2026-03-30 15:46:55.530,T,6376.25,1,,,
2026-03-30 15:46:55.530,T,6376.25,1,,,
2026-03-30 15:46:55.530,T,6376.25,2,,,
2026-03-30 15:46:55.530,T,6376.25,2,,,
2026-03-30 15:46:55.579,Q,,,,6376.25,6376.5
2026-03-30 15:46:55.579,T,6376.25,1,,,
2026-03-30 15:46:55.579,T,6376.25,1,,,
2026-03-30 15:46:55.638,Q,,,,6376.0,6376.5
2026-03-30 15:46:55.680,T,6376.0,1,,,
2026-03-30 15:46:55.680,T,6376.5,3,,,
2026-03-30 15:46:55.680,T,6376.5,1,,,
2026-03-30 15:46:55.680,T,6376.5,1,,,
2026-03-30 15:46:55.680,T,6376.5,1,,,
2026-03-30 15:46:55.680,T,6376.5,1,,,
2026-03-30 15:46:55.680,T,6376.5,1,,,
2026-03-30 15:46:55.680,T,6376.5,1,,,
2026-03-30 15:46:55.680,T,6376.5,1,,,
2026-03-30 15:46:55.680,T,6376.5,1,,,
2026-03-30 15:46:55.680,T,6376.5,1,,,
2026-03-30 15:46:55.680,T,6376.5,1,,,
2026-03-30 15:46:55.680,T,6376.5,1,,,
2026-03-30 15:46:55.680,T,6376.5,1,,,
2026-03-30 15:46:55.680,T,6376.5,1,,,
2026-03-30 15:46:55.680,T,6376.5,1,,,
2026-03-30 15:46:55.680,T,6376.5,5,,,
2026-03-30 15:46:55.680,T,6376.5,1,,,
2026-03-30 15:46:55.680,T,6376.5,4,,,
2026-03-30 15:46:55.680,T,6376.5,2,,,
2026-03-30 15:46:55.680,T,6376.5,4,,,
2026-03-30 15:46:55.680,T,6376.5,2,,,
2026-03-30 15:46:55.680,T,6376.5,2,,,
2026-03-30 15:46:55.680,T,6376.5,6,,,
2026-03-30 15:46:55.680,T,6376.5,1,,,
2026-03-30 15:46:55.680,T,6376.5,1,,,
2026-03-30 15:46:55.680,T,6376.5,2,,,
2026-03-30 15:46:55.680,T,6376.5,3,,,
2026-03-30 15:46:55.680,T,6376.5,1,,,
2026-03-30 15:46:55.682,Q,,,,6376.25,6376.5
2026-03-30 15:46:55.731,Q,,,,6376.5,6376.75
2026-03-30 15:46:55.731,T,6376.5,1,,,
2026-03-30 15:46:55.731,T,6376.5,1,,,
2026-03-30 15:46:55.779,Q,,,,6376.25,6376.75
2026-03-30 15:46:55.780,T,6376.5,2,,,
2026-03-30 15:46:55.780,T,6376.5,1,,,
2026-03-30 15:46:55.780,T,6376.5,1,,,
2026-03-30 15:46:55.780,T,6376.5,1,,,
2026-03-30 15:46:55.780,T,6376.5,1,,,
2026-03-30 15:46:55.835,Q,,,,6376.5,6376.75
2026-03-30 15:46:55.835,T,6376.75,1,,,
2026-03-30 15:46:55.835,T,6376.75,1,,,
2026-03-30 15:46:55.835,T,6376.75,1,,,
2026-03-30 15:46:55.835,T,6376.75,1,,,
2026-03-30 15:46:55.835,T,6376.75,2,,,
2026-03-30 15:46:55.835,T,6376.75,1,,,
2026-03-30 15:46:55.885,Q,,,,6376.75,6377.0
2026-03-30 15:46:55.886,T,6376.75,1,,,
2026-03-30 15:46:55.886,T,6376.75,1,,,
2026-03-30 15:46:55.886,T,6376.75,1,,,
2026-03-30 15:46:55.886,T,6376.75,1,,,
2026-03-30 15:46:55.886,T,6376.75,1,,,
2026-03-30 15:46:55.886,T,6376.75,1,,,
2026-03-30 15:46:55.886,T,6376.75,2,,,
2026-03-30 15:46:55.886,T,6376.75,1,,,
2026-03-30 15:46:55.886,T,6376.75,1,,,
2026-03-30 15:46:55.886,T,6376.75,1,,,
2026-03-30 15:46:55.886,T,6376.75,4,,,
2026-03-30 15:46:55.886,T,6376.75,1,,,
2026-03-30 15:46:55.886,T,6376.75,1,,,
2026-03-30 15:46:55.886,T,6376.75,1,,,
2026-03-30 15:46:55.886,T,6376.75,32,,,
2026-03-30 15:46:55.886,T,6376.75,2,,,
2026-03-30 15:46:55.886,T,6376.75,1,,,
2026-03-30 15:46:55.886,T,6376.75,2,,,
2026-03-30 15:46:55.886,T,6376.75,2,,,
2026-03-30 15:46:55.886,T,6376.75,1,,,
2026-03-30 15:46:55.886,T,6376.75,3,,,
2026-03-30 15:46:55.886,T,6376.75,1,,,
2026-03-30 15:46:55.886,T,6376.75,1,,,
2026-03-30 15:46:55.886,T,6376.75,1,,,
2026-03-30 15:46:55.886,T,6376.75,1,,,
2026-03-30 15:46:55.886,T,6376.75,1,,,
2026-03-30 15:46:55.886,T,6376.75,1,,,
2026-03-30 15:46:55.886,T,6376.75,1,,,
2026-03-30 15:46:55.886,T,6376.75,1,,,
2026-03-30 15:46:55.886,T,6376.75,1,,,
2026-03-30 15:46:55.886,T,6376.75,1,,,
2026-03-30 15:46:55.886,T,6376.75,1,,,
2026-03-30 15:46:55.886,T,6376.75,1,,,
2026-03-30 15:46:55.886,T,6376.75,3,,,
2026-03-30 15:46:55.886,T,6376.75,1,,,
2026-03-30 15:46:55.886,T,6376.75,1,,,
2026-03-30 15:46:55.886,T,6376.75,1,,,
2026-03-30 15:46:55.886,T,6376.75,1,,,
2026-03-30 15:46:56.434,T,6377.0,1,,,
2026-03-30 15:46:56.434,T,6377.0,1,,,
2026-03-30 15:46:56.434,T,6377.0,1,,,
2026-03-30 15:46:56.633,T,6377.0,1,,,
2026-03-30 15:46:56.633,T,6377.0,1,,,
2026-03-30 15:46:56.633,T,6377.0,1,,,
2026-03-30 15:46:56.633,T,6377.0,2,,,
2026-03-30 15:46:56.633,T,6377.0,1,,,
2026-03-30 15:46:56.633,T,6377.0,1,,,
2026-03-30 15:46:56.633,T,6377.0,1,,,
2026-03-30 15:46:56.680,T,6377.0,1,,,
2026-03-30 15:46:56.680,T,6377.0,1,,,
2026-03-30 15:46:56.680,T,6377.0,1,,,
2026-03-30 15:46:56.680,T,6377.0,1,,,
2026-03-30 15:46:56.680,T,6377.0,5,,,
2026-03-30 15:46:56.680,T,6377.0,1,,,
2026-03-30 15:46:56.680,T,6377.0,1,,,
2026-03-30 15:46:56.680,T,6377.0,1,,,
2026-03-30 15:46:56.680,T,6377.0,1,,,
2026-03-30 15:46:56.680,T,6377.0,1,,,
2026-03-30 15:46:56.680,T,6377.0,2,,,
2026-03-30 15:46:56.681,Q,,,,6377.0,6377.25
2026-03-30 15:46:56.785,Q,,,,6376.75,6377.0
2026-03-30 15:46:56.786,T,6377.0,1,,,
2026-03-30 15:46:56.786,T,6377.0,1,,,
2026-03-30 15:46:56.786,T,6377.0,1,,,
2026-03-30 15:46:56.786,T,6377.0,1,,,
2026-03-30 15:46:56.786,T,6377.0,1,,,
2026-03-30 15:46:56.786,T,6377.0,1,,,
2026-03-30 15:46:56.786,T,6377.0,1,,,
2026-03-30 15:46:56.786,T,6377.0,1,,,
2026-03-30 15:46:56.786,T,6377.0,1,,,
2026-03-30 15:46:56.786,T,6377.0,1,,,
2026-03-30 15:46:56.786,T,6377.0,1,,,
2026-03-30 15:46:56.786,T,6377.0,1,,,
2026-03-30 15:46:56.786,T,6377.0,1,,,
2026-03-30 15:46:56.786,T,6377.0,1,,,
2026-03-30 15:46:56.786,T,6377.0,1,,,
2026-03-30 15:46:56.786,T,6377.0,1,,,
2026-03-30 15:46:56.786,T,6377.0,1,,,
2026-03-30 15:46:57.080,T,6377.0,4,,,
2026-03-30 15:46:57.080,T,6377.0,1,,,
2026-03-30 15:46:57.080,T,6376.75,1,,,
2026-03-30 15:46:57.236,T,6376.75,1,,,
2026-03-30 15:46:57.479,T,6377.0,1,,,
2026-03-30 15:46:57.479,T,6376.75,1,,,
2026-03-30 15:46:57.479,T,6377.0,8,,,
2026-03-30 15:46:57.479,T,6377.0,1,,,
2026-03-30 15:46:57.479,T,6377.0,1,,,
2026-03-30 15:46:57.479,T,6377.0,1,,,
2026-03-30 15:46:57.732,Q,,,,6376.5,6376.75
2026-03-30 15:46:57.733,T,6376.75,1,,,
2026-03-30 15:46:57.733,T,6376.75,1,,,
2026-03-30 15:46:57.733,T,6376.75,1,,,
2026-03-30 15:46:57.733,T,6376.75,1,,,
2026-03-30 15:46:57.733,T,6376.75,1,,,
2026-03-30 15:46:57.733,T,6376.75,1,,,
2026-03-30 15:46:57.733,T,6376.75,1,,,
2026-03-30 15:46:57.733,T,6376.75,1,,,
2026-03-30 15:46:57.733,T,6376.75,1,,,
2026-03-30 15:46:57.733,T,6376.75,1,,,
2026-03-30 15:46:57.733,T,6376.75,1,,,
2026-03-30 15:46:57.733,T,6376.75,1,,,
2026-03-30 15:46:57.733,T,6376.75,1,,,
2026-03-30 15:46:57.733,T,6376.75,1,,,
2026-03-30 15:46:57.733,T,6376.75,1,,,
2026-03-30 15:46:57.733,T,6376.75,1,,,
2026-03-30 15:46:57.733,T,6376.75,1,,,
2026-03-30 15:46:57.733,T,6376.75,1,,,
2026-03-30 15:46:57.733,T,6376.75,1,,,
2026-03-30 15:46:57.733,T,6376.75,1,,,
2026-03-30 15:46:57.733,T,6376.75,1,,,
2026-03-30 15:46:57.733,T,6376.75,1,,,
2026-03-30 15:46:57.733,T,6376.75,1,,,
2026-03-30 15:46:57.733,T,6376.75,2,,,
2026-03-30 15:46:57.733,T,6376.75,1,,,
2026-03-30 15:46:57.733,T,6376.75,1,,,
2026-03-30 15:46:57.781,T,6376.5,2,,,
2026-03-30 15:46:57.781,T,6376.75,1,,,
2026-03-30 15:46:57.781,T,6376.75,1,,,
2026-03-30 15:46:58.087,T,6376.5,1,,,
2026-03-30 15:46:58.087,T,6376.5,1,,,
2026-03-30 15:46:58.087,T,6376.5,1,,,
2026-03-30 15:46:58.087,T,6376.5,1,,,
2026-03-30 15:46:58.087,T,6376.5,1,,,
2026-03-30 15:46:58.087,T,6376.5,1,,,
2026-03-30 15:46:58.087,T,6376.5,1,,,
2026-03-30 15:46:58.087,T,6376.5,2,,,
2026-03-30 15:46:58.087,T,6376.5,4,,,
2026-03-30 15:46:58.087,T,6376.5,5,,,
2026-03-30 15:46:58.087,T,6376.5,1,,,
2026-03-30 15:46:58.087,T,6376.5,1,,,
2026-03-30 15:46:58.087,T,6376.5,1,,,
2026-03-30 15:46:58.087,T,6376.5,1,,,
2026-03-30 15:46:58.087,T,6376.5,1,,,
2026-03-30 15:46:58.087,T,6376.5,1,,,
2026-03-30 15:46:58.087,T,6376.75,1,,,
2026-03-30 15:46:58.087,T,6376.75,1,,,
2026-03-30 15:46:58.182,Q,,,,6376.25,6376.5
2026-03-30 15:46:58.182,T,6376.5,1,,,
2026-03-30 15:46:58.182,T,6376.5,1,,,
2026-03-30 15:46:58.182,T,6376.5,1,,,
2026-03-30 15:46:58.182,T,6376.5,1,,,
2026-03-30 15:46:58.182,T,6376.5,1,,,
2026-03-30 15:46:58.182,T,6376.5,1,,,
2026-03-30 15:46:58.182,T,6376.5,2,,,
2026-03-30 15:46:58.236,T,6376.5,1,,,
2026-03-30 15:46:58.236,T,6376.5,2,,,
2026-03-30 15:46:58.533,T,6376.25,3,,,
2026-03-30 15:46:58.533,T,6376.25,1,,,
2026-03-30 15:46:58.533,T,6376.25,1,,,
2026-03-30 15:46:58.533,T,6376.25,1,,,
2026-03-30 15:46:58.533,T,6376.25,1,,,
2026-03-30 15:46:58.533,T,6376.25,2,,,
2026-03-30 15:46:58.533,T,6376.25,2,,,
2026-03-30 15:46:58.533,T,6376.25,2,,,
2026-03-30 15:46:58.533,T,6376.25,1,,,
2026-03-30 15:46:58.533,T,6376.25,1,,,
2026-03-30 15:46:58.533,T,6376.25,1,,,
2026-03-30 15:46:58.533,T,6376.25,1,,,
2026-03-30 15:46:58.533,T,6376.5,1,,,
2026-03-30 15:46:58.533,T,6376.5,1,,,
2026-03-30 15:46:58.585,T,6376.25,1,,,
2026-03-30 15:46:58.585,T,6376.25,1,,,
2026-03-30 15:46:58.586,Q,,,,6376.0,6376.25
2026-03-30 15:46:58.680,T,6376.0,2,,,
2026-03-30 15:46:58.680,T,6376.0,1,,,
2026-03-30 15:46:58.680,T,6376.0,1,,,
2026-03-30 15:46:58.680,T,6376.0,1,,,
2026-03-30 15:46:58.680,T,6376.0,1,,,
2026-03-30 15:46:58.680,T,6376.0,1,,,
2026-03-30 15:46:58.680,T,6376.0,2,,,
2026-03-30 15:46:58.680,Q,,,,6375.75,6376.0
2026-03-30 15:46:59.080,Q,,,,6376.0,6376.25
2026-03-30 15:46:59.080,T,6376.0,1,,,
2026-03-30 15:46:59.080,T,6376.0,1,,,
2026-03-30 15:46:59.080,T,6376.0,1,,,
2026-03-30 15:46:59.080,T,6376.0,1,,,
2026-03-30 15:46:59.080,T,6376.0,1,,,
2026-03-30 15:46:59.080,T,6376.0,2,,,
2026-03-30 15:46:59.080,T,6376.0,1,,,
2026-03-30 15:46:59.080,T,6376.0,1,,,
2026-03-30 15:46:59.080,T,6376.0,1,,,
2026-03-30 15:46:59.080,T,6376.0,1,,,
2026-03-30 15:46:59.080,T,6376.0,1,,,
2026-03-30 15:46:59.080,T,6376.0,1,,,
2026-03-30 15:46:59.431,T,6376.0,2,,,
2026-03-30 15:46:59.431,T,6376.0,2,,,
2026-03-30 15:46:59.431,T,6376.0,3,,,
2026-03-30 15:46:59.584,T,6376.0,1,,,
2026-03-30 15:46:59.678,T,6376.0,1,,,
2026-03-30 15:46:59.780,T,6376.25,3,,,
2026-03-30 15:46:59.780,T,6376.25,1,,,
2026-03-30 15:46:59.780,T,6376.25,1,,,
2026-03-30 15:46:59.780,T,6376.25,1,,,
2026-03-30 15:46:59.780,T,6376.25,1,,,
2026-03-30 15:46:59.780,T,6376.25,1,,,
2026-03-30 15:46:59.780,T,6376.25,1,,,
2026-03-30 15:46:59.780,T,6376.25,3,,,
2026-03-30 15:46:59.780,T,6376.25,3,,,
2026-03-30 15:46:59.780,T,6376.25,2,,,
2026-03-30 15:46:59.780,T,6376.25,1,,,
2026-03-30 15:46:59.780,T,6376.25,1,,,
2026-03-30 15:46:59.780,T,6376.25,1,,,
2026-03-30 15:46:59.780,T,6376.25,1,,,
2026-03-30 15:46:59.780,T,6376.25,1,,,
2026-03-30 15:46:59.780,T,6376.25,1,,,
2026-03-30 15:46:59.780,T,6376.25,1,,,
2026-03-30 15:46:59.780,T,6376.25,1,,,
2026-03-30 15:46:59.780,T,6376.25,2,,,
2026-03-30 15:46:59.780,T,6376.25,1,,,
2026-03-30 15:46:59.780,T,6376.25,1,,,
2026-03-30 15:46:59.780,T,6376.25,1,,,
2026-03-30 15:46:59.780,T,6376.25,1,,,
2026-03-30 15:46:59.780,T,6376.25,1,,,
2026-03-30 15:46:59.782,Q,,,,6376.25,6376.5
2026-03-30 15:47:00.088,T,6376.25,1,,,
2026-03-30 15:47:00.088,T,6376.25,1,,,
2026-03-30 15:47:00.088,T,6376.25,1,,,
2026-03-30 15:47:00.088,T,6376.0,1,,,
2026-03-30 15:47:00.088,Q,,,,6376.0,6376.25
2026-03-30 15:47:00.135,T,6376.25,1,,,
2026-03-30 15:47:00.136,Q,,,,6376.25,6376.5
2026-03-30 15:47:00.183,T,6376.5,1,,,
2026-03-30 15:47:00.236,T,6376.25,2,,,
2026-03-30 15:47:00.236,T,6376.25,3,,,
2026-03-30 15:47:00.236,T,6376.25,1,,,
2026-03-30 15:47:00.236,T,6376.25,1,,,
2026-03-30 15:47:00.236,T,6376.25,1,,,
2026-03-30 15:47:00.236,T,6376.25,1,,,
2026-03-30 15:47:00.283,T,6376.25,1,,,
2026-03-30 15:47:00.430,T,6376.25,1,,,
2026-03-30 15:47:00.430,T,6376.5,1,,,
2026-03-30 15:47:00.533,T,6376.25,1,,,
2026-03-30 15:47:00.533,T,6376.25,1,,,
2026-03-30 15:47:00.533,T,6376.25,1,,,
2026-03-30 15:47:00.533,T,6376.25,1,,,
2026-03-30 15:47:00.533,T,6376.25,2,,,
2026-03-30 15:47:00.533,T,6376.25,1,,,
2026-03-30 15:47:00.533,T,6376.25,1,,,
2026-03-30 15:47:00.533,T,6376.25,1,,,
2026-03-30 15:47:00.533,T,6376.25,1,,,
2026-03-30 15:47:00.534,Q,,,,6376.0,6376.5
2026-03-30 15:47:00.634,Q,,,,6376.0,6376.25
2026-03-30 15:47:00.736,Q,,,,6376.0,6376.5
2026-03-30 15:47:00.780,Q,,,,6376.25,6376.5
2026-03-30 15:47:00.781,T,6376.25,3,,,
2026-03-30 15:47:00.781,T,6376.25,2,,,
2026-03-30 15:47:00.781,T,6376.25,1,,,
2026-03-30 15:47:00.781,T,6376.25,1,,,
2026-03-30 15:47:00.781,T,6376.25,3,,,
2026-03-30 15:47:00.781,T,6376.25,2,,,
2026-03-30 15:47:00.781,T,6376.25,1,,,
2026-03-30 15:47:00.886,T,6376.5,1,,,
2026-03-30 15:47:00.886,T,6376.5,1,,,
2026-03-30 15:47:00.886,T,6376.5,1,,,
2026-03-30 15:47:00.886,T,6376.5,1,,,
2026-03-30 15:47:00.886,T,6376.5,1,,,
2026-03-30 15:47:00.886,T,6376.5,1,,,
2026-03-30 15:47:00.886,T,6376.5,1,,,
2026-03-30 15:47:00.886,T,6376.5,1,,,
2026-03-30 15:47:00.886,T,6376.5,1,,,
2026-03-30 15:47:00.886,T,6376.5,1,,,
2026-03-30 15:47:00.886,T,6376.5,1,,,
2026-03-30 15:47:00.886,T,6376.5,1,,,
2026-03-30 15:47:01.128,T,6376.25,27,,,
2026-03-30 15:47:01.128,T,6376.25,3,,,
2026-03-30 15:47:01.128,T,6376.25,1,,,
2026-03-30 15:47:01.128,T,6376.25,1,,,
2026-03-30 15:47:01.128,T,6376.25,1,,,
2026-03-30 15:47:01.128,T,6376.25,1,,,
2026-03-30 15:47:01.128,T,6376.25,3,,,
2026-03-30 15:47:01.128,T,6376.25,1,,,
2026-03-30 15:47:01.128,T,6376.25,2,,,
2026-03-30 15:47:01.128,T,6376.5,1,,,
2026-03-30 15:47:01.128,T,6376.25,1,,,
2026-03-30 15:47:01.190,T,6376.25,1,,,
2026-03-30 15:47:01.190,T,6376.25,1,,,
2026-03-30 15:47:01.190,T,6376.25,1,,,
2026-03-30 15:47:01.190,T,6376.25,1,,,
2026-03-30 15:47:01.283,T,6376.5,1,,,
2026-03-30 15:47:01.283,T,6376.5,1,,,
2026-03-30 15:47:01.283,T,6376.5,1,,,
2026-03-30 15:47:01.283,T,6376.5,2,,,
2026-03-30 15:47:01.283,T,6376.5,1,,,
2026-03-30 15:47:01.283,T,6376.5,1,,,
2026-03-30 15:47:01.283,T,6376.5,2,,,
2026-03-30 15:47:01.283,T,6376.5,1,,,
2026-03-30 15:47:01.283,T,6376.5,1,,,
2026-03-30 15:47:01.283,T,6376.5,1,,,
2026-03-30 15:47:01.283,T,6376.5,1,,,
2026-03-30 15:47:01.283,T,6376.5,1,,,
2026-03-30 15:47:01.283,T,6376.5,1,,,
2026-03-30 15:47:01.283,T,6376.5,1,,,
2026-03-30 15:47:01.283,T,6376.5,1,,,
2026-03-30 15:47:01.283,T,6376.5,1,,,
2026-03-30 15:47:01.283,T,6376.5,1,,,
2026-03-30 15:47:01.283,T,6376.5,3,,,
2026-03-30 15:47:01.283,T,6376.5,1,,,
2026-03-30 15:47:01.283,T,6376.5,1,,,
2026-03-30 15:47:01.283,T,6376.5,1,,,
2026-03-30 15:47:01.283,T,6376.5,1,,,
2026-03-30 15:47:01.283,T,6376.5,1,,,
2026-03-30 15:47:01.283,T,6376.5,1,,,
2026-03-30 15:47:01.285,Q,,,,6376.5,6376.75
2026-03-30 15:47:01.730,T,6376.75,1,,,
2026-03-30 15:47:02.535,T,6376.75,1,,,
2026-03-30 15:47:02.737,Q,,,,6376.75,6377.0
2026-03-30 15:47:02.737,T,6376.75,1,,,
2026-03-30 15:47:02.737,T,6376.75,1,,,
2026-03-30 15:47:02.737,T,6376.75,1,,,
2026-03-30 15:47:02.737,T,6376.75,1,,,
2026-03-30 15:47:02.737,T,6376.75,1,,,
2026-03-30 15:47:02.737,T,6376.75,2,,,
2026-03-30 15:47:02.737,T,6376.75,1,,,
2026-03-30 15:47:02.737,T,6376.75,1,,,
2026-03-30 15:47:02.737,T,6376.75,1,,,
2026-03-30 15:47:02.737,T,6376.75,1,,,
2026-03-30 15:47:02.737,T,6376.75,1,,,
2026-03-30 15:47:02.835,T,6377.0,1,,,
2026-03-30 15:47:02.885,Q,,,,6376.5,6376.75
2026-03-30 15:47:02.889,T,6376.75,1,,,
2026-03-30 15:47:02.889,T,6376.75,1,,,
2026-03-30 15:47:02.889,T,6376.75,1,,,
2026-03-30 15:47:03.229,T,6376.5,1,,,
2026-03-30 15:47:03.229,T,6376.75,1,,,
2026-03-30 15:47:03.286,T,6376.5,1,,,
2026-03-30 15:47:03.286,T,6376.5,1,,,
2026-03-30 15:47:03.286,T,6376.5,1,,,
2026-03-30 15:47:03.286,T,6376.5,1,,,
2026-03-30 15:47:03.286,T,6376.5,1,,,
2026-03-30 15:47:03.286,T,6376.5,1,,,
2026-03-30 15:47:03.286,T,6376.5,1,,,
2026-03-30 15:47:03.286,T,6376.5,3,,,
2026-03-30 15:47:03.286,T,6376.5,1,,,
2026-03-30 15:47:03.286,T,6376.5,1,,,
2026-03-30 15:47:03.286,T,6376.5,1,,,
2026-03-30 15:47:03.286,T,6376.5,2,,,
2026-03-30 15:47:03.286,T,6376.5,1,,,
2026-03-30 15:47:03.286,T,6376.5,1,,,
2026-03-30 15:47:03.286,T,6376.5,1,,,
2026-03-30 15:47:03.286,T,6376.5,1,,,
2026-03-30 15:47:03.286,T,6376.5,1,,,
2026-03-30 15:47:03.286,T,6376.5,1,,,
2026-03-30 15:47:03.286,T,6376.5,1,,,
2026-03-30 15:47:03.286,T,6376.5,1,,,
2026-03-30 15:47:03.286,T,6376.5,1,,,
2026-03-30 15:47:03.286,T,6376.5,1,,,
2026-03-30 15:47:03.578,T,6376.5,1,,,
2026-03-30 15:47:03.578,T,6376.5,3,,,
2026-03-30 15:47:03.578,T,6376.5,2,,,
2026-03-30 15:47:03.578,T,6376.5,1,,,
2026-03-30 15:47:03.578,T,6376.5,1,,,
2026-03-30 15:47:03.578,T,6376.5,1,,,
2026-03-30 15:47:03.578,T,6376.5,1,,,
2026-03-30 15:47:03.578,T,6376.5,1,,,
2026-03-30 15:47:03.578,T,6376.5,1,,,
2026-03-30 15:47:03.578,T,6376.5,1,,,
2026-03-30 15:47:03.981,T,6376.75,1,,,
2026-03-30 15:47:04.088,T,6376.5,2,,,
2026-03-30 15:47:04.088,T,6376.5,1,,,
2026-03-30 15:47:04.088,T,6376.5,1,,,
2026-03-30 15:47:04.088,T,6376.5,1,,,
2026-03-30 15:47:04.088,T,6376.5,1,,,
2026-03-30 15:47:04.088,T,6376.5,1,,,
2026-03-30 15:47:04.088,T,6376.75,3,,,
2026-03-30 15:47:04.088,T,6376.75,1,,,
2026-03-30 15:47:04.088,T,6376.75,1,,,
2026-03-30 15:47:04.088,T,6376.75,1,,,
2026-03-30 15:47:04.088,T,6376.75,1,,,
2026-03-30 15:47:04.088,T,6376.75,1,,,
2026-03-30 15:47:04.088,T,6376.75,1,,,
2026-03-30 15:47:04.088,T,6376.75,1,,,
2026-03-30 15:47:04.088,T,6376.75,1,,,
2026-03-30 15:47:04.088,T,6376.75,1,,,
2026-03-30 15:47:04.088,T,6376.75,1,,,
2026-03-30 15:47:04.088,T,6376.75,1,,,
2026-03-30 15:47:04.088,T,6376.75,1,,,
2026-03-30 15:47:04.088,T,6376.75,1,,,
2026-03-30 15:47:04.088,T,6376.75,1,,,
2026-03-30 15:47:04.088,T,6376.75,1,,,
2026-03-30 15:47:04.088,T,6376.75,2,,,
2026-03-30 15:47:04.088,T,6376.75,1,,,
2026-03-30 15:47:04.088,T,6376.75,1,,,
2026-03-30 15:47:04.088,T,6376.75,1,,,
2026-03-30 15:47:04.088,T,6376.75,1,,,
2026-03-30 15:47:04.088,T,6376.75,1,,,
2026-03-30 15:47:04.088,T,6376.75,1,,,
2026-03-30 15:47:04.088,T,6376.75,1,,,
2026-03-30 15:47:04.088,T,6376.75,1,,,
2026-03-30 15:47:04.088,T,6376.75,1,,,
2026-03-30 15:47:04.088,T,6376.75,1,,,
2026-03-30 15:47:04.088,T,6376.75,1,,,
2026-03-30 15:47:04.088,T,6376.75,1,,,
2026-03-30 15:47:04.091,Q,,,,6376.75,6377.0
2026-03-30 15:47:04.135,Q,,,,6377.25,6377.5
2026-03-30 15:47:04.136,T,6377.0,1,,,
2026-03-30 15:47:04.136,T,6377.0,1,,,
2026-03-30 15:47:04.136,T,6377.0,1,,,
2026-03-30 15:47:04.136,T,6377.0,1,,,
2026-03-30 15:47:04.136,T,6377.0,1,,,
2026-03-30 15:47:04.136,T,6377.0,1,,,
2026-03-30 15:47:04.136,T,6377.0,1,,,
2026-03-30 15:47:04.136,T,6377.0,1,,,
2026-03-30 15:47:04.136,T,6377.0,1,,,
2026-03-30 15:47:04.136,T,6377.0,1,,,
2026-03-30 15:47:04.136,T,6377.0,1,,,
2026-03-30 15:47:04.136,T,6377.0,5,,,
2026-03-30 15:47:04.136,T,6377.0,1,,,
2026-03-30 15:47:04.136,T,6377.0,5,,,
2026-03-30 15:47:04.136,T,6377.0,2,,,
2026-03-30 15:47:04.136,T,6377.0,1,,,
2026-03-30 15:47:04.136,T,6377.0,2,,,
2026-03-30 15:47:04.136,T,6377.0,1,,,
2026-03-30 15:47:04.136,T,6377.0,1,,,
2026-03-30 15:47:04.136,T,6377.0,1,,,
2026-03-30 15:47:04.136,T,6377.25,3,,,
2026-03-30 15:47:04.136,T,6377.25,1,,,
2026-03-30 15:47:04.136,T,6377.25,1,,,
2026-03-30 15:47:04.136,T,6377.25,1,,,
2026-03-30 15:47:04.136,T,6377.25,2,,,
2026-03-30 15:47:04.136,T,6377.25,1,,,
2026-03-30 15:47:04.136,T,6377.25,1,,,
2026-03-30 15:47:04.136,T,6377.25,1,,,
2026-03-30 15:47:04.136,T,6377.25,1,,,
2026-03-30 15:47:04.136,T,6377.25,1,,,
2026-03-30 15:47:04.136,T,6377.25,1,,,
2026-03-30 15:47:04.136,T,6377.25,1,,,
2026-03-30 15:47:04.136,T,6377.25,1,,,
2026-03-30 15:47:04.136,T,6377.25,1,,,
2026-03-30 15:47:04.136,T,6377.25,1,,,
2026-03-30 15:47:04.136,T,6377.25,1,,,
2026-03-30 15:47:04.178,T,6377.25,1,,,
2026-03-30 15:47:04.178,T,6377.25,4,,,
2026-03-30 15:47:04.178,T,6377.25,1,,,
2026-03-30 15:47:04.178,T,6377.25,2,,,
2026-03-30 15:47:04.178,T,6377.25,1,,,
2026-03-30 15:47:04.178,T,6377.25,1,,,
2026-03-30 15:47:04.178,T,6377.25,1,,,
2026-03-30 15:47:04.178,T,6377.25,3,,,
2026-03-30 15:47:04.178,T,6377.25,1,,,
2026-03-30 15:47:04.178,T,6377.25,1,,,
2026-03-30 15:47:04.178,T,6377.25,1,,,
2026-03-30 15:47:04.178,T,6377.25,25,,,
2026-03-30 15:47:04.178,T,6377.25,5,,,
2026-03-30 15:47:04.178,T,6377.25,1,,,
2026-03-30 15:47:04.178,T,6377.25,1,,,
2026-03-30 15:47:04.178,T,6377.25,1,,,
2026-03-30 15:47:04.179,Q,,,,6377.0,6377.25
2026-03-30 15:47:04.235,Q,,,,6376.75,6377.0
2026-03-30 15:47:04.235,T,6377.0,2,,,
2026-03-30 15:47:04.235,T,6377.0,1,,,
2026-03-30 15:47:04.235,T,6377.0,1,,,
2026-03-30 15:47:04.235,T,6377.0,1,,,
2026-03-30 15:47:04.235,T,6377.0,1,,,
2026-03-30 15:47:04.235,T,6377.0,1,,,
2026-03-30 15:47:04.235,T,6377.0,1,,,
2026-03-30 15:47:04.235,T,6377.0,2,,,
2026-03-30 15:47:04.235,T,6377.0,1,,,
2026-03-30 15:47:04.235,T,6377.0,1,,,
2026-03-30 15:47:04.235,T,6377.0,1,,,
2026-03-30 15:47:04.578,Q,,,,6376.5,6376.75
2026-03-30 15:47:04.579,T,6376.75,2,,,
2026-03-30 15:47:04.579,T,6376.75,2,,,
2026-03-30 15:47:04.579,T,6376.75,1,,,
2026-03-30 15:47:04.579,T,6376.75,3,,,
2026-03-30 15:47:04.579,T,6376.75,1,,,
2026-03-30 15:47:04.579,T,6376.75,1,,,
2026-03-30 15:47:04.579,T,6376.75,1,,,
2026-03-30 15:47:04.579,T,6376.75,1,,,
2026-03-30 15:47:04.579,T,6376.75,3,,,
2026-03-30 15:47:04.579,T,6376.75,2,,,
2026-03-30 15:47:04.579,T,6376.75,1,,,
2026-03-30 15:47:04.579,T,6376.75,1,,,
2026-03-30 15:47:04.579,T,6376.75,1,,,
2026-03-30 15:47:04.579,T,6376.75,1,,,
2026-03-30 15:47:04.579,T,6376.75,1,,,
2026-03-30 15:47:04.579,T,6376.75,1,,,
2026-03-30 15:47:04.579,T,6376.75,1,,,
2026-03-30 15:47:04.579,T,6376.75,1,,,
2026-03-30 15:47:04.579,T,6376.75,1,,,
2026-03-30 15:47:04.579,T,6376.75,1,,,
2026-03-30 15:47:04.579,T,6376.75,1,,,
2026-03-30 15:47:04.579,T,6376.75,1,,,
2026-03-30 15:47:04.579,T,6376.75,1,,,
2026-03-30 15:47:04.579,T,6376.75,2,,,
2026-03-30 15:47:04.579,T,6376.75,1,,,
2026-03-30 15:47:04.579,T,6376.75,1,,,
2026-03-30 15:47:04.634,T,6376.5,1,,,
2026-03-30 15:47:04.634,T,6376.5,1,,,
2026-03-30 15:47:04.680,T,6376.5,1,,,
2026-03-30 15:47:04.680,T,6376.5,1,,,
2026-03-30 15:47:04.680,T,6376.5,2,,,
2026-03-30 15:47:04.680,T,6376.5,1,,,
2026-03-30 15:47:04.680,T,6376.5,2,,,
2026-03-30 15:47:04.680,T,6376.5,1,,,
2026-03-30 15:47:04.680,T,6376.5,1,,,
2026-03-30 15:47:04.680,T,6376.5,1,,,
2026-03-30 15:47:04.680,T,6376.5,1,,,
2026-03-30 15:47:04.680,T,6376.5,1,,,
2026-03-30 15:47:04.680,T,6376.5,1,,,
2026-03-30 15:47:04.680,T,6376.5,2,,,
2026-03-30 15:47:04.680,T,6376.5,1,,,
2026-03-30 15:47:04.734,T,6376.75,1,,,
2026-03-30 15:47:04.734,T,6376.5,1,,,
2026-03-30 15:47:04.734,T,6376.5,1,,,
2026-03-30 15:47:04.734,T,6376.5,1,,,
2026-03-30 15:47:04.734,T,6376.5,1,,,
2026-03-30 15:47:04.734,T,6376.5,1,,,
2026-03-30 15:47:04.734,T,6376.5,1,,,
2026-03-30 15:47:04.734,T,6376.5,1,,,
2026-03-30 15:47:04.734,T,6376.5,1,,,
2026-03-30 15:47:04.734,T,6376.5,1,,,
2026-03-30 15:47:04.735,Q,,,,6376.25,6376.75
2026-03-30 15:47:04.783,T,6376.25,1,,,
2026-03-30 15:47:04.783,T,6376.25,1,,,
2026-03-30 15:47:04.783,T,6376.25,3,,,
2026-03-30 15:47:04.885,T,6376.5,1,,,
2026-03-30 15:47:04.885,T,6376.5,1,,,
2026-03-30 15:47:04.885,T,6376.5,1,,,
2026-03-30 15:47:04.886,Q,,,,6376.25,6376.5
2026-03-30 15:47:05.029,T,6376.5,1,,,
2026-03-30 15:47:05.029,T,6376.5,1,,,
2026-03-30 15:47:05.030,Q,,,,6376.25,6376.75
2026-03-30 15:47:05.135,Q,,,,6376.25,6376.5
2026-03-30 15:47:05.283,Q,,,,6376.25,6376.75
2026-03-30 15:47:05.435,Q,,,,6376.25,6376.5
2026-03-30 15:47:05.635,T,6376.5,3,,,
2026-03-30 15:47:05.635,T,6376.5,2,,,
2026-03-30 15:47:05.635,T,6376.25,1,,,
2026-03-30 15:47:05.635,T,6376.25,1,,,
2026-03-30 15:47:05.635,T,6376.25,1,,,
2026-03-30 15:47:05.635,T,6376.25,1,,,
2026-03-30 15:47:05.635,T,6376.25,1,,,
2026-03-30 15:47:05.635,T,6376.25,1,,,
2026-03-30 15:47:05.635,T,6376.25,1,,,
2026-03-30 15:47:05.635,T,6376.25,1,,,
2026-03-30 15:47:05.635,T,6376.25,2,,,
2026-03-30 15:47:05.635,T,6376.25,3,,,
2026-03-30 15:47:05.635,T,6376.25,1,,,
2026-03-30 15:47:05.635,T,6376.25,1,,,
2026-03-30 15:47:05.635,T,6376.25,1,,,
2026-03-30 15:47:05.635,T,6376.25,1,,,
2026-03-30 15:47:05.635,T,6376.25,1,,,
2026-03-30 15:47:05.635,T,6376.25,1,,,
2026-03-30 15:47:05.635,T,6376.25,1,,,
2026-03-30 15:47:05.635,T,6376.25,1,,,
2026-03-30 15:47:05.635,T,6376.25,1,,,
2026-03-30 15:47:05.635,T,6376.5,3,,,
2026-03-30 15:47:05.635,T,6376.5,3,,,
2026-03-30 15:47:05.635,T,6376.5,1,,,
2026-03-30 15:47:05.635,T,6376.5,1,,,
2026-03-30 15:47:05.635,T,6376.5,1,,,
2026-03-30 15:47:05.635,T,6376.5,2,,,
2026-03-30 15:47:05.635,T,6376.5,1,,,
2026-03-30 15:47:05.834,T,6376.5,1,,,
2026-03-30 15:47:05.929,Q,,,,6376.5,6376.75
2026-03-30 15:47:05.929,T,6376.5,1,,,
2026-03-30 15:47:05.929,T,6376.5,1,,,
2026-03-30 15:47:05.929,T,6376.5,1,,,
2026-03-30 15:47:05.929,T,6376.5,1,,,
2026-03-30 15:47:05.929,T,6376.5,2,,,
2026-03-30 15:47:05.929,T,6376.5,1,,,
2026-03-30 15:47:05.986,T,6376.5,1,,,
2026-03-30 15:47:05.986,T,6376.5,1,,,
2026-03-30 15:47:05.986,Q,,,,6376.25,6376.5
2026-03-30 15:47:06.082,T,6376.25,3,,,
2026-03-30 15:47:06.186,T,6376.5,2,,,
2026-03-30 15:47:06.186,T,6376.5,5,,,
2026-03-30 15:47:06.186,T,6376.5,1,,,
2026-03-30 15:47:06.282,Q,,,,6376.25,6376.75
2026-03-30 15:47:06.378,Q,,,,6376.25,6376.5
2026-03-30 15:47:06.435,Q,,,,6376.25,6376.75
2026-03-30 15:47:06.483,Q,,,,6376.5,6376.75
2026-03-30 15:47:06.532,Q,,,,6376.25,6376.75
2026-03-30 15:47:06.636,Q,,,,6376.5,6376.75
2026-03-30 15:47:06.936,T,6376.5,3,,,
2026-03-30 15:47:06.936,T,6376.5,3,,,
2026-03-30 15:47:06.936,T,6376.5,1,,,
2026-03-30 15:47:07.080,Q,,,,6376.25,6376.5
2026-03-30 15:47:07.080,T,6376.5,1,,,
2026-03-30 15:47:07.080,T,6376.5,1,,,
2026-03-30 15:47:07.080,T,6376.5,2,,,
2026-03-30 15:47:07.080,T,6376.5,2,,,
2026-03-30 15:47:07.080,T,6376.5,1,,,
2026-03-30 15:47:07.080,T,6376.25,1,,,
2026-03-30 15:47:07.080,T,6376.25,2,,,
2026-03-30 15:47:07.080,T,6376.25,1,,,
2026-03-30 15:47:07.080,T,6376.25,1,,,
2026-03-30 15:47:07.080,T,6376.25,2,,,
2026-03-30 15:47:07.183,T,6376.5,1,,,
2026-03-30 15:47:07.183,T,6376.5,1,,,
2026-03-30 15:47:07.183,T,6376.5,1,,,
2026-03-30 15:47:07.183,T,6376.5,1,,,
2026-03-30 15:47:07.183,T,6376.5,1,,,
2026-03-30 15:47:07.183,T,6376.5,1,,,
2026-03-30 15:47:07.183,T,6376.5,1,,,
2026-03-30 15:47:07.184,Q,,,,6376.5,6376.75
2026-03-30 15:47:07.483,T,6376.75,2,,,
2026-03-30 15:47:07.483,T,6376.75,2,,,
2026-03-30 15:47:07.483,T,6376.75,1,,,
2026-03-30 15:47:07.483,T,6376.75,3,,,
2026-03-30 15:47:07.483,T,6376.75,2,,,
2026-03-30 15:47:07.483,T,6376.75,1,,,
2026-03-30 15:47:07.483,T,6376.75,1,,,
2026-03-30 15:47:07.483,T,6376.75,1,,,
2026-03-30 15:47:07.483,T,6376.75,2,,,
2026-03-30 15:47:07.483,T,6376.75,1,,,
2026-03-30 15:47:07.483,T,6376.75,1,,,
2026-03-30 15:47:07.483,T,6376.75,1,,,
2026-03-30 15:47:07.483,T,6376.75,1,,,
2026-03-30 15:47:07.483,T,6376.75,1,,,
2026-03-30 15:47:07.483,T,6376.75,3,,,
2026-03-30 15:47:07.483,T,6376.75,1,,,
2026-03-30 15:47:07.483,T,6376.75,1,,,
2026-03-30 15:47:07.483,T,6376.75,1,,,
2026-03-30 15:47:07.483,T,6376.75,1,,,
2026-03-30 15:47:07.483,T,6376.75,4,,,
2026-03-30 15:47:07.483,T,6376.75,1,,,
2026-03-30 15:47:07.483,T,6376.75,2,,,
2026-03-30 15:47:07.483,T,6376.75,1,,,
2026-03-30 15:47:07.485,Q,,,,6376.75,6377.0
2026-03-30 15:47:07.529,T,6377.0,1,,,
2026-03-30 15:47:07.529,T,6377.0,1,,,
2026-03-30 15:47:07.529,T,6377.0,1,,,
2026-03-30 15:47:07.581,T,6377.0,1,,,
2026-03-30 15:47:07.581,T,6377.0,1,,,
2026-03-30 15:47:07.581,T,6377.0,1,,,
2026-03-30 15:47:07.581,T,6377.0,1,,,
2026-03-30 15:47:07.581,T,6377.0,1,,,
2026-03-30 15:47:07.581,T,6377.0,1,,,
2026-03-30 15:47:07.581,T,6377.0,1,,,
2026-03-30 15:47:07.582,Q,,,,6377.0,6377.25
2026-03-30 15:47:07.984,T,6377.0,1,,,
2026-03-30 15:47:07.984,T,6377.0,3,,,
2026-03-30 15:47:07.984,T,6377.0,1,,,
2026-03-30 15:47:07.984,T,6377.0,1,,,
2026-03-30 15:47:07.984,T,6377.0,1,,,
2026-03-30 15:47:07.984,T,6377.0,1,,,
2026-03-30 15:47:07.984,T,6377.0,1,,,
2026-03-30 15:47:07.984,T,6377.0,1,,,
2026-03-30 15:47:08.586,T,6377.0,3,,,
2026-03-30 15:47:08.586,T,6377.0,1,,,
2026-03-30 15:47:08.586,T,6377.0,2,,,
2026-03-30 15:47:08.586,T,6377.0,1,,,
2026-03-30 15:47:08.586,T,6377.0,2,,,
2026-03-30 15:47:08.586,T,6377.0,1,,,
2026-03-30 15:47:08.586,T,6377.0,2,,,
2026-03-30 15:47:08.586,T,6377.0,1,,,
2026-03-30 15:47:08.586,T,6377.0,1,,,
2026-03-30 15:47:08.586,T,6377.0,1,,,
2026-03-30 15:47:08.637,T,6377.0,1,,,
2026-03-30 15:47:08.637,T,6377.0,1,,,
2026-03-30 15:47:08.637,T,6377.0,1,,,
2026-03-30 15:47:08.637,T,6377.0,1,,,
2026-03-30 15:47:08.637,T,6377.0,1,,,
2026-03-30 15:47:08.637,T,6377.0,1,,,
2026-03-30 15:47:08.637,T,6377.0,1,,,
2026-03-30 15:47:08.637,T,6377.0,1,,,
2026-03-30 15:47:08.637,T,6377.0,1,,,
2026-03-30 15:47:08.637,T,6377.0,1,,,
2026-03-30 15:47:08.637,T,6377.0,1,,,
2026-03-30 15:47:08.637,T,6377.0,1,,,
2026-03-30 15:47:08.637,T,6377.0,3,,,
2026-03-30 15:47:08.637,T,6377.0,1,,,
2026-03-30 15:47:08.637,T,6377.0,1,,,
2026-03-30 15:47:08.637,T,6377.0,1,,,
2026-03-30 15:47:08.679,T,6377.0,1,,,
2026-03-30 15:47:08.679,T,6377.0,1,,,
2026-03-30 15:47:08.679,T,6377.0,1,,,
2026-03-30 15:47:08.679,T,6377.0,1,,,
2026-03-30 15:47:08.679,T,6377.0,3,,,
2026-03-30 15:47:08.735,T,6377.0,1,,,
2026-03-30 15:47:08.783,Q,,,,6376.75,6377.0
2026-03-30 15:47:08.831,T,6377.0,1,,,
2026-03-30 15:47:08.831,T,6377.0,1,,,
2026-03-30 15:47:08.832,Q,,,,6377.0,6377.25
2026-03-30 15:47:08.887,Q,,,,6376.75,6377.25
2026-03-30 15:47:09.129,Q,,,,6376.75,6377.0
2026-03-30 15:47:09.235,T,6377.0,1,,,
2026-03-30 15:47:09.235,T,6377.0,1,,,
2026-03-30 15:47:09.235,Q,,,,6376.75,6377.25
2026-03-30 15:47:09.279,Q,,,,6376.75,6377.0
2026-03-30 15:47:09.385,T,6376.75,1,,,
2026-03-30 15:47:09.385,T,6376.75,1,,,
2026-03-30 15:47:09.385,T,6376.75,1,,,
2026-03-30 15:47:09.385,T,6376.75,1,,,
2026-03-30 15:47:09.385,T,6376.75,1,,,
2026-03-30 15:47:09.385,T,6376.75,1,,,
2026-03-30 15:47:09.385,T,6376.75,3,,,
2026-03-30 15:47:09.385,T,6376.75,4,,,
2026-03-30 15:47:09.385,T,6376.75,1,,,
2026-03-30 15:47:09.385,T,6376.75,1,,,
2026-03-30 15:47:09.385,T,6376.75,1,,,
2026-03-30 15:47:09.385,T,6376.75,1,,,
2026-03-30 15:47:09.385,T,6376.75,3,,,
2026-03-30 15:47:09.385,T,6376.75,1,,,
2026-03-30 15:47:09.536,Q,,,,6377.0,6377.25
2026-03-30 15:47:09.537,T,6377.0,1,,,
2026-03-30 15:47:09.537,T,6377.0,1,,,
2026-03-30 15:47:09.537,T,6377.0,1,,,
2026-03-30 15:47:09.537,T,6377.0,1,,,
2026-03-30 15:47:09.537,T,6377.0,1,,,
2026-03-30 15:47:09.537,T,6377.0,1,,,
2026-03-30 15:47:09.585,T,6377.0,1,,,
2026-03-30 15:47:09.585,T,6377.0,1,,,
2026-03-30 15:47:09.585,T,6377.0,1,,,
2026-03-30 15:47:09.585,T,6377.0,1,,,
2026-03-30 15:47:09.585,T,6377.0,1,,,
2026-03-30 15:47:09.731,T,6377.25,1,,,
2026-03-30 15:47:09.780,Q,,,,6376.75,6377.25
2026-03-30 15:47:09.780,T,6377.0,1,,,
2026-03-30 15:47:09.780,T,6377.0,1,,,
2026-03-30 15:47:09.780,T,6377.0,1,,,
2026-03-30 15:47:09.780,T,6377.0,1,,,
2026-03-30 15:47:09.837,Q,,,,6377.0,6377.25
2026-03-30 15:47:09.837,T,6377.0,2,,,
2026-03-30 15:47:09.837,T,6377.0,2,,,
2026-03-30 15:47:09.837,T,6377.0,1,,,
2026-03-30 15:47:09.837,T,6377.0,1,,,
2026-03-30 15:47:09.837,T,6377.0,1,,,
2026-03-30 15:47:09.837,T,6377.0,1,,,
2026-03-30 15:47:09.837,T,6377.0,1,,,
2026-03-30 15:47:09.837,T,6377.0,1,,,
2026-03-30 15:47:09.837,T,6377.0,1,,,
2026-03-30 15:47:09.837,T,6377.0,1,,,
2026-03-30 15:47:09.932,T,6377.0,2,,,
2026-03-30 15:47:09.932,T,6377.0,6,,,
2026-03-30 15:47:09.932,T,6377.0,1,,,
2026-03-30 15:47:09.932,T,6377.0,1,,,
2026-03-30 15:47:09.932,T,6377.0,1,,,
2026-03-30 15:47:09.932,T,6377.0,1,,,
2026-03-30 15:47:09.932,T,6377.0,1,,,
2026-03-30 15:47:10.086,T,6377.0,1,,,
2026-03-30 15:47:10.286,T,6377.0,1,,,
2026-03-30 15:47:10.286,T,6377.0,1,,,
2026-03-30 15:47:10.286,T,6377.0,1,,,
2026-03-30 15:47:10.286,T,6377.0,1,,,
2026-03-30 15:47:10.286,T,6377.0,1,,,
2026-03-30 15:47:10.286,T,6377.0,1,,,
2026-03-30 15:47:10.286,T,6377.0,1,,,
2026-03-30 15:47:10.286,T,6377.0,1,,,
2026-03-30 15:47:10.286,T,6377.0,2,,,
2026-03-30 15:47:10.286,T,6377.0,1,,,
2026-03-30 15:47:10.286,T,6377.0,2,,,
2026-03-30 15:47:10.286,T,6377.0,3,,,
2026-03-30 15:47:10.286,T,6377.0,1,,,
2026-03-30 15:47:10.286,T,6377.0,1,,,
2026-03-30 15:47:10.286,T,6377.0,1,,,
2026-03-30 15:47:10.286,T,6377.0,2,,,
2026-03-30 15:47:10.288,Q,,,,6376.75,6377.0
2026-03-30 15:47:10.432,T,6377.0,2,,,
2026-03-30 15:47:10.432,T,6377.0,1,,,
2026-03-30 15:47:10.432,T,6377.0,1,,,
2026-03-30 15:47:10.432,T,6377.0,1,,,
2026-03-30 15:47:10.432,T,6377.0,2,,,
2026-03-30 15:47:10.481,T,6377.0,1,,,
2026-03-30 15:47:10.528,T,6377.0,1,,,
2026-03-30 15:47:10.633,Q,,,,6377.0,6377.25
2026-03-30 15:47:10.637,T,6377.0,1,,,
2026-03-30 15:47:10.637,T,6377.0,1,,,
2026-03-30 15:47:10.637,T,6377.25,1,,,
2026-03-30 15:47:10.637,T,6377.0,1,,,
2026-03-30 15:47:10.780,Q,,,,6376.75,6377.25
2026-03-30 15:47:10.781,T,6377.0,2,,,
2026-03-30 15:47:10.781,T,6377.0,3,,,
2026-03-30 15:47:10.781,T,6377.0,1,,,
2026-03-30 15:47:10.781,T,6377.0,1,,,
2026-03-30 15:47:10.781,T,6377.0,1,,,
2026-03-30 15:47:10.781,T,6377.0,1,,,
2026-03-30 15:47:10.781,T,6377.0,1,,,
2026-03-30 15:47:10.781,T,6377.0,1,,,
2026-03-30 15:47:10.781,T,6377.0,1,,,
2026-03-30 15:47:10.828,Q,,,,6376.75,6377.0
2026-03-30 15:47:11.086,T,6376.75,3,,,
2026-03-30 15:47:11.086,T,6376.75,1,,,
2026-03-30 15:47:11.086,T,6376.75,1,,,
2026-03-30 15:47:11.086,T,6376.75,1,,,
2026-03-30 15:47:11.086,T,6376.75,1,,,
2026-03-30 15:47:11.086,T,6376.75,1,,,
2026-03-30 15:47:11.086,T,6376.75,1,,,
2026-03-30 15:47:11.086,T,6376.75,2,,,
2026-03-30 15:47:11.086,T,6376.75,1,,,
2026-03-30 15:47:11.086,T,6376.75,1,,,
2026-03-30 15:47:11.086,T,6376.75,1,,,
2026-03-30 15:47:11.086,T,6376.75,1,,,
2026-03-30 15:47:11.086,T,6376.75,1,,,
2026-03-30 15:47:11.261,Q,,,,6376.5,6376.75
2026-03-30 15:47:11.692,T,6376.5,1,,,
2026-03-30 15:47:11.692,T,6376.5,2,,,
2026-03-30 15:47:11.785,T,6376.75,1,,,
2026-03-30 15:47:11.785,T,6376.5,1,,,
2026-03-30 15:47:11.785,T,6376.5,1,,,
2026-03-30 15:47:11.785,T,6376.5,2,,,
2026-03-30 15:47:11.785,T,6376.5,1,,,
2026-03-30 15:47:11.785,T,6376.5,1,,,
2026-03-30 15:47:11.785,T,6376.5,1,,,
2026-03-30 15:47:11.785,T,6376.5,1,,,
2026-03-30 15:47:11.785,T,6376.5,1,,,
2026-03-30 15:47:11.785,T,6376.5,1,,,
2026-03-30 15:47:11.785,T,6376.5,1,,,
2026-03-30 15:47:11.785,T,6376.5,2,,,
2026-03-30 15:47:11.785,T,6376.5,1,,,
2026-03-30 15:47:11.833,T,6376.5,1,,,
2026-03-30 15:47:12.085,Q,,,,6376.25,6376.5
2026-03-30 15:47:12.085,T,6376.5,6,,,
2026-03-30 15:47:12.085,T,6376.5,1,,,
2026-03-30 15:47:12.085,T,6376.5,4,,,
2026-03-30 15:47:12.085,T,6376.5,5,,,
2026-03-30 15:47:12.085,T,6376.5,1,,,
2026-03-30 15:47:12.085,T,6376.5,1,,,
2026-03-30 15:47:12.085,T,6376.5,1,,,
2026-03-30 15:47:12.085,T,6376.5,1,,,
2026-03-30 15:47:12.085,T,6376.5,1,,,
2026-03-30 15:47:12.085,T,6376.5,1,,,
2026-03-30 15:47:12.085,T,6376.5,1,,,
2026-03-30 15:47:12.085,T,6376.5,1,,,
2026-03-30 15:47:12.085,T,6376.5,1,,,
2026-03-30 15:47:12.085,T,6376.5,1,,,
2026-03-30 15:47:12.085,T,6376.5,1,,,
2026-03-30 15:47:12.085,T,6376.5,1,,,
2026-03-30 15:47:12.085,T,6376.5,2,,,
2026-03-30 15:47:12.085,T,6376.5,1,,,
2026-03-30 15:47:12.085,T,6376.5,1,,,
2026-03-30 15:47:12.085,T,6376.5,2,,,
2026-03-30 15:47:12.483,T,6376.5,1,,,
2026-03-30 15:47:12.483,Q,,,,6376.5,6376.75
2026-03-30 15:47:12.532,Q,,,,6376.25,6376.5
2026-03-30 15:47:12.635,T,6376.5,1,,,
2026-03-30 15:47:12.635,T,6376.5,3,,,
2026-03-30 15:47:12.635,T,6376.5,3,,,
2026-03-30 15:47:12.635,T,6376.5,1,,,
2026-03-30 15:47:12.635,T,6376.5,1,,,
2026-03-30 15:47:12.933,T,6376.5,1,,,
2026-03-30 15:47:12.933,T,6376.5,1,,,
2026-03-30 15:47:13.532,Q,,,,6376.5,6376.75
2026-03-30 15:47:13.532,T,6376.5,1,,,
2026-03-30 15:47:13.532,T,6376.5,1,,,
2026-03-30 15:47:13.532,T,6376.75,2,,,
2026-03-30 15:47:13.532,T,6376.75,3,,,
2026-03-30 15:47:13.729,Q,,,,6376.25,6376.5
2026-03-30 15:47:13.729,T,6376.5,1,,,
2026-03-30 15:47:13.729,T,6376.5,1,,,
2026-03-30 15:47:13.729,T,6376.5,1,,,
2026-03-30 15:47:13.729,T,6376.5,1,,,
2026-03-30 15:47:13.729,T,6376.5,1,,,
2026-03-30 15:47:13.729,T,6376.5,1,,,
2026-03-30 15:47:14.081,Q,,,,6376.25,6376.75
2026-03-30 15:47:14.081,T,6376.5,1,,,
2026-03-30 15:47:14.081,T,6376.5,1,,,
2026-03-30 15:47:14.081,T,6376.5,1,,,
2026-03-30 15:47:14.081,T,6376.5,2,,,
2026-03-30 15:47:14.137,Q,,,,6376.25,6376.5
2026-03-30 15:47:14.637,T,6376.25,1,,,
2026-03-30 15:47:14.637,T,6376.25,1,,,
2026-03-30 15:47:14.637,T,6376.25,1,,,
2026-03-30 15:47:14.637,T,6376.25,1,,,
2026-03-30 15:47:14.637,T,6376.25,1,,,
2026-03-30 15:47:14.637,T,6376.25,1,,,
2026-03-30 15:47:14.637,T,6376.25,1,,,
2026-03-30 15:47:14.637,T,6376.25,1,,,
2026-03-30 15:47:14.637,T,6376.25,1,,,
2026-03-30 15:47:14.637,T,6376.25,1,,,
2026-03-30 15:47:14.637,T,6376.25,1,,,
2026-03-30 15:47:14.637,T,6376.25,1,,,
2026-03-30 15:47:14.637,T,6376.0,1,,,
2026-03-30 15:47:14.637,T,6376.0,1,,,
2026-03-30 15:47:14.637,T,6376.0,1,,,
2026-03-30 15:47:14.637,T,6376.0,1,,,
2026-03-30 15:47:14.637,T,6376.0,1,,,
2026-03-30 15:47:14.637,T,6376.0,1,,,
2026-03-30 15:47:14.637,T,6376.0,1,,,
2026-03-30 15:47:14.637,T,6376.0,1,,,
2026-03-30 15:47:14.637,T,6376.0,1,,,
2026-03-30 15:47:14.637,T,6376.0,1,,,
2026-03-30 15:47:14.637,T,6376.0,3,,,
2026-03-30 15:47:14.637,T,6376.0,1,,,
2026-03-30 15:47:14.637,T,6376.0,1,,,
2026-03-30 15:47:14.637,T,6376.0,1,,,
2026-03-30 15:47:14.637,T,6376.0,1,,,
2026-03-30 15:47:14.639,Q,,,,6375.75,6376.0
2026-03-30 15:47:14.680,T,6376.0,1,,,
2026-03-30 15:47:14.680,T,6376.0,1,,,
2026-03-30 15:47:14.780,T,6376.0,1,,,
2026-03-30 15:47:14.780,T,6376.0,1,,,
2026-03-30 15:47:14.780,T,6376.0,2,,,
2026-03-30 15:47:14.780,T,6376.0,1,,,
2026-03-30 15:47:14.780,T,6376.0,1,,,
2026-03-30 15:47:14.780,T,6376.0,1,,,
2026-03-30 15:47:14.781,Q,,,,6375.75,6376.25
2026-03-30 15:47:14.836,T,6376.0,1,,,
2026-03-30 15:47:14.836,T,6376.0,2,,,
2026-03-30 15:47:14.837,Q,,,,6375.75,6376.0
2026-03-30 15:47:14.933,Q,,,,6376.0,6376.25
2026-03-30 15:47:14.933,T,6376.0,3,,,
2026-03-30 15:47:14.933,T,6376.0,1,,,
2026-03-30 15:47:14.933,T,6376.0,2,,,
2026-03-30 15:47:14.933,T,6376.0,1,,,
2026-03-30 15:47:14.933,T,6376.0,1,,,
2026-03-30 15:47:14.933,T,6376.0,2,,,
2026-03-30 15:47:14.933,T,6376.0,1,,,
2026-03-30 15:47:14.980,T,6376.0,2,,,
2026-03-30 15:47:14.980,T,6376.0,1,,,
2026-03-30 15:47:14.980,T,6376.0,1,,,
2026-03-30 15:47:14.980,T,6376.0,1,,,
2026-03-30 15:47:14.980,T,6376.0,1,,,
2026-03-30 15:47:15.028,T,6376.0,1,,,
2026-03-30 15:47:15.185,T,6376.0,1,,,
2026-03-30 15:47:15.235,T,6376.25,1,,,
2026-03-30 15:47:15.637,T,6376.25,2,,,
2026-03-30 15:47:15.637,T,6376.25,1,,,
2026-03-30 15:47:15.637,T,6376.25,2,,,
2026-03-30 15:47:15.637,T,6376.25,1,,,
2026-03-30 15:47:15.637,T,6376.25,1,,,
2026-03-30 15:47:15.637,T,6376.25,1,,,
2026-03-30 15:47:15.637,T,6376.25,1,,,
2026-03-30 15:47:15.637,T,6376.25,1,,,
2026-03-30 15:47:15.637,T,6376.25,1,,,
2026-03-30 15:47:15.637,T,6376.25,1,,,
2026-03-30 15:47:15.637,T,6376.25,1,,,
2026-03-30 15:47:15.637,T,6376.25,1,,,
2026-03-30 15:47:15.637,T,6376.25,1,,,
2026-03-30 15:47:15.637,T,6376.25,1,,,
2026-03-30 15:47:15.637,T,6376.25,10,,,
2026-03-30 15:47:15.637,T,6376.25,2,,,
2026-03-30 15:47:15.637,T,6376.25,1,,,
2026-03-30 15:47:15.637,T,6376.25,3,,,
2026-03-30 15:47:15.637,T,6376.25,3,,,
2026-03-30 15:47:15.637,T,6376.25,1,,,
2026-03-30 15:47:15.637,T,6376.25,1,,,
2026-03-30 15:47:15.637,T,6376.25,1,,,
2026-03-30 15:47:15.637,T,6376.25,1,,,
2026-03-30 15:47:15.637,T,6376.25,1,,,
2026-03-30 15:47:15.637,T,6376.25,1,,,
2026-03-30 15:47:15.679,T,6376.25,1,,,
2026-03-30 15:47:15.679,T,6376.25,1,,,
2026-03-30 15:47:15.679,T,6376.25,1,,,
2026-03-30 15:47:15.679,T,6376.25,1,,,
2026-03-30 15:47:15.679,T,6376.25,1,,,
2026-03-30 15:47:15.679,T,6376.25,1,,,
2026-03-30 15:47:15.679,T,6376.25,1,,,
2026-03-30 15:47:15.679,T,6376.25,1,,,
2026-03-30 15:47:15.680,Q,,,,6376.0,6376.5
2026-03-30 15:47:15.735,T,6376.5,1,,,
2026-03-30 15:47:15.735,T,6376.25,1,,,
2026-03-30 15:47:15.735,T,6376.25,1,,,
2026-03-30 15:47:15.833,T,6376.25,1,,,
2026-03-30 15:47:15.886,Q,,,,6376.0,6376.25
2026-03-30 15:47:15.934,Q,,,,6376.25,6376.5
2026-03-30 15:47:15.934,T,6376.5,2,,,
2026-03-30 15:47:15.934,T,6376.5,2,,,
2026-03-30 15:47:15.934,T,6376.5,2,,,
2026-03-30 15:47:15.982,Q,,,,6376.0,6376.5
2026-03-30 15:47:16.078,Q,,,,6376.25,6376.5
2026-03-30 15:47:16.129,T,6376.25,1,,,
2026-03-30 15:47:16.175,Q,,,,6376.0,6376.25
2026-03-30 15:47:17.135,T,6376.25,1,,,
2026-03-30 15:47:17.383,T,6376.0,1,,,
2026-03-30 15:47:17.383,T,6376.0,1,,,
2026-03-30 15:47:17.434,Q,,,,6376.25,6376.5
2026-03-30 15:47:17.437,T,6376.25,1,,,
2026-03-30 15:47:17.437,T,6376.25,1,,,
2026-03-30 15:47:17.437,T,6376.25,1,,,
2026-03-30 15:47:17.437,T,6376.25,1,,,
2026-03-30 15:47:17.437,T,6376.25,1,,,
2026-03-30 15:47:17.437,T,6376.25,2,,,
2026-03-30 15:47:17.437,T,6376.25,1,,,
2026-03-30 15:47:17.437,T,6376.25,1,,,
2026-03-30 15:47:17.437,T,6376.25,2,,,
2026-03-30 15:47:17.484,T,6376.25,1,,,
2026-03-30 15:47:17.484,T,6376.25,1,,,
2026-03-30 15:47:17.484,T,6376.25,1,,,
2026-03-30 15:47:17.533,Q,,,,6376.0,6376.25
2026-03-30 15:47:17.936,Q,,,,6376.0,6376.5
2026-03-30 15:47:17.936,T,6376.0,1,,,
2026-03-30 15:47:17.936,T,6376.0,1,,,
2026-03-30 15:47:17.936,T,6376.0,1,,,
2026-03-30 15:47:17.936,T,6376.0,1,,,
2026-03-30 15:47:17.936,T,6376.0,1,,,
2026-03-30 15:47:17.936,T,6376.0,1,,,
2026-03-30 15:47:17.936,T,6376.0,1,,,
2026-03-30 15:47:17.936,T,6376.0,1,,,
2026-03-30 15:47:17.936,T,6376.0,3,,,
2026-03-30 15:47:17.936,T,6376.0,1,,,
2026-03-30 15:47:17.936,T,6376.0,1,,,
2026-03-30 15:47:17.936,T,6376.0,1,,,
2026-03-30 15:47:17.936,T,6376.25,3,,,
2026-03-30 15:47:17.936,T,6376.25,1,,,
2026-03-30 15:47:17.936,T,6376.25,3,,,
2026-03-30 15:47:17.936,T,6376.25,1,,,
2026-03-30 15:47:17.936,T,6376.25,1,,,
2026-03-30 15:47:17.936,T,6376.25,1,,,
2026-03-30 15:47:17.936,T,6376.25,1,,,
2026-03-30 15:47:17.936,T,6376.25,2,,,
2026-03-30 15:47:17.936,T,6376.25,1,,,
2026-03-30 15:47:17.936,T,6376.25,1,,,
2026-03-30 15:47:17.936,T,6376.25,1,,,
2026-03-30 15:47:17.936,T,6376.25,1,,,
2026-03-30 15:47:17.936,T,6376.25,1,,,
2026-03-30 15:47:17.936,T,6376.25,1,,,
2026-03-30 15:47:17.936,T,6376.25,1,,,
2026-03-30 15:47:17.936,T,6376.25,1,,,
2026-03-30 15:47:17.936,T,6376.25,1,,,
2026-03-30 15:47:17.936,T,6376.25,1,,,
2026-03-30 15:47:17.936,T,6376.25,1,,,
2026-03-30 15:47:17.936,T,6376.25,1,,,
2026-03-30 15:47:17.936,T,6376.25,1,,,
2026-03-30 15:47:17.936,T,6376.25,1,,,
2026-03-30 15:47:18.019,Q,,,,6376.0,6376.25
2026-03-30 15:47:18.885,Q,,,,6376.25,6376.5
2026-03-30 15:47:18.886,T,6376.25,1,,,
2026-03-30 15:47:18.886,T,6376.25,1,,,
2026-03-30 15:47:18.886,T,6376.25,1,,,
2026-03-30 15:47:18.886,T,6376.25,1,,,
2026-03-30 15:47:18.886,T,6376.25,1,,,
2026-03-30 15:47:18.886,T,6376.25,1,,,
2026-03-30 15:47:18.886,T,6376.25,1,,,
2026-03-30 15:47:18.886,T,6376.25,1,,,
2026-03-30 15:47:18.886,T,6376.25,1,,,
2026-03-30 15:47:18.886,T,6376.25,1,,,
2026-03-30 15:47:18.886,T,6376.25,1,,,
2026-03-30 15:47:18.886,T,6376.25,1,,,
2026-03-30 15:47:18.981,T,6376.25,1,,,
2026-03-30 15:47:18.981,Q,,,,6376.0,6376.5
2026-03-30 15:47:19.085,Q,,,,6376.25,6376.5
2026-03-30 15:47:19.237,Q,,,,6376.0,6376.5
2026-03-30 15:47:19.283,Q,,,,6376.25,6376.5
2026-03-30 15:47:19.332,T,6376.25,1,,,
2026-03-30 15:47:19.332,T,6376.25,1,,,
2026-03-30 15:47:19.332,T,6376.25,1,,,
2026-03-30 15:47:19.332,T,6376.25,1,,,
2026-03-30 15:47:19.332,T,6376.25,1,,,
2026-03-30 15:47:19.332,T,6376.25,1,,,
2026-03-30 15:47:19.332,T,6376.25,1,,,
2026-03-30 15:47:19.332,T,6376.25,1,,,
2026-03-30 15:47:19.332,Q,,,,6376.0,6376.25
2026-03-30 15:47:19.585,T,6376.25,1,,,
2026-03-30 15:47:19.585,T,6376.25,1,,,
2026-03-30 15:47:19.585,T,6376.25,2,,,
2026-03-30 15:47:19.585,T,6376.25,1,,,
2026-03-30 15:47:19.585,T,6376.25,1,,,
2026-03-30 15:47:19.585,T,6376.25,1,,,
2026-03-30 15:47:19.585,T,6376.25,1,,,
2026-03-30 15:47:19.586,Q,,,,6376.25,6376.5
2026-03-30 15:47:19.633,T,6376.25,2,,,
2026-03-30 15:47:19.633,Q,,,,6376.0,6376.5
2026-03-30 15:47:19.679,Q,,,,6376.0,6376.25
2026-03-30 15:47:19.783,T,6376.25,1,,,
2026-03-30 15:47:19.783,Q,,,,6376.25,6376.5
2026-03-30 15:47:19.983,Q,,,,6376.0,6376.5
2026-03-30 15:47:20.079,Q,,,,6376.0,6376.25
2026-03-30 15:47:20.080,T,6376.0,1,,,
2026-03-30 15:47:20.185,Q,,,,6376.0,6376.5
2026-03-30 15:47:20.235,Q,,,,6376.25,6376.5
2026-03-30 15:47:20.329,T,6376.25,1,,,
2026-03-30 15:47:20.330,Q,,,,6376.0,6376.25
2026-03-30 15:47:20.934,T,6376.0,2,,,
2026-03-30 15:47:20.934,T,6376.0,2,,,
2026-03-30 15:47:20.934,T,6376.0,1,,,
2026-03-30 15:47:21.079,Q,,,,6376.25,6376.5
2026-03-30 15:47:21.080,T,6376.0,1,,,
2026-03-30 15:47:21.080,T,6376.0,1,,,
2026-03-30 15:47:21.080,T,6376.0,1,,,
2026-03-30 15:47:21.080,T,6376.0,1,,,
2026-03-30 15:47:21.080,T,6376.0,1,,,
2026-03-30 15:47:21.080,T,6376.0,1,,,
2026-03-30 15:47:21.080,T,6376.0,4,,,
2026-03-30 15:47:21.080,T,6376.25,2,,,
2026-03-30 15:47:21.080,T,6376.25,1,,,
2026-03-30 15:47:21.080,T,6376.25,3,,,
2026-03-30 15:47:21.080,T,6376.25,1,,,
2026-03-30 15:47:21.080,T,6376.25,2,,,
2026-03-30 15:47:21.080,T,6376.25,1,,,
2026-03-30 15:47:21.080,T,6376.25,1,,,
2026-03-30 15:47:21.080,T,6376.25,3,,,
2026-03-30 15:47:21.080,T,6376.25,2,,,
2026-03-30 15:47:21.080,T,6376.25,1,,,
2026-03-30 15:47:21.080,T,6376.25,1,,,
2026-03-30 15:47:21.080,T,6376.25,1,,,
2026-03-30 15:47:21.080,T,6376.25,1,,,
2026-03-30 15:47:21.080,T,6376.25,2,,,
2026-03-30 15:47:21.080,T,6376.5,1,,,
2026-03-30 15:47:21.080,T,6376.5,1,,,
2026-03-30 15:47:21.080,T,6376.5,1,,,
2026-03-30 15:47:21.080,T,6376.5,1,,,
2026-03-30 15:47:21.080,T,6376.5,1,,,
2026-03-30 15:47:21.080,T,6376.5,3,,,
2026-03-30 15:47:21.080,T,6376.5,1,,,
2026-03-30 15:47:21.080,T,6376.5,1,,,
2026-03-30 15:47:21.080,T,6376.5,1,,,
2026-03-30 15:47:21.080,T,6376.5,1,,,
2026-03-30 15:47:21.080,T,6376.5,1,,,
2026-03-30 15:47:21.080,T,6376.5,1,,,
2026-03-30 15:47:21.080,T,6376.5,1,,,
2026-03-30 15:47:21.080,T,6376.5,5,,,
2026-03-30 15:47:21.080,T,6376.5,1,,,
2026-03-30 15:47:21.080,T,6376.5,1,,,
2026-03-30 15:47:21.080,T,6376.5,1,,,
2026-03-30 15:47:21.080,T,6376.5,1,,,
2026-03-30 15:47:21.080,T,6376.5,1,,,
2026-03-30 15:47:21.080,T,6376.5,1,,,
2026-03-30 15:47:21.080,T,6376.5,1,,,
2026-03-30 15:47:21.080,T,6376.5,1,,,
2026-03-30 15:47:21.529,T,6376.25,1,,,
2026-03-30 15:47:21.529,T,6376.25,1,,,
2026-03-30 15:47:21.529,T,6376.25,1,,,
2026-03-30 15:47:21.529,T,6376.25,2,,,
2026-03-30 15:47:21.529,T,6376.25,1,,,
2026-03-30 15:47:21.529,T,6376.25,1,,,
2026-03-30 15:47:21.529,T,6376.25,1,,,
2026-03-30 15:47:21.529,T,6376.25,1,,,
2026-03-30 15:47:21.529,T,6376.25,3,,,
2026-03-30 15:47:21.529,T,6376.25,1,,,
2026-03-30 15:47:21.529,T,6376.25,1,,,
2026-03-30 15:47:21.706,T,6376.5,1,,,
2026-03-30 15:47:21.706,T,6376.5,1,,,
2026-03-30 15:47:21.706,T,6376.5,1,,,
2026-03-30 15:47:21.706,T,6376.5,1,,,
2026-03-30 15:47:21.706,T,6376.5,1,,,
2026-03-30 15:47:21.706,T,6376.5,1,,,
2026-03-30 15:47:21.706,T,6376.5,1,,,
2026-03-30 15:47:21.706,T,6376.5,1,,,
2026-03-30 15:47:21.706,T,6376.5,2,,,
2026-03-30 15:47:21.706,T,6376.75,1,,,
2026-03-30 15:47:21.706,T,6376.75,1,,,
2026-03-30 15:47:21.706,T,6376.75,1,,,
2026-03-30 15:47:21.706,T,6376.75,1,,,
2026-03-30 15:47:21.706,T,6376.75,1,,,
2026-03-30 15:47:21.706,T,6376.75,1,,,
2026-03-30 15:47:21.706,T,6376.75,1,,,
2026-03-30 15:47:21.706,T,6376.75,1,,,
2026-03-30 15:47:21.706,T,6376.75,1,,,
2026-03-30 15:47:21.706,T,6376.75,1,,,
2026-03-30 15:47:21.706,T,6376.75,2,,,
2026-03-30 15:47:21.706,T,6376.75,1,,,
2026-03-30 15:47:21.706,T,6376.75,1,,,
2026-03-30 15:47:21.706,T,6376.75,3,,,
2026-03-30 15:47:21.706,T,6376.75,1,,,
2026-03-30 15:47:21.706,T,6376.75,1,,,
2026-03-30 15:47:21.706,T,6376.75,1,,,
2026-03-30 15:47:21.706,T,6376.75,2,,,
2026-03-30 15:47:21.706,T,6376.75,1,,,
2026-03-30 15:47:21.708,Q,,,,6376.75,6377.0
2026-03-30 15:47:21.731,Q,,,,6376.5,6376.75
2026-03-30 15:47:21.731,T,6376.75,3,,,
2026-03-30 15:47:21.731,T,6376.75,1,,,
2026-03-30 15:47:21.731,T,6376.75,1,,,
2026-03-30 15:47:21.731,T,6376.75,1,,,
2026-03-30 15:47:21.731,T,6376.75,1,,,
2026-03-30 15:47:21.780,T,6376.5,1,,,
2026-03-30 15:47:21.780,T,6376.5,1,,,
2026-03-30 15:47:21.780,T,6376.5,2,,,
2026-03-30 15:47:21.780,T,6376.5,1,,,
2026-03-30 15:47:21.780,T,6376.5,1,,,
2026-03-30 15:47:21.780,T,6376.5,1,,,
2026-03-30 15:47:21.780,T,6376.5,1,,,
2026-03-30 15:47:21.780,T,6376.5,2,,,
2026-03-30 15:47:21.780,T,6376.5,1,,,
2026-03-30 15:47:22.086,T,6376.75,1,,,
2026-03-30 15:47:22.086,T,6376.75,1,,,
2026-03-30 15:47:22.086,T,6376.75,1,,,
2026-03-30 15:47:22.086,T,6376.75,1,,,
2026-03-30 15:47:22.086,T,6376.75,1,,,
2026-03-30 15:47:22.086,T,6376.75,1,,,
2026-03-30 15:47:22.086,T,6376.75,2,,,
2026-03-30 15:47:22.087,Q,,,,6376.75,6377.0
2026-03-30 15:47:22.134,Q,,,,6376.5,6377.0
2026-03-30 15:47:22.134,T,6376.75,1,,,
2026-03-30 15:47:22.134,T,6376.75,1,,,
2026-03-30 15:47:22.183,Q,,,,6376.75,6377.0
2026-03-30 15:47:22.381,T,6376.75,1,,,
2026-03-30 15:47:22.381,Q,,,,6376.5,6377.0
2026-03-30 15:47:22.429,T,6376.5,1,,,
2026-03-30 15:47:22.429,T,6376.5,1,,,
2026-03-30 15:47:22.479,Q,,,,6376.5,6376.75
2026-03-30 15:47:22.728,Q,,,,6376.5,6377.0
2026-03-30 15:47:22.730,T,6376.75,1,,,
2026-03-30 15:47:22.730,T,6376.75,1,,,
2026-03-30 15:47:22.730,T,6376.75,1,,,
2026-03-30 15:47:22.730,T,6376.75,1,,,
2026-03-30 15:47:22.730,T,6376.75,1,,,
2026-03-30 15:47:22.730,T,6376.75,1,,,
2026-03-30 15:47:22.785,Q,,,,6376.75,6377.0
2026-03-30 15:47:22.785,T,6377.0,2,,,
2026-03-30 15:47:22.785,T,6377.0,3,,,
2026-03-30 15:47:22.785,T,6377.0,1,,,
2026-03-30 15:47:22.785,T,6377.0,2,,,
2026-03-30 15:47:22.785,T,6377.0,1,,,
2026-03-30 15:47:22.785,T,6377.0,1,,,
2026-03-30 15:47:22.785,T,6377.0,2,,,
2026-03-30 15:47:22.785,T,6377.0,1,,,
2026-03-30 15:47:22.785,T,6377.0,1,,,
2026-03-30 15:47:22.785,T,6377.0,1,,,
2026-03-30 15:47:22.785,T,6377.0,1,,,
2026-03-30 15:47:22.785,T,6377.0,1,,,
2026-03-30 15:47:22.785,T,6377.0,1,,,
2026-03-30 15:47:22.785,T,6377.0,1,,,
2026-03-30 15:47:22.785,T,6377.0,1,,,
2026-03-30 15:47:22.785,T,6377.0,1,,,
2026-03-30 15:47:22.785,T,6377.0,1,,,
2026-03-30 15:47:22.785,T,6377.0,1,,,
2026-03-30 15:47:22.785,T,6377.0,1,,,
2026-03-30 15:47:22.785,T,6377.0,5,,,
2026-03-30 15:47:22.785,T,6377.0,1,,,
2026-03-30 15:47:22.785,T,6377.0,1,,,
2026-03-30 15:47:22.785,T,6377.0,1,,,
2026-03-30 15:47:22.785,T,6377.0,1,,,
2026-03-30 15:47:22.785,T,6377.0,1,,,
2026-03-30 15:47:22.785,T,6377.0,1,,,
2026-03-30 15:47:22.785,T,6377.0,1,,,
2026-03-30 15:47:22.785,T,6377.0,1,,,
2026-03-30 15:47:22.785,T,6377.25,1,,,
2026-03-30 15:47:22.785,T,6377.25,1,,,
2026-03-30 15:47:22.785,T,6377.25,1,,,
2026-03-30 15:47:22.785,T,6377.25,1,,,
2026-03-30 15:47:22.785,T,6377.25,1,,,
2026-03-30 15:47:22.785,T,6377.25,1,,,
2026-03-30 15:47:22.785,T,6377.25,1,,,
2026-03-30 15:47:22.785,T,6377.25,1,,,
2026-03-30 15:47:22.785,T,6377.25,1,,,
2026-03-30 15:47:22.785,T,6377.25,1,,,
2026-03-30 15:47:22.785,T,6377.25,2,,,
2026-03-30 15:47:22.785,T,6377.25,1,,,
2026-03-30 15:47:22.833,T,6377.0,2,,,
2026-03-30 15:47:22.833,T,6377.0,1,,,
2026-03-30 15:47:22.833,T,6377.0,1,,,
2026-03-30 15:47:22.886,Q,,,,6377.0,6377.25
2026-03-30 15:47:22.886,T,6377.0,1,,,
2026-03-30 15:47:22.886,T,6377.0,1,,,
2026-03-30 15:47:22.886,T,6377.0,1,,,
2026-03-30 15:47:22.936,T,6377.0,1,,,
2026-03-30 15:47:22.936,T,6377.0,1,,,
2026-03-30 15:47:22.936,T,6377.0,2,,,
2026-03-30 15:47:22.936,T,6377.0,1,,,
2026-03-30 15:47:22.936,T,6377.0,1,,,
2026-03-30 15:47:22.936,T,6377.0,2,,,
2026-03-30 15:47:22.936,T,6377.0,1,,,
2026-03-30 15:47:22.936,T,6377.0,1,,,
2026-03-30 15:47:23.080,Q,,,,6377.25,6377.5
2026-03-30 15:47:23.083,T,6377.25,1,,,
2026-03-30 15:47:23.083,T,6377.25,1,,,
2026-03-30 15:47:23.083,T,6377.25,5,,,
2026-03-30 15:47:23.083,T,6377.25,1,,,
2026-03-30 15:47:23.083,T,6377.25,1,,,
2026-03-30 15:47:23.083,T,6377.25,1,,,
2026-03-30 15:47:23.083,T,6377.25,1,,,
2026-03-30 15:47:23.083,T,6377.25,1,,,
2026-03-30 15:47:23.083,T,6377.25,1,,,
2026-03-30 15:47:23.083,T,6377.25,1,,,
2026-03-30 15:47:23.083,T,6377.25,2,,,
2026-03-30 15:47:23.083,T,6377.25,1,,,
2026-03-30 15:47:23.083,T,6377.25,1,,,
2026-03-30 15:47:23.083,T,6377.25,2,,,
2026-03-30 15:47:23.083,T,6377.5,2,,,
2026-03-30 15:47:23.083,T,6377.5,6,,,
2026-03-30 15:47:23.083,T,6377.5,1,,,
2026-03-30 15:47:23.083,T,6377.5,1,,,
2026-03-30 15:47:23.083,T,6377.5,1,,,
2026-03-30 15:47:23.083,T,6377.5,1,,,
2026-03-30 15:47:23.083,T,6377.5,1,,,
2026-03-30 15:47:23.083,T,6377.5,1,,,
2026-03-30 15:47:23.083,T,6377.5,1,,,
2026-03-30 15:47:23.083,T,6377.5,1,,,
2026-03-30 15:47:23.083,T,6377.5,1,,,
2026-03-30 15:47:23.083,T,6377.5,1,,,
2026-03-30 15:47:23.083,T,6377.5,1,,,
2026-03-30 15:47:23.083,T,6377.5,5,,,
2026-03-30 15:47:23.083,T,6377.5,1,,,
2026-03-30 15:47:23.083,T,6377.5,1,,,
2026-03-30 15:47:23.083,T,6377.5,1,,,
2026-03-30 15:47:23.083,T,6377.5,2,,,
2026-03-30 15:47:23.083,T,6377.5,1,,,
2026-03-30 15:47:23.083,T,6377.5,1,,,
2026-03-30 15:47:23.083,T,6377.5,2,,,
2026-03-30 15:47:23.083,T,6377.5,1,,,
2026-03-30 15:47:23.083,T,6377.5,1,,,
2026-03-30 15:47:23.083,T,6377.5,1,,,
2026-03-30 15:47:23.083,T,6377.5,1,,,
2026-03-30 15:47:23.083,T,6377.5,1,,,
2026-03-30 15:47:23.083,T,6377.5,2,,,
2026-03-30 15:47:23.083,T,6377.5,1,,,
2026-03-30 15:47:23.083,T,6377.5,1,,,
2026-03-30 15:47:23.083,T,6377.5,2,,,
2026-03-30 15:47:23.131,T,6377.25,1,,,
2026-03-30 15:47:23.131,T,6377.25,1,,,
2026-03-30 15:47:23.131,T,6377.25,1,,,
2026-03-30 15:47:23.131,T,6377.25,1,,,
2026-03-30 15:47:23.131,T,6377.25,1,,,
2026-03-30 15:47:23.131,T,6377.25,1,,,
2026-03-30 15:47:23.131,T,6377.25,1,,,
2026-03-30 15:47:23.131,T,6377.25,1,,,
2026-03-30 15:47:23.131,T,6377.25,1,,,
2026-03-30 15:47:23.131,T,6377.25,1,,,
2026-03-30 15:47:23.131,T,6377.25,1,,,
2026-03-30 15:47:23.131,T,6377.25,2,,,
2026-03-30 15:47:23.131,T,6377.25,1,,,
2026-03-30 15:47:23.131,T,6377.25,2,,,
2026-03-30 15:47:23.131,T,6377.25,1,,,
2026-03-30 15:47:23.133,Q,,,,6377.0,6377.25
2026-03-30 15:47:23.229,T,6377.25,1,,,
2026-03-30 15:47:23.229,T,6377.25,3,,,
2026-03-30 15:47:23.229,T,6377.5,2,,,
2026-03-30 15:47:23.229,T,6377.25,3,,,
2026-03-30 15:47:23.229,T,6377.25,1,,,
2026-03-30 15:47:23.229,T,6377.25,1,,,
2026-03-30 15:47:23.229,T,6377.25,1,,,
2026-03-30 15:47:23.229,T,6377.25,3,,,
2026-03-30 15:47:23.229,T,6377.25,1,,,
2026-03-30 15:47:23.229,T,6377.25,1,,,
2026-03-30 15:47:23.229,T,6377.25,1,,,
2026-03-30 15:47:23.230,Q,,,,6377.25,6377.5
2026-03-30 15:47:23.333,T,6377.25,1,,,
2026-03-30 15:47:23.430,T,6377.25,1,,,
2026-03-30 15:47:23.430,T,6377.25,1,,,
2026-03-30 15:47:23.430,T,6377.25,1,,,
2026-03-30 15:47:23.430,T,6377.25,1,,,
2026-03-30 15:47:23.430,T,6377.25,1,,,
2026-03-30 15:47:23.430,T,6377.25,2,,,
2026-03-30 15:47:23.479,Q,,,,6377.25,6377.75
2026-03-30 15:47:23.481,T,6377.5,3,,,
2026-03-30 15:47:23.481,T,6377.5,1,,,
2026-03-30 15:47:23.481,T,6377.5,1,,,
2026-03-30 15:47:23.481,T,6377.5,2,,,
2026-03-30 15:47:23.481,T,6377.5,3,,,
2026-03-30 15:47:23.481,T,6377.5,1,,,
2026-03-30 15:47:23.481,T,6377.5,2,,,
2026-03-30 15:47:23.481,T,6377.5,1,,,
2026-03-30 15:47:23.481,T,6377.5,1,,,
2026-03-30 15:47:23.481,T,6377.5,1,,,
2026-03-30 15:47:23.481,T,6377.5,1,,,
2026-03-30 15:47:23.481,T,6377.5,1,,,
2026-03-30 15:47:23.481,T,6377.5,1,,,
2026-03-30 15:47:23.481,T,6377.5,1,,,
2026-03-30 15:47:23.481,T,6377.5,1,,,
2026-03-30 15:47:23.481,T,6377.5,1,,,
2026-03-30 15:47:23.481,T,6377.5,1,,,
2026-03-30 15:47:23.481,T,6377.5,2,,,
2026-03-30 15:47:23.481,T,6377.5,1,,,
2026-03-30 15:47:23.481,T,6377.5,1,,,
2026-03-30 15:47:23.481,T,6377.5,1,,,
2026-03-30 15:47:23.481,T,6377.5,1,,,
2026-03-30 15:47:23.481,T,6377.5,1,,,
2026-03-30 15:47:23.481,T,6377.5,1,,,
2026-03-30 15:47:23.481,T,6377.5,1,,,
2026-03-30 15:47:23.481,T,6377.5,1,,,
2026-03-30 15:47:23.481,T,6377.5,1,,,
2026-03-30 15:47:23.535,T,6377.5,2,,,
2026-03-30 15:47:23.535,T,6377.5,3,,,
2026-03-30 15:47:23.535,T,6377.25,1,,,
2026-03-30 15:47:23.536,Q,,,,6377.25,6377.5
2026-03-30 15:47:23.680,Q,,,,6377.0,6377.25
2026-03-30 15:47:23.681,T,6377.25,1,,,
2026-03-30 15:47:23.681,T,6377.25,1,,,
2026-03-30 15:47:23.681,T,6377.25,1,,,
2026-03-30 15:47:23.681,T,6377.25,1,,,
2026-03-30 15:47:23.681,T,6377.25,2,,,
2026-03-30 15:47:23.681,T,6377.25,1,,,
2026-03-30 15:47:23.681,T,6377.25,1,,,
2026-03-30 15:47:23.681,T,6377.25,1,,,
2026-03-30 15:47:23.681,T,6377.25,1,,,
2026-03-30 15:47:23.681,T,6377.25,1,,,
2026-03-30 15:47:23.681,T,6377.25,1,,,
2026-03-30 15:47:23.681,T,6377.25,1,,,
2026-03-30 15:47:23.681,T,6377.25,2,,,
2026-03-30 15:47:23.681,T,6377.25,1,,,
2026-03-30 15:47:23.681,T,6377.25,1,,,
2026-03-30 15:47:23.681,T,6377.25,1,,,
2026-03-30 15:47:23.681,T,6377.25,1,,,
2026-03-30 15:47:23.681,T,6377.25,1,,,
2026-03-30 15:47:23.681,T,6377.25,1,,,
2026-03-30 15:47:23.735,T,6377.25,3,,,
2026-03-30 15:47:23.735,Q,,,,6377.25,6377.5
2026-03-30 15:47:23.831,T,6377.25,1,,,
2026-03-30 15:47:23.885,T,6377.25,1,,,
2026-03-30 15:47:23.885,T,6377.25,1,,,
2026-03-30 15:47:23.885,T,6377.25,1,,,
2026-03-30 15:47:23.885,T,6377.25,1,,,
2026-03-30 15:47:23.885,T,6377.25,1,,,
2026-03-30 15:47:23.886,Q,,,,6377.0,6377.25
2026-03-30 15:47:24.080,T,6377.25,1,,,
2026-03-30 15:47:24.080,T,6377.25,1,,,
2026-03-30 15:47:24.080,T,6377.25,4,,,
2026-03-30 15:47:24.080,T,6377.25,1,,,
2026-03-30 15:47:24.080,T,6377.25,1,,,
2026-03-30 15:47:24.080,T,6377.25,1,,,
2026-03-30 15:47:24.080,T,6377.25,1,,,
2026-03-30 15:47:24.080,T,6377.25,1,,,
2026-03-30 15:47:24.081,Q,,,,6377.25,6377.5
2026-03-30 15:47:24.884,T,6377.5,1,,,
2026-03-30 15:47:24.884,T,6377.25,1,,,
2026-03-30 15:47:24.985,T,6377.25,1,,,
2026-03-30 15:47:25.131,T,6377.25,1,,,
2026-03-30 15:47:25.131,T,6377.25,1,,,
2026-03-30 15:47:25.131,T,6377.25,1,,,
2026-03-30 15:47:25.131,T,6377.25,1,,,
2026-03-30 15:47:25.131,T,6377.25,1,,,
2026-03-30 15:47:25.131,T,6377.25,2,,,
2026-03-30 15:47:25.131,T,6377.25,2,,,
2026-03-30 15:47:25.131,T,6377.25,1,,,
2026-03-30 15:47:25.131,T,6377.25,1,,,
2026-03-30 15:47:25.131,T,6377.25,1,,,
2026-03-30 15:47:25.131,T,6377.25,1,,,
2026-03-30 15:47:25.131,T,6377.25,1,,,
2026-03-30 15:47:25.131,T,6377.25,1,,,
2026-03-30 15:47:25.131,T,6377.25,1,,,
2026-03-30 15:47:25.131,T,6377.25,2,,,
2026-03-30 15:47:25.131,T,6377.25,3,,,
2026-03-30 15:47:25.131,T,6377.25,1,,,
2026-03-30 15:47:25.131,T,6377.25,1,,,
2026-03-30 15:47:25.131,T,6377.25,2,,,
2026-03-30 15:47:25.131,T,6377.25,1,,,
2026-03-30 15:47:25.131,T,6377.25,1,,,
2026-03-30 15:47:25.131,T,6377.25,1,,,
2026-03-30 15:47:25.131,T,6377.25,1,,,
2026-03-30 15:47:25.131,T,6377.25,1,,,
2026-03-30 15:47:25.131,T,6377.25,3,,,
2026-03-30 15:47:25.131,T,6377.25,1,,,
2026-03-30 15:47:25.133,Q,,,,6377.0,6377.5
2026-03-30 15:47:25.186,T,6377.0,1,,,
2026-03-30 15:47:25.186,Q,,,,6377.25,6377.5
2026-03-30 15:47:25.236,T,6377.25,1,,,
2026-03-30 15:47:25.236,T,6377.25,1,,,
2026-03-30 15:47:25.236,T,6377.25,1,,,
2026-03-30 15:47:25.236,T,6377.25,1,,,
2026-03-30 15:47:25.236,T,6377.25,1,,,
2026-03-30 15:47:25.236,T,6377.25,2,,,
2026-03-30 15:47:25.236,T,6377.25,3,,,
2026-03-30 15:47:25.236,T,6377.25,1,,,
2026-03-30 15:47:25.586,Q,,,,6377.5,6377.75
2026-03-30 15:47:25.587,T,6377.5,1,,,
2026-03-30 15:47:25.587,T,6377.5,1,,,
2026-03-30 15:47:25.587,T,6377.5,1,,,
2026-03-30 15:47:25.587,T,6377.5,1,,,
2026-03-30 15:47:25.587,T,6377.5,3,,,
2026-03-30 15:47:25.587,T,6377.5,1,,,
2026-03-30 15:47:25.587,T,6377.5,1,,,
2026-03-30 15:47:25.587,T,6377.5,1,,,
2026-03-30 15:47:25.587,T,6377.5,1,,,
2026-03-30 15:47:25.587,T,6377.5,2,,,
2026-03-30 15:47:25.680,Q,,,,6377.25,6377.5
2026-03-30 15:47:25.680,T,6377.5,1,,,
2026-03-30 15:47:25.680,T,6377.5,1,,,
2026-03-30 15:47:25.784,T,6377.5,1,,,
2026-03-30 15:47:25.784,T,6377.5,2,,,
2026-03-30 15:47:25.884,T,6377.5,1,,,
2026-03-30 15:47:25.884,T,6377.5,1,,,
2026-03-30 15:47:25.884,T,6377.5,1,,,
2026-03-30 15:47:25.885,Q,,,,6377.5,6377.75
2026-03-30 15:47:26.083,Q,,,,6377.25,6377.75
2026-03-30 15:47:26.083,T,6377.5,3,,,
2026-03-30 15:47:26.083,T,6377.5,1,,,
2026-03-30 15:47:26.083,T,6377.5,1,,,
2026-03-30 15:47:26.083,T,6377.5,1,,,
2026-03-30 15:47:26.083,T,6377.5,2,,,
2026-03-30 15:47:26.083,T,6377.5,1,,,
2026-03-30 15:47:26.083,T,6377.5,1,,,
2026-03-30 15:47:26.236,Q,,,,6377.25,6377.5
2026-03-30 15:47:26.379,T,6377.5,2,,,
2026-03-30 15:47:26.840,T,6377.25,1,,,
2026-03-30 15:47:26.840,T,6377.25,1,,,
2026-03-30 15:47:26.840,T,6377.25,1,,,
2026-03-30 15:47:26.840,T,6377.25,1,,,
2026-03-30 15:47:26.840,T,6377.25,1,,,
2026-03-30 15:47:26.840,T,6377.25,1,,,
2026-03-30 15:47:26.840,T,6377.25,1,,,
2026-03-30 15:47:26.840,T,6377.25,2,,,
2026-03-30 15:47:26.840,T,6377.25,4,,,
2026-03-30 15:47:26.840,T,6377.25,1,,,
2026-03-30 15:47:26.840,T,6377.25,1,,,
2026-03-30 15:47:26.840,T,6377.25,1,,,
2026-03-30 15:47:26.840,T,6377.25,1,,,
2026-03-30 15:47:27.016,T,6377.25,1,,,
2026-03-30 15:47:27.016,T,6377.25,1,,,
2026-03-30 15:47:27.016,T,6377.25,1,,,
2026-03-30 15:47:27.016,T,6377.25,1,,,
2026-03-30 15:47:27.016,T,6377.25,1,,,
2026-03-30 15:47:27.016,T,6377.25,1,,,
2026-03-30 15:47:27.016,T,6377.25,1,,,
2026-03-30 15:47:27.017,Q,,,,6377.0,6377.5
2026-03-30 15:47:27.084,Q,,,,6377.25,6377.5
2026-03-30 15:47:27.084,T,6377.25,1,,,
2026-03-30 15:47:27.136,T,6377.25,1,,,
2026-03-30 15:47:27.136,Q,,,,6377.0,6377.5
2026-03-30 15:47:27.180,Q,,,,6377.0,6377.25
2026-03-30 15:47:27.181,T,6377.0,1,,,
2026-03-30 15:47:27.284,T,6377.0,1,,,
2026-03-30 15:47:27.284,T,6377.0,1,,,
2026-03-30 15:47:27.284,T,6377.0,1,,,
2026-03-30 15:47:27.284,T,6377.0,1,,,
2026-03-30 15:47:27.284,T,6377.0,1,,,
2026-03-30 15:47:27.284,T,6377.0,1,,,
2026-03-30 15:47:27.284,T,6377.0,2,,,
2026-03-30 15:47:27.284,T,6377.0,1,,,
2026-03-30 15:47:27.284,T,6377.0,1,,,
2026-03-30 15:47:27.284,T,6377.0,1,,,
2026-03-30 15:47:27.284,T,6377.0,2,,,
2026-03-30 15:47:27.284,T,6377.0,1,,,
2026-03-30 15:47:27.284,T,6377.0,1,,,
2026-03-30 15:47:27.284,T,6377.0,1,,,
2026-03-30 15:47:27.284,T,6377.0,2,,,
2026-03-30 15:47:27.284,T,6377.0,1,,,
2026-03-30 15:47:27.329,T,6377.0,2,,,
2026-03-30 15:47:27.630,T,6377.25,1,,,
2026-03-30 15:47:27.630,T,6377.25,1,,,
2026-03-30 15:47:27.630,T,6377.25,1,,,
2026-03-30 15:47:27.630,T,6377.25,1,,,
2026-03-30 15:47:27.630,T,6377.25,1,,,
2026-03-30 15:47:27.630,T,6377.25,1,,,
2026-03-30 15:47:27.630,T,6377.25,1,,,
2026-03-30 15:47:27.630,T,6377.25,1,,,
2026-03-30 15:47:27.630,T,6377.25,1,,,
2026-03-30 15:47:27.630,T,6377.25,1,,,
2026-03-30 15:47:27.630,T,6377.25,1,,,
2026-03-30 15:47:27.630,T,6377.25,2,,,
2026-03-30 15:47:27.630,T,6377.25,1,,,
2026-03-30 15:47:27.630,T,6377.25,1,,,
2026-03-30 15:47:27.733,T,6377.0,2,,,
2026-03-30 15:47:27.733,T,6377.0,2,,,
2026-03-30 15:47:28.131,T,6377.0,1,,,
2026-03-30 15:47:28.178,T,6377.25,1,,,
2026-03-30 15:47:28.178,T,6377.25,1,,,
2026-03-30 15:47:28.178,T,6377.25,1,,,
2026-03-30 15:47:28.178,T,6377.25,1,,,
2026-03-30 15:47:28.179,Q,,,,6377.25,6377.5
2026-03-30 15:47:28.680,T,6377.25,1,,,
2026-03-30 15:47:28.680,T,6377.25,1,,,
2026-03-30 15:47:28.783,T,6377.25,1,,,
2026-03-30 15:47:29.235,T,6377.5,1,,,
2026-03-30 15:47:29.235,T,6377.5,2,,,
2026-03-30 15:47:29.235,T,6377.5,1,,,
2026-03-30 15:47:29.235,T,6377.5,1,,,
2026-03-30 15:47:29.235,T,6377.5,2,,,
2026-03-30 15:47:29.235,T,6377.5,1,,,
2026-03-30 15:47:29.235,T,6377.5,1,,,
2026-03-30 15:47:29.235,T,6377.5,1,,,
2026-03-30 15:47:29.235,T,6377.5,1,,,
2026-03-30 15:47:29.235,T,6377.5,1,,,
2026-03-30 15:47:29.235,T,6377.5,1,,,
2026-03-30 15:47:29.235,T,6377.5,1,,,
2026-03-30 15:47:29.235,T,6377.5,1,,,
2026-03-30 15:47:29.235,T,6377.5,1,,,
2026-03-30 15:47:29.235,T,6377.5,1,,,
2026-03-30 15:47:29.235,T,6377.5,1,,,
2026-03-30 15:47:29.235,T,6377.25,1,,,
2026-03-30 15:47:29.331,T,6377.5,1,,,
2026-03-30 15:47:29.331,T,6377.5,1,,,
2026-03-30 15:47:29.331,T,6377.5,1,,,
2026-03-30 15:47:29.331,T,6377.5,1,,,
2026-03-30 15:47:29.331,T,6377.5,2,,,
2026-03-30 15:47:29.634,T,6377.25,1,,,
2026-03-30 15:47:29.634,T,6377.25,1,,,
2026-03-30 15:47:30.282,T,6377.5,1,,,
2026-03-30 15:47:30.282,T,6377.5,1,,,
2026-03-30 15:47:30.282,T,6377.5,1,,,
2026-03-30 15:47:30.282,T,6377.5,1,,,
2026-03-30 15:47:30.282,T,6377.5,1,,,
2026-03-30 15:47:30.282,T,6377.5,1,,,
2026-03-30 15:47:30.282,T,6377.5,1,,,
2026-03-30 15:47:30.282,T,6377.5,1,,,
2026-03-30 15:47:30.282,T,6377.5,1,,,
2026-03-30 15:47:30.330,T,6377.5,1,,,
2026-03-30 15:47:30.330,T,6377.5,1,,,
2026-03-30 15:47:30.330,T,6377.5,1,,,
2026-03-30 15:47:30.330,T,6377.5,3,,,
2026-03-30 15:47:30.330,T,6377.5,3,,,
2026-03-30 15:47:30.330,T,6377.5,2,,,
2026-03-30 15:47:30.330,T,6377.5,1,,,
2026-03-30 15:47:30.330,T,6377.5,1,,,
2026-03-30 15:47:30.330,T,6377.5,3,,,
2026-03-30 15:47:30.331,Q,,,,6377.5,6377.75
2026-03-30 15:47:30.385,T,6377.75,1,,,
2026-03-30 15:47:30.385,T,6377.75,1,,,
2026-03-30 15:47:30.586,T,6377.75,1,,,
2026-03-30 15:47:30.682,T,6377.75,1,,,
2026-03-30 15:47:30.682,T,6377.75,1,,,
2026-03-30 15:47:30.682,T,6377.75,1,,,
2026-03-30 15:47:30.682,T,6377.75,1,,,
2026-03-30 15:47:30.682,T,6377.75,1,,,
2026-03-30 15:47:30.682,T,6377.75,1,,,
2026-03-30 15:47:30.682,T,6377.75,1,,,
2026-03-30 15:47:30.682,T,6377.75,1,,,
2026-03-30 15:47:30.682,T,6377.75,1,,,
2026-03-30 15:47:30.682,T,6377.75,1,,,
2026-03-30 15:47:30.682,T,6377.75,1,,,
2026-03-30 15:47:30.682,T,6377.75,1,,,
2026-03-30 15:47:30.682,T,6377.75,4,,,
2026-03-30 15:47:30.682,T,6377.75,2,,,
2026-03-30 15:47:30.682,T,6377.75,8,,,
2026-03-30 15:47:30.682,T,6377.75,1,,,
2026-03-30 15:47:30.682,T,6377.75,2,,,
2026-03-30 15:47:30.682,T,6377.75,1,,,
2026-03-30 15:47:30.682,T,6377.75,1,,,
2026-03-30 15:47:30.682,T,6377.75,1,,,
2026-03-30 15:47:30.682,T,6377.75,1,,,
2026-03-30 15:47:30.682,T,6377.75,1,,,
2026-03-30 15:47:30.682,T,6377.75,1,,,
2026-03-30 15:47:30.682,T,6377.75,1,,,
2026-03-30 15:47:30.684,Q,,,,6377.75,6378.0
2026-03-30 15:47:30.780,T,6377.75,1,,,
2026-03-30 15:47:30.780,T,6377.75,3,,,
2026-03-30 15:47:30.780,T,6377.75,3,,,
2026-03-30 15:47:30.780,T,6377.75,1,,,
2026-03-30 15:47:30.780,T,6377.75,1,,,
2026-03-30 15:47:30.780,T,6377.75,1,,,
2026-03-30 15:47:30.780,T,6377.75,2,,,
2026-03-30 15:47:30.780,T,6377.75,1,,,
2026-03-30 15:47:30.780,T,6377.75,1,,,
2026-03-30 15:47:30.780,T,6377.75,2,,,
2026-03-30 15:47:30.780,T,6377.75,1,,,
2026-03-30 15:47:30.780,T,6377.75,1,,,
2026-03-30 15:47:30.780,T,6377.75,1,,,
2026-03-30 15:47:30.780,T,6377.75,5,,,
2026-03-30 15:47:30.780,T,6377.75,1,,,
2026-03-30 15:47:30.780,T,6377.75,1,,,
2026-03-30 15:47:30.780,T,6377.75,1,,,
2026-03-30 15:47:30.780,T,6377.75,1,,,
2026-03-30 15:47:30.780,T,6377.75,1,,,
2026-03-30 15:47:30.780,T,6377.75,1,,,
2026-03-30 15:47:30.780,T,6377.75,1,,,
2026-03-30 15:47:30.780,T,6377.75,1,,,
2026-03-30 15:47:30.780,T,6377.75,1,,,
2026-03-30 15:47:30.780,T,6377.75,1,,,
2026-03-30 15:47:30.780,T,6377.75,1,,,
2026-03-30 15:47:30.780,T,6377.75,1,,,
2026-03-30 15:47:30.780,T,6377.75,1,,,
2026-03-30 15:47:30.780,T,6377.75,1,,,
2026-03-30 15:47:30.780,T,6377.75,1,,,
2026-03-30 15:47:30.780,T,6377.75,1,,,
2026-03-30 15:47:30.780,T,6377.75,1,,,
2026-03-30 15:47:30.784,T,6377.75,3,,,
2026-03-30 15:47:30.784,T,6377.75,1,,,
2026-03-30 15:47:30.784,T,6377.5,1,,,
2026-03-30 15:47:30.784,Q,,,,6377.5,6377.75
2026-03-30 15:47:30.831,T,6377.5,1,,,
2026-03-30 15:47:30.934,T,6377.75,1,,,
2026-03-30 15:47:31.136,T,6377.5,1,,,
2026-03-30 15:47:31.136,T,6377.75,1,,,
2026-03-30 15:47:31.282,T,6377.5,1,,,
2026-03-30 15:47:31.378,T,6377.75,1,,,
2026-03-30 15:47:31.378,T,6377.75,1,,,
2026-03-30 15:47:31.378,T,6377.75,1,,,
2026-03-30 15:47:31.378,T,6377.75,1,,,
2026-03-30 15:47:31.378,T,6377.75,1,,,
2026-03-30 15:47:31.378,T,6377.75,1,,,
2026-03-30 15:47:31.378,T,6377.75,2,,,
2026-03-30 15:47:31.378,T,6377.75,1,,,
2026-03-30 15:47:31.378,T,6377.75,1,,,
2026-03-30 15:47:31.378,T,6377.75,1,,,
2026-03-30 15:47:31.485,T,6377.5,1,,,
2026-03-30 15:47:31.585,T,6377.5,1,,,
2026-03-30 15:47:31.831,T,6377.5,1,,,
2026-03-30 15:47:31.831,T,6377.5,1,,,
2026-03-30 15:47:31.831,T,6377.5,1,,,
2026-03-30 15:47:31.831,T,6377.5,1,,,
2026-03-30 15:47:31.831,T,6377.5,1,,,
2026-03-30 15:47:31.831,T,6377.5,1,,,
2026-03-30 15:47:31.831,T,6377.5,1,,,
2026-03-30 15:47:31.831,T,6377.5,1,,,
2026-03-30 15:47:31.831,T,6377.5,2,,,
2026-03-30 15:47:31.831,T,6377.5,2,,,
2026-03-30 15:47:31.831,T,6377.5,1,,,
2026-03-30 15:47:31.831,T,6377.5,4,,,
2026-03-30 15:47:31.831,T,6377.5,1,,,
2026-03-30 15:47:31.831,T,6377.5,1,,,
2026-03-30 15:47:31.831,T,6377.5,1,,,
2026-03-30 15:47:31.831,T,6377.5,1,,,
2026-03-30 15:47:31.831,T,6377.5,1,,,
2026-03-30 15:47:31.831,T,6377.5,1,,,
2026-03-30 15:47:31.831,T,6377.5,1,,,
2026-03-30 15:47:31.831,T,6377.5,2,,,
2026-03-30 15:47:31.831,T,6377.5,1,,,
2026-03-30 15:47:31.831,T,6377.5,1,,,
2026-03-30 15:47:31.831,T,6377.75,1,,,
2026-03-30 15:47:31.933,T,6377.5,1,,,
2026-03-30 15:47:31.978,Q,,,,6377.25,6377.75
2026-03-30 15:47:31.981,Q,,,,6377.25,6377.5
2026-03-30 15:47:32.082,T,6377.25,1,,,
2026-03-30 15:47:32.082,T,6377.25,3,,,
2026-03-30 15:47:32.082,T,6377.5,3,,,
2026-03-30 15:47:32.082,T,6377.5,2,,,
2026-03-30 15:47:32.184,T,6377.25,1,,,
2026-03-30 15:47:33.237,T,6377.5,1,,,
2026-03-30 15:47:33.237,T,6377.25,1,,,
2026-03-30 15:47:33.428,T,6377.5,1,,,
2026-03-30 15:47:33.428,T,6377.5,1,,,
2026-03-30 15:47:33.428,T,6377.5,1,,,
2026-03-30 15:47:33.428,T,6377.5,1,,,
2026-03-30 15:47:33.428,T,6377.5,1,,,
2026-03-30 15:47:33.428,T,6377.5,1,,,
2026-03-30 15:47:33.428,T,6377.5,1,,,
2026-03-30 15:47:33.428,T,6377.5,1,,,
2026-03-30 15:47:33.428,T,6377.5,1,,,
2026-03-30 15:47:33.428,T,6377.5,1,,,
2026-03-30 15:47:33.428,T,6377.5,1,,,
2026-03-30 15:47:33.428,T,6377.5,1,,,
2026-03-30 15:47:33.428,T,6377.5,1,,,
2026-03-30 15:47:33.428,T,6377.5,1,,,
2026-03-30 15:47:33.428,T,6377.5,1,,,
2026-03-30 15:47:33.430,Q,,,,6377.5,6377.75
2026-03-30 15:47:33.732,Q,,,,6377.75,6378.0
2026-03-30 15:47:33.732,T,6377.75,1,,,
2026-03-30 15:47:33.732,T,6377.75,1,,,
2026-03-30 15:47:33.732,T,6377.75,1,,,
2026-03-30 15:47:33.732,T,6377.75,1,,,
2026-03-30 15:47:33.732,T,6377.75,1,,,
2026-03-30 15:47:33.732,T,6377.75,1,,,
2026-03-30 15:47:33.732,T,6377.75,1,,,
2026-03-30 15:47:33.732,T,6377.75,1,,,
2026-03-30 15:47:33.732,T,6377.75,2,,,
2026-03-30 15:47:33.732,T,6377.75,1,,,
2026-03-30 15:47:33.732,T,6377.75,1,,,
2026-03-30 15:47:33.785,T,6377.75,1,,,
2026-03-30 15:47:33.785,T,6377.75,1,,,
2026-03-30 15:47:33.785,T,6377.75,1,,,
2026-03-30 15:47:33.785,T,6377.75,2,,,
2026-03-30 15:47:33.785,T,6377.75,1,,,
2026-03-30 15:47:33.785,T,6377.75,1,,,
2026-03-30 15:47:33.785,T,6377.75,1,,,
2026-03-30 15:47:33.785,T,6377.75,2,,,
2026-03-30 15:47:33.785,T,6377.75,1,,,
2026-03-30 15:47:33.785,T,6377.75,2,,,
2026-03-30 15:47:33.785,T,6377.75,1,,,
2026-03-30 15:47:33.785,T,6377.75,1,,,
2026-03-30 15:47:33.785,T,6377.75,1,,,
2026-03-30 15:47:33.785,T,6377.75,1,,,
2026-03-30 15:47:33.785,T,6378.0,1,,,
2026-03-30 15:47:33.785,T,6378.0,1,,,
2026-03-30 15:47:33.785,T,6378.0,1,,,
2026-03-30 15:47:33.785,T,6378.0,1,,,
2026-03-30 15:47:33.785,T,6378.0,1,,,
2026-03-30 15:47:33.785,T,6378.0,1,,,
2026-03-30 15:47:33.785,T,6378.0,1,,,
2026-03-30 15:47:33.785,T,6377.75,1,,,
2026-03-30 15:47:33.785,T,6377.75,1,,,
2026-03-30 15:47:33.785,T,6377.75,1,,,
2026-03-30 15:47:33.785,T,6377.75,1,,,
2026-03-30 15:47:33.785,T,6377.75,1,,,
2026-03-30 15:47:33.785,T,6377.75,1,,,
2026-03-30 15:47:33.785,T,6378.0,1,,,
2026-03-30 15:47:33.785,T,6378.0,1,,,
2026-03-30 15:47:33.785,T,6378.0,1,,,
2026-03-30 15:47:33.785,T,6378.0,1,,,
2026-03-30 15:47:33.785,T,6378.0,1,,,
2026-03-30 15:47:33.785,T,6378.0,3,,,
2026-03-30 15:47:33.785,T,6378.0,1,,,
2026-03-30 15:47:33.785,T,6378.0,5,,,
2026-03-30 15:47:33.785,T,6378.0,1,,,
2026-03-30 15:47:33.785,T,6378.0,1,,,
2026-03-30 15:47:33.785,T,6378.0,1,,,
2026-03-30 15:47:33.785,T,6378.0,1,,,
2026-03-30 15:47:33.785,T,6378.0,1,,,
2026-03-30 15:47:33.785,T,6378.0,1,,,
2026-03-30 15:47:33.785,T,6378.0,1,,,
2026-03-30 15:47:33.785,T,6378.0,1,,,
2026-03-30 15:47:33.785,T,6378.0,2,,,
2026-03-30 15:47:33.785,T,6378.0,1,,,
2026-03-30 15:47:33.785,T,6378.0,1,,,
2026-03-30 15:47:34.085,T,6378.0,1,,,
2026-03-30 15:47:34.085,T,6378.0,1,,,
2026-03-30 15:47:34.085,T,6378.0,1,,,
2026-03-30 15:47:34.085,T,6378.0,1,,,
2026-03-30 15:47:34.136,T,6377.75,2,,,
2026-03-30 15:47:34.136,T,6378.0,1,,,
2026-03-30 15:47:34.183,T,6378.0,1,,,
2026-03-30 15:47:34.183,T,6378.0,1,,,
2026-03-30 15:47:34.183,T,6378.0,1,,,
2026-03-30 15:47:34.183,T,6378.0,2,,,
2026-03-30 15:47:34.183,T,6378.0,3,,,
2026-03-30 15:47:34.183,T,6378.0,1,,,
2026-03-30 15:47:34.183,T,6378.0,1,,,
2026-03-30 15:47:34.183,T,6378.0,1,,,
2026-03-30 15:47:34.183,T,6378.0,1,,,
2026-03-30 15:47:34.183,T,6378.0,1,,,
2026-03-30 15:47:34.183,T,6378.0,1,,,
2026-03-30 15:47:34.183,T,6378.0,1,,,
2026-03-30 15:47:34.183,T,6378.0,1,,,
2026-03-30 15:47:34.183,T,6378.0,1,,,
2026-03-30 15:47:34.185,Q,,,,6378.0,6378.25
2026-03-30 15:47:34.234,T,6378.0,1,,,
2026-03-30 15:47:34.283,T,6378.25,1,,,
2026-03-30 15:47:34.283,T,6378.25,1,,,
2026-03-30 15:47:34.283,T,6378.25,1,,,
2026-03-30 15:47:34.283,T,6378.25,1,,,
2026-03-30 15:47:34.283,T,6378.25,1,,,
2026-03-30 15:47:34.283,T,6378.25,1,,,
2026-03-30 15:47:34.283,T,6378.25,1,,,
2026-03-30 15:47:34.283,T,6378.25,1,,,
2026-03-30 15:47:34.283,T,6378.25,1,,,
2026-03-30 15:47:34.283,T,6378.25,3,,,
2026-03-30 15:47:34.283,T,6378.25,1,,,
2026-03-30 15:47:34.283,T,6378.25,1,,,
2026-03-30 15:47:34.283,T,6378.25,1,,,
2026-03-30 15:47:34.283,T,6378.25,4,,,
2026-03-30 15:47:34.283,T,6378.25,1,,,
2026-03-30 15:47:34.283,T,6378.25,1,,,
2026-03-30 15:47:34.283,T,6378.25,1,,,
2026-03-30 15:47:34.283,T,6378.25,1,,,
2026-03-30 15:47:34.283,T,6378.25,1,,,
2026-03-30 15:47:34.283,T,6378.25,1,,,
2026-03-30 15:47:34.283,T,6378.25,1,,,
2026-03-30 15:47:34.283,T,6378.25,1,,,
2026-03-30 15:47:34.283,T,6378.25,1,,,
2026-03-30 15:47:34.283,T,6378.25,1,,,
2026-03-30 15:47:34.283,T,6378.25,1,,,
2026-03-30 15:47:34.283,T,6378.25,2,,,
2026-03-30 15:47:34.283,T,6378.25,1,,,
2026-03-30 15:47:34.283,T,6378.25,1,,,
2026-03-30 15:47:34.283,T,6378.25,1,,,
2026-03-30 15:47:34.283,T,6378.25,1,,,
2026-03-30 15:47:34.283,T,6378.25,1,,,
2026-03-30 15:47:34.283,T,6378.25,1,,,
2026-03-30 15:47:34.283,T,6378.25,1,,,
2026-03-30 15:47:34.283,T,6378.25,1,,,
2026-03-30 15:47:34.283,T,6378.25,10,,,
2026-03-30 15:47:34.283,T,6378.25,12,,,
2026-03-30 15:47:34.283,T,6378.25,1,,,
2026-03-30 15:47:34.283,T,6378.25,2,,,
2026-03-30 15:47:34.283,T,6378.25,3,,,
2026-03-30 15:47:34.332,T,6378.25,9,,,
2026-03-30 15:47:34.332,T,6378.25,1,,,
2026-03-30 15:47:34.332,T,6378.25,1,,,
2026-03-30 15:47:34.332,T,6378.25,1,,,
2026-03-30 15:47:34.332,T,6378.25,1,,,
2026-03-30 15:47:34.332,T,6378.25,1,,,
2026-03-30 15:47:34.332,T,6378.25,1,,,
2026-03-30 15:47:34.332,T,6378.25,1,,,
2026-03-30 15:47:34.332,T,6378.25,1,,,
2026-03-30 15:47:34.332,T,6378.25,1,,,
2026-03-30 15:47:34.332,T,6378.25,1,,,
2026-03-30 15:47:34.332,T,6378.25,3,,,
2026-03-30 15:47:34.332,T,6378.25,1,,,
2026-03-30 15:47:34.332,T,6378.25,1,,,
2026-03-30 15:47:34.332,T,6378.25,1,,,
2026-03-30 15:47:34.332,T,6378.25,1,,,
2026-03-30 15:47:34.332,T,6378.25,1,,,
2026-03-30 15:47:34.332,T,6378.25,3,,,
2026-03-30 15:47:34.332,T,6378.25,2,,,
2026-03-30 15:47:34.379,T,6378.0,1,,,
2026-03-30 15:47:34.379,T,6378.0,1,,,
2026-03-30 15:47:34.379,T,6378.25,1,,,
2026-03-30 15:47:34.379,T,6378.0,2,,,
2026-03-30 15:47:34.379,T,6378.0,1,,,
2026-03-30 15:47:34.379,T,6378.0,1,,,
2026-03-30 15:47:34.379,T,6378.0,1,,,
2026-03-30 15:47:34.379,T,6378.0,1,,,
2026-03-30 15:47:34.379,T,6378.0,2,,,
2026-03-30 15:47:34.379,T,6378.0,1,,,
2026-03-30 15:47:34.380,Q,,,,6377.75,6378.0
2026-03-30 15:47:34.479,T,6378.0,1,,,
2026-03-30 15:47:34.479,T,6378.0,1,,,
2026-03-30 15:47:34.479,T,6378.0,1,,,
2026-03-30 15:47:34.479,T,6378.0,2,,,
2026-03-30 15:47:34.479,T,6378.0,1,,,
2026-03-30 15:47:34.479,T,6378.0,1,,,
2026-03-30 15:47:34.479,T,6378.0,1,,,
2026-03-30 15:47:34.634,Q,,,,6377.5,6377.75
2026-03-30 15:47:34.634,T,6377.75,1,,,
2026-03-30 15:47:34.634,T,6377.75,1,,,
2026-03-30 15:47:34.634,T,6377.75,1,,,
2026-03-30 15:47:34.634,T,6377.75,1,,,
2026-03-30 15:47:34.634,T,6377.75,1,,,
2026-03-30 15:47:34.634,T,6377.75,1,,,
2026-03-30 15:47:34.634,T,6377.75,1,,,
2026-03-30 15:47:34.634,T,6377.75,1,,,
2026-03-30 15:47:34.680,T,6377.75,1,,,
2026-03-30 15:47:34.680,T,6377.75,3,,,
2026-03-30 15:47:34.680,T,6377.75,3,,,
2026-03-30 15:47:34.680,T,6377.75,1,,,
2026-03-30 15:47:34.681,Q,,,,6377.75,6378.0
2026-03-30 15:47:34.728,T,6378.0,1,,,
2026-03-30 15:47:35.085,T,6378.0,1,,,
2026-03-30 15:47:35.085,T,6378.0,1,,,
2026-03-30 15:47:35.085,T,6378.0,1,,,
2026-03-30 15:47:35.085,T,6378.0,1,,,
2026-03-30 15:47:35.085,T,6378.0,1,,,
2026-03-30 15:47:35.085,T,6378.0,1,,,
2026-03-30 15:47:35.085,T,6378.0,1,,,
2026-03-30 15:47:35.129,Q,,,,6377.75,6378.25
2026-03-30 15:47:35.235,Q,,,,6378.0,6378.25
2026-03-30 15:47:35.285,Q,,,,6378.75,6379.0
2026-03-30 15:47:35.287,T,6378.25,39,,,
2026-03-30 15:47:35.287,T,6378.25,1,,,
2026-03-30 15:47:35.287,T,6378.25,2,,,
2026-03-30 15:47:35.287,T,6378.25,2,,,
2026-03-30 15:47:35.287,T,6378.25,1,,,
2026-03-30 15:47:35.287,T,6378.25,1,,,
2026-03-30 15:47:35.287,T,6378.25,1,,,
2026-03-30 15:47:35.287,T,6378.25,1,,,
2026-03-30 15:47:35.287,T,6378.25,1,,,
2026-03-30 15:47:35.287,T,6378.25,1,,,
2026-03-30 15:47:35.287,T,6378.25,1,,,
2026-03-30 15:47:35.287,T,6378.25,1,,,
2026-03-30 15:47:35.287,T,6378.25,1,,,
2026-03-30 15:47:35.287,T,6378.25,1,,,
2026-03-30 15:47:35.287,T,6378.5,1,,,
2026-03-30 15:47:35.287,T,6378.5,1,,,
2026-03-30 15:47:35.287,T,6378.5,1,,,
2026-03-30 15:47:35.287,T,6378.5,1,,,
2026-03-30 15:47:35.287,T,6378.5,4,,,
2026-03-30 15:47:35.287,T,6378.5,1,,,
2026-03-30 15:47:35.287,T,6378.5,1,,,
2026-03-30 15:47:35.287,T,6378.5,1,,,
2026-03-30 15:47:35.287,T,6378.5,1,,,
2026-03-30 15:47:35.287,T,6378.5,1,,,
2026-03-30 15:47:35.287,T,6378.5,1,,,
2026-03-30 15:47:35.287,T,6378.5,1,,,
2026-03-30 15:47:35.287,T,6378.5,1,,,
2026-03-30 15:47:35.287,T,6378.5,1,,,
2026-03-30 15:47:35.287,T,6378.5,1,,,
2026-03-30 15:47:35.287,T,6378.5,3,,,
2026-03-30 15:47:35.287,T,6378.5,1,,,
2026-03-30 15:47:35.287,T,6378.5,1,,,
2026-03-30 15:47:35.287,T,6378.5,1,,,
2026-03-30 15:47:35.287,T,6378.5,1,,,
2026-03-30 15:47:35.287,T,6378.5,1,,,
2026-03-30 15:47:35.287,T,6378.5,1,,,
2026-03-30 15:47:35.287,T,6378.5,1,,,
2026-03-30 15:47:35.287,T,6378.5,1,,,
2026-03-30 15:47:35.287,T,6378.5,1,,,
2026-03-30 15:47:35.287,T,6378.5,1,,,
2026-03-30 15:47:35.287,T,6378.5,5,,,
2026-03-30 15:47:35.287,T,6378.5,1,,,
2026-03-30 15:47:35.287,T,6378.5,1,,,
2026-03-30 15:47:35.287,T,6378.5,6,,,
2026-03-30 15:47:35.287,T,6378.5,1,,,
2026-03-30 15:47:35.287,T,6378.5,3,,,
2026-03-30 15:47:35.287,T,6378.5,1,,,
2026-03-30 15:47:35.287,T,6378.5,2,,,
2026-03-30 15:47:35.287,T,6378.5,1,,,
2026-03-30 15:47:35.287,T,6378.5,1,,,
2026-03-30 15:47:35.287,T,6378.5,1,,,
2026-03-30 15:47:35.287,T,6378.5,1,,,
2026-03-30 15:47:35.287,T,6378.5,1,,,
2026-03-30 15:47:35.287,T,6378.5,1,,,
2026-03-30 15:47:35.287,T,6378.5,1,,,
2026-03-30 15:47:35.287,T,6378.5,1,,,
2026-03-30 15:47:35.287,T,6378.5,1,,,
2026-03-30 15:47:35.287,T,6378.75,1,,,
2026-03-30 15:47:35.287,T,6378.75,1,,,
2026-03-30 15:47:35.287,T,6378.75,1,,,
2026-03-30 15:47:35.287,T,6378.75,1,,,
2026-03-30 15:47:35.287,T,6378.75,3,,,
2026-03-30 15:47:35.287,T,6378.75,1,,,
2026-03-30 15:47:35.287,T,6378.75,1,,,
2026-03-30 15:47:35.287,T,6378.75,1,,,
2026-03-30 15:47:35.287,T,6378.75,1,,,
2026-03-30 15:47:35.287,T,6378.75,1,,,
2026-03-30 15:47:35.287,T,6378.75,1,,,
2026-03-30 15:47:35.287,T,6378.75,1,,,
2026-03-30 15:47:35.287,T,6378.75,2,,,
2026-03-30 15:47:35.287,T,6378.75,1,,,
2026-03-30 15:47:35.287,T,6378.5,2,,,
2026-03-30 15:47:35.287,T,6378.5,2,,,
2026-03-30 15:47:35.287,T,6378.5,1,,,
2026-03-30 15:47:35.287,T,6378.5,3,,,
2026-03-30 15:47:35.287,T,6378.5,18,,,
2026-03-30 15:47:35.287,T,6378.5,12,,,
2026-03-30 15:47:35.287,T,6378.5,76,,,
2026-03-30 15:47:35.287,T,6378.5,6,,,
2026-03-30 15:47:35.287,T,6378.5,34,,,
2026-03-30 15:47:35.287,T,6378.5,3,,,
2026-03-30 15:47:35.287,T,6378.5,3,,,
2026-03-30 15:47:35.287,T,6378.5,1,,,
2026-03-30 15:47:35.287,T,6378.5,1,,,
2026-03-30 15:47:35.287,T,6378.75,4,,,
2026-03-30 15:47:35.287,T,6378.75,1,,,
2026-03-30 15:47:35.287,T,6378.75,1,,,
2026-03-30 15:47:35.287,T,6378.75,1,,,
2026-03-30 15:47:35.287,T,6378.75,1,,,
2026-03-30 15:47:35.287,T,6378.75,5,,,
2026-03-30 15:47:35.287,T,6378.75,2,,,
2026-03-30 15:47:35.287,T,6378.75,1,,,
2026-03-30 15:47:35.287,T,6378.75,1,,,
2026-03-30 15:47:35.287,T,6378.75,1,,,
2026-03-30 15:47:35.287,T,6378.75,1,,,
2026-03-30 15:47:35.287,T,6378.75,1,,,
2026-03-30 15:47:35.287,T,6378.75,1,,,
2026-03-30 15:47:35.287,T,6378.75,1,,,
2026-03-30 15:47:35.287,T,6378.75,1,,,
2026-03-30 15:47:35.287,T,6378.5,5,,,
2026-03-30 15:47:35.287,T,6378.75,1,,,
2026-03-30 15:47:35.287,T,6378.75,1,,,
2026-03-30 15:47:35.287,T,6378.75,1,,,
2026-03-30 15:47:35.287,T,6378.75,1,,,
2026-03-30 15:47:35.287,T,6378.75,2,,,
2026-03-30 15:47:35.287,T,6378.75,1,,,
2026-03-30 15:47:35.287,T,6378.75,1,,,
2026-03-30 15:47:35.287,T,6378.75,1,,,
2026-03-30 15:47:35.287,T,6378.75,1,,,
2026-03-30 15:47:35.287,T,6378.75,2,,,
2026-03-30 15:47:35.287,T,6378.75,1,,,
2026-03-30 15:47:35.334,T,6378.75,1,,,
2026-03-30 15:47:35.334,T,6378.75,1,,,
2026-03-30 15:47:35.334,T,6379.0,1,,,
2026-03-30 15:47:35.334,T,6379.0,1,,,
2026-03-30 15:47:35.334,T,6379.0,1,,,
2026-03-30 15:47:35.334,T,6379.0,1,,,
2026-03-30 15:47:35.334,T,6379.0,1,,,
2026-03-30 15:47:35.334,T,6379.0,1,,,
2026-03-30 15:47:35.334,T,6379.0,1,,,
2026-03-30 15:47:35.334,T,6379.0,1,,,
2026-03-30 15:47:35.334,T,6379.0,3,,,
2026-03-30 15:47:35.334,T,6379.0,1,,,
2026-03-30 15:47:35.334,T,6379.0,1,,,
2026-03-30 15:47:35.334,T,6379.0,3,,,
2026-03-30 15:47:35.334,T,6378.75,1,,,
2026-03-30 15:47:35.334,T,6379.0,1,,,
2026-03-30 15:47:35.334,T,6379.0,1,,,
2026-03-30 15:47:35.334,T,6379.0,1,,,
2026-03-30 15:47:35.334,T,6379.0,1,,,
2026-03-30 15:47:35.334,T,6379.0,1,,,
2026-03-30 15:47:35.334,T,6378.75,1,,,
2026-03-30 15:47:35.334,T,6378.75,3,,,
2026-03-30 15:47:35.334,T,6379.0,1,,,
2026-03-30 15:47:35.334,T,6379.0,1,,,
2026-03-30 15:47:35.334,T,6379.0,1,,,
2026-03-30 15:47:35.334,T,6379.0,1,,,
2026-03-30 15:47:35.334,T,6379.0,1,,,
2026-03-30 15:47:35.334,T,6379.0,1,,,
2026-03-30 15:47:35.334,T,6379.0,6,,,
2026-03-30 15:47:35.334,T,6379.0,1,,,
2026-03-30 15:47:35.334,T,6379.0,1,,,
2026-03-30 15:47:35.334,T,6379.0,1,,,
2026-03-30 15:47:35.334,T,6379.0,1,,,
2026-03-30 15:47:35.334,T,6379.0,5,,,
2026-03-30 15:47:35.334,T,6379.0,1,,,
2026-03-30 15:47:35.334,T,6379.0,1,,,
2026-03-30 15:47:35.334,T,6379.0,1,,,
2026-03-30 15:47:35.334,T,6379.0,2,,,
2026-03-30 15:47:35.334,T,6379.0,1,,,
2026-03-30 15:47:35.334,T,6379.0,1,,,
2026-03-30 15:47:35.334,T,6379.0,1,,,
2026-03-30 15:47:35.334,T,6379.0,1,,,
2026-03-30 15:47:35.334,T,6379.0,1,,,
2026-03-30 15:47:35.334,T,6379.0,1,,,
2026-03-30 15:47:35.334,T,6379.0,1,,,
2026-03-30 15:47:35.334,T,6379.0,1,,,
2026-03-30 15:47:35.334,T,6379.0,1,,,
2026-03-30 15:47:35.334,T,6379.0,1,,,
2026-03-30 15:47:35.334,T,6379.0,1,,,
2026-03-30 15:47:35.334,T,6379.0,2,,,
2026-03-30 15:47:35.334,T,6379.0,1,,,
2026-03-30 15:47:35.334,T,6379.0,1,,,
2026-03-30 15:47:35.334,T,6379.0,2,,,
2026-03-30 15:47:35.334,T,6379.0,1,,,
2026-03-30 15:47:35.334,T,6379.0,1,,,
2026-03-30 15:47:35.334,T,6379.0,1,,,
2026-03-30 15:47:35.334,T,6379.0,1,,,
2026-03-30 15:47:35.334,T,6379.0,1,,,
2026-03-30 15:47:35.334,T,6379.0,1,,,
2026-03-30 15:47:35.334,T,6379.0,1,,,
2026-03-30 15:47:35.334,T,6379.0,1,,,
2026-03-30 15:47:35.334,T,6379.0,1,,,
2026-03-30 15:47:35.334,T,6379.0,2,,,
2026-03-30 15:47:35.334,T,6379.0,1,,,
2026-03-30 15:47:35.334,T,6379.0,1,,,
2026-03-30 15:47:35.334,T,6379.0,1,,,
2026-03-30 15:47:35.334,T,6379.0,3,,,
2026-03-30 15:47:35.334,T,6379.0,1,,,
2026-03-30 15:47:35.334,T,6379.0,1,,,
2026-03-30 15:47:35.334,T,6379.0,1,,,
2026-03-30 15:47:35.334,T,6379.0,1,,,
2026-03-30 15:47:35.334,T,6379.0,3,,,
2026-03-30 15:47:35.334,T,6379.0,1,,,
2026-03-30 15:47:35.334,T,6379.0,1,,,
2026-03-30 15:47:35.334,T,6379.0,1,,,
2026-03-30 15:47:35.334,T,6379.0,1,,,
2026-03-30 15:47:35.334,T,6379.0,1,,,
2026-03-30 15:47:35.334,T,6379.0,1,,,
2026-03-30 15:47:35.334,T,6379.0,1,,,
2026-03-30 15:47:35.334,T,6379.0,2,,,
2026-03-30 15:47:35.334,T,6379.0,1,,,
2026-03-30 15:47:35.334,T,6378.75,3,,,
2026-03-30 15:47:35.334,T,6378.75,1,,,
2026-03-30 15:47:35.334,T,6378.75,1,,,
2026-03-30 15:47:35.334,T,6378.75,1,,,
2026-03-30 15:47:35.381,Q,,,,6378.75,6379.25
2026-03-30 15:47:35.382,T,6378.75,1,,,
2026-03-30 15:47:35.382,T,6378.75,1,,,
2026-03-30 15:47:35.382,T,6378.75,1,,,
2026-03-30 15:47:35.382,T,6378.75,1,,,
2026-03-30 15:47:35.382,T,6378.75,1,,,
2026-03-30 15:47:35.382,T,6378.75,1,,,
2026-03-30 15:47:35.382,T,6379.0,3,,,
2026-03-30 15:47:35.382,T,6379.0,1,,,
2026-03-30 15:47:35.382,T,6379.0,1,,,
2026-03-30 15:47:35.382,T,6379.0,1,,,
2026-03-30 15:47:35.382,T,6379.0,1,,,
2026-03-30 15:47:35.382,T,6379.0,2,,,
2026-03-30 15:47:35.382,T,6378.75,1,,,
2026-03-30 15:47:35.382,T,6378.75,1,,,
2026-03-30 15:47:35.382,T,6379.0,1,,,
2026-03-30 15:47:35.382,T,6379.0,2,,,
2026-03-30 15:47:35.382,T,6379.0,2,,,
2026-03-30 15:47:35.382,T,6379.0,1,,,
2026-03-30 15:47:35.382,T,6379.0,1,,,
2026-03-30 15:47:35.382,T,6379.0,1,,,
2026-03-30 15:47:35.382,T,6379.0,2,,,
2026-03-30 15:47:35.382,T,6379.0,1,,,
2026-03-30 15:47:35.382,T,6379.0,1,,,
2026-03-30 15:47:35.382,T,6379.0,1,,,
2026-03-30 15:47:35.382,T,6379.0,1,,,
2026-03-30 15:47:35.382,T,6379.0,1,,,
2026-03-30 15:47:35.382,T,6379.0,2,,,
2026-03-30 15:47:35.382,T,6379.0,1,,,
2026-03-30 15:47:35.382,T,6379.0,3,,,
2026-03-30 15:47:35.382,T,6379.0,1,,,
2026-03-30 15:47:35.382,T,6379.0,1,,,
2026-03-30 15:47:35.382,T,6379.0,1,,,
2026-03-30 15:47:35.382,T,6379.0,4,,,
2026-03-30 15:47:35.382,T,6379.0,3,,,
2026-03-30 15:47:35.382,T,6379.0,1,,,
2026-03-30 15:47:35.382,T,6379.0,1,,,
2026-03-30 15:47:35.382,T,6379.0,1,,,
2026-03-30 15:47:35.382,T,6379.0,1,,,
2026-03-30 15:47:35.382,T,6379.0,1,,,
2026-03-30 15:47:35.382,T,6379.0,2,,,
2026-03-30 15:47:35.382,T,6379.0,1,,,
2026-03-30 15:47:35.382,T,6379.0,1,,,
2026-03-30 15:47:35.382,T,6379.0,1,,,
2026-03-30 15:47:35.382,T,6379.0,1,,,
2026-03-30 15:47:35.382,T,6379.0,2,,,
2026-03-30 15:47:35.382,T,6379.0,1,,,
2026-03-30 15:47:35.430,T,6379.0,1,,,
2026-03-30 15:47:35.430,T,6379.0,2,,,
2026-03-30 15:47:35.430,T,6379.0,1,,,
2026-03-30 15:47:35.430,T,6379.0,1,,,
2026-03-30 15:47:35.430,T,6379.0,1,,,
2026-03-30 15:47:35.430,T,6379.0,1,,,
2026-03-30 15:47:35.430,T,6379.0,1,,,
2026-03-30 15:47:35.430,T,6379.0,1,,,
2026-03-30 15:47:35.430,T,6379.0,1,,,
2026-03-30 15:47:35.430,T,6378.75,1,,,
2026-03-30 15:47:35.430,T,6378.75,1,,,
2026-03-30 15:47:35.430,T,6379.0,1,,,
2026-03-30 15:47:35.430,T,6379.0,2,,,
2026-03-30 15:47:35.430,T,6379.0,1,,,
2026-03-30 15:47:35.430,T,6379.0,1,,,
2026-03-30 15:47:35.430,T,6379.0,1,,,
2026-03-30 15:47:35.430,T,6379.0,1,,,
2026-03-30 15:47:35.430,T,6379.0,1,,,
2026-03-30 15:47:35.430,T,6379.0,1,,,
2026-03-30 15:47:35.430,T,6379.0,1,,,
2026-03-30 15:47:35.430,T,6379.0,1,,,
2026-03-30 15:47:35.430,T,6379.0,1,,,
2026-03-30 15:47:35.430,T,6379.0,1,,,
2026-03-30 15:47:35.430,T,6379.0,1,,,
2026-03-30 15:47:35.430,T,6379.0,1,,,
2026-03-30 15:47:35.430,T,6379.25,3,,,
2026-03-30 15:47:35.430,T,6379.25,1,,,
2026-03-30 15:47:35.430,T,6379.25,1,,,
2026-03-30 15:47:35.430,T,6379.25,1,,,
2026-03-30 15:47:35.430,T,6379.25,1,,,
2026-03-30 15:47:35.430,T,6379.25,1,,,
2026-03-30 15:47:35.430,T,6379.25,1,,,
2026-03-30 15:47:35.430,T,6379.25,1,,,
2026-03-30 15:47:35.430,T,6379.25,3,,,
2026-03-30 15:47:35.430,T,6379.25,1,,,
2026-03-30 15:47:35.433,Q,,,,6379.0,6379.25
2026-03-30 15:47:35.480,T,6379.25,1,,,
2026-03-30 15:47:35.480,T,6379.25,1,,,
2026-03-30 15:47:35.480,T,6379.25,1,,,
2026-03-30 15:47:35.480,T,6379.25,1,,,
2026-03-30 15:47:35.480,T,6379.25,1,,,
2026-03-30 15:47:35.480,T,6379.25,1,,,
2026-03-30 15:47:35.480,T,6379.0,1,,,
2026-03-30 15:47:35.480,T,6379.0,2,,,
2026-03-30 15:47:35.480,T,6379.25,1,,,
2026-03-30 15:47:35.480,T,6379.0,1,,,
2026-03-30 15:47:35.480,T,6379.0,1,,,
2026-03-30 15:47:35.480,T,6379.0,1,,,
2026-03-30 15:47:35.480,T,6379.0,1,,,
2026-03-30 15:47:35.480,T,6379.0,1,,,
2026-03-30 15:47:35.480,T,6379.0,1,,,
2026-03-30 15:47:35.480,T,6379.0,1,,,
2026-03-30 15:47:35.480,T,6379.0,1,,,
2026-03-30 15:47:35.480,T,6379.0,2,,,
2026-03-30 15:47:35.480,T,6379.0,1,,,
2026-03-30 15:47:35.480,T,6379.0,1,,,
2026-03-30 15:47:35.480,T,6379.0,1,,,
2026-03-30 15:47:35.480,T,6379.0,1,,,
2026-03-30 15:47:35.480,T,6379.0,1,,,
2026-03-30 15:47:35.480,T,6379.0,3,,,
2026-03-30 15:47:35.480,T,6379.0,10,,,
2026-03-30 15:47:35.480,T,6379.0,1,,,
2026-03-30 15:47:35.480,T,6379.0,1,,,
2026-03-30 15:47:35.480,T,6379.0,1,,,
2026-03-30 15:47:35.480,T,6379.0,1,,,
2026-03-30 15:47:35.538,Q,,,,6379.25,6379.5
2026-03-30 15:47:35.538,T,6379.25,1,,,
2026-03-30 15:47:35.538,T,6379.25,1,,,
2026-03-30 15:47:35.538,T,6379.25,1,,,
2026-03-30 15:47:35.538,T,6379.25,1,,,
2026-03-30 15:47:35.538,T,6379.25,1,,,
2026-03-30 15:47:35.538,T,6379.25,3,,,
2026-03-30 15:47:35.538,T,6379.25,1,,,
2026-03-30 15:47:35.538,T,6379.25,1,,,
2026-03-30 15:47:35.538,T,6379.25,1,,,
2026-03-30 15:47:35.538,T,6379.25,1,,,
2026-03-30 15:47:35.538,T,6379.25,1,,,
2026-03-30 15:47:35.538,T,6379.25,1,,,
2026-03-30 15:47:35.538,T,6379.25,1,,,
2026-03-30 15:47:35.538,T,6379.25,1,,,
2026-03-30 15:47:35.538,T,6379.25,1,,,
2026-03-30 15:47:35.538,T,6379.25,1,,,
2026-03-30 15:47:35.538,T,6379.25,2,,,
2026-03-30 15:47:35.538,T,6379.25,1,,,
2026-03-30 15:47:35.587,T,6379.25,2,,,
2026-03-30 15:47:35.587,T,6379.25,1,,,
2026-03-30 15:47:35.587,T,6379.25,1,,,
2026-03-30 15:47:35.587,T,6379.25,2,,,
2026-03-30 15:47:35.587,T,6379.25,2,,,
2026-03-30 15:47:35.587,T,6379.25,1,,,
2026-03-30 15:47:35.587,T,6379.25,1,,,
2026-03-30 15:47:35.587,T,6379.25,1,,,
2026-03-30 15:47:35.587,T,6379.25,1,,,
2026-03-30 15:47:35.587,T,6379.5,1,,,
2026-03-30 15:47:35.587,T,6379.5,1,,,
2026-03-30 15:47:35.587,T,6379.5,1,,,
2026-03-30 15:47:35.587,T,6379.5,1,,,
2026-03-30 15:47:35.587,T,6379.5,1,,,
2026-03-30 15:47:35.587,T,6379.5,1,,,
2026-03-30 15:47:35.587,T,6379.5,1,,,
2026-03-30 15:47:35.587,T,6379.25,1,,,
2026-03-30 15:47:35.587,T,6379.25,1,,,
2026-03-30 15:47:35.587,T,6379.25,1,,,
2026-03-30 15:47:35.587,T,6379.25,1,,,
2026-03-30 15:47:35.587,T,6379.25,1,,,
2026-03-30 15:47:35.587,T,6379.25,1,,,
2026-03-30 15:47:35.587,T,6379.25,1,,,
2026-03-30 15:47:35.587,T,6379.25,1,,,
2026-03-30 15:47:35.587,T,6379.25,1,,,
2026-03-30 15:47:35.587,T,6379.25,1,,,
2026-03-30 15:47:35.590,Q,,,,6379.0,6379.25
2026-03-30 15:47:35.660,T,6379.25,1,,,
2026-03-30 15:47:35.660,T,6379.25,1,,,
2026-03-30 15:47:35.980,T,6379.0,1,,,
2026-03-30 15:47:36.040,T,6379.0,1,,,
2026-03-30 15:47:36.085,T,6379.0,1,,,
2026-03-30 15:47:36.135,T,6379.25,1,,,
2026-03-30 15:47:36.179,T,6379.0,1,,,
2026-03-30 15:47:36.236,T,6379.0,2,,,
2026-03-30 15:47:36.236,T,6379.0,1,,,
2026-03-30 15:47:36.287,T,6379.0,1,,,
2026-03-30 15:47:36.287,T,6379.0,1,,,
2026-03-30 15:47:36.287,T,6379.0,1,,,
2026-03-30 15:47:36.287,T,6379.0,1,,,
2026-03-30 15:47:36.287,T,6379.0,1,,,
2026-03-30 15:47:36.287,T,6379.0,2,,,
2026-03-30 15:47:36.287,T,6379.0,1,,,
2026-03-30 15:47:36.287,T,6379.0,2,,,
2026-03-30 15:47:36.332,T,6379.0,1,,,
2026-03-30 15:47:36.332,T,6379.0,1,,,
2026-03-30 15:47:36.332,T,6379.0,3,,,
2026-03-30 15:47:36.332,T,6379.0,1,,,
2026-03-30 15:47:36.332,T,6379.0,1,,,
2026-03-30 15:47:36.333,Q,,,,6378.75,6379.0
2026-03-30 15:47:36.428,Q,,,,6379.0,6379.25
2026-03-30 15:47:36.428,T,6379.0,1,,,
2026-03-30 15:47:36.428,T,6379.0,2,,,
2026-03-30 15:47:36.428,T,6379.0,1,,,
2026-03-30 15:47:36.428,T,6379.0,1,,,
2026-03-30 15:47:36.428,T,6379.25,2,,,
2026-03-30 15:47:36.428,T,6379.25,1,,,
2026-03-30 15:47:36.428,T,6379.25,2,,,
2026-03-30 15:47:36.428,T,6379.25,1,,,
2026-03-30 15:47:36.428,T,6379.25,1,,,
2026-03-30 15:47:36.487,T,6379.25,1,,,
2026-03-30 15:47:36.487,T,6379.25,1,,,
2026-03-30 15:47:36.535,T,6379.0,1,,,
2026-03-30 15:47:36.633,Q,,,,6378.75,6379.0
2026-03-30 15:47:36.679,T,6379.0,1,,,
2026-03-30 15:47:36.679,T,6379.0,1,,,
2026-03-30 15:47:36.679,T,6379.0,1,,,
2026-03-30 15:47:36.736,T,6379.0,1,,,
2026-03-30 15:47:36.910,T,6378.75,1,,,
2026-03-30 15:47:36.910,T,6378.75,3,,,
2026-03-30 15:47:36.910,T,6378.75,1,,,
2026-03-30 15:47:36.910,T,6378.75,1,,,
2026-03-30 15:47:36.910,T,6378.75,3,,,
2026-03-30 15:47:36.910,T,6378.75,1,,,
2026-03-30 15:47:36.910,T,6378.75,1,,,
2026-03-30 15:47:36.910,T,6378.75,3,,,
2026-03-30 15:47:36.910,T,6378.75,1,,,
2026-03-30 15:47:36.910,T,6378.75,1,,,
2026-03-30 15:47:36.910,T,6378.75,4,,,
2026-03-30 15:47:36.910,T,6378.75,1,,,
2026-03-30 15:47:36.910,T,6378.75,1,,,
2026-03-30 15:47:36.910,T,6378.75,1,,,
2026-03-30 15:47:36.910,T,6378.75,1,,,
2026-03-30 15:47:36.910,T,6378.75,1,,,
2026-03-30 15:47:36.910,T,6378.75,1,,,
2026-03-30 15:47:36.910,T,6378.75,1,,,
2026-03-30 15:47:36.910,T,6378.75,3,,,
2026-03-30 15:47:36.910,T,6378.75,1,,,
2026-03-30 15:47:36.910,T,6378.75,1,,,
2026-03-30 15:47:36.910,T,6378.75,3,,,
2026-03-30 15:47:36.910,T,6378.75,3,,,
2026-03-30 15:47:36.910,T,6378.75,1,,,
2026-03-30 15:47:36.910,T,6378.5,10,,,
2026-03-30 15:47:36.910,T,6378.5,6,,,
2026-03-30 15:47:36.910,T,6378.5,1,,,
2026-03-30 15:47:36.910,T,6378.5,1,,,
2026-03-30 15:47:36.910,T,6378.5,1,,,
2026-03-30 15:47:36.910,T,6378.5,1,,,
2026-03-30 15:47:36.910,T,6378.5,1,,,
2026-03-30 15:47:36.912,Q,,,,6378.5,6378.75
2026-03-30 15:47:36.933,T,6378.5,1,,,
2026-03-30 15:47:37.138,T,6378.5,1,,,
2026-03-30 15:47:37.138,T,6378.5,15,,,
2026-03-30 15:47:37.138,T,6378.5,2,,,
2026-03-30 15:47:37.138,T,6378.5,1,,,
2026-03-30 15:47:37.138,T,6378.5,1,,,
2026-03-30 15:47:37.138,T,6378.5,1,,,
2026-03-30 15:47:37.138,T,6378.5,1,,,
2026-03-30 15:47:37.138,T,6378.5,1,,,
2026-03-30 15:47:37.138,T,6378.5,1,,,
2026-03-30 15:47:37.138,T,6378.5,24,,,
2026-03-30 15:47:37.138,T,6378.5,13,,,
2026-03-30 15:47:37.138,T,6378.5,29,,,
2026-03-30 15:47:37.138,T,6378.5,27,,,
2026-03-30 15:47:37.138,T,6378.5,1,,,
2026-03-30 15:47:37.138,T,6378.5,1,,,
2026-03-30 15:47:37.138,T,6378.5,2,,,
2026-03-30 15:47:37.138,T,6378.5,7,,,
2026-03-30 15:47:37.138,T,6378.5,1,,,
2026-03-30 15:47:37.138,T,6378.5,1,,,
2026-03-30 15:47:37.138,T,6378.5,1,,,
2026-03-30 15:47:37.138,T,6378.5,1,,,
2026-03-30 15:47:37.138,T,6378.5,1,,,
2026-03-30 15:47:37.138,T,6378.5,1,,,
2026-03-30 15:47:37.138,T,6378.75,1,,,
2026-03-30 15:47:37.138,T,6378.75,2,,,
2026-03-30 15:47:37.138,T,6378.75,1,,,
2026-03-30 15:47:37.138,T,6378.75,1,,,
2026-03-30 15:47:37.138,T,6378.75,2,,,
2026-03-30 15:47:37.138,T,6378.75,1,,,
2026-03-30 15:47:37.138,T,6378.75,1,,,
2026-03-30 15:47:37.138,T,6378.75,1,,,
2026-03-30 15:47:37.138,T,6378.75,2,,,
2026-03-30 15:47:37.138,T,6378.75,1,,,
2026-03-30 15:47:37.138,T,6378.75,3,,,
2026-03-30 15:47:37.138,T,6378.75,1,,,
2026-03-30 15:47:37.138,T,6378.75,1,,,
2026-03-30 15:47:37.138,T,6378.75,1,,,
2026-03-30 15:47:37.138,T,6378.75,1,,,
2026-03-30 15:47:37.138,T,6378.75,1,,,
2026-03-30 15:47:37.138,T,6378.75,1,,,
2026-03-30 15:47:37.138,T,6378.75,1,,,
2026-03-30 15:47:37.138,T,6378.75,1,,,
2026-03-30 15:47:37.138,T,6378.75,3,,,
2026-03-30 15:47:37.138,T,6378.5,1,,,
2026-03-30 15:47:37.138,T,6378.5,6,,,
2026-03-30 15:47:37.138,T,6378.5,3,,,
2026-03-30 15:47:37.138,T,6378.5,1,,,
2026-03-30 15:47:37.138,T,6378.75,1,,,
2026-03-30 15:47:37.138,T,6378.75,1,,,
2026-03-30 15:47:37.138,T,6378.75,1,,,
2026-03-30 15:47:37.138,T,6378.75,1,,,
2026-03-30 15:47:37.138,T,6378.75,1,,,
2026-03-30 15:47:37.138,T,6378.75,1,,,
2026-03-30 15:47:37.138,T,6378.75,1,,,
2026-03-30 15:47:37.138,T,6378.75,3,,,
2026-03-30 15:47:37.138,T,6378.75,1,,,
2026-03-30 15:47:37.138,T,6378.75,1,,,
2026-03-30 15:47:37.138,T,6378.75,1,,,
2026-03-30 15:47:37.138,T,6378.75,1,,,
2026-03-30 15:47:37.138,T,6378.75,2,,,
2026-03-30 15:47:37.138,T,6378.75,3,,,
2026-03-30 15:47:37.138,T,6378.75,3,,,
2026-03-30 15:47:37.138,T,6378.75,1,,,
2026-03-30 15:47:37.138,T,6378.5,1,,,
2026-03-30 15:47:37.284,T,6378.75,1,,,
2026-03-30 15:47:37.380,T,6378.75,1,,,
2026-03-30 15:47:37.529,T,6378.5,1,,,
2026-03-30 15:47:37.598,T,6378.5,1,,,
2026-03-30 15:47:37.637,T,6378.5,1,,,
2026-03-30 15:47:37.637,T,6378.5,2,,,
2026-03-30 15:47:37.637,T,6378.5,1,,,
2026-03-30 15:47:37.637,T,6378.5,1,,,
2026-03-30 15:47:37.637,T,6378.5,1,,,
2026-03-30 15:47:37.637,T,6378.5,1,,,
2026-03-30 15:47:37.637,T,6378.5,1,,,
2026-03-30 15:47:37.637,T,6378.5,24,,,
2026-03-30 15:47:37.637,T,6378.5,28,,,
2026-03-30 15:47:37.637,T,6378.5,4,,,
2026-03-30 15:47:37.638,Q,,,,6378.25,6378.5
2026-03-30 15:47:37.681,T,6378.5,1,,,
2026-03-30 15:47:37.681,T,6378.5,1,,,
2026-03-30 15:47:37.681,T,6378.5,15,,,
2026-03-30 15:47:37.681,T,6378.25,1,,,
2026-03-30 15:47:37.681,T,6378.25,1,,,
2026-03-30 15:47:37.681,T,6378.25,4,,,
2026-03-30 15:47:37.681,T,6378.25,1,,,
2026-03-30 15:47:37.681,T,6378.25,1,,,
2026-03-30 15:47:37.681,T,6378.25,1,,,
2026-03-30 15:47:37.681,T,6378.25,1,,,
2026-03-30 15:47:37.681,T,6378.25,3,,,
2026-03-30 15:47:37.681,T,6378.25,1,,,
2026-03-30 15:47:37.681,T,6378.25,2,,,
2026-03-30 15:47:37.681,T,6378.25,1,,,
2026-03-30 15:47:37.681,T,6378.25,1,,,
2026-03-30 15:47:37.681,T,6378.25,1,,,
2026-03-30 15:47:37.681,T,6378.25,1,,,
2026-03-30 15:47:37.681,T,6378.25,3,,,
2026-03-30 15:47:37.681,T,6378.25,1,,,
2026-03-30 15:47:37.681,T,6378.25,1,,,
2026-03-30 15:47:37.681,T,6378.25,1,,,
2026-03-30 15:47:37.681,T,6378.25,1,,,
2026-03-30 15:47:37.681,T,6378.25,1,,,
2026-03-30 15:47:37.681,T,6378.25,3,,,
2026-03-30 15:47:37.681,T,6378.25,2,,,
2026-03-30 15:47:37.681,T,6378.25,1,,,
2026-03-30 15:47:37.681,T,6378.25,3,,,
2026-03-30 15:47:37.681,T,6378.25,1,,,
2026-03-30 15:47:37.681,T,6378.25,1,,,
2026-03-30 15:47:37.681,T,6378.25,4,,,
2026-03-30 15:47:37.681,T,6378.25,1,,,
2026-03-30 15:47:37.681,T,6378.25,1,,,
2026-03-30 15:47:37.681,T,6378.25,1,,,
2026-03-30 15:47:37.681,T,6378.25,1,,,
2026-03-30 15:47:37.681,T,6378.25,1,,,
2026-03-30 15:47:37.681,T,6378.25,3,,,
2026-03-30 15:47:37.681,T,6378.25,1,,,
2026-03-30 15:47:37.681,T,6378.25,1,,,
2026-03-30 15:47:37.681,T,6378.25,1,,,
2026-03-30 15:47:37.681,T,6378.25,2,,,
2026-03-30 15:47:37.681,T,6378.25,1,,,
2026-03-30 15:47:37.681,T,6378.25,2,,,
2026-03-30 15:47:37.681,T,6378.25,1,,,
2026-03-30 15:47:37.681,T,6378.5,2,,,
2026-03-30 15:47:37.681,T,6378.5,1,,,
2026-03-30 15:47:37.681,T,6378.25,1,,,
2026-03-30 15:47:37.681,T,6378.25,1,,,
2026-03-30 15:47:37.681,T,6378.25,1,,,
2026-03-30 15:47:37.681,T,6378.25,1,,,
2026-03-30 15:47:37.681,T,6378.25,1,,,
2026-03-30 15:47:37.681,T,6378.25,1,,,
2026-03-30 15:47:37.681,T,6378.25,1,,,
2026-03-30 15:47:37.681,T,6378.25,1,,,
2026-03-30 15:47:37.681,T,6378.25,1,,,
2026-03-30 15:47:37.681,T,6378.25,2,,,
2026-03-30 15:47:37.681,T,6378.25,1,,,
2026-03-30 15:47:37.681,T,6378.25,1,,,
2026-03-30 15:47:37.681,T,6378.25,1,,,
2026-03-30 15:47:37.681,T,6378.25,1,,,
2026-03-30 15:47:37.681,T,6378.25,1,,,
2026-03-30 15:47:37.681,T,6378.25,1,,,
2026-03-30 15:47:37.681,T,6378.25,3,,,
2026-03-30 15:47:37.681,T,6378.25,1,,,
2026-03-30 15:47:37.681,T,6378.25,1,,,
2026-03-30 15:47:37.681,T,6378.25,1,,,
2026-03-30 15:47:37.681,T,6378.25,1,,,
2026-03-30 15:47:37.735,T,6378.25,3,,,
2026-03-30 15:47:37.736,Q,,,,6378.0,6378.25
2026-03-30 15:47:37.784,T,6378.25,1,,,
2026-03-30 15:47:37.784,T,6378.25,2,,,
2026-03-30 15:47:37.784,T,6378.25,1,,,
2026-03-30 15:47:37.784,T,6378.25,1,,,
2026-03-30 15:47:37.784,T,6378.25,1,,,
2026-03-30 15:47:37.784,T,6378.25,1,,,
2026-03-30 15:47:37.784,T,6378.25,1,,,
2026-03-30 15:47:37.784,T,6378.25,1,,,
2026-03-30 15:47:37.784,T,6378.25,1,,,
2026-03-30 15:47:37.784,T,6378.25,1,,,
2026-03-30 15:47:37.784,T,6378.25,2,,,
2026-03-30 15:47:37.784,T,6378.25,1,,,
2026-03-30 15:47:37.785,Q,,,,6378.25,6378.5
2026-03-30 15:47:37.832,T,6378.25,1,,,
2026-03-30 15:47:37.832,T,6378.25,1,,,
2026-03-30 15:47:37.833,Q,,,,6378.0,6378.25
2026-03-30 15:47:37.980,T,6378.25,1,,,
2026-03-30 15:47:37.980,T,6378.0,1,,,
2026-03-30 15:47:37.980,T,6378.5,1,,,
2026-03-30 15:47:37.981,Q,,,,6378.0,6378.5
2026-03-30 15:47:38.085,T,6378.0,1,,,
2026-03-30 15:47:38.085,T,6378.25,1,,,
2026-03-30 15:47:38.085,T,6378.25,1,,,
2026-03-30 15:47:38.085,Q,,,,6378.0,6378.25
2026-03-30 15:47:38.383,T,6378.25,1,,,
2026-03-30 15:47:38.383,T,6378.25,1,,,
2026-03-30 15:47:38.383,T,6378.25,2,,,
2026-03-30 15:47:38.383,T,6378.25,1,,,
2026-03-30 15:47:38.383,T,6378.25,1,,,
2026-03-30 15:47:38.784,T,6378.0,1,,,
2026-03-30 15:47:38.784,T,6378.0,1,,,
2026-03-30 15:47:38.784,T,6378.0,1,,,
2026-03-30 15:47:38.784,T,6378.0,2,,,
2026-03-30 15:47:38.886,T,6378.0,1,,,
2026-03-30 15:47:38.886,T,6378.0,1,,,
2026-03-30 15:47:38.886,T,6378.0,1,,,
2026-03-30 15:47:38.886,T,6378.0,2,,,
2026-03-30 15:47:38.886,T,6378.0,1,,,
2026-03-30 15:47:38.886,T,6378.0,1,,,
2026-03-30 15:47:38.886,T,6378.0,1,,,
2026-03-30 15:47:38.886,T,6378.0,1,,,
2026-03-30 15:47:38.886,T,6378.0,1,,,
2026-03-30 15:47:38.886,T,6378.0,1,,,
2026-03-30 15:47:38.886,T,6378.0,1,,,
2026-03-30 15:47:38.886,T,6378.0,1,,,
2026-03-30 15:47:38.886,T,6378.0,1,,,
2026-03-30 15:47:38.886,T,6378.0,1,,,
2026-03-30 15:47:38.886,T,6378.0,1,,,
2026-03-30 15:47:38.886,T,6378.0,1,,,
2026-03-30 15:47:38.886,T,6378.0,1,,,
2026-03-30 15:47:38.887,Q,,,,6377.75,6378.25
2026-03-30 15:47:39.085,T,6378.0,1,,,
2026-03-30 15:47:39.085,T,6378.0,1,,,
2026-03-30 15:47:39.085,T,6378.0,1,,,
2026-03-30 15:47:39.086,Q,,,,6377.75,6378.0
2026-03-30 15:47:39.134,T,6378.0,1,,,
2026-03-30 15:47:39.134,T,6378.0,1,,,
2026-03-30 15:47:39.230,T,6378.0,1,,,
2026-03-30 15:47:39.278,Q,,,,6377.75,6378.25
2026-03-30 15:47:39.334,Q,,,,6377.75,6378.0
2026-03-30 15:47:39.430,T,6377.75,1,,,
2026-03-30 15:47:39.430,T,6377.75,2,,,
2026-03-30 15:47:39.430,T,6377.75,1,,,
2026-03-30 15:47:39.430,T,6377.75,1,,,
2026-03-30 15:47:39.485,T,6377.75,1,,,
2026-03-30 15:47:39.485,T,6377.75,1,,,
2026-03-30 15:47:39.485,T,6377.75,2,,,
2026-03-30 15:47:40.085,T,6377.75,1,,,
2026-03-30 15:47:40.085,T,6377.75,1,,,
2026-03-30 15:47:40.085,T,6377.75,1,,,
2026-03-30 15:47:40.085,T,6377.75,1,,,
2026-03-30 15:47:40.085,T,6377.75,1,,,
2026-03-30 15:47:40.085,T,6377.75,1,,,
2026-03-30 15:47:40.085,T,6377.75,1,,,
2026-03-30 15:47:40.085,T,6377.75,4,,,
2026-03-30 15:47:40.085,T,6377.75,1,,,
2026-03-30 15:47:40.085,T,6377.75,1,,,
2026-03-30 15:47:40.085,T,6377.75,1,,,
2026-03-30 15:47:40.085,T,6377.75,1,,,
2026-03-30 15:47:40.085,T,6377.75,1,,,
2026-03-30 15:47:40.085,T,6377.75,1,,,
2026-03-30 15:47:40.085,T,6377.75,1,,,
2026-03-30 15:47:40.086,Q,,,,6377.5,6377.75
2026-03-30 15:47:40.279,Q,,,,6377.5,6378.0
2026-03-30 15:47:40.335,Q,,,,6377.5,6377.75
2026-03-30 15:47:40.530,Q,,,,6377.75,6378.0
2026-03-30 15:47:40.530,T,6377.75,1,,,
2026-03-30 15:47:40.530,T,6378.0,2,,,
2026-03-30 15:47:40.530,T,6378.0,3,,,
2026-03-30 15:47:40.530,T,6378.0,1,,,
2026-03-30 15:47:40.530,T,6378.0,2,,,
2026-03-30 15:47:40.530,T,6378.0,1,,,
2026-03-30 15:47:40.530,T,6378.0,1,,,
2026-03-30 15:47:40.633,T,6377.75,1,,,
2026-03-30 15:47:40.734,T,6378.0,1,,,
2026-03-30 15:47:40.888,T,6378.0,1,,,
2026-03-30 15:47:40.888,T,6378.0,1,,,
2026-03-30 15:47:40.888,T,6378.0,1,,,
2026-03-30 15:47:40.888,T,6378.0,1,,,
2026-03-30 15:47:40.888,T,6378.0,1,,,
2026-03-30 15:47:40.888,T,6378.0,4,,,
2026-03-30 15:47:40.888,T,6378.0,1,,,
2026-03-30 15:47:40.888,T,6378.0,3,,,
2026-03-30 15:47:40.888,T,6378.0,4,,,
2026-03-30 15:47:40.888,T,6378.0,3,,,
2026-03-30 15:47:40.888,T,6378.0,1,,,
2026-03-30 15:47:40.888,T,6378.0,4,,,
2026-03-30 15:47:40.888,T,6378.0,1,,,
2026-03-30 15:47:40.888,T,6378.0,1,,,
2026-03-30 15:47:40.888,T,6378.0,1,,,
2026-03-30 15:47:40.888,T,6378.0,1,,,
2026-03-30 15:47:40.888,T,6378.0,2,,,
2026-03-30 15:47:40.888,T,6378.0,1,,,
2026-03-30 15:47:40.888,T,6378.0,1,,,
2026-03-30 15:47:40.888,T,6378.0,1,,,
2026-03-30 15:47:40.888,T,6378.0,1,,,
2026-03-30 15:47:40.888,T,6378.0,1,,,
2026-03-30 15:47:40.888,T,6378.0,1,,,
2026-03-30 15:47:40.888,T,6378.0,1,,,
2026-03-30 15:47:40.888,T,6378.0,2,,,
2026-03-30 15:47:40.888,T,6378.0,2,,,
2026-03-30 15:47:41.480,Q,,,,6378.0,6378.25
2026-03-30 15:47:41.480,T,6378.0,1,,,
2026-03-30 15:47:41.480,T,6378.0,2,,,
2026-03-30 15:47:41.480,T,6378.0,1,,,
2026-03-30 15:47:41.480,T,6378.0,1,,,
2026-03-30 15:47:41.480,T,6378.0,2,,,
2026-03-30 15:47:41.537,T,6378.0,1,,,
2026-03-30 15:47:41.537,T,6378.0,1,,,
2026-03-30 15:47:41.537,T,6378.0,1,,,
2026-03-30 15:47:41.537,T,6378.0,1,,,
2026-03-30 15:47:41.537,T,6378.0,1,,,
2026-03-30 15:47:41.537,T,6378.0,1,,,
2026-03-30 15:47:41.537,T,6378.0,1,,,
2026-03-30 15:47:41.537,T,6378.0,1,,,
2026-03-30 15:47:41.728,T,6378.25,1,,,
2026-03-30 15:47:41.786,T,6378.25,1,,,
2026-03-30 15:47:42.034,T,6378.25,1,,,
2026-03-30 15:47:42.212,T,6378.25,1,,,
2026-03-30 15:47:42.236,T,6378.0,1,,,
2026-03-30 15:47:42.236,T,6378.0,1,,,
2026-03-30 15:47:42.334,T,6378.0,1,,,
2026-03-30 15:47:42.384,T,6378.25,1,,,
2026-03-30 15:47:42.384,T,6378.25,1,,,
2026-03-30 15:47:42.384,T,6378.25,1,,,
2026-03-30 15:47:42.384,T,6378.25,1,,,
2026-03-30 15:47:42.384,T,6378.25,1,,,
2026-03-30 15:47:42.384,T,6378.25,1,,,
2026-03-30 15:47:42.384,T,6378.25,1,,,
2026-03-30 15:47:42.384,T,6378.25,1,,,
2026-03-30 15:47:42.384,T,6378.25,1,,,
2026-03-30 15:47:42.384,T,6378.25,1,,,
2026-03-30 15:47:42.384,T,6378.25,1,,,
2026-03-30 15:47:42.384,T,6378.25,1,,,
2026-03-30 15:47:42.384,T,6378.25,3,,,
2026-03-30 15:47:42.384,T,6378.25,1,,,
2026-03-30 15:47:42.384,T,6378.25,3,,,
2026-03-30 15:47:42.384,T,6378.25,1,,,
2026-03-30 15:47:42.384,T,6378.25,1,,,
2026-03-30 15:47:42.384,T,6378.25,1,,,
2026-03-30 15:47:42.384,T,6378.25,1,,,
2026-03-30 15:47:42.384,T,6378.25,1,,,
2026-03-30 15:47:42.384,T,6378.25,2,,,
2026-03-30 15:47:42.384,T,6378.25,1,,,
2026-03-30 15:47:42.384,T,6378.25,1,,,
2026-03-30 15:47:42.384,T,6378.25,1,,,
2026-03-30 15:47:42.386,Q,,,,6378.25,6378.5
2026-03-30 15:47:42.431,T,6378.25,1,,,
2026-03-30 15:47:42.636,T,6378.5,1,,,
2026-03-30 15:47:42.636,T,6378.5,1,,,
2026-03-30 15:47:42.679,T,6378.25,1,,,
2026-03-30 15:47:42.679,T,6378.5,1,,,
2026-03-30 15:47:42.832,T,6378.25,1,,,
2026-03-30 15:47:42.933,T,6378.5,1,,,
2026-03-30 15:47:42.979,T,6378.5,1,,,
2026-03-30 15:47:42.979,T,6378.5,1,,,
2026-03-30 15:47:42.979,T,6378.5,1,,,
2026-03-30 15:47:42.979,T,6378.5,1,,,
2026-03-30 15:47:42.979,T,6378.5,1,,,
2026-03-30 15:47:42.979,T,6378.5,1,,,
2026-03-30 15:47:42.979,T,6378.5,1,,,
2026-03-30 15:47:42.979,T,6378.5,4,,,
2026-03-30 15:47:42.979,T,6378.5,1,,,
2026-03-30 15:47:42.979,T,6378.5,1,,,
2026-03-30 15:47:42.979,T,6378.5,1,,,
2026-03-30 15:47:42.979,T,6378.5,5,,,
2026-03-30 15:47:42.979,T,6378.5,2,,,
2026-03-30 15:47:42.979,T,6378.5,1,,,
2026-03-30 15:47:42.979,T,6378.5,2,,,
2026-03-30 15:47:42.979,T,6378.5,1,,,
2026-03-30 15:47:42.979,T,6378.5,1,,,
2026-03-30 15:47:42.979,T,6378.5,1,,,
2026-03-30 15:47:42.979,T,6378.5,1,,,
2026-03-30 15:47:42.979,T,6378.5,3,,,
2026-03-30 15:47:42.979,T,6378.5,1,,,
2026-03-30 15:47:43.236,T,6378.25,1,,,
2026-03-30 15:47:43.236,T,6378.5,1,,,
2026-03-30 15:47:43.236,T,6378.5,3,,,
2026-03-30 15:47:43.236,T,6378.5,1,,,
2026-03-30 15:47:43.236,T,6378.5,2,,,
2026-03-30 15:47:43.236,T,6378.5,1,,,
2026-03-30 15:47:43.236,T,6378.5,1,,,
2026-03-30 15:47:43.236,T,6378.5,1,,,
2026-03-30 15:47:43.737,T,6378.5,1,,,
2026-03-30 15:47:43.737,T,6378.5,1,,,
2026-03-30 15:47:43.737,T,6378.5,1,,,
2026-03-30 15:47:43.737,T,6378.5,2,,,
2026-03-30 15:47:43.737,T,6378.5,1,,,
2026-03-30 15:47:43.737,T,6378.5,1,,,
2026-03-30 15:47:43.738,Q,,,,6378.25,6378.75
2026-03-30 15:47:43.792,T,6378.5,1,,,
2026-03-30 15:47:43.792,T,6378.5,1,,,
2026-03-30 15:47:43.792,T,6378.5,1,,,
2026-03-30 15:47:43.792,T,6378.5,3,,,
2026-03-30 15:47:43.793,Q,,,,6378.5,6378.75
2026-03-30 15:47:43.936,T,6378.5,1,,,
2026-03-30 15:47:44.283,T,6378.5,1,,,
2026-03-30 15:47:44.585,T,6378.5,1,,,
2026-03-30 15:47:44.585,T,6378.5,1,,,
2026-03-30 15:47:44.585,T,6378.5,1,,,
2026-03-30 15:47:44.585,T,6378.5,1,,,
2026-03-30 15:47:44.585,T,6378.5,1,,,
2026-03-30 15:47:44.585,T,6378.5,1,,,
2026-03-30 15:47:44.585,T,6378.5,1,,,
2026-03-30 15:47:44.585,T,6378.5,1,,,
2026-03-30 15:47:44.585,T,6378.5,4,,,
2026-03-30 15:47:44.585,T,6378.5,1,,,
2026-03-30 15:47:44.632,T,6378.5,1,,,
2026-03-30 15:47:44.633,Q,,,,6378.25,6378.75
2026-03-30 15:47:44.779,T,6378.5,3,,,
2026-03-30 15:47:44.779,T,6378.5,1,,,
2026-03-30 15:47:44.779,T,6378.5,1,,,
2026-03-30 15:47:44.779,T,6378.5,1,,,
2026-03-30 15:47:44.779,T,6378.25,1,,,
2026-03-30 15:47:44.936,T,6378.5,2,,,
2026-03-30 15:47:44.936,T,6378.5,1,,,
2026-03-30 15:47:44.936,T,6378.5,1,,,
2026-03-30 15:47:44.983,Q,,,,6378.25,6378.5
2026-03-30 15:47:45.234,Q,,,,6378.25,6378.75
2026-03-30 15:47:45.331,Q,,,,6378.25,6378.5
2026-03-30 15:47:45.379,Q,,,,6378.5,6378.75
2026-03-30 15:47:45.379,T,6378.5,1,,,
2026-03-30 15:47:45.379,T,6378.5,1,,,
2026-03-30 15:47:45.379,T,6378.5,3,,,
2026-03-30 15:47:45.435,T,6378.5,1,,,
2026-03-30 15:47:45.435,T,6378.5,1,,,
2026-03-30 15:47:45.533,T,6378.75,1,,,
2026-03-30 15:47:45.533,T,6378.75,1,,,
2026-03-30 15:47:45.533,T,6378.75,1,,,
2026-03-30 15:47:45.533,T,6378.75,1,,,
2026-03-30 15:47:45.533,T,6378.75,3,,,
2026-03-30 15:47:45.533,T,6378.75,1,,,
2026-03-30 15:47:45.533,T,6378.75,1,,,
2026-03-30 15:47:45.533,T,6378.75,1,,,
2026-03-30 15:47:45.533,T,6378.75,1,,,
2026-03-30 15:47:45.533,T,6378.75,1,,,
2026-03-30 15:47:45.533,T,6378.75,1,,,
2026-03-30 15:47:45.533,T,6378.75,2,,,
2026-03-30 15:47:45.533,T,6378.75,1,,,
2026-03-30 15:47:45.533,T,6378.75,5,,,
2026-03-30 15:47:45.533,T,6378.75,1,,,
2026-03-30 15:47:45.533,T,6378.75,1,,,
2026-03-30 15:47:45.533,T,6378.75,1,,,
2026-03-30 15:47:45.533,T,6378.75,1,,,
2026-03-30 15:47:45.533,T,6378.75,1,,,
2026-03-30 15:47:45.533,T,6378.75,1,,,
2026-03-30 15:47:45.533,T,6378.75,1,,,
2026-03-30 15:47:45.533,T,6378.75,1,,,
2026-03-30 15:47:45.533,T,6378.75,4,,,
2026-03-30 15:47:45.533,T,6378.75,2,,,
2026-03-30 15:47:45.533,T,6378.75,1,,,
2026-03-30 15:47:45.533,T,6378.75,2,,,
2026-03-30 15:47:45.533,T,6378.75,1,,,
2026-03-30 15:47:45.533,T,6378.75,2,,,
2026-03-30 15:47:45.533,T,6379.0,4,,,
2026-03-30 15:47:45.533,T,6379.0,1,,,
2026-03-30 15:47:45.533,T,6379.0,1,,,
2026-03-30 15:47:45.533,T,6379.0,2,,,
2026-03-30 15:47:45.533,T,6379.0,1,,,
2026-03-30 15:47:45.536,Q,,,,6378.75,6379.0
2026-03-30 15:47:45.586,T,6379.0,2,,,
2026-03-30 15:47:45.634,T,6378.75,1,,,
2026-03-30 15:47:45.634,T,6378.75,1,,,
2026-03-30 15:47:45.833,T,6378.75,1,,,
2026-03-30 15:47:46.035,T,6378.75,1,,,
2026-03-30 15:47:46.135,T,6379.0,1,,,
2026-03-30 15:47:46.135,T,6379.0,1,,,
2026-03-30 15:47:46.135,T,6379.0,1,,,
2026-03-30 15:47:46.135,T,6379.0,1,,,
2026-03-30 15:47:46.135,T,6379.0,1,,,
2026-03-30 15:47:46.135,T,6379.0,1,,,
2026-03-30 15:47:46.135,T,6379.0,1,,,
2026-03-30 15:47:46.135,T,6379.0,1,,,
2026-03-30 15:47:46.135,T,6379.0,1,,,
2026-03-30 15:47:46.135,T,6379.0,1,,,
2026-03-30 15:47:46.135,T,6379.0,1,,,
2026-03-30 15:47:46.135,T,6379.0,1,,,
2026-03-30 15:47:46.135,T,6379.0,1,,,
2026-03-30 15:47:46.136,Q,,,,6379.0,6379.25
2026-03-30 15:47:46.179,T,6379.0,1,,,
2026-03-30 15:47:46.284,T,6379.0,1,,,
2026-03-30 15:47:46.284,T,6379.0,1,,,
2026-03-30 15:47:46.284,T,6379.0,1,,,
2026-03-30 15:47:46.284,T,6379.0,3,,,
2026-03-30 15:47:46.284,T,6379.0,1,,,
2026-03-30 15:47:46.284,T,6379.0,1,,,
2026-03-30 15:47:46.284,T,6379.0,1,,,
2026-03-30 15:47:46.284,T,6379.0,1,,,
2026-03-30 15:47:46.284,T,6379.0,1,,,
2026-03-30 15:47:46.284,T,6379.0,1,,,
2026-03-30 15:47:46.284,T,6379.0,1,,,
2026-03-30 15:47:46.284,T,6379.0,10,,,
2026-03-30 15:47:46.284,T,6379.0,1,,,
2026-03-30 15:47:46.284,T,6379.0,1,,,
2026-03-30 15:47:46.284,T,6379.0,1,,,
2026-03-30 15:47:46.284,T,6379.0,1,,,
2026-03-30 15:47:46.284,T,6379.0,1,,,
2026-03-30 15:47:46.284,T,6379.0,1,,,
2026-03-30 15:47:46.284,T,6379.0,1,,,
2026-03-30 15:47:46.284,T,6379.0,1,,,
2026-03-30 15:47:46.284,T,6379.0,1,,,
2026-03-30 15:47:46.284,T,6379.0,1,,,
2026-03-30 15:47:46.284,T,6379.0,1,,,
2026-03-30 15:47:46.284,T,6379.0,1,,,
2026-03-30 15:47:46.284,T,6379.0,1,,,
2026-03-30 15:47:46.286,Q,,,,6378.75,6379.0
2026-03-30 15:47:46.330,T,6379.0,1,,,
2026-03-30 15:47:46.330,T,6379.0,1,,,
2026-03-30 15:47:46.330,T,6379.0,2,,,
2026-03-30 15:47:46.330,T,6379.0,1,,,
2026-03-30 15:47:46.330,T,6379.0,1,,,
2026-03-30 15:47:46.330,T,6379.0,1,,,
2026-03-30 15:47:46.330,T,6379.0,1,,,
2026-03-30 15:47:46.330,T,6379.0,1,,,
2026-03-30 15:47:46.330,T,6379.0,1,,,
2026-03-30 15:47:46.330,T,6379.0,1,,,
2026-03-30 15:47:46.330,T,6379.0,1,,,
2026-03-30 15:47:46.481,T,6379.0,1,,,
2026-03-30 15:47:46.481,T,6379.0,1,,,
2026-03-30 15:47:46.481,T,6379.0,1,,,
2026-03-30 15:47:46.481,T,6379.0,1,,,
2026-03-30 15:47:46.481,T,6379.0,1,,,
2026-03-30 15:47:46.482,Q,,,,6379.0,6379.25
2026-03-30 15:47:46.530,T,6379.0,2,,,
2026-03-30 15:47:46.887,T,6379.0,1,,,
2026-03-30 15:47:46.887,T,6379.0,1,,,
2026-03-30 15:47:47.135,Q,,,,6379.25,6379.5
2026-03-30 15:47:47.137,T,6379.25,1,,,
2026-03-30 15:47:47.137,T,6379.25,1,,,
2026-03-30 15:47:47.137,T,6379.25,1,,,
2026-03-30 15:47:47.137,T,6379.25,1,,,
2026-03-30 15:47:47.137,T,6379.25,1,,,
2026-03-30 15:47:47.137,T,6379.25,1,,,
2026-03-30 15:47:47.137,T,6379.25,2,,,
2026-03-30 15:47:47.137,T,6379.25,3,,,
2026-03-30 15:47:47.137,T,6379.25,1,,,
2026-03-30 15:47:47.137,T,6379.25,1,,,
2026-03-30 15:47:47.137,T,6379.25,1,,,
2026-03-30 15:47:47.137,T,6379.25,1,,,
2026-03-30 15:47:47.137,T,6379.25,1,,,
2026-03-30 15:47:47.137,T,6379.25,4,,,
2026-03-30 15:47:47.137,T,6379.25,1,,,
2026-03-30 15:47:47.137,T,6379.25,1,,,
2026-03-30 15:47:47.137,T,6379.25,1,,,
2026-03-30 15:47:47.137,T,6379.25,1,,,
2026-03-30 15:47:47.137,T,6379.25,1,,,
2026-03-30 15:47:47.137,T,6379.25,1,,,
2026-03-30 15:47:47.137,T,6379.25,1,,,
2026-03-30 15:47:47.137,T,6379.25,1,,,
2026-03-30 15:47:47.137,T,6379.25,1,,,
2026-03-30 15:47:47.137,T,6379.25,1,,,
2026-03-30 15:47:47.137,T,6379.25,1,,,
2026-03-30 15:47:47.137,T,6379.25,2,,,
2026-03-30 15:47:47.137,T,6379.25,1,,,
2026-03-30 15:47:47.185,T,6379.25,1,,,
2026-03-30 15:47:47.185,T,6379.5,1,,,
2026-03-30 15:47:47.185,T,6379.5,3,,,
2026-03-30 15:47:47.185,T,6379.5,5,,,
2026-03-30 15:47:47.185,T,6379.5,1,,,
2026-03-30 15:47:47.185,T,6379.5,1,,,
2026-03-30 15:47:47.185,T,6379.5,1,,,
2026-03-30 15:47:47.185,T,6379.5,1,,,
2026-03-30 15:47:47.185,T,6379.5,1,,,
2026-03-30 15:47:47.185,T,6379.5,1,,,
2026-03-30 15:47:47.185,T,6379.5,1,,,
2026-03-30 15:47:47.185,T,6379.5,1,,,
2026-03-30 15:47:47.185,T,6379.5,1,,,
2026-03-30 15:47:47.185,T,6379.5,1,,,
2026-03-30 15:47:47.185,T,6379.5,1,,,
2026-03-30 15:47:47.185,T,6379.5,1,,,
2026-03-30 15:47:47.185,T,6379.5,1,,,
2026-03-30 15:47:47.185,T,6379.5,1,,,
2026-03-30 15:47:47.185,T,6379.5,1,,,
2026-03-30 15:47:47.185,T,6379.5,1,,,
2026-03-30 15:47:47.185,T,6379.5,1,,,
2026-03-30 15:47:47.185,T,6379.5,1,,,
2026-03-30 15:47:47.185,T,6379.5,1,,,
2026-03-30 15:47:47.185,T,6379.5,1,,,
2026-03-30 15:47:47.185,T,6379.5,1,,,
2026-03-30 15:47:47.185,T,6379.5,1,,,
2026-03-30 15:47:47.185,T,6379.5,1,,,
2026-03-30 15:47:47.185,T,6379.5,1,,,
2026-03-30 15:47:47.185,T,6379.5,1,,,
2026-03-30 15:47:47.188,Q,,,,6379.5,6379.75
2026-03-30 15:47:47.234,T,6379.5,1,,,
2026-03-30 15:47:47.234,T,6379.5,1,,,
2026-03-30 15:47:47.234,T,6379.5,1,,,
2026-03-30 15:47:47.234,T,6379.5,1,,,
2026-03-30 15:47:47.234,T,6379.5,1,,,
2026-03-30 15:47:47.234,T,6379.5,1,,,
2026-03-30 15:47:47.234,T,6379.5,1,,,
2026-03-30 15:47:47.234,T,6379.75,1,,,
2026-03-30 15:47:47.234,T,6379.75,1,,,
2026-03-30 15:47:47.234,T,6379.75,1,,,
2026-03-30 15:47:47.234,T,6379.75,2,,,
2026-03-30 15:47:47.234,T,6379.75,1,,,
2026-03-30 15:47:47.234,T,6379.75,1,,,
2026-03-30 15:47:47.234,T,6379.75,1,,,
2026-03-30 15:47:47.234,T,6379.75,1,,,
2026-03-30 15:47:47.234,T,6379.75,1,,,
2026-03-30 15:47:47.234,T,6379.75,1,,,
2026-03-30 15:47:47.234,T,6379.75,3,,,
2026-03-30 15:47:47.234,T,6379.75,1,,,
2026-03-30 15:47:47.234,T,6379.75,1,,,
2026-03-30 15:47:47.234,T,6379.75,4,,,
2026-03-30 15:47:47.234,T,6379.75,1,,,
2026-03-30 15:47:47.386,T,6379.75,1,,,
2026-03-30 15:47:47.386,T,6379.75,1,,,
2026-03-30 15:47:47.386,T,6379.75,1,,,
2026-03-30 15:47:47.386,T,6379.75,1,,,
2026-03-30 15:47:47.386,T,6379.75,2,,,
2026-03-30 15:47:47.386,T,6379.75,1,,,
2026-03-30 15:47:47.386,T,6379.75,3,,,
2026-03-30 15:47:47.386,T,6379.75,1,,,
2026-03-30 15:47:47.386,T,6379.75,1,,,
2026-03-30 15:47:47.386,T,6379.75,1,,,
2026-03-30 15:47:47.386,T,6379.75,7,,,
2026-03-30 15:47:47.386,T,6379.75,1,,,
2026-03-30 15:47:47.386,T,6379.75,1,,,
2026-03-30 15:47:47.386,T,6379.75,1,,,
2026-03-30 15:47:47.386,T,6379.75,1,,,
2026-03-30 15:47:47.386,T,6379.75,1,,,
2026-03-30 15:47:47.386,T,6379.75,1,,,
2026-03-30 15:47:47.387,Q,,,,6379.75,6380.0
2026-03-30 15:47:47.436,T,6380.0,1,,,
2026-03-30 15:47:47.436,T,6380.0,1,,,
2026-03-30 15:47:47.436,T,6380.0,1,,,
2026-03-30 15:47:47.436,T,6380.0,1,,,
2026-03-30 15:47:47.436,T,6379.75,1,,,
2026-03-30 15:47:47.436,T,6379.75,1,,,
2026-03-30 15:47:47.436,T,6379.75,2,,,
2026-03-30 15:47:47.436,T,6379.75,1,,,
2026-03-30 15:47:47.436,T,6379.75,2,,,
2026-03-30 15:47:47.436,T,6379.75,1,,,
2026-03-30 15:47:47.436,T,6379.75,1,,,
2026-03-30 15:47:47.436,T,6379.75,1,,,
2026-03-30 15:47:47.436,T,6379.75,1,,,
2026-03-30 15:47:47.436,T,6379.75,1,,,
2026-03-30 15:47:47.436,T,6379.75,1,,,
2026-03-30 15:47:47.436,T,6379.75,1,,,
2026-03-30 15:47:47.436,T,6379.75,4,,,
2026-03-30 15:47:47.436,T,6379.75,1,,,
2026-03-30 15:47:47.436,T,6379.5,1,,,
2026-03-30 15:47:47.436,T,6379.5,1,,,
2026-03-30 15:47:47.436,T,6379.5,1,,,
2026-03-30 15:47:47.436,T,6379.5,1,,,
2026-03-30 15:47:47.436,T,6379.5,1,,,
2026-03-30 15:47:47.436,T,6379.5,2,,,
2026-03-30 15:47:47.436,T,6379.5,1,,,
2026-03-30 15:47:47.436,T,6379.5,1,,,
2026-03-30 15:47:47.436,T,6379.5,1,,,
2026-03-30 15:47:47.436,T,6379.5,1,,,
2026-03-30 15:47:47.436,T,6379.5,1,,,
2026-03-30 15:47:47.436,T,6379.5,3,,,
2026-03-30 15:47:47.436,T,6379.5,2,,,
2026-03-30 15:47:47.436,T,6379.5,1,,,
2026-03-30 15:47:47.436,T,6379.5,1,,,
2026-03-30 15:47:47.436,T,6379.5,1,,,
2026-03-30 15:47:47.436,T,6379.5,1,,,
2026-03-30 15:47:47.436,T,6379.5,1,,,
2026-03-30 15:47:47.436,T,6379.5,1,,,
2026-03-30 15:47:47.436,T,6379.5,1,,,
2026-03-30 15:47:47.436,T,6379.5,2,,,
2026-03-30 15:47:47.436,T,6379.5,1,,,
2026-03-30 15:47:47.436,T,6379.5,5,,,
2026-03-30 15:47:47.436,T,6379.5,1,,,
2026-03-30 15:47:47.436,T,6379.5,1,,,
2026-03-30 15:47:47.436,T,6379.5,1,,,
2026-03-30 15:47:47.436,T,6379.5,1,,,
2026-03-30 15:47:47.436,T,6379.5,4,,,
2026-03-30 15:47:47.436,T,6379.5,3,,,
2026-03-30 15:47:47.436,T,6379.5,5,,,
2026-03-30 15:47:47.436,T,6379.5,2,,,
2026-03-30 15:47:47.436,T,6379.75,1,,,
2026-03-30 15:47:47.436,T,6379.75,1,,,
2026-03-30 15:47:47.436,T,6379.75,1,,,
2026-03-30 15:47:47.436,T,6379.75,1,,,
2026-03-30 15:47:47.436,T,6379.75,1,,,
2026-03-30 15:47:47.436,T,6379.75,1,,,
2026-03-30 15:47:47.436,T,6379.75,1,,,
2026-03-30 15:47:47.436,T,6379.75,1,,,
2026-03-30 15:47:47.436,T,6379.75,1,,,
2026-03-30 15:47:47.436,T,6379.5,1,,,
2026-03-30 15:47:47.436,T,6379.5,1,,,
2026-03-30 15:47:47.436,T,6379.5,1,,,
2026-03-30 15:47:47.436,T,6379.5,1,,,
2026-03-30 15:47:47.436,T,6379.5,1,,,
2026-03-30 15:47:47.436,T,6379.5,2,,,
2026-03-30 15:47:47.436,T,6379.5,1,,,
2026-03-30 15:47:47.436,T,6379.75,2,,,
2026-03-30 15:47:47.436,T,6379.75,1,,,
2026-03-30 15:47:47.436,T,6379.75,1,,,
2026-03-30 15:47:47.436,T,6379.5,1,,,
2026-03-30 15:47:47.436,T,6379.75,1,,,
2026-03-30 15:47:47.436,T,6379.75,1,,,
2026-03-30 15:47:47.436,T,6379.75,1,,,
2026-03-30 15:47:47.436,T,6379.75,3,,,
2026-03-30 15:47:47.436,T,6379.75,1,,,
2026-03-30 15:47:47.436,T,6379.75,1,,,
2026-03-30 15:47:47.436,T,6379.75,1,,,
2026-03-30 15:47:47.436,T,6379.75,1,,,
2026-03-30 15:47:47.436,T,6379.75,1,,,
2026-03-30 15:47:47.436,T,6379.75,1,,,
2026-03-30 15:47:47.436,T,6379.75,1,,,
2026-03-30 15:47:47.436,T,6379.75,1,,,
2026-03-30 15:47:47.436,T,6379.75,1,,,
2026-03-30 15:47:47.485,T,6379.75,5,,,
2026-03-30 15:47:47.485,T,6379.75,1,,,
2026-03-30 15:47:47.485,T,6379.75,1,,,
2026-03-30 15:47:47.485,T,6379.75,1,,,
2026-03-30 15:47:47.485,T,6379.75,1,,,
2026-03-30 15:47:47.485,T,6379.75,1,,,
2026-03-30 15:47:47.485,T,6379.75,1,,,
2026-03-30 15:47:47.485,T,6379.75,1,,,
2026-03-30 15:47:47.485,T,6379.75,1,,,
2026-03-30 15:47:47.485,T,6379.75,1,,,
2026-03-30 15:47:47.485,T,6379.75,1,,,
2026-03-30 15:47:47.485,T,6379.75,1,,,
2026-03-30 15:47:47.485,T,6379.75,1,,,
2026-03-30 15:47:47.485,T,6379.75,1,,,
2026-03-30 15:47:47.485,T,6380.0,1,,,
2026-03-30 15:47:47.485,T,6380.0,1,,,
2026-03-30 15:47:47.485,T,6379.75,1,,,
2026-03-30 15:47:47.487,Q,,,,6379.5,6379.75
2026-03-30 15:47:47.635,T,6379.75,1,,,
2026-03-30 15:47:47.635,T,6379.75,4,,,
2026-03-30 15:47:47.635,T,6379.75,1,,,
2026-03-30 15:47:47.635,T,6380.0,1,,,
2026-03-30 15:47:47.635,T,6380.0,1,,,
2026-03-30 15:47:47.635,T,6380.0,1,,,
2026-03-30 15:47:47.635,T,6380.0,1,,,
2026-03-30 15:47:47.635,T,6380.0,1,,,
2026-03-30 15:47:47.635,T,6380.0,1,,,
2026-03-30 15:47:47.635,T,6380.0,1,,,
2026-03-30 15:47:47.635,T,6380.0,3,,,
2026-03-30 15:47:47.635,T,6380.0,4,,,
2026-03-30 15:47:47.635,T,6380.0,1,,,
2026-03-30 15:47:47.635,T,6380.0,1,,,
2026-03-30 15:47:47.635,T,6380.0,1,,,
2026-03-30 15:47:47.635,T,6380.0,1,,,
2026-03-30 15:47:47.635,T,6380.0,1,,,
2026-03-30 15:47:47.635,T,6379.75,1,,,
2026-03-30 15:47:47.637,Q,,,,6379.75,6380.0
2026-03-30 15:47:47.728,T,6380.0,1,,,
2026-03-30 15:47:47.835,T,6379.75,1,,,
2026-03-30 15:47:47.835,T,6379.75,2,,,
2026-03-30 15:47:47.835,T,6379.75,1,,,
2026-03-30 15:47:47.835,T,6379.75,3,,,
2026-03-30 15:47:47.835,T,6379.75,1,,,
2026-03-30 15:47:47.835,T,6379.75,1,,,
2026-03-30 15:47:47.835,T,6379.75,1,,,
2026-03-30 15:47:47.835,T,6379.75,1,,,
2026-03-30 15:47:47.835,T,6379.75,1,,,
2026-03-30 15:47:47.835,T,6379.75,1,,,
2026-03-30 15:47:47.835,T,6379.75,1,,,
2026-03-30 15:47:47.835,T,6379.75,1,,,
2026-03-30 15:47:47.835,T,6379.75,1,,,
2026-03-30 15:47:47.835,T,6379.75,1,,,
2026-03-30 15:47:47.835,T,6379.75,1,,,
2026-03-30 15:47:47.835,T,6379.75,1,,,
2026-03-30 15:47:47.835,T,6379.75,2,,,
2026-03-30 15:47:47.835,T,6379.75,2,,,
2026-03-30 15:47:47.835,T,6379.75,3,,,
2026-03-30 15:47:47.835,T,6379.75,1,,,
2026-03-30 15:47:47.835,T,6379.75,1,,,
2026-03-30 15:47:47.835,T,6379.75,1,,,
2026-03-30 15:47:47.835,T,6379.75,2,,,
2026-03-30 15:47:47.935,T,6380.0,1,,,
2026-03-30 15:47:47.983,T,6380.0,2,,,
2026-03-30 15:47:47.983,T,6380.0,1,,,
2026-03-30 15:47:47.983,T,6380.0,2,,,
2026-03-30 15:47:47.983,T,6380.0,1,,,
2026-03-30 15:47:47.983,T,6380.0,4,,,
2026-03-30 15:47:48.082,Q,,,,6380.0,6380.25
2026-03-30 15:47:48.082,T,6380.0,1,,,
2026-03-30 15:47:48.082,T,6380.0,1,,,
2026-03-30 15:47:48.082,T,6380.0,1,,,
2026-03-30 15:47:48.082,T,6380.0,1,,,
2026-03-30 15:47:48.082,T,6380.0,1,,,
2026-03-30 15:47:48.082,T,6380.0,1,,,
2026-03-30 15:47:48.082,T,6380.0,1,,,
2026-03-30 15:47:48.082,T,6380.0,1,,,
2026-03-30 15:47:48.082,T,6380.0,2,,,
2026-03-30 15:47:48.082,T,6380.0,1,,,
2026-03-30 15:47:48.082,T,6380.0,1,,,
2026-03-30 15:47:48.082,T,6380.0,1,,,
2026-03-30 15:47:48.082,T,6380.0,2,,,
2026-03-30 15:47:48.082,T,6380.0,1,,,
2026-03-30 15:47:48.082,T,6380.0,1,,,
2026-03-30 15:47:48.082,T,6380.0,1,,,
2026-03-30 15:47:48.082,T,6380.25,1,,,
2026-03-30 15:47:48.082,T,6380.25,1,,,
2026-03-30 15:47:48.082,T,6380.25,1,,,
2026-03-30 15:47:48.082,T,6380.0,1,,,
2026-03-30 15:47:48.285,T,6380.0,1,,,
2026-03-30 15:47:48.285,T,6380.0,1,,,
2026-03-30 15:47:48.285,T,6380.0,1,,,
2026-03-30 15:47:48.285,T,6380.0,1,,,
2026-03-30 15:47:48.285,T,6380.0,4,,,
2026-03-30 15:47:48.285,T,6380.0,2,,,
2026-03-30 15:47:48.285,T,6380.0,1,,,
2026-03-30 15:47:48.285,T,6380.0,1,,,
2026-03-30 15:47:48.285,T,6380.0,1,,,
2026-03-30 15:47:48.285,T,6380.0,2,,,
2026-03-30 15:47:48.285,T,6380.0,1,,,
2026-03-30 15:47:48.285,T,6380.0,1,,,
2026-03-30 15:47:48.285,T,6380.0,2,,,
2026-03-30 15:47:48.285,T,6380.0,3,,,
2026-03-30 15:47:48.285,T,6380.0,2,,,
2026-03-30 15:47:48.285,T,6380.0,1,,,
2026-03-30 15:47:48.285,T,6380.0,1,,,
2026-03-30 15:47:48.285,T,6380.0,3,,,
2026-03-30 15:47:48.285,T,6380.0,1,,,
2026-03-30 15:47:48.285,T,6380.0,1,,,
2026-03-30 15:47:48.285,T,6380.0,1,,,
2026-03-30 15:47:48.285,T,6380.0,2,,,
2026-03-30 15:47:48.285,T,6380.0,1,,,
2026-03-30 15:47:48.285,T,6380.0,1,,,
2026-03-30 15:47:48.285,T,6380.25,1,,,
2026-03-30 15:47:48.379,T,6380.25,1,,,
2026-03-30 15:47:48.379,T,6380.0,1,,,
2026-03-30 15:47:48.379,T,6380.0,1,,,
2026-03-30 15:47:48.379,T,6380.0,1,,,
2026-03-30 15:47:48.379,T,6380.0,1,,,
2026-03-30 15:47:48.379,T,6380.0,1,,,
2026-03-30 15:47:48.379,T,6380.0,2,,,
2026-03-30 15:47:48.379,T,6380.0,1,,,
2026-03-30 15:47:48.484,T,6380.0,1,,,
2026-03-30 15:47:48.634,T,6380.25,1,,,
2026-03-30 15:47:48.680,T,6380.25,1,,,
2026-03-30 15:47:48.680,T,6380.0,1,,,
2026-03-30 15:47:48.680,T,6380.0,1,,,
2026-03-30 15:47:48.680,T,6380.0,1,,,
2026-03-30 15:47:48.680,T,6380.0,1,,,
2026-03-30 15:47:48.680,T,6380.0,1,,,
2026-03-30 15:47:48.680,T,6380.0,1,,,
2026-03-30 15:47:48.732,T,6380.0,1,,,
2026-03-30 15:47:48.732,T,6380.0,3,,,
2026-03-30 15:47:48.732,Q,,,,6379.75,6380.0
2026-03-30 15:47:48.932,T,6380.0,1,,,
2026-03-30 15:47:48.980,T,6380.0,1,,,
2026-03-30 15:47:49.029,T,6380.0,3,,,
2026-03-30 15:47:49.029,T,6380.0,2,,,
2026-03-30 15:47:49.079,T,6380.0,1,,,
2026-03-30 15:47:49.079,T,6380.0,1,,,
2026-03-30 15:47:49.079,T,6380.0,1,,,
2026-03-30 15:47:49.079,T,6380.0,1,,,
2026-03-30 15:47:49.079,T,6380.0,1,,,
2026-03-30 15:47:49.079,T,6380.0,1,,,
2026-03-30 15:47:49.080,Q,,,,6380.0,6380.25
2026-03-30 15:47:49.136,T,6380.0,1,,,
2026-03-30 15:47:49.236,T,6380.25,1,,,
2026-03-30 15:47:49.236,T,6380.25,1,,,
2026-03-30 15:47:49.236,T,6380.25,1,,,
2026-03-30 15:47:49.236,T,6380.25,3,,,
2026-03-30 15:47:49.236,T,6380.25,4,,,
2026-03-30 15:47:49.283,T,6380.25,1,,,
2026-03-30 15:47:49.283,T,6380.25,1,,,
2026-03-30 15:47:49.283,T,6380.25,1,,,
2026-03-30 15:47:49.585,T,6380.0,1,,,
2026-03-30 15:47:49.585,T,6380.0,4,,,
2026-03-30 15:47:49.679,T,6380.0,1,,,
2026-03-30 15:47:49.679,T,6380.0,1,,,
2026-03-30 15:47:49.679,T,6380.0,1,,,
2026-03-30 15:47:49.679,T,6380.0,3,,,
2026-03-30 15:47:49.679,T,6380.0,1,,,
2026-03-30 15:47:49.679,T,6380.0,1,,,
2026-03-30 15:47:49.679,T,6380.0,1,,,
2026-03-30 15:47:49.679,T,6380.0,1,,,
2026-03-30 15:47:49.679,T,6380.0,1,,,
2026-03-30 15:47:49.679,T,6380.0,1,,,
2026-03-30 15:47:49.679,T,6380.0,2,,,
2026-03-30 15:47:49.679,T,6380.0,3,,,
2026-03-30 15:47:49.679,T,6380.0,1,,,
2026-03-30 15:47:49.679,T,6380.0,1,,,
2026-03-30 15:47:49.679,T,6380.0,1,,,
2026-03-30 15:47:49.679,T,6380.0,1,,,
2026-03-30 15:47:49.679,T,6380.0,1,,,
2026-03-30 15:47:49.679,T,6380.0,1,,,
2026-03-30 15:47:49.679,T,6380.0,1,,,
2026-03-30 15:47:49.735,T,6380.0,1,,,
2026-03-30 15:47:49.783,T,6380.0,3,,,
2026-03-30 15:47:49.783,T,6380.0,1,,,
2026-03-30 15:47:49.783,T,6380.0,1,,,
2026-03-30 15:47:49.783,T,6380.0,1,,,
2026-03-30 15:47:49.783,T,6380.0,1,,,
2026-03-30 15:47:49.783,T,6380.0,1,,,
2026-03-30 15:47:49.783,T,6380.0,2,,,
2026-03-30 15:47:49.783,T,6380.0,2,,,
2026-03-30 15:47:49.831,T,6380.25,1,,,
2026-03-30 15:47:49.831,T,6380.25,1,,,
2026-03-30 15:47:49.831,T,6380.25,1,,,
2026-03-30 15:47:49.831,T,6380.25,1,,,
2026-03-30 15:47:49.831,T,6380.25,1,,,
2026-03-30 15:47:49.936,T,6380.25,1,,,
2026-03-30 15:47:49.936,T,6380.25,1,,,
2026-03-30 15:47:49.936,T,6380.25,1,,,
2026-03-30 15:47:50.029,T,6380.0,1,,,
2026-03-30 15:47:50.083,T,6380.0,2,,,
2026-03-30 15:47:50.083,T,6380.0,1,,,
2026-03-30 15:47:50.083,T,6380.0,8,,,
2026-03-30 15:47:50.083,T,6380.0,2,,,
2026-03-30 15:47:50.083,T,6380.0,3,,,
2026-03-30 15:47:50.083,T,6380.0,1,,,
2026-03-30 15:47:50.083,T,6380.0,1,,,
2026-03-30 15:47:50.083,T,6380.0,1,,,
2026-03-30 15:47:50.083,T,6380.0,1,,,
2026-03-30 15:47:50.083,T,6380.0,5,,,
2026-03-30 15:47:50.083,T,6380.0,1,,,
2026-03-30 15:47:50.083,T,6380.25,1,,,
2026-03-30 15:47:50.235,T,6380.25,3,,,
2026-03-30 15:47:50.235,T,6380.25,1,,,
2026-03-30 15:47:50.235,T,6380.25,1,,,
2026-03-30 15:47:50.235,T,6380.25,1,,,
2026-03-30 15:47:50.235,T,6380.25,3,,,
2026-03-30 15:47:50.235,T,6380.25,1,,,
2026-03-30 15:47:50.235,T,6380.25,1,,,
2026-03-30 15:47:50.235,T,6380.25,1,,,
2026-03-30 15:47:50.235,T,6380.25,1,,,
2026-03-30 15:47:50.235,T,6380.25,1,,,
2026-03-30 15:47:50.235,T,6380.25,1,,,
2026-03-30 15:47:50.235,T,6380.25,1,,,
2026-03-30 15:47:50.236,Q,,,,6380.25,6380.5
2026-03-30 15:47:50.736,T,6380.5,1,,,
2026-03-30 15:47:50.736,T,6380.5,1,,,
2026-03-30 15:47:50.736,T,6380.5,1,,,
2026-03-30 15:47:50.736,T,6380.5,1,,,
2026-03-30 15:47:50.736,T,6380.5,1,,,
2026-03-30 15:47:50.736,T,6380.5,1,,,
2026-03-30 15:47:50.736,T,6380.5,3,,,
2026-03-30 15:47:50.736,T,6380.5,1,,,
2026-03-30 15:47:50.736,T,6380.5,1,,,
2026-03-30 15:47:50.736,T,6380.5,4,,,
2026-03-30 15:47:50.736,T,6380.5,1,,,
2026-03-30 15:47:50.736,T,6380.5,2,,,
2026-03-30 15:47:50.736,T,6380.5,1,,,
2026-03-30 15:47:50.736,T,6380.5,2,,,
2026-03-30 15:47:50.736,T,6380.5,1,,,
2026-03-30 15:47:50.736,T,6380.5,1,,,
2026-03-30 15:47:50.736,T,6380.5,1,,,
2026-03-30 15:47:50.736,T,6380.5,1,,,
2026-03-30 15:47:50.736,T,6380.5,1,,,
2026-03-30 15:47:50.736,T,6380.5,8,,,
2026-03-30 15:47:50.736,T,6380.5,1,,,
2026-03-30 15:47:50.736,T,6380.5,1,,,
2026-03-30 15:47:50.736,T,6380.5,1,,,
2026-03-30 15:47:50.736,T,6380.5,1,,,
2026-03-30 15:47:50.736,T,6380.5,1,,,
2026-03-30 15:47:50.736,T,6380.5,1,,,
2026-03-30 15:47:50.736,T,6380.5,2,,,
2026-03-30 15:47:50.736,T,6380.5,2,,,
2026-03-30 15:47:50.736,T,6380.5,1,,,
2026-03-30 15:47:50.736,T,6380.5,1,,,
2026-03-30 15:47:50.736,T,6380.5,1,,,
2026-03-30 15:47:50.736,T,6380.5,1,,,
2026-03-30 15:47:50.736,T,6380.5,1,,,
2026-03-30 15:47:50.736,T,6380.5,1,,,
2026-03-30 15:47:50.736,T,6380.5,1,,,
2026-03-30 15:47:50.736,T,6380.5,1,,,
2026-03-30 15:47:50.736,T,6380.5,1,,,
2026-03-30 15:47:50.786,T,6380.25,1,,,
2026-03-30 15:47:50.885,T,6380.5,1,,,
2026-03-30 15:47:50.885,T,6380.5,1,,,
2026-03-30 15:47:50.885,T,6380.25,1,,,
2026-03-30 15:47:50.885,T,6380.25,1,,,
2026-03-30 15:47:50.885,T,6380.25,1,,,
2026-03-30 15:47:50.982,T,6380.25,1,,,
2026-03-30 15:47:50.982,T,6380.25,1,,,
2026-03-30 15:47:50.982,T,6380.25,1,,,
2026-03-30 15:47:50.982,T,6380.25,2,,,
2026-03-30 15:47:51.136,T,6380.25,1,,,
2026-03-30 15:47:51.184,T,6380.5,1,,,
2026-03-30 15:47:51.237,T,6380.5,1,,,
2026-03-30 15:47:51.237,T,6380.5,2,,,
2026-03-30 15:47:51.284,Q,,,,6380.5,6380.75
2026-03-30 15:47:51.284,T,6380.5,1,,,
2026-03-30 15:47:51.284,T,6380.5,1,,,
2026-03-30 15:47:51.284,T,6380.5,2,,,
2026-03-30 15:47:51.284,T,6380.5,1,,,
2026-03-30 15:47:51.284,T,6380.5,1,,,
2026-03-30 15:47:51.284,T,6380.5,1,,,
2026-03-30 15:47:51.284,T,6380.5,1,,,
2026-03-30 15:47:51.284,T,6380.5,1,,,
2026-03-30 15:47:51.332,Q,,,,6380.25,6380.5
2026-03-30 15:47:51.333,T,6380.5,1,,,
2026-03-30 15:47:51.333,T,6380.5,1,,,
2026-03-30 15:47:51.333,T,6380.5,1,,,
2026-03-30 15:47:51.333,T,6380.5,1,,,
2026-03-30 15:47:51.333,T,6380.5,1,,,
2026-03-30 15:47:51.333,T,6380.5,1,,,
2026-03-30 15:47:51.333,T,6380.5,1,,,
2026-03-30 15:47:51.333,T,6380.5,1,,,
2026-03-30 15:47:51.333,T,6380.5,1,,,
2026-03-30 15:47:51.333,T,6380.5,4,,,
2026-03-30 15:47:51.333,T,6380.5,1,,,
2026-03-30 15:47:51.333,T,6380.5,1,,,
2026-03-30 15:47:51.333,T,6380.5,1,,,
2026-03-30 15:47:51.333,T,6380.5,1,,,
2026-03-30 15:47:51.380,T,6380.25,1,,,
2026-03-30 15:47:51.482,T,6380.25,1,,,
2026-03-30 15:47:51.586,T,6380.5,1,,,
2026-03-30 15:47:51.586,T,6380.5,1,,,
2026-03-30 15:47:51.586,T,6380.5,1,,,
2026-03-30 15:47:51.587,Q,,,,6380.5,6380.75
2026-03-30 15:47:51.736,T,6380.75,1,,,
2026-03-30 15:47:51.736,T,6380.75,1,,,
2026-03-30 15:47:51.736,T,6380.75,1,,,
2026-03-30 15:47:51.736,T,6380.75,1,,,
2026-03-30 15:47:51.736,T,6380.75,1,,,
2026-03-30 15:47:51.736,T,6380.5,1,,,
2026-03-30 15:47:51.783,T,6380.75,3,,,
2026-03-30 15:47:51.783,T,6380.75,1,,,
2026-03-30 15:47:51.988,Q,,,,6380.75,6381.0
2026-03-30 15:47:51.988,T,6380.75,1,,,
2026-03-30 15:47:51.988,T,6380.75,2,,,
2026-03-30 15:47:51.988,T,6380.75,1,,,
2026-03-30 15:47:51.988,T,6380.75,1,,,
2026-03-30 15:47:51.988,T,6380.75,2,,,
2026-03-30 15:47:51.988,T,6380.75,1,,,
2026-03-30 15:47:51.988,T,6380.75,1,,,
2026-03-30 15:47:51.988,T,6380.75,1,,,
2026-03-30 15:47:51.988,T,6380.75,1,,,
2026-03-30 15:47:51.988,T,6380.75,1,,,
2026-03-30 15:47:51.988,T,6380.75,1,,,
2026-03-30 15:47:51.988,T,6380.75,1,,,
2026-03-30 15:47:51.988,T,6380.75,1,,,
2026-03-30 15:47:51.988,T,6380.75,1,,,
2026-03-30 15:47:51.988,T,6380.75,1,,,
2026-03-30 15:47:51.988,T,6380.75,1,,,
2026-03-30 15:47:52.034,T,6380.75,1,,,
2026-03-30 15:47:52.034,T,6380.75,1,,,
2026-03-30 15:47:52.034,T,6380.75,3,,,
2026-03-30 15:47:52.034,T,6380.75,1,,,
2026-03-30 15:47:52.034,T,6380.75,1,,,
2026-03-30 15:47:52.034,T,6380.75,1,,,
2026-03-30 15:47:52.034,T,6380.75,1,,,
2026-03-30 15:47:52.034,T,6380.75,1,,,
2026-03-30 15:47:52.034,T,6381.0,1,,,
2026-03-30 15:47:52.034,T,6381.0,1,,,
2026-03-30 15:47:52.034,T,6381.0,1,,,
2026-03-30 15:47:52.034,T,6381.0,1,,,
2026-03-30 15:47:52.034,T,6381.0,1,,,
2026-03-30 15:47:52.034,T,6381.0,1,,,
2026-03-30 15:47:52.034,T,6381.0,1,,,
2026-03-30 15:47:52.034,T,6381.0,1,,,
2026-03-30 15:47:52.034,T,6381.0,1,,,
2026-03-30 15:47:52.034,T,6381.0,1,,,
2026-03-30 15:47:52.034,T,6381.0,1,,,
2026-03-30 15:47:52.034,T,6381.0,4,,,
2026-03-30 15:47:52.034,T,6381.0,1,,,
2026-03-30 15:47:52.034,T,6381.0,1,,,
2026-03-30 15:47:52.034,T,6381.0,1,,,
2026-03-30 15:47:52.034,T,6381.0,1,,,
2026-03-30 15:47:52.034,T,6381.0,1,,,
2026-03-30 15:47:52.034,T,6381.0,2,,,
2026-03-30 15:47:52.132,T,6380.75,2,,,
2026-03-30 15:47:52.132,T,6380.75,3,,,
2026-03-30 15:47:52.132,T,6380.75,1,,,
2026-03-30 15:47:52.132,T,6380.75,4,,,
2026-03-30 15:47:52.132,T,6380.75,1,,,
2026-03-30 15:47:52.132,T,6380.75,1,,,
2026-03-30 15:47:52.132,T,6380.75,1,,,
2026-03-30 15:47:52.132,T,6380.75,1,,,
2026-03-30 15:47:52.132,T,6380.75,2,,,
2026-03-30 15:47:52.132,T,6381.0,1,,,
2026-03-30 15:47:52.132,T,6381.0,4,,,
2026-03-30 15:47:52.132,T,6381.0,2,,,
2026-03-30 15:47:52.132,T,6381.0,10,,,
2026-03-30 15:47:52.132,T,6381.0,3,,,
2026-03-30 15:47:52.132,T,6381.0,1,,,
2026-03-30 15:47:52.132,T,6381.0,1,,,
2026-03-30 15:47:52.132,T,6381.0,1,,,
2026-03-30 15:47:52.132,T,6381.0,1,,,
2026-03-30 15:47:52.132,T,6381.0,1,,,
2026-03-30 15:47:52.132,T,6381.0,1,,,
2026-03-30 15:47:52.132,T,6381.0,1,,,
2026-03-30 15:47:52.132,T,6381.0,1,,,
2026-03-30 15:47:52.132,T,6381.0,1,,,
2026-03-30 15:47:52.132,T,6381.0,1,,,
2026-03-30 15:47:52.132,T,6381.0,1,,,
2026-03-30 15:47:52.132,T,6381.0,1,,,
2026-03-30 15:47:52.132,T,6381.0,1,,,
2026-03-30 15:47:52.132,T,6381.0,1,,,
2026-03-30 15:47:52.132,T,6381.0,1,,,
2026-03-30 15:47:52.132,T,6381.0,1,,,
2026-03-30 15:47:52.132,T,6381.0,4,,,
2026-03-30 15:47:52.132,T,6381.0,1,,,
2026-03-30 15:47:52.132,T,6381.0,5,,,
2026-03-30 15:47:52.132,T,6381.0,1,,,
2026-03-30 15:47:52.132,T,6381.0,1,,,
2026-03-30 15:47:52.132,T,6381.0,1,,,
2026-03-30 15:47:52.132,T,6381.0,1,,,
2026-03-30 15:47:52.132,T,6381.0,1,,,
2026-03-30 15:47:52.132,T,6380.75,2,,,
2026-03-30 15:47:52.132,T,6380.75,2,,,
2026-03-30 15:47:52.132,T,6380.75,1,,,
2026-03-30 15:47:52.132,T,6380.75,1,,,
2026-03-30 15:47:52.132,T,6380.75,1,,,
2026-03-30 15:47:52.132,T,6380.75,1,,,
2026-03-30 15:47:52.132,T,6380.75,4,,,
2026-03-30 15:47:52.132,T,6380.75,2,,,
2026-03-30 15:47:52.132,T,6380.75,1,,,
2026-03-30 15:47:52.132,T,6380.75,1,,,
2026-03-30 15:47:52.132,T,6380.75,1,,,
2026-03-30 15:47:52.132,T,6380.75,1,,,
2026-03-30 15:47:52.132,T,6380.75,3,,,
2026-03-30 15:47:52.132,T,6380.75,1,,,
2026-03-30 15:47:52.132,T,6380.75,1,,,
2026-03-30 15:47:52.132,T,6380.75,1,,,
2026-03-30 15:47:52.132,T,6380.75,1,,,
2026-03-30 15:47:52.132,T,6380.75,1,,,
2026-03-30 15:47:52.132,T,6380.75,3,,,
2026-03-30 15:47:52.132,T,6380.75,1,,,
2026-03-30 15:47:52.132,T,6380.75,1,,,
2026-03-30 15:47:52.132,T,6380.75,3,,,
2026-03-30 15:47:52.132,T,6380.75,1,,,
2026-03-30 15:47:52.132,T,6380.75,1,,,
2026-03-30 15:47:52.132,T,6380.75,2,,,
2026-03-30 15:47:52.132,T,6380.75,1,,,
2026-03-30 15:47:52.132,T,6380.75,1,,,
2026-03-30 15:47:52.132,T,6380.75,1,,,
2026-03-30 15:47:52.132,T,6380.75,1,,,
2026-03-30 15:47:52.132,T,6381.0,1,,,
2026-03-30 15:47:52.132,T,6381.0,1,,,
2026-03-30 15:47:52.132,T,6380.75,1,,,
2026-03-30 15:47:52.180,T,6381.0,1,,,
2026-03-30 15:47:52.180,T,6381.0,1,,,
2026-03-30 15:47:52.180,T,6381.0,1,,,
2026-03-30 15:47:52.180,T,6381.0,1,,,
2026-03-30 15:47:52.180,T,6381.0,1,,,
2026-03-30 15:47:52.180,T,6381.0,1,,,
2026-03-30 15:47:52.180,T,6381.0,1,,,
2026-03-30 15:47:52.180,T,6381.0,1,,,
2026-03-30 15:47:52.180,T,6381.0,1,,,
2026-03-30 15:47:52.180,T,6381.0,1,,,
2026-03-30 15:47:52.180,T,6381.0,1,,,
2026-03-30 15:47:52.180,T,6381.0,1,,,
2026-03-30 15:47:52.180,T,6381.0,1,,,
2026-03-30 15:47:52.180,T,6381.0,1,,,
2026-03-30 15:47:52.235,T,6381.0,1,,,
2026-03-30 15:47:52.235,T,6381.0,1,,,
2026-03-30 15:47:52.235,T,6381.0,1,,,
2026-03-30 15:47:52.235,T,6381.0,1,,,
2026-03-30 15:47:52.235,T,6381.0,1,,,
2026-03-30 15:47:52.235,T,6381.0,1,,,
2026-03-30 15:47:52.235,T,6381.0,1,,,
2026-03-30 15:47:52.235,T,6381.25,2,,,
2026-03-30 15:47:52.235,T,6381.25,1,,,
2026-03-30 15:47:52.235,T,6381.25,1,,,
2026-03-30 15:47:52.235,T,6381.25,1,,,
2026-03-30 15:47:52.235,T,6381.25,1,,,
2026-03-30 15:47:52.235,T,6381.25,1,,,
2026-03-30 15:47:52.235,T,6381.25,1,,,
2026-03-30 15:47:52.235,T,6381.25,1,,,
2026-03-30 15:47:52.235,T,6381.25,1,,,
2026-03-30 15:47:52.235,T,6381.25,1,,,
2026-03-30 15:47:52.235,T,6381.25,1,,,
2026-03-30 15:47:52.235,T,6381.25,1,,,
2026-03-30 15:47:52.235,T,6381.25,4,,,
2026-03-30 15:47:52.235,T,6381.25,1,,,
2026-03-30 15:47:52.235,T,6381.25,4,,,
2026-03-30 15:47:52.237,Q,,,,6381.0,6381.25
2026-03-30 15:47:52.381,T,6381.25,1,,,
2026-03-30 15:47:52.381,T,6381.25,2,,,
2026-03-30 15:47:52.381,T,6381.25,1,,,
2026-03-30 15:47:52.381,T,6381.25,1,,,
2026-03-30 15:47:52.381,T,6381.0,1,,,
2026-03-30 15:47:52.429,T,6381.0,1,,,
2026-03-30 15:47:52.429,T,6381.0,1,,,
2026-03-30 15:47:52.429,T,6381.0,1,,,
2026-03-30 15:47:52.429,T,6381.0,1,,,
2026-03-30 15:47:52.429,T,6381.0,3,,,
2026-03-30 15:47:52.429,T,6381.0,1,,,
2026-03-30 15:47:52.429,T,6381.0,1,,,
2026-03-30 15:47:52.429,T,6381.0,3,,,
2026-03-30 15:47:52.429,T,6381.0,5,,,
2026-03-30 15:47:52.429,T,6381.0,1,,,
2026-03-30 15:47:52.429,T,6381.0,1,,,
2026-03-30 15:47:52.429,T,6381.0,1,,,
2026-03-30 15:47:52.429,T,6381.0,1,,,
2026-03-30 15:47:52.429,T,6381.0,1,,,
2026-03-30 15:47:52.429,T,6381.0,1,,,
2026-03-30 15:47:52.429,T,6381.0,1,,,
2026-03-30 15:47:52.429,T,6381.0,2,,,
2026-03-30 15:47:52.429,T,6381.0,1,,,
2026-03-30 15:47:52.429,T,6381.0,1,,,
2026-03-30 15:47:52.429,T,6381.0,1,,,
2026-03-30 15:47:52.429,T,6381.0,1,,,
2026-03-30 15:47:52.429,T,6381.0,1,,,
2026-03-30 15:47:52.429,T,6381.0,1,,,
2026-03-30 15:47:52.429,T,6381.0,1,,,
2026-03-30 15:47:52.431,Q,,,,6380.75,6381.0
2026-03-30 15:47:52.479,T,6380.75,1,,,
2026-03-30 15:47:52.535,T,6380.75,1,,,
2026-03-30 15:47:52.535,T,6380.75,1,,,
2026-03-30 15:47:52.535,T,6380.75,1,,,
2026-03-30 15:47:52.535,T,6380.75,1,,,
2026-03-30 15:47:52.535,T,6380.75,1,,,
2026-03-30 15:47:52.535,T,6380.75,1,,,
2026-03-30 15:47:52.535,T,6380.75,1,,,
2026-03-30 15:47:52.535,T,6380.75,1,,,
2026-03-30 15:47:52.535,T,6380.75,1,,,
2026-03-30 15:47:52.535,T,6380.75,1,,,
2026-03-30 15:47:52.535,T,6380.75,1,,,
2026-03-30 15:47:52.535,T,6380.75,1,,,
2026-03-30 15:47:52.535,T,6380.75,1,,,
2026-03-30 15:47:52.535,T,6380.75,1,,,
2026-03-30 15:47:52.535,T,6380.75,1,,,
2026-03-30 15:47:52.535,T,6380.75,6,,,
2026-03-30 15:47:52.537,Q,,,,6380.5,6380.75
2026-03-30 15:47:52.736,T,6380.75,1,,,
2026-03-30 15:47:52.784,T,6380.75,1,,,
2026-03-30 15:47:52.832,Q,,,,6380.25,6380.75
2026-03-30 15:47:52.832,T,6380.5,3,,,
2026-03-30 15:47:52.832,T,6380.5,1,,,
2026-03-30 15:47:52.832,T,6380.5,1,,,
2026-03-30 15:47:52.832,T,6380.5,1,,,
2026-03-30 15:47:52.832,T,6380.5,1,,,
2026-03-30 15:47:52.832,T,6380.5,1,,,
2026-03-30 15:47:52.832,T,6380.5,1,,,
2026-03-30 15:47:52.832,T,6380.5,1,,,
2026-03-30 15:47:52.832,T,6380.5,1,,,
2026-03-30 15:47:52.832,T,6380.5,1,,,
2026-03-30 15:47:52.832,T,6380.5,3,,,
2026-03-30 15:47:52.832,T,6380.5,1,,,
2026-03-30 15:47:52.832,T,6380.5,1,,,
2026-03-30 15:47:52.832,T,6380.5,1,,,
2026-03-30 15:47:52.832,T,6380.5,1,,,
2026-03-30 15:47:52.832,T,6380.5,4,,,
2026-03-30 15:47:52.832,T,6380.5,1,,,
2026-03-30 15:47:52.832,T,6380.5,1,,,
2026-03-30 15:47:52.832,T,6380.5,1,,,
2026-03-30 15:47:52.832,T,6380.5,5,,,
2026-03-30 15:47:52.832,T,6380.5,1,,,
2026-03-30 15:47:52.832,T,6380.5,2,,,
2026-03-30 15:47:52.832,T,6380.5,1,,,
2026-03-30 15:47:52.832,T,6380.5,1,,,
2026-03-30 15:47:52.832,T,6380.5,2,,,
2026-03-30 15:47:52.886,T,6380.75,1,,,
2026-03-30 15:47:52.886,T,6380.5,3,,,
2026-03-30 15:47:52.886,T,6380.5,1,,,
2026-03-30 15:47:52.886,T,6380.5,1,,,
2026-03-30 15:47:52.888,Q,,,,6380.25,6380.5
2026-03-30 15:47:52.982,T,6380.25,1,,,
2026-03-30 15:47:52.982,T,6380.5,1,,,
2026-03-30 15:47:53.085,T,6380.25,1,,,
2026-03-30 15:47:53.085,T,6380.25,2,,,
2026-03-30 15:47:53.085,T,6380.25,1,,,
2026-03-30 15:47:53.085,T,6380.25,1,,,
2026-03-30 15:47:53.085,T,6380.25,1,,,
2026-03-30 15:47:53.085,T,6380.25,1,,,
2026-03-30 15:47:53.236,T,6380.5,1,,,
2026-03-30 15:47:53.236,T,6380.5,1,,,
2026-03-30 15:47:53.236,T,6380.5,1,,,
2026-03-30 15:47:53.236,T,6380.5,1,,,
2026-03-30 15:47:53.236,T,6380.5,1,,,
2026-03-30 15:47:53.236,T,6380.5,1,,,
2026-03-30 15:47:53.285,T,6380.5,3,,,
2026-03-30 15:47:53.285,T,6380.5,1,,,
2026-03-30 15:47:53.285,T,6380.5,1,,,
2026-03-30 15:47:53.285,T,6380.5,1,,,
2026-03-30 15:47:53.285,T,6380.5,1,,,
2026-03-30 15:47:53.285,T,6380.5,1,,,
2026-03-30 15:47:53.285,Q,,,,6380.5,6380.75
2026-03-30 15:47:53.332,Q,,,,6380.75,6381.0
2026-03-30 15:47:53.334,T,6380.75,3,,,
2026-03-30 15:47:53.334,T,6380.75,4,,,
2026-03-30 15:47:53.334,T,6380.75,1,,,
2026-03-30 15:47:53.334,T,6380.75,1,,,
2026-03-30 15:47:53.334,T,6380.75,1,,,
2026-03-30 15:47:53.334,T,6380.75,1,,,
2026-03-30 15:47:53.334,T,6380.75,1,,,
2026-03-30 15:47:53.334,T,6380.75,1,,,
2026-03-30 15:47:53.334,T,6380.75,1,,,
2026-03-30 15:47:53.334,T,6380.75,1,,,
2026-03-30 15:47:53.334,T,6380.75,1,,,
2026-03-30 15:47:53.334,T,6380.75,1,,,
2026-03-30 15:47:53.334,T,6380.75,1,,,
2026-03-30 15:47:53.334,T,6380.75,1,,,
2026-03-30 15:47:53.334,T,6380.75,1,,,
2026-03-30 15:47:53.334,T,6380.75,1,,,
2026-03-30 15:47:53.334,T,6380.75,1,,,
2026-03-30 15:47:53.334,T,6380.75,1,,,
2026-03-30 15:47:53.334,T,6380.75,1,,,
2026-03-30 15:47:53.334,T,6380.75,1,,,
2026-03-30 15:47:53.334,T,6380.75,1,,,
2026-03-30 15:47:53.381,T,6380.75,1,,,
2026-03-30 15:47:53.381,T,6380.75,1,,,
2026-03-30 15:47:53.381,T,6380.75,1,,,
2026-03-30 15:47:53.381,T,6380.75,1,,,
2026-03-30 15:47:53.381,T,6380.75,1,,,
2026-03-30 15:47:53.381,T,6381.0,1,,,
2026-03-30 15:47:53.381,T,6381.0,1,,,
2026-03-30 15:47:53.381,T,6381.0,1,,,
2026-03-30 15:47:53.381,T,6380.75,1,,,
2026-03-30 15:47:53.431,T,6381.0,1,,,
2026-03-30 15:47:53.431,T,6381.0,1,,,
2026-03-30 15:47:53.431,T,6381.0,1,,,
2026-03-30 15:47:53.431,T,6381.0,1,,,
2026-03-30 15:47:53.431,T,6381.0,1,,,
2026-03-30 15:47:53.431,T,6381.0,2,,,
2026-03-30 15:47:53.431,T,6381.0,1,,,
2026-03-30 15:47:53.431,T,6381.0,4,,,
2026-03-30 15:47:53.431,T,6381.0,1,,,
2026-03-30 15:47:53.431,T,6381.0,1,,,
2026-03-30 15:47:53.431,T,6381.0,1,,,
2026-03-30 15:47:53.431,T,6381.0,1,,,
2026-03-30 15:47:53.431,T,6381.0,1,,,
2026-03-30 15:47:53.431,T,6381.0,3,,,
2026-03-30 15:47:53.431,T,6381.0,1,,,
2026-03-30 15:47:53.431,T,6381.0,1,,,
2026-03-30 15:47:53.431,T,6381.0,1,,,
2026-03-30 15:47:53.431,T,6381.0,1,,,
2026-03-30 15:47:53.431,T,6381.0,3,,,
2026-03-30 15:47:53.431,T,6381.0,2,,,
2026-03-30 15:47:53.431,T,6381.0,1,,,
2026-03-30 15:47:53.431,T,6381.0,1,,,
2026-03-30 15:47:53.431,T,6381.0,1,,,
2026-03-30 15:47:53.431,T,6381.0,1,,,
2026-03-30 15:47:53.431,T,6381.0,3,,,
2026-03-30 15:47:53.431,T,6381.0,1,,,
2026-03-30 15:47:53.431,T,6381.0,1,,,
2026-03-30 15:47:53.431,T,6381.0,1,,,
2026-03-30 15:47:53.431,T,6381.0,2,,,
2026-03-30 15:47:53.537,Q,,,,6380.5,6381.0
2026-03-30 15:47:53.537,T,6380.75,1,,,
2026-03-30 15:47:53.537,T,6380.75,1,,,
2026-03-30 15:47:53.537,T,6380.75,2,,,
2026-03-30 15:47:53.537,T,6380.75,1,,,
2026-03-30 15:47:53.537,T,6380.75,1,,,
2026-03-30 15:47:53.537,T,6380.75,1,,,
2026-03-30 15:47:53.537,T,6380.75,3,,,
2026-03-30 15:47:53.537,T,6380.75,1,,,
2026-03-30 15:47:53.537,T,6380.75,1,,,
2026-03-30 15:47:53.537,T,6380.75,1,,,
2026-03-30 15:47:53.537,T,6380.75,1,,,
2026-03-30 15:47:53.537,T,6380.75,3,,,
2026-03-30 15:47:53.537,T,6380.75,1,,,
2026-03-30 15:47:53.537,T,6380.75,1,,,
2026-03-30 15:47:53.537,T,6380.75,1,,,
2026-03-30 15:47:53.537,T,6380.75,1,,,
2026-03-30 15:47:53.537,T,6380.75,1,,,
2026-03-30 15:47:53.537,T,6380.75,1,,,
2026-03-30 15:47:53.635,T,6381.0,1,,,
2026-03-30 15:47:53.635,Q,,,,6380.75,6381.0
2026-03-30 15:47:53.786,T,6380.75,1,,,
2026-03-30 15:47:53.885,T,6380.75,1,,,
2026-03-30 15:47:53.981,T,6381.0,1,,,
2026-03-30 15:47:53.981,T,6381.0,1,,,
2026-03-30 15:47:53.981,T,6381.0,1,,,
2026-03-30 15:47:54.029,T,6381.0,1,,,
2026-03-30 15:47:54.029,T,6381.0,1,,,
2026-03-30 15:47:54.029,T,6381.0,1,,,
2026-03-30 15:47:54.029,T,6381.0,1,,,
2026-03-30 15:47:54.029,T,6381.0,1,,,
2026-03-30 15:47:54.029,T,6381.0,1,,,
2026-03-30 15:47:54.029,T,6381.0,1,,,
2026-03-30 15:47:54.029,T,6381.0,4,,,
2026-03-30 15:47:54.029,T,6381.0,1,,,
2026-03-30 15:47:54.029,T,6381.0,1,,,
2026-03-30 15:47:54.029,T,6381.0,1,,,
2026-03-30 15:47:54.029,T,6381.0,1,,,
2026-03-30 15:47:54.029,T,6381.0,1,,,
2026-03-30 15:47:54.029,T,6381.0,1,,,
2026-03-30 15:47:54.030,Q,,,,6380.75,6381.25
2026-03-30 15:47:54.085,T,6381.0,1,,,
2026-03-30 15:47:54.085,T,6381.0,1,,,
2026-03-30 15:47:54.085,T,6381.0,1,,,
2026-03-30 15:47:54.086,Q,,,,6380.75,6381.0
2026-03-30 15:47:54.133,Q,,,,6381.0,6381.25
2026-03-30 15:47:54.133,T,6381.0,1,,,
2026-03-30 15:47:54.133,T,6381.0,3,,,
2026-03-30 15:47:54.133,T,6381.0,1,,,
2026-03-30 15:47:54.287,Q,,,,6381.25,6381.5
2026-03-30 15:47:54.288,T,6381.25,1,,,
2026-03-30 15:47:54.288,T,6381.25,1,,,
2026-03-30 15:47:54.288,T,6381.25,1,,,
2026-03-30 15:47:54.288,T,6381.25,1,,,
2026-03-30 15:47:54.288,T,6381.25,1,,,
2026-03-30 15:47:54.288,T,6381.25,1,,,
2026-03-30 15:47:54.288,T,6381.25,1,,,
2026-03-30 15:47:54.288,T,6381.25,1,,,
2026-03-30 15:47:54.288,T,6381.25,1,,,
2026-03-30 15:47:54.288,T,6381.25,1,,,
2026-03-30 15:47:54.288,T,6381.25,1,,,
2026-03-30 15:47:54.288,T,6381.25,1,,,
2026-03-30 15:47:54.288,T,6381.25,1,,,
2026-03-30 15:47:54.288,T,6381.25,1,,,
2026-03-30 15:47:54.288,T,6381.25,1,,,
2026-03-30 15:47:54.288,T,6381.25,1,,,
2026-03-30 15:47:54.288,T,6381.5,1,,,
2026-03-30 15:47:54.288,T,6381.5,1,,,
2026-03-30 15:47:54.288,T,6381.5,1,,,
2026-03-30 15:47:54.288,T,6381.5,1,,,
2026-03-30 15:47:54.288,T,6381.5,1,,,
2026-03-30 15:47:54.288,T,6381.5,1,,,
2026-03-30 15:47:54.288,T,6381.5,1,,,
2026-03-30 15:47:54.288,T,6381.5,2,,,
2026-03-30 15:47:54.288,T,6381.5,1,,,
2026-03-30 15:47:54.288,T,6381.5,1,,,
2026-03-30 15:47:54.288,T,6381.5,1,,,
2026-03-30 15:47:54.288,T,6381.5,1,,,
2026-03-30 15:47:54.332,T,6381.25,1,,,
2026-03-30 15:47:54.332,T,6381.25,1,,,
2026-03-30 15:47:54.332,T,6381.25,2,,,
2026-03-30 15:47:54.332,T,6381.25,1,,,
2026-03-30 15:47:54.332,T,6381.25,1,,,
2026-03-30 15:47:54.332,T,6381.25,3,,,
2026-03-30 15:47:54.332,T,6381.25,1,,,
2026-03-30 15:47:54.332,T,6381.25,4,,,
2026-03-30 15:47:54.332,T,6381.25,1,,,
2026-03-30 15:47:54.332,T,6381.25,1,,,
2026-03-30 15:47:54.332,T,6381.25,1,,,
2026-03-30 15:47:54.332,T,6381.25,1,,,
2026-03-30 15:47:54.332,T,6381.25,1,,,
2026-03-30 15:47:54.332,T,6381.25,1,,,
2026-03-30 15:47:54.332,T,6381.25,1,,,
2026-03-30 15:47:54.332,T,6381.25,1,,,
2026-03-30 15:47:54.332,T,6381.25,2,,,
2026-03-30 15:47:54.428,T,6381.25,1,,,
2026-03-30 15:47:54.428,T,6381.5,2,,,
2026-03-30 15:47:54.428,T,6381.25,1,,,
2026-03-30 15:47:54.481,T,6381.5,1,,,
2026-03-30 15:47:54.481,T,6381.5,1,,,
2026-03-30 15:47:54.481,T,6381.5,1,,,
2026-03-30 15:47:54.481,T,6381.5,2,,,
2026-03-30 15:47:54.481,T,6381.5,1,,,
2026-03-30 15:47:54.481,T,6381.5,1,,,
2026-03-30 15:47:54.481,T,6381.5,1,,,
2026-03-30 15:47:54.481,T,6381.5,1,,,
2026-03-30 15:47:54.481,T,6381.5,1,,,
2026-03-30 15:47:54.481,T,6381.5,1,,,
2026-03-30 15:47:54.481,T,6381.5,1,,,
2026-03-30 15:47:54.481,T,6381.5,1,,,
2026-03-30 15:47:54.481,T,6381.5,1,,,
2026-03-30 15:47:54.481,T,6381.5,1,,,
2026-03-30 15:47:54.481,T,6381.5,1,,,
2026-03-30 15:47:54.481,T,6381.5,2,,,
2026-03-30 15:47:54.481,T,6381.5,3,,,
2026-03-30 15:47:54.481,T,6381.5,1,,,
2026-03-30 15:47:54.481,T,6381.5,3,,,
2026-03-30 15:47:54.481,T,6381.5,1,,,
2026-03-30 15:47:54.481,T,6381.5,3,,,
2026-03-30 15:47:54.481,T,6381.5,1,,,
2026-03-30 15:47:54.481,T,6381.5,1,,,
2026-03-30 15:47:54.481,T,6381.5,1,,,
2026-03-30 15:47:54.481,T,6381.5,1,,,
2026-03-30 15:47:54.481,T,6381.5,1,,,
2026-03-30 15:47:54.481,T,6381.5,1,,,
2026-03-30 15:47:54.481,T,6381.5,1,,,
2026-03-30 15:47:54.481,T,6381.5,1,,,
2026-03-30 15:47:54.585,T,6381.5,1,,,
2026-03-30 15:47:54.736,Q,,,,6381.5,6381.75
2026-03-30 15:47:54.737,T,6381.5,1,,,
2026-03-30 15:47:54.737,T,6381.5,1,,,
2026-03-30 15:47:54.737,T,6381.5,1,,,
2026-03-30 15:47:54.737,T,6381.5,1,,,
2026-03-30 15:47:54.737,T,6381.5,1,,,
2026-03-30 15:47:54.737,T,6381.5,1,,,
2026-03-30 15:47:54.737,T,6381.5,2,,,
2026-03-30 15:47:54.737,T,6381.5,1,,,
2026-03-30 15:47:54.737,T,6381.5,1,,,
2026-03-30 15:47:54.737,T,6381.5,1,,,
2026-03-30 15:47:54.737,T,6381.5,1,,,
2026-03-30 15:47:54.737,T,6381.5,1,,,
2026-03-30 15:47:54.737,T,6381.75,1,,,
2026-03-30 15:47:54.737,T,6381.75,3,,,
2026-03-30 15:47:54.737,T,6381.75,1,,,
2026-03-30 15:47:54.737,T,6381.75,1,,,
2026-03-30 15:47:54.737,T,6381.75,1,,,
2026-03-30 15:47:54.737,T,6381.75,1,,,
2026-03-30 15:47:54.737,T,6381.75,1,,,
2026-03-30 15:47:54.737,T,6381.75,1,,,
2026-03-30 15:47:54.737,T,6381.75,1,,,
2026-03-30 15:47:54.737,T,6381.75,1,,,
2026-03-30 15:47:54.737,T,6381.75,2,,,
2026-03-30 15:47:54.737,T,6381.75,1,,,
2026-03-30 15:47:54.784,T,6381.75,1,,,
2026-03-30 15:47:54.784,T,6381.75,1,,,
2026-03-30 15:47:54.832,T,6381.75,1,,,
2026-03-30 15:47:54.832,T,6381.75,1,,,
2026-03-30 15:47:54.832,T,6381.75,2,,,
2026-03-30 15:47:54.832,T,6381.75,1,,,
2026-03-30 15:47:54.832,T,6381.75,1,,,
2026-03-30 15:47:54.935,T,6381.75,1,,,
2026-03-30 15:47:55.030,T,6381.75,2,,,
2026-03-30 15:47:55.236,T,6381.75,1,,,
2026-03-30 15:47:55.236,T,6381.5,1,,,
2026-03-30 15:47:55.236,T,6381.5,1,,,
2026-03-30 15:47:55.284,T,6381.75,1,,,
2026-03-30 15:47:55.284,T,6381.75,3,,,
2026-03-30 15:47:55.284,T,6381.75,1,,,
2026-03-30 15:47:55.284,T,6381.75,1,,,
2026-03-30 15:47:55.284,T,6381.75,1,,,
2026-03-30 15:47:55.284,T,6381.75,1,,,
2026-03-30 15:47:55.284,T,6381.75,1,,,
2026-03-30 15:47:55.284,T,6381.75,1,,,
2026-03-30 15:47:55.284,T,6381.75,2,,,
2026-03-30 15:47:55.284,T,6381.75,1,,,
2026-03-30 15:47:55.284,T,6381.75,1,,,
2026-03-30 15:47:55.284,T,6381.75,1,,,
2026-03-30 15:47:55.284,T,6381.75,2,,,
2026-03-30 15:47:55.284,T,6381.75,1,,,
2026-03-30 15:47:55.284,T,6381.75,2,,,
2026-03-30 15:47:55.284,T,6381.75,1,,,
2026-03-30 15:47:55.382,T,6381.5,1,,,
2026-03-30 15:47:55.382,T,6381.5,6,,,
2026-03-30 15:47:55.382,T,6381.5,1,,,
2026-03-30 15:47:55.382,T,6381.5,1,,,
2026-03-30 15:47:55.382,T,6381.5,1,,,
2026-03-30 15:47:55.382,T,6381.5,3,,,
2026-03-30 15:47:55.382,T,6381.5,1,,,
2026-03-30 15:47:55.382,T,6381.5,2,,,
2026-03-30 15:47:55.382,T,6381.5,1,,,
2026-03-30 15:47:55.382,T,6381.5,2,,,
2026-03-30 15:47:55.382,T,6381.5,1,,,
2026-03-30 15:47:55.382,T,6381.5,1,,,
2026-03-30 15:47:55.382,T,6381.5,4,,,
2026-03-30 15:47:55.382,T,6381.5,1,,,
2026-03-30 15:47:55.382,T,6381.5,1,,,
2026-03-30 15:47:55.382,T,6381.5,2,,,
2026-03-30 15:47:55.382,T,6381.5,1,,,
2026-03-30 15:47:55.382,T,6381.5,1,,,
2026-03-30 15:47:55.382,T,6381.5,1,,,
2026-03-30 15:47:55.382,T,6381.5,1,,,
2026-03-30 15:47:55.382,T,6381.5,1,,,
2026-03-30 15:47:55.382,T,6381.5,1,,,
2026-03-30 15:47:55.382,T,6381.5,1,,,
2026-03-30 15:47:55.382,T,6381.5,1,,,
2026-03-30 15:47:55.382,T,6381.75,1,,,
2026-03-30 15:47:55.584,T,6381.75,1,,,
2026-03-30 15:47:55.584,T,6381.5,1,,,
2026-03-30 15:47:55.679,T,6381.75,1,,,
2026-03-30 15:47:55.736,T,6381.5,1,,,
2026-03-30 15:47:55.736,T,6381.5,1,,,
2026-03-30 15:47:55.835,T,6381.5,1,,,
2026-03-30 15:47:55.835,T,6381.5,6,,,
2026-03-30 15:47:55.835,T,6381.5,1,,,
2026-03-30 15:47:55.835,T,6381.5,2,,,
2026-03-30 15:47:55.835,T,6381.5,1,,,
2026-03-30 15:47:55.835,T,6381.5,1,,,
2026-03-30 15:47:55.835,T,6381.5,6,,,
2026-03-30 15:47:55.835,T,6381.5,1,,,
2026-03-30 15:47:55.835,T,6381.5,1,,,
2026-03-30 15:47:55.835,T,6381.5,1,,,
2026-03-30 15:47:55.835,T,6381.5,1,,,
2026-03-30 15:47:55.835,T,6381.5,1,,,
2026-03-30 15:47:55.835,T,6381.5,1,,,
2026-03-30 15:47:55.835,T,6381.5,3,,,
2026-03-30 15:47:55.835,T,6381.5,1,,,
2026-03-30 15:47:55.835,T,6381.75,1,,,
2026-03-30 15:47:55.835,T,6381.75,3,,,
2026-03-30 15:47:55.835,T,6381.75,1,,,
2026-03-30 15:47:55.835,T,6381.75,1,,,
2026-03-30 15:47:55.835,T,6381.75,1,,,
2026-03-30 15:47:55.835,T,6381.75,1,,,
2026-03-30 15:47:55.835,T,6381.75,1,,,
2026-03-30 15:47:55.835,T,6381.75,1,,,
2026-03-30 15:47:55.835,T,6381.5,1,,,
2026-03-30 15:47:55.835,T,6381.5,1,,,
2026-03-30 15:47:55.835,T,6381.5,3,,,
2026-03-30 15:47:55.835,T,6381.5,1,,,
2026-03-30 15:47:55.835,T,6381.5,3,,,
2026-03-30 15:47:55.835,T,6381.5,1,,,
2026-03-30 15:47:55.835,T,6381.5,4,,,
2026-03-30 15:47:55.835,T,6381.5,4,,,
2026-03-30 15:47:55.835,T,6381.5,1,,,
2026-03-30 15:47:55.835,T,6381.75,1,,,
2026-03-30 15:47:55.835,T,6381.75,1,,,
2026-03-30 15:47:55.887,T,6381.75,3,,,
2026-03-30 15:47:55.887,T,6381.75,1,,,
2026-03-30 15:47:55.887,T,6381.75,1,,,
2026-03-30 15:47:55.887,T,6381.75,1,,,
2026-03-30 15:47:55.887,T,6381.75,1,,,
2026-03-30 15:47:55.887,T,6381.75,1,,,
2026-03-30 15:47:55.887,T,6381.75,1,,,
2026-03-30 15:47:55.887,T,6381.75,1,,,
2026-03-30 15:47:55.887,T,6381.75,1,,,
2026-03-30 15:47:55.887,T,6381.75,1,,,
2026-03-30 15:47:55.887,T,6381.75,1,,,
2026-03-30 15:47:55.887,T,6381.75,1,,,
2026-03-30 15:47:55.887,T,6381.75,1,,,
2026-03-30 15:47:55.887,T,6381.75,3,,,
2026-03-30 15:47:55.887,T,6381.75,1,,,
2026-03-30 15:47:55.887,T,6381.75,1,,,
2026-03-30 15:47:55.887,T,6381.75,1,,,
2026-03-30 15:47:55.887,T,6381.75,1,,,
2026-03-30 15:47:55.932,T,6381.5,1,,,
2026-03-30 15:47:55.932,T,6381.5,4,,,
2026-03-30 15:47:55.932,T,6381.5,1,,,
2026-03-30 15:47:55.932,T,6381.5,1,,,
2026-03-30 15:47:55.932,T,6381.5,1,,,
2026-03-30 15:47:55.932,T,6381.5,1,,,
2026-03-30 15:47:55.932,T,6381.5,4,,,
2026-03-30 15:47:55.932,T,6381.5,3,,,
2026-03-30 15:47:55.932,T,6381.25,1,,,
2026-03-30 15:47:55.933,Q,,,,6381.25,6381.5
2026-03-30 15:47:55.981,Q,,,,6381.5,6381.75
2026-03-30 15:47:55.982,T,6381.5,5,,,
2026-03-30 15:47:55.982,T,6381.5,1,,,
2026-03-30 15:47:55.982,T,6381.5,4,,,
2026-03-30 15:47:55.982,T,6381.5,1,,,
2026-03-30 15:47:55.982,T,6381.5,1,,,
2026-03-30 15:47:55.982,T,6381.5,1,,,
2026-03-30 15:47:56.089,T,6381.75,1,,,
2026-03-30 15:47:56.134,T,6381.5,1,,,
2026-03-30 15:47:56.181,T,6381.75,1,,,
2026-03-30 15:47:56.181,T,6381.75,1,,,
2026-03-30 15:47:56.181,T,6381.75,1,,,
2026-03-30 15:47:56.181,T,6381.75,1,,,
2026-03-30 15:47:56.181,T,6381.75,1,,,
2026-03-30 15:47:56.181,T,6381.75,1,,,
2026-03-30 15:47:56.181,T,6381.75,1,,,
2026-03-30 15:47:56.181,T,6381.75,1,,,
2026-03-30 15:47:56.181,T,6381.75,1,,,
2026-03-30 15:47:56.181,T,6381.75,1,,,
2026-03-30 15:47:56.181,T,6381.75,2,,,
2026-03-30 15:47:56.181,T,6381.75,2,,,
2026-03-30 15:47:56.181,T,6381.75,1,,,
2026-03-30 15:47:56.181,T,6381.75,2,,,
2026-03-30 15:47:56.181,T,6381.75,1,,,
2026-03-30 15:47:56.230,T,6381.75,1,,,
2026-03-30 15:47:56.230,T,6381.75,2,,,
2026-03-30 15:47:56.230,T,6381.75,1,,,
2026-03-30 15:47:56.230,T,6381.75,1,,,
2026-03-30 15:47:56.230,T,6381.75,1,,,
2026-03-30 15:47:56.289,T,6381.5,3,,,
2026-03-30 15:47:56.289,T,6381.75,1,,,
2026-03-30 15:47:56.289,T,6381.75,1,,,
2026-03-30 15:47:56.289,T,6381.75,1,,,
2026-03-30 15:47:56.289,T,6381.75,3,,,
2026-03-30 15:47:56.289,T,6381.75,1,,,
2026-03-30 15:47:56.289,T,6381.75,1,,,
2026-03-30 15:47:56.289,T,6381.75,2,,,
2026-03-30 15:47:56.289,T,6381.75,1,,,
2026-03-30 15:47:56.289,T,6381.75,1,,,
2026-03-30 15:47:56.289,T,6381.75,1,,,
2026-03-30 15:47:56.289,T,6381.75,1,,,
2026-03-30 15:47:56.289,T,6382.0,1,,,
2026-03-30 15:47:56.289,T,6382.0,1,,,
2026-03-30 15:47:56.289,T,6382.0,1,,,
2026-03-30 15:47:56.289,T,6382.0,1,,,
2026-03-30 15:47:56.289,T,6382.0,1,,,
2026-03-30 15:47:56.289,T,6382.0,3,,,
2026-03-30 15:47:56.289,T,6382.0,1,,,
2026-03-30 15:47:56.289,T,6382.0,2,,,
2026-03-30 15:47:56.289,T,6382.0,1,,,
2026-03-30 15:47:56.289,T,6382.0,1,,,
2026-03-30 15:47:56.289,T,6382.0,1,,,
2026-03-30 15:47:56.289,T,6382.0,1,,,
2026-03-30 15:47:56.289,T,6381.75,3,,,
2026-03-30 15:47:56.289,T,6381.75,1,,,
2026-03-30 15:47:56.289,T,6381.75,1,,,
2026-03-30 15:47:56.334,T,6381.5,1,,,
2026-03-30 15:47:56.334,T,6381.5,1,,,
2026-03-30 15:47:56.536,T,6381.5,1,,,
2026-03-30 15:47:56.536,T,6381.5,3,,,
2026-03-30 15:47:56.536,T,6381.5,1,,,
2026-03-30 15:47:56.536,T,6381.5,1,,,
2026-03-30 15:47:56.536,T,6381.5,1,,,
2026-03-30 15:47:56.536,T,6381.75,1,,,
2026-03-30 15:47:56.536,T,6381.75,1,,,
2026-03-30 15:47:56.536,T,6381.75,1,,,
2026-03-30 15:47:56.536,T,6381.75,1,,,
2026-03-30 15:47:56.536,T,6381.75,1,,,
2026-03-30 15:47:56.537,Q,,,,6381.75,6382.0
2026-03-30 15:47:56.733,T,6381.75,1,,,
2026-03-30 15:47:56.733,T,6381.75,2,,,
2026-03-30 15:47:56.733,T,6381.75,1,,,
2026-03-30 15:47:56.733,T,6381.75,1,,,
2026-03-30 15:47:56.733,T,6381.75,2,,,
2026-03-30 15:47:56.733,T,6381.75,4,,,
2026-03-30 15:47:56.733,T,6381.75,1,,,
2026-03-30 15:47:56.733,T,6381.75,1,,,
2026-03-30 15:47:56.733,T,6381.75,2,,,
2026-03-30 15:47:56.733,T,6382.0,1,,,
2026-03-30 15:47:56.733,T,6382.0,2,,,
2026-03-30 15:47:56.836,T,6381.75,1,,,
2026-03-30 15:47:56.836,T,6381.75,1,,,
2026-03-30 15:47:56.836,T,6381.75,1,,,
2026-03-30 15:47:56.836,T,6381.75,1,,,
2026-03-30 15:47:56.836,T,6381.75,2,,,
2026-03-30 15:47:56.836,T,6381.75,1,,,
2026-03-30 15:47:56.836,T,6381.75,1,,,
2026-03-30 15:47:56.837,Q,,,,6381.5,6382.0
2026-03-30 15:47:56.886,Q,,,,6381.5,6381.75
2026-03-30 15:47:56.886,T,6381.5,1,,,
2026-03-30 15:47:56.886,T,6381.5,1,,,
2026-03-30 15:47:56.929,T,6381.75,1,,,
2026-03-30 15:47:56.929,T,6381.75,1,,,
2026-03-30 15:47:56.929,T,6381.75,1,,,
2026-03-30 15:47:56.929,T,6381.75,1,,,
2026-03-30 15:47:56.930,Q,,,,6381.75,6382.0
2026-03-30 15:47:57.032,Q,,,,6381.5,6382.0
2026-03-30 15:47:57.033,T,6381.75,1,,,
2026-03-30 15:47:57.033,T,6381.75,1,,,
2026-03-30 15:47:57.081,Q,,,,6381.5,6381.75
2026-03-30 15:47:57.082,T,6381.5,1,,,
2026-03-30 15:47:57.082,T,6381.5,2,,,
2026-03-30 15:47:57.082,T,6381.5,1,,,
2026-03-30 15:47:57.082,T,6381.5,1,,,
2026-03-30 15:47:57.082,T,6381.5,1,,,
2026-03-30 15:47:57.082,T,6381.5,1,,,
2026-03-30 15:47:57.082,T,6381.5,1,,,
2026-03-30 15:47:57.082,T,6381.5,4,,,
2026-03-30 15:47:57.082,T,6381.5,1,,,
2026-03-30 15:47:57.082,T,6381.5,1,,,
2026-03-30 15:47:57.082,T,6381.5,1,,,
2026-03-30 15:47:57.082,T,6381.5,1,,,
2026-03-30 15:47:57.082,T,6381.5,1,,,
2026-03-30 15:47:57.082,T,6381.5,2,,,
2026-03-30 15:47:57.082,T,6381.5,1,,,
2026-03-30 15:47:57.082,T,6381.5,2,,,
2026-03-30 15:47:57.082,T,6381.5,1,,,
2026-03-30 15:47:57.082,T,6381.5,1,,,
2026-03-30 15:47:57.082,T,6381.5,1,,,
2026-03-30 15:47:57.082,T,6381.5,1,,,
2026-03-30 15:47:57.082,T,6381.5,1,,,
2026-03-30 15:47:57.082,T,6381.5,1,,,
2026-03-30 15:47:57.082,T,6381.5,2,,,
2026-03-30 15:47:57.082,T,6381.5,4,,,
2026-03-30 15:47:57.082,T,6381.5,3,,,
2026-03-30 15:47:57.082,T,6381.5,4,,,
2026-03-30 15:47:57.082,T,6381.5,1,,,
2026-03-30 15:47:57.082,T,6381.5,1,,,
2026-03-30 15:47:57.082,T,6381.5,3,,,
2026-03-30 15:47:57.082,T,6381.5,3,,,
2026-03-30 15:47:57.082,T,6381.5,1,,,
2026-03-30 15:47:57.082,T,6381.5,1,,,
2026-03-30 15:47:57.131,T,6381.75,1,,,
2026-03-30 15:47:57.232,T,6381.5,3,,,
2026-03-30 15:47:57.232,T,6381.5,1,,,
2026-03-30 15:47:57.232,T,6381.5,3,,,
2026-03-30 15:47:57.232,T,6381.5,1,,,
2026-03-30 15:47:57.232,T,6381.5,4,,,
2026-03-30 15:47:57.232,T,6381.5,1,,,
2026-03-30 15:47:57.232,T,6381.5,1,,,
2026-03-30 15:47:57.232,T,6381.5,4,,,
2026-03-30 15:47:57.232,T,6381.5,1,,,
2026-03-30 15:47:57.232,T,6381.5,1,,,
2026-03-30 15:47:57.232,T,6381.5,1,,,
2026-03-30 15:47:57.232,T,6381.5,2,,,
2026-03-30 15:47:57.232,T,6381.5,1,,,
2026-03-30 15:47:57.232,T,6381.5,1,,,
2026-03-30 15:47:57.408,T,6381.75,1,,,
2026-03-30 15:47:57.408,T,6381.5,1,,,
2026-03-30 15:47:57.409,T,6381.75,1,,,
2026-03-30 15:47:57.433,T,6381.75,1,,,
2026-03-30 15:47:57.433,T,6381.75,1,,,
2026-03-30 15:47:57.433,T,6381.75,1,,,
2026-03-30 15:47:57.433,T,6381.75,1,,,
2026-03-30 15:47:57.433,T,6381.75,1,,,
2026-03-30 15:47:57.479,T,6381.75,1,,,
2026-03-30 15:47:57.635,T,6381.75,1,,,
2026-03-30 15:47:57.635,T,6381.75,1,,,
2026-03-30 15:47:57.635,T,6381.75,1,,,
2026-03-30 15:47:57.635,T,6381.75,1,,,
2026-03-30 15:47:57.635,T,6381.75,1,,,
2026-03-30 15:47:57.736,Q,,,,6381.75,6382.0
2026-03-30 15:47:57.737,T,6381.75,1,,,
2026-03-30 15:47:57.737,T,6381.75,1,,,
2026-03-30 15:47:57.737,T,6381.75,1,,,
2026-03-30 15:47:57.737,T,6381.75,2,,,
2026-03-30 15:47:57.737,T,6381.75,2,,,
2026-03-30 15:47:57.737,T,6381.75,1,,,
2026-03-30 15:47:57.737,T,6381.75,1,,,
2026-03-30 15:47:57.737,T,6381.75,1,,,
2026-03-30 15:47:57.737,T,6381.75,1,,,
2026-03-30 15:47:57.737,T,6381.75,1,,,
2026-03-30 15:47:57.737,T,6381.75,1,,,
2026-03-30 15:47:57.737,T,6381.75,1,,,
2026-03-30 15:47:57.737,T,6381.75,2,,,
2026-03-30 15:47:57.737,T,6381.75,1,,,
2026-03-30 15:47:57.737,T,6381.75,1,,,
2026-03-30 15:47:57.784,Q,,,,6381.5,6381.75
2026-03-30 15:47:57.884,Q,,,,6381.75,6382.0
2026-03-30 15:47:57.884,T,6381.75,1,,,
2026-03-30 15:47:57.884,T,6381.75,1,,,
2026-03-30 15:47:57.884,T,6381.75,1,,,
2026-03-30 15:47:57.884,T,6381.75,1,,,
2026-03-30 15:47:57.884,T,6381.75,1,,,
2026-03-30 15:47:57.884,T,6381.75,1,,,
2026-03-30 15:47:57.884,T,6381.75,1,,,
2026-03-30 15:47:57.983,T,6382.0,3,,,
2026-03-30 15:47:58.088,T,6381.75,1,,,
2026-03-30 15:47:58.088,T,6381.75,1,,,
2026-03-30 15:47:58.088,T,6381.75,1,,,
2026-03-30 15:47:58.088,T,6381.75,1,,,
2026-03-30 15:47:58.088,T,6381.75,1,,,
2026-03-30 15:47:58.088,T,6381.75,1,,,
2026-03-30 15:47:58.088,T,6382.0,2,,,
2026-03-30 15:47:58.088,T,6382.0,1,,,
2026-03-30 15:47:58.088,T,6382.0,4,,,
2026-03-30 15:47:58.088,T,6382.0,1,,,
2026-03-30 15:47:58.088,T,6382.0,2,,,
2026-03-30 15:47:58.088,T,6382.0,1,,,
2026-03-30 15:47:58.088,T,6382.0,2,,,
2026-03-30 15:47:58.088,T,6382.0,1,,,
2026-03-30 15:47:58.088,T,6382.0,2,,,
2026-03-30 15:47:58.088,T,6382.0,1,,,
2026-03-30 15:47:58.088,T,6382.0,1,,,
2026-03-30 15:47:58.088,T,6382.0,1,,,
2026-03-30 15:47:58.088,T,6382.0,1,,,
2026-03-30 15:47:58.088,T,6382.0,1,,,
2026-03-30 15:47:58.088,T,6382.0,1,,,
2026-03-30 15:47:58.088,T,6382.0,1,,,
2026-03-30 15:47:58.088,T,6382.0,1,,,
2026-03-30 15:47:58.088,T,6382.0,1,,,
2026-03-30 15:47:58.088,T,6382.0,1,,,
2026-03-30 15:47:58.088,T,6382.0,1,,,
2026-03-30 15:47:58.088,T,6382.0,1,,,
2026-03-30 15:47:58.088,T,6382.0,1,,,
2026-03-30 15:47:58.088,T,6382.0,2,,,
2026-03-30 15:47:58.088,T,6382.0,1,,,
2026-03-30 15:47:58.088,T,6382.0,1,,,
2026-03-30 15:47:58.088,T,6382.0,1,,,
2026-03-30 15:47:58.088,T,6382.0,2,,,
2026-03-30 15:47:58.088,T,6382.0,1,,,
2026-03-30 15:47:58.088,T,6382.0,1,,,
2026-03-30 15:47:58.088,T,6382.0,1,,,
2026-03-30 15:47:58.088,T,6382.0,1,,,
2026-03-30 15:47:58.088,T,6382.0,1,,,
2026-03-30 15:47:58.088,T,6382.0,1,,,
2026-03-30 15:47:58.088,T,6382.25,3,,,
2026-03-30 15:47:58.088,T,6382.25,2,,,
2026-03-30 15:47:58.088,T,6382.25,1,,,
2026-03-30 15:47:58.088,T,6382.25,1,,,
2026-03-30 15:47:58.088,T,6382.25,1,,,
2026-03-30 15:47:58.088,T,6382.25,1,,,
2026-03-30 15:47:58.088,T,6382.25,1,,,
2026-03-30 15:47:58.088,T,6382.25,1,,,
2026-03-30 15:47:58.088,T,6382.25,1,,,
2026-03-30 15:47:58.088,T,6382.25,1,,,
2026-03-30 15:47:58.088,T,6382.25,1,,,
2026-03-30 15:47:58.088,T,6382.25,1,,,
2026-03-30 15:47:58.088,T,6382.0,3,,,
2026-03-30 15:47:58.088,T,6382.0,1,,,
2026-03-30 15:47:58.088,T,6382.0,1,,,
2026-03-30 15:47:58.088,T,6382.0,1,,,
2026-03-30 15:47:58.088,T,6382.0,1,,,
2026-03-30 15:47:58.088,T,6382.0,1,,,
2026-03-30 15:47:58.088,T,6382.0,1,,,
2026-03-30 15:47:58.088,T,6382.0,1,,,
2026-03-30 15:47:58.088,T,6382.0,1,,,
2026-03-30 15:47:58.088,T,6382.0,1,,,
2026-03-30 15:47:58.088,T,6382.0,1,,,
2026-03-30 15:47:58.088,T,6382.0,1,,,
2026-03-30 15:47:58.088,T,6382.0,1,,,
2026-03-30 15:47:58.088,T,6381.75,2,,,
2026-03-30 15:47:58.088,T,6381.75,2,,,
2026-03-30 15:47:58.088,T,6381.75,1,,,
2026-03-30 15:47:58.088,T,6381.75,1,,,
2026-03-30 15:47:58.088,T,6381.75,1,,,
2026-03-30 15:47:58.088,T,6381.75,1,,,
2026-03-30 15:47:58.088,T,6381.75,1,,,
2026-03-30 15:47:58.088,T,6381.75,1,,,
2026-03-30 15:47:58.088,T,6381.75,1,,,
2026-03-30 15:47:58.088,T,6381.75,1,,,
2026-03-30 15:47:58.088,T,6381.75,4,,,
2026-03-30 15:47:58.088,T,6381.75,1,,,
2026-03-30 15:47:58.088,T,6381.75,1,,,
2026-03-30 15:47:58.088,T,6381.75,1,,,
2026-03-30 15:47:58.088,T,6381.75,3,,,
2026-03-30 15:47:58.133,Q,,,,6381.5,6381.75
2026-03-30 15:47:58.133,T,6381.75,4,,,
2026-03-30 15:47:58.133,T,6381.75,1,,,
2026-03-30 15:47:58.133,T,6381.75,1,,,
2026-03-30 15:47:58.182,T,6381.75,1,,,
2026-03-30 15:47:58.182,T,6381.75,1,,,
2026-03-30 15:47:58.182,T,6381.75,1,,,
2026-03-30 15:47:58.182,T,6381.75,1,,,
2026-03-30 15:47:58.182,T,6381.75,2,,,
2026-03-30 15:47:58.182,T,6381.75,1,,,
2026-03-30 15:47:58.182,T,6381.75,1,,,
2026-03-30 15:47:58.182,T,6381.75,1,,,
2026-03-30 15:47:58.182,T,6381.75,1,,,
2026-03-30 15:47:58.182,T,6381.75,1,,,
2026-03-30 15:47:58.182,T,6381.75,1,,,
2026-03-30 15:47:58.182,T,6381.75,2,,,
2026-03-30 15:47:58.236,T,6381.75,1,,,
2026-03-30 15:47:58.236,T,6381.75,1,,,
2026-03-30 15:47:58.236,T,6381.75,1,,,
2026-03-30 15:47:58.236,T,6381.75,1,,,
2026-03-30 15:47:58.383,T,6381.5,1,,,
2026-03-30 15:47:58.383,T,6381.75,1,,,
2026-03-30 15:47:58.383,T,6381.75,1,,,
2026-03-30 15:47:58.383,T,6381.75,1,,,
2026-03-30 15:47:58.430,T,6381.75,1,,,
2026-03-30 15:47:58.480,T,6381.75,1,,,
2026-03-30 15:47:58.480,T,6381.5,2,,,
2026-03-30 15:47:58.480,T,6381.5,1,,,
2026-03-30 15:47:58.480,T,6381.5,1,,,
2026-03-30 15:47:58.480,T,6381.5,1,,,
2026-03-30 15:47:58.480,T,6381.5,1,,,
2026-03-30 15:47:58.480,T,6381.5,1,,,
2026-03-30 15:47:58.480,T,6381.5,1,,,
2026-03-30 15:47:58.480,T,6381.5,1,,,
2026-03-30 15:47:58.480,T,6381.5,1,,,
2026-03-30 15:47:58.480,T,6381.5,1,,,
2026-03-30 15:47:58.480,T,6381.5,1,,,
2026-03-30 15:47:58.480,T,6381.5,4,,,
2026-03-30 15:47:58.480,T,6381.5,1,,,
2026-03-30 15:47:58.480,T,6381.5,2,,,
2026-03-30 15:47:58.480,T,6381.5,1,,,
2026-03-30 15:47:58.480,T,6381.5,1,,,
2026-03-30 15:47:58.480,T,6381.5,1,,,
2026-03-30 15:47:58.480,T,6381.5,1,,,
2026-03-30 15:47:58.480,T,6381.5,1,,,
2026-03-30 15:47:58.480,T,6381.5,1,,,
2026-03-30 15:47:58.480,T,6381.5,1,,,
2026-03-30 15:47:58.480,T,6381.5,1,,,
2026-03-30 15:47:58.480,T,6381.5,1,,,
2026-03-30 15:47:58.480,T,6381.5,2,,,
2026-03-30 15:47:58.480,T,6381.5,1,,,
2026-03-30 15:47:58.480,T,6381.5,1,,,
2026-03-30 15:47:58.480,T,6381.5,1,,,
2026-03-30 15:47:58.480,T,6381.25,1,,,
2026-03-30 15:47:58.480,T,6381.25,1,,,
2026-03-30 15:47:58.480,T,6381.25,1,,,
2026-03-30 15:47:58.480,T,6381.25,1,,,
2026-03-30 15:47:58.480,T,6381.25,18,,,
2026-03-30 15:47:58.480,T,6381.25,1,,,
2026-03-30 15:47:58.480,T,6381.25,1,,,
2026-03-30 15:47:58.480,T,6381.25,2,,,
2026-03-30 15:47:58.480,T,6381.25,1,,,
2026-03-30 15:47:58.480,T,6381.25,1,,,
2026-03-30 15:47:58.480,T,6381.25,1,,,
2026-03-30 15:47:58.480,T,6381.25,1,,,
2026-03-30 15:47:58.480,T,6381.25,1,,,
2026-03-30 15:47:58.480,T,6381.25,2,,,
2026-03-30 15:47:58.480,T,6381.25,5,,,
2026-03-30 15:47:58.480,T,6381.25,1,,,
2026-03-30 15:47:58.483,Q,,,,6381.0,6381.25
2026-03-30 15:47:58.538,T,6381.25,1,,,
2026-03-30 15:47:58.538,T,6381.25,1,,,
2026-03-30 15:47:58.538,T,6381.0,1,,,
2026-03-30 15:47:58.538,T,6381.0,2,,,
2026-03-30 15:47:58.538,T,6381.0,1,,,
2026-03-30 15:47:58.538,T,6381.0,1,,,
2026-03-30 15:47:58.538,T,6381.0,1,,,
2026-03-30 15:47:58.538,T,6381.0,1,,,
2026-03-30 15:47:58.538,T,6381.0,1,,,
2026-03-30 15:47:58.538,T,6381.0,3,,,
2026-03-30 15:47:58.538,T,6381.0,1,,,
2026-03-30 15:47:58.538,T,6381.0,1,,,
2026-03-30 15:47:58.538,T,6381.0,1,,,
2026-03-30 15:47:58.538,T,6381.0,5,,,
2026-03-30 15:47:58.538,T,6381.0,1,,,
2026-03-30 15:47:58.538,T,6381.0,1,,,
2026-03-30 15:47:58.538,T,6381.0,1,,,
2026-03-30 15:47:58.538,T,6381.0,1,,,
2026-03-30 15:47:58.538,T,6381.0,1,,,
2026-03-30 15:47:58.538,T,6381.0,1,,,
2026-03-30 15:47:58.538,T,6381.0,1,,,
2026-03-30 15:47:58.538,T,6381.0,5,,,
2026-03-30 15:47:58.538,T,6381.0,1,,,
2026-03-30 15:47:58.538,T,6381.0,1,,,
2026-03-30 15:47:58.538,T,6381.0,1,,,
2026-03-30 15:47:58.538,T,6381.0,1,,,
2026-03-30 15:47:58.538,T,6381.0,1,,,
2026-03-30 15:47:58.538,T,6381.0,1,,,
2026-03-30 15:47:58.538,T,6381.0,1,,,
2026-03-30 15:47:58.538,T,6381.0,1,,,
2026-03-30 15:47:58.538,T,6381.0,1,,,
2026-03-30 15:47:58.538,T,6381.0,1,,,
2026-03-30 15:47:58.585,T,6381.0,1,,,
2026-03-30 15:47:58.585,T,6381.0,1,,,
2026-03-30 15:47:58.585,T,6381.0,1,,,
2026-03-30 15:47:58.585,T,6381.0,1,,,
2026-03-30 15:47:58.585,T,6381.0,1,,,
2026-03-30 15:47:58.585,T,6381.0,1,,,
2026-03-30 15:47:58.585,T,6381.0,2,,,
2026-03-30 15:47:58.585,T,6381.0,1,,,
2026-03-30 15:47:58.585,T,6381.0,4,,,
2026-03-30 15:47:58.585,T,6381.0,1,,,
2026-03-30 15:47:58.585,T,6381.0,1,,,
2026-03-30 15:47:58.585,T,6381.0,1,,,
2026-03-30 15:47:58.585,T,6381.0,1,,,
2026-03-30 15:47:58.585,T,6381.0,1,,,
2026-03-30 15:47:58.585,T,6381.0,1,,,
2026-03-30 15:47:58.585,T,6381.0,1,,,
2026-03-30 15:47:58.585,T,6381.0,3,,,
2026-03-30 15:47:58.585,T,6380.75,1,,,
2026-03-30 15:47:58.586,Q,,,,6380.75,6381.0
2026-03-30 15:47:58.679,T,6380.75,1,,,
2026-03-30 15:47:58.679,T,6381.0,1,,,
2026-03-30 15:47:58.679,T,6381.0,1,,,
2026-03-30 15:47:58.679,T,6381.0,1,,,
2026-03-30 15:47:58.679,T,6381.0,1,,,
2026-03-30 15:47:58.679,T,6381.0,2,,,
2026-03-30 15:47:58.679,T,6381.0,1,,,
2026-03-30 15:47:58.679,T,6381.25,1,,,
2026-03-30 15:47:58.679,T,6381.25,1,,,
2026-03-30 15:47:58.680,Q,,,,6381.0,6381.25
2026-03-30 15:47:58.735,T,6381.0,1,,,
2026-03-30 15:47:58.735,T,6381.25,1,,,
2026-03-30 15:47:58.736,Q,,,,6380.75,6381.25
2026-03-30 15:47:58.785,T,6381.25,1,,,
2026-03-30 15:47:58.832,T,6381.25,1,,,
2026-03-30 15:47:58.832,Q,,,,6381.0,6381.25
2026-03-30 15:47:58.878,T,6381.25,1,,,
2026-03-30 15:47:58.930,T,6381.25,1,,,
2026-03-30 15:47:58.930,T,6381.25,1,,,
2026-03-30 15:47:58.979,T,6381.25,1,,,
2026-03-30 15:47:58.979,T,6381.25,1,,,
2026-03-30 15:47:59.035,T,6381.25,1,,,
2026-03-30 15:47:59.035,T,6381.0,1,,,
2026-03-30 15:47:59.083,T,6381.25,1,,,
2026-03-30 15:47:59.083,T,6381.25,1,,,
2026-03-30 15:47:59.083,T,6381.25,1,,,
2026-03-30 15:47:59.083,T,6381.25,1,,,
2026-03-30 15:47:59.083,T,6381.25,1,,,
2026-03-30 15:47:59.083,T,6381.25,1,,,
2026-03-30 15:47:59.083,T,6381.25,1,,,
2026-03-30 15:47:59.083,T,6381.25,1,,,
2026-03-30 15:47:59.083,T,6381.25,1,,,
2026-03-30 15:47:59.083,T,6381.25,1,,,
2026-03-30 15:47:59.083,T,6381.25,1,,,
2026-03-30 15:47:59.083,T,6381.25,1,,,
2026-03-30 15:47:59.083,T,6381.25,1,,,
2026-03-30 15:47:59.083,T,6381.25,1,,,
2026-03-30 15:47:59.083,T,6381.25,1,,,
2026-03-30 15:47:59.085,Q,,,,6381.0,6381.5
2026-03-30 15:47:59.131,Q,,,,6381.0,6381.25
2026-03-30 15:47:59.131,T,6381.0,1,,,
2026-03-30 15:47:59.131,T,6381.0,1,,,
2026-03-30 15:47:59.131,T,6381.25,1,,,
2026-03-30 15:47:59.235,T,6381.25,1,,,
2026-03-30 15:47:59.235,T,6381.25,1,,,
2026-03-30 15:47:59.286,T,6381.0,1,,,
2026-03-30 15:47:59.286,T,6381.0,1,,,
2026-03-30 15:47:59.286,T,6381.0,1,,,
2026-03-30 15:47:59.286,T,6381.0,3,,,
2026-03-30 15:47:59.390,T,6381.25,1,,,
2026-03-30 15:47:59.390,T,6381.25,1,,,
2026-03-30 15:47:59.586,Q,,,,6380.75,6381.0
2026-03-30 15:47:59.587,T,6381.0,1,,,
2026-03-30 15:47:59.587,T,6381.0,1,,,
2026-03-30 15:47:59.587,T,6381.0,1,,,
2026-03-30 15:47:59.587,T,6381.0,1,,,
2026-03-30 15:47:59.587,T,6381.0,1,,,
2026-03-30 15:47:59.636,T,6381.0,1,,,
2026-03-30 15:47:59.636,T,6381.0,1,,,
2026-03-30 15:47:59.636,T,6381.0,1,,,
2026-03-30 15:47:59.636,T,6381.0,2,,,
2026-03-30 15:47:59.636,T,6381.0,2,,,
2026-03-30 15:47:59.636,T,6381.0,1,,,
2026-03-30 15:47:59.636,T,6381.0,1,,,
2026-03-30 15:47:59.636,T,6381.0,1,,,
2026-03-30 15:47:59.636,T,6381.0,1,,,
2026-03-30 15:47:59.636,T,6381.25,1,,,
2026-03-30 15:47:59.636,T,6381.25,3,,,
2026-03-30 15:47:59.636,T,6381.25,1,,,
2026-03-30 15:47:59.636,T,6381.25,1,,,
2026-03-30 15:47:59.636,T,6381.25,1,,,
2026-03-30 15:47:59.636,T,6381.0,1,,,
2026-03-30 15:47:59.636,T,6381.0,1,,,
2026-03-30 15:47:59.636,T,6381.0,1,,,
2026-03-30 15:47:59.636,T,6381.0,1,,,
2026-03-30 15:47:59.636,T,6381.0,2,,,
2026-03-30 15:47:59.636,T,6381.0,1,,,
2026-03-30 15:47:59.636,T,6381.0,1,,,
2026-03-30 15:47:59.636,T,6381.0,1,,,
2026-03-30 15:47:59.784,Q,,,,6380.75,6381.25
2026-03-30 15:47:59.785,T,6381.0,1,,,
2026-03-30 15:47:59.833,Q,,,,6381.0,6381.25
2026-03-30 15:47:59.933,T,6381.25,1,,,
2026-03-30 15:48:00.082,Q,,,,6380.75,6381.0
2026-03-30 15:48:00.083,T,6381.0,2,,,
2026-03-30 15:48:00.083,T,6381.0,1,,,
2026-03-30 15:48:00.083,T,6381.0,2,,,
2026-03-30 15:48:00.083,T,6381.0,1,,,
2026-03-30 15:48:00.083,T,6381.0,1,,,
2026-03-30 15:48:00.083,T,6381.0,1,,,
2026-03-30 15:48:00.083,T,6381.0,1,,,
2026-03-30 15:48:00.083,T,6381.0,3,,,
2026-03-30 15:48:00.083,T,6381.0,1,,,
2026-03-30 15:48:00.083,T,6381.0,1,,,
2026-03-30 15:48:00.083,T,6381.0,1,,,
2026-03-30 15:48:00.083,T,6381.0,1,,,
2026-03-30 15:48:00.083,T,6381.0,1,,,
2026-03-30 15:48:00.083,T,6381.0,1,,,
2026-03-30 15:48:00.083,T,6381.0,2,,,
2026-03-30 15:48:00.083,T,6381.0,1,,,
2026-03-30 15:48:00.083,T,6381.0,1,,,
2026-03-30 15:48:00.083,T,6381.0,1,,,
2026-03-30 15:48:00.083,T,6381.0,1,,,
2026-03-30 15:48:00.083,T,6381.0,1,,,
2026-03-30 15:48:00.083,T,6381.0,1,,,
2026-03-30 15:48:00.083,T,6381.0,1,,,
2026-03-30 15:48:00.083,T,6381.0,1,,,
2026-03-30 15:48:00.131,T,6380.75,1,,,
2026-03-30 15:48:00.131,T,6380.75,1,,,
2026-03-30 15:48:00.131,T,6380.75,1,,,
2026-03-30 15:48:00.131,T,6380.75,1,,,
2026-03-30 15:48:00.131,T,6380.75,1,,,
2026-03-30 15:48:00.131,T,6380.75,1,,,
2026-03-30 15:48:00.131,T,6380.75,1,,,
2026-03-30 15:48:00.131,T,6380.75,1,,,
2026-03-30 15:48:00.131,T,6380.75,1,,,
2026-03-30 15:48:00.131,T,6380.75,2,,,
2026-03-30 15:48:00.131,T,6380.75,1,,,
2026-03-30 15:48:00.131,T,6380.75,1,,,
2026-03-30 15:48:00.131,T,6380.75,2,,,
2026-03-30 15:48:00.131,T,6380.75,1,,,
2026-03-30 15:48:00.131,T,6380.75,3,,,
2026-03-30 15:48:00.131,T,6380.75,1,,,
2026-03-30 15:48:00.131,T,6380.75,1,,,
2026-03-30 15:48:00.131,T,6380.75,1,,,
2026-03-30 15:48:00.131,T,6380.75,1,,,
2026-03-30 15:48:00.131,T,6380.75,1,,,
2026-03-30 15:48:00.131,T,6380.75,1,,,
2026-03-30 15:48:00.131,T,6380.75,1,,,
2026-03-30 15:48:00.131,T,6380.75,1,,,
2026-03-30 15:48:00.132,Q,,,,6380.5,6380.75
2026-03-30 15:48:00.180,T,6380.75,1,,,
2026-03-30 15:48:00.180,T,6380.75,1,,,
2026-03-30 15:48:00.180,T,6380.75,1,,,
2026-03-30 15:48:00.180,T,6380.75,1,,,
2026-03-30 15:48:00.180,T,6380.75,1,,,
2026-03-30 15:48:00.180,T,6381.0,2,,,
2026-03-30 15:48:00.180,T,6381.0,1,,,
2026-03-30 15:48:00.180,T,6380.75,1,,,
2026-03-30 15:48:00.180,T,6380.75,1,,,
2026-03-30 15:48:00.180,T,6380.75,1,,,
2026-03-30 15:48:00.180,T,6380.75,2,,,
2026-03-30 15:48:00.180,T,6380.75,1,,,
2026-03-30 15:48:00.180,T,6380.75,1,,,
2026-03-30 15:48:00.180,T,6380.75,3,,,
2026-03-30 15:48:00.180,T,6381.0,1,,,
2026-03-30 15:48:00.180,T,6381.0,1,,,
2026-03-30 15:48:00.180,T,6381.0,1,,,
2026-03-30 15:48:00.180,T,6381.0,1,,,
2026-03-30 15:48:00.180,T,6381.0,3,,,
2026-03-30 15:48:00.180,T,6381.0,1,,,
2026-03-30 15:48:00.180,T,6381.0,1,,,
2026-03-30 15:48:00.180,T,6381.0,2,,,
2026-03-30 15:48:00.180,T,6381.0,1,,,
2026-03-30 15:48:00.180,T,6381.0,1,,,
2026-03-30 15:48:00.180,T,6381.0,2,,,
2026-03-30 15:48:00.180,T,6381.0,1,,,
2026-03-30 15:48:00.182,Q,,,,6380.75,6381.0
2026-03-30 15:48:00.236,T,6380.75,1,,,
2026-03-30 15:48:00.329,T,6381.0,1,,,
2026-03-30 15:48:00.329,T,6380.75,1,,,
2026-03-30 15:48:00.386,T,6380.75,1,,,
2026-03-30 15:48:00.386,T,6380.75,1,,,
2026-03-30 15:48:00.386,T,6380.75,1,,,
2026-03-30 15:48:00.483,T,6380.75,1,,,
2026-03-30 15:48:00.483,T,6380.75,5,,,
2026-03-30 15:48:00.483,T,6380.75,1,,,
2026-03-30 15:48:00.483,T,6380.75,1,,,
2026-03-30 15:48:00.483,T,6380.75,1,,,
2026-03-30 15:48:00.483,T,6380.75,1,,,
2026-03-30 15:48:00.483,T,6380.75,1,,,
2026-03-30 15:48:00.483,T,6380.75,3,,,
2026-03-30 15:48:00.483,T,6380.75,1,,,
2026-03-30 15:48:00.483,T,6380.75,1,,,
2026-03-30 15:48:00.483,T,6380.75,2,,,
2026-03-30 15:48:00.483,T,6380.75,1,,,
2026-03-30 15:48:00.483,T,6380.75,1,,,
2026-03-30 15:48:00.532,T,6380.75,1,,,
2026-03-30 15:48:00.532,T,6380.75,1,,,
2026-03-30 15:48:00.532,T,6380.75,1,,,
2026-03-30 15:48:00.532,T,6380.75,1,,,
2026-03-30 15:48:00.532,T,6380.75,1,,,
2026-03-30 15:48:00.532,T,6380.75,1,,,
2026-03-30 15:48:00.532,T,6380.75,1,,,
2026-03-30 15:48:00.532,T,6380.75,1,,,
2026-03-30 15:48:00.532,T,6380.75,1,,,
2026-03-30 15:48:00.533,Q,,,,6380.5,6380.75
2026-03-30 15:48:00.629,T,6380.5,1,,,
2026-03-30 15:48:00.629,T,6380.5,1,,,
2026-03-30 15:48:00.629,T,6380.5,1,,,
2026-03-30 15:48:00.737,T,6380.5,1,,,
2026-03-30 15:48:00.832,T,6380.5,1,,,
2026-03-30 15:48:00.832,T,6380.5,1,,,
2026-03-30 15:48:00.832,T,6380.5,1,,,
2026-03-30 15:48:00.832,T,6380.5,1,,,
2026-03-30 15:48:00.832,T,6380.5,1,,,
2026-03-30 15:48:00.832,T,6380.5,1,,,
2026-03-30 15:48:00.886,T,6380.5,1,,,
2026-03-30 15:48:00.989,T,6380.5,1,,,
2026-03-30 15:48:01.089,Q,,,,6380.25,6380.5
2026-03-30 15:48:01.089,T,6380.5,1,,,
2026-03-30 15:48:01.089,T,6380.5,3,,,
2026-03-30 15:48:01.089,T,6380.5,2,,,
2026-03-30 15:48:01.089,T,6380.5,1,,,
2026-03-30 15:48:01.089,T,6380.5,2,,,
2026-03-30 15:48:01.089,T,6380.5,4,,,
2026-03-30 15:48:01.089,T,6380.5,1,,,
2026-03-30 15:48:01.089,T,6380.5,1,,,
2026-03-30 15:48:01.089,T,6380.5,1,,,
2026-03-30 15:48:01.089,T,6380.5,1,,,
2026-03-30 15:48:01.089,T,6380.5,1,,,
2026-03-30 15:48:01.089,T,6380.5,1,,,
2026-03-30 15:48:01.089,T,6380.5,1,,,
2026-03-30 15:48:01.089,T,6380.5,1,,,
2026-03-30 15:48:01.089,T,6380.5,1,,,
2026-03-30 15:48:01.138,T,6380.25,1,,,
2026-03-30 15:48:01.138,T,6380.25,1,,,
2026-03-30 15:48:01.138,T,6380.25,1,,,
2026-03-30 15:48:01.138,T,6380.25,1,,,
2026-03-30 15:48:01.138,T,6380.5,1,,,
2026-03-30 15:48:01.138,T,6380.25,1,,,
2026-03-30 15:48:01.138,T,6380.25,1,,,
2026-03-30 15:48:01.138,T,6380.25,1,,,
2026-03-30 15:48:01.138,T,6380.25,1,,,
2026-03-30 15:48:01.138,T,6380.25,2,,,
2026-03-30 15:48:01.138,T,6380.25,1,,,
2026-03-30 15:48:01.138,T,6380.5,1,,,
2026-03-30 15:48:01.138,T,6380.5,1,,,
2026-03-30 15:48:01.138,T,6380.5,1,,,
2026-03-30 15:48:01.138,T,6380.5,1,,,
2026-03-30 15:48:01.138,T,6380.5,1,,,
2026-03-30 15:48:01.138,T,6380.5,4,,,
2026-03-30 15:48:01.138,T,6380.5,1,,,
2026-03-30 15:48:01.138,T,6380.5,1,,,
2026-03-30 15:48:01.138,T,6380.5,1,,,
2026-03-30 15:48:01.138,T,6380.5,2,,,
2026-03-30 15:48:01.138,T,6380.5,2,,,
2026-03-30 15:48:01.138,T,6380.5,1,,,
2026-03-30 15:48:01.138,T,6380.5,1,,,
2026-03-30 15:48:01.138,T,6380.5,3,,,
2026-03-30 15:48:01.138,T,6380.5,1,,,
2026-03-30 15:48:01.138,T,6380.5,3,,,
2026-03-30 15:48:01.138,T,6380.5,1,,,
2026-03-30 15:48:01.138,T,6380.5,1,,,
2026-03-30 15:48:01.138,T,6380.5,2,,,
2026-03-30 15:48:01.138,T,6380.5,2,,,
2026-03-30 15:48:01.138,T,6380.5,1,,,
2026-03-30 15:48:01.138,T,6380.5,1,,,
2026-03-30 15:48:01.140,Q,,,,6380.25,6380.75
2026-03-30 15:48:01.237,T,6380.5,1,,,
2026-03-30 15:48:01.237,T,6380.5,5,,,
2026-03-30 15:48:01.237,T,6380.5,1,,,
2026-03-30 15:48:01.237,T,6380.5,1,,,
2026-03-30 15:48:01.237,T,6380.5,1,,,
2026-03-30 15:48:01.237,T,6380.5,1,,,
2026-03-30 15:48:01.284,T,6380.5,1,,,
2026-03-30 15:48:01.284,T,6380.5,1,,,
2026-03-30 15:48:01.285,Q,,,,6380.5,6380.75
2026-03-30 15:48:01.383,Q,,,,6380.25,6380.5
2026-03-30 15:48:01.383,T,6380.5,2,,,
2026-03-30 15:48:01.383,T,6380.5,1,,,
2026-03-30 15:48:01.383,T,6380.5,1,,,
2026-03-30 15:48:01.383,T,6380.5,1,,,
2026-03-30 15:48:01.383,T,6380.5,1,,,
2026-03-30 15:48:01.383,T,6380.5,3,,,
2026-03-30 15:48:01.383,T,6380.5,1,,,
2026-03-30 15:48:01.383,T,6380.5,1,,,
2026-03-30 15:48:01.383,T,6380.5,1,,,
2026-03-30 15:48:01.431,T,6380.25,1,,,
2026-03-30 15:48:01.431,T,6380.5,1,,,
2026-03-30 15:48:01.431,Q,,,,6380.5,6380.75
2026-03-30 15:48:01.479,T,6380.5,1,,,
2026-03-30 15:48:01.479,T,6380.5,1,,,
2026-03-30 15:48:01.479,T,6380.5,1,,,
2026-03-30 15:48:01.479,T,6380.5,1,,,
2026-03-30 15:48:01.531,T,6380.5,1,,,
2026-03-30 15:48:01.531,T,6380.75,3,,,
2026-03-30 15:48:01.585,T,6380.5,1,,,
2026-03-30 15:48:01.634,T,6380.5,2,,,
2026-03-30 15:48:01.634,T,6380.5,1,,,
2026-03-30 15:48:01.634,T,6380.5,3,,,
2026-03-30 15:48:01.634,T,6380.5,1,,,
2026-03-30 15:48:01.634,T,6380.5,1,,,
2026-03-30 15:48:01.634,T,6380.5,1,,,
2026-03-30 15:48:01.680,T,6380.5,2,,,
2026-03-30 15:48:01.680,T,6380.5,1,,,
2026-03-30 15:48:01.680,T,6380.25,1,,,
2026-03-30 15:48:01.680,Q,,,,6380.25,6380.5
2026-03-30 15:48:01.736,T,6380.25,1,,,
2026-03-30 15:48:01.736,T,6380.5,2,,,
2026-03-30 15:48:01.737,Q,,,,6380.5,6380.75
2026-03-30 15:48:01.832,Q,,,,6380.25,6380.75
2026-03-30 15:48:01.833,T,6380.5,1,,,
2026-03-30 15:48:01.833,T,6380.5,1,,,
2026-03-30 15:48:01.833,T,6380.5,3,,,
2026-03-30 15:48:01.833,T,6380.5,1,,,
2026-03-30 15:48:01.833,T,6380.5,3,,,
2026-03-30 15:48:01.833,T,6380.5,1,,,
2026-03-30 15:48:01.833,T,6380.5,1,,,
2026-03-30 15:48:01.833,T,6380.5,1,,,
2026-03-30 15:48:01.932,T,6380.75,1,,,
2026-03-30 15:48:01.932,T,6380.5,1,,,
2026-03-30 15:48:01.932,T,6380.5,1,,,
2026-03-30 15:48:01.932,T,6380.5,1,,,
2026-03-30 15:48:01.932,T,6380.5,1,,,
2026-03-30 15:48:01.981,T,6380.25,1,,,
2026-03-30 15:48:02.087,Q,,,,6380.75,6381.0
2026-03-30 15:48:02.088,T,6380.75,1,,,
2026-03-30 15:48:02.088,T,6380.75,3,,,
2026-03-30 15:48:02.088,T,6380.75,1,,,
2026-03-30 15:48:02.088,T,6380.75,1,,,
2026-03-30 15:48:02.088,T,6380.75,1,,,
2026-03-30 15:48:02.088,T,6380.75,1,,,
2026-03-30 15:48:02.088,T,6380.75,1,,,
2026-03-30 15:48:02.088,T,6380.75,1,,,
2026-03-30 15:48:02.088,T,6380.75,1,,,
2026-03-30 15:48:02.088,T,6380.75,1,,,
2026-03-30 15:48:02.088,T,6380.75,1,,,
2026-03-30 15:48:02.088,T,6380.75,1,,,
2026-03-30 15:48:02.088,T,6380.75,1,,,
2026-03-30 15:48:02.088,T,6380.75,1,,,
2026-03-30 15:48:02.088,T,6380.75,3,,,
2026-03-30 15:48:02.088,T,6380.75,1,,,
2026-03-30 15:48:02.088,T,6380.75,1,,,
2026-03-30 15:48:02.088,T,6380.75,1,,,
2026-03-30 15:48:02.088,T,6380.75,1,,,
2026-03-30 15:48:02.088,T,6380.75,1,,,
2026-03-30 15:48:02.088,T,6380.75,1,,,
2026-03-30 15:48:02.088,T,6380.75,2,,,
2026-03-30 15:48:02.088,T,6380.75,1,,,
2026-03-30 15:48:02.088,T,6380.75,1,,,
2026-03-30 15:48:02.088,T,6380.75,2,,,
2026-03-30 15:48:02.088,T,6380.75,1,,,
2026-03-30 15:48:02.088,T,6380.75,1,,,
2026-03-30 15:48:02.088,T,6380.75,2,,,
2026-03-30 15:48:02.088,T,6380.75,10,,,
2026-03-30 15:48:02.088,T,6380.75,1,,,
2026-03-30 15:48:02.088,T,6380.75,1,,,
2026-03-30 15:48:02.088,T,6380.75,1,,,
2026-03-30 15:48:02.088,T,6380.75,1,,,
2026-03-30 15:48:02.088,T,6380.75,1,,,
2026-03-30 15:48:02.088,T,6380.75,2,,,
2026-03-30 15:48:02.088,T,6380.75,1,,,
2026-03-30 15:48:02.088,T,6380.75,2,,,
2026-03-30 15:48:02.088,T,6380.75,2,,,
2026-03-30 15:48:02.088,T,6380.75,3,,,
2026-03-30 15:48:02.088,T,6380.75,2,,,
2026-03-30 15:48:02.088,T,6380.75,1,,,
2026-03-30 15:48:02.088,T,6380.75,5,,,
2026-03-30 15:48:02.088,T,6380.75,1,,,
2026-03-30 15:48:02.088,T,6380.75,1,,,
2026-03-30 15:48:02.088,T,6380.75,1,,,
2026-03-30 15:48:02.132,T,6380.75,1,,,
2026-03-30 15:48:02.251,Q,,,,6381.0,6381.25
2026-03-30 15:48:02.252,T,6381.0,1,,,
2026-03-30 15:48:02.252,T,6381.0,1,,,
2026-03-30 15:48:02.252,T,6381.0,1,,,
2026-03-30 15:48:02.252,T,6381.0,1,,,
2026-03-30 15:48:02.252,T,6381.0,1,,,
2026-03-30 15:48:02.252,T,6381.0,1,,,
2026-03-30 15:48:02.252,T,6381.0,1,,,
2026-03-30 15:48:02.252,T,6381.0,1,,,
2026-03-30 15:48:02.252,T,6381.0,1,,,
2026-03-30 15:48:02.252,T,6381.0,1,,,
2026-03-30 15:48:02.252,T,6381.0,1,,,
2026-03-30 15:48:02.252,T,6381.0,1,,,
2026-03-30 15:48:02.252,T,6381.0,1,,,
2026-03-30 15:48:02.331,Q,,,,6380.75,6381.0
2026-03-30 15:48:02.331,T,6381.0,3,,,
2026-03-30 15:48:02.331,T,6381.0,1,,,
2026-03-30 15:48:02.331,T,6381.0,1,,,
2026-03-30 15:48:02.331,T,6381.0,1,,,
2026-03-30 15:48:02.331,T,6381.0,1,,,
2026-03-30 15:48:02.331,T,6381.0,1,,,
2026-03-30 15:48:02.331,T,6381.0,1,,,
2026-03-30 15:48:02.331,T,6381.0,2,,,
2026-03-30 15:48:02.331,T,6381.0,1,,,
2026-03-30 15:48:02.331,T,6381.0,3,,,
2026-03-30 15:48:02.331,T,6381.0,2,,,
2026-03-30 15:48:02.331,T,6381.0,1,,,
2026-03-30 15:48:02.331,T,6381.0,1,,,
2026-03-30 15:48:02.435,T,6380.75,1,,,
2026-03-30 15:48:02.483,T,6381.0,1,,,
2026-03-30 15:48:02.483,T,6381.0,1,,,
2026-03-30 15:48:02.483,Q,,,,6381.0,6381.25
2026-03-30 15:48:02.532,T,6381.0,1,,,
2026-03-30 15:48:02.532,T,6381.0,2,,,
2026-03-30 15:48:02.532,T,6381.0,1,,,
2026-03-30 15:48:02.586,Q,,,,6380.75,6381.25
2026-03-30 15:48:02.586,T,6381.0,1,,,
2026-03-30 15:48:02.586,T,6381.0,2,,,
2026-03-30 15:48:02.586,T,6381.0,1,,,
2026-03-30 15:48:02.586,T,6381.0,1,,,
2026-03-30 15:48:02.586,T,6381.0,1,,,
2026-03-30 15:48:02.586,T,6381.0,1,,,
2026-03-30 15:48:02.586,T,6381.0,1,,,
2026-03-30 15:48:02.586,T,6381.0,1,,,
2026-03-30 15:48:02.586,T,6381.0,1,,,
2026-03-30 15:48:02.634,T,6381.0,1,,,
2026-03-30 15:48:02.634,T,6381.0,1,,,
2026-03-30 15:48:02.634,T,6381.0,1,,,
2026-03-30 15:48:02.634,Q,,,,6380.75,6381.0
2026-03-30 15:48:02.737,T,6380.75,1,,,
2026-03-30 15:48:02.782,Q,,,,6380.5,6380.75
2026-03-30 15:48:02.783,T,6380.75,1,,,
2026-03-30 15:48:02.783,T,6380.75,1,,,
2026-03-30 15:48:02.783,T,6380.75,1,,,
2026-03-30 15:48:02.783,T,6380.75,1,,,
2026-03-30 15:48:02.783,T,6380.75,1,,,
2026-03-30 15:48:02.783,T,6380.75,1,,,
2026-03-30 15:48:02.783,T,6380.75,1,,,
2026-03-30 15:48:02.783,T,6380.75,3,,,
2026-03-30 15:48:02.783,T,6380.75,1,,,
2026-03-30 15:48:02.783,T,6380.75,2,,,
2026-03-30 15:48:02.783,T,6380.75,1,,,
2026-03-30 15:48:02.783,T,6380.5,1,,,
2026-03-30 15:48:02.783,T,6380.75,4,,,
2026-03-30 15:48:02.783,T,6380.75,1,,,
2026-03-30 15:48:02.783,T,6380.75,1,,,
2026-03-30 15:48:02.783,T,6380.75,1,,,
2026-03-30 15:48:02.783,T,6380.75,1,,,
2026-03-30 15:48:02.783,T,6380.75,1,,,
2026-03-30 15:48:02.783,T,6380.75,1,,,
2026-03-30 15:48:02.783,T,6380.75,1,,,
2026-03-30 15:48:02.783,T,6380.75,1,,,
2026-03-30 15:48:02.783,T,6380.75,1,,,
2026-03-30 15:48:02.783,T,6380.75,2,,,
2026-03-30 15:48:02.783,T,6380.75,1,,,
2026-03-30 15:48:02.783,T,6380.5,2,,,
2026-03-30 15:48:02.831,T,6380.5,1,,,
2026-03-30 15:48:02.831,T,6380.5,1,,,
2026-03-30 15:48:02.831,T,6380.5,1,,,
2026-03-30 15:48:02.831,T,6380.75,2,,,
2026-03-30 15:48:03.035,T,6380.75,1,,,
2026-03-30 15:48:03.084,T,6380.75,2,,,
2026-03-30 15:48:03.084,T,6380.75,1,,,
2026-03-30 15:48:03.084,T,6380.75,1,,,
2026-03-30 15:48:03.084,T,6380.75,1,,,
2026-03-30 15:48:03.084,T,6380.75,4,,,
2026-03-30 15:48:03.084,T,6380.75,2,,,
2026-03-30 15:48:03.084,T,6380.75,1,,,
2026-03-30 15:48:03.084,T,6380.75,1,,,
2026-03-30 15:48:03.084,T,6380.75,1,,,
2026-03-30 15:48:03.084,T,6380.75,1,,,
2026-03-30 15:48:03.084,T,6380.75,1,,,
2026-03-30 15:48:03.084,T,6380.75,1,,,
2026-03-30 15:48:03.084,T,6380.75,2,,,
2026-03-30 15:48:03.084,T,6380.75,1,,,
2026-03-30 15:48:03.084,T,6380.75,3,,,
2026-03-30 15:48:03.084,T,6380.75,1,,,
2026-03-30 15:48:03.084,T,6380.75,1,,,
2026-03-30 15:48:03.084,T,6380.75,1,,,
2026-03-30 15:48:03.084,T,6380.75,1,,,
2026-03-30 15:48:03.084,T,6380.75,1,,,
2026-03-30 15:48:03.235,T,6380.75,1,,,
2026-03-30 15:48:03.235,T,6380.75,1,,,
2026-03-30 15:48:03.235,T,6380.75,1,,,
2026-03-30 15:48:03.235,T,6380.75,1,,,
2026-03-30 15:48:03.285,Q,,,,6380.25,6380.5
2026-03-30 15:48:03.285,T,6380.5,1,,,
2026-03-30 15:48:03.285,T,6380.5,1,,,
2026-03-30 15:48:03.285,T,6380.5,1,,,
2026-03-30 15:48:03.285,T,6380.5,1,,,
2026-03-30 15:48:03.285,T,6380.5,1,,,
2026-03-30 15:48:03.285,T,6380.5,1,,,
2026-03-30 15:48:03.285,T,6380.5,1,,,
2026-03-30 15:48:03.285,T,6380.5,1,,,
2026-03-30 15:48:03.285,T,6380.5,1,,,
2026-03-30 15:48:03.285,T,6380.5,1,,,
2026-03-30 15:48:03.285,T,6380.5,9,,,
2026-03-30 15:48:03.285,T,6380.5,1,,,
2026-03-30 15:48:03.285,T,6380.5,1,,,
2026-03-30 15:48:03.285,T,6380.5,1,,,
2026-03-30 15:48:03.285,T,6380.5,10,,,
2026-03-30 15:48:03.285,T,6380.5,1,,,
2026-03-30 15:48:03.285,T,6380.5,1,,,
2026-03-30 15:48:03.330,T,6380.25,1,,,
2026-03-30 15:48:03.407,T,6380.25,1,,,
2026-03-30 15:48:03.407,T,6380.5,1,,,
2026-03-30 15:48:03.407,T,6380.5,1,,,
2026-03-30 15:48:03.407,T,6380.5,2,,,
2026-03-30 15:48:03.407,T,6380.5,4,,,
2026-03-30 15:48:03.407,T,6380.5,1,,,
2026-03-30 15:48:03.407,T,6380.5,1,,,
2026-03-30 15:48:03.407,T,6380.5,1,,,
2026-03-30 15:48:03.407,T,6380.5,2,,,
2026-03-30 15:48:03.407,T,6380.5,1,,,
2026-03-30 15:48:03.407,T,6380.5,1,,,
2026-03-30 15:48:03.407,T,6380.5,1,,,
2026-03-30 15:48:03.407,T,6380.5,2,,,
2026-03-30 15:48:03.407,T,6380.5,3,,,
2026-03-30 15:48:03.407,T,6380.5,1,,,
2026-03-30 15:48:03.407,T,6380.5,1,,,
2026-03-30 15:48:03.407,T,6380.5,1,,,
2026-03-30 15:48:03.407,T,6380.5,1,,,
2026-03-30 15:48:03.407,T,6380.5,1,,,
2026-03-30 15:48:03.407,T,6380.5,2,,,
2026-03-30 15:48:03.407,T,6380.5,1,,,
2026-03-30 15:48:03.407,T,6380.5,1,,,
2026-03-30 15:48:03.407,T,6380.5,3,,,
2026-03-30 15:48:03.407,T,6380.5,1,,,
2026-03-30 15:48:03.409,Q,,,,6380.25,6380.75
2026-03-30 15:48:03.434,Q,,,,6380.25,6380.5
2026-03-30 15:48:03.679,T,6380.25,1,,,
2026-03-30 15:48:03.731,T,6380.25,1,,,
2026-03-30 15:48:03.731,T,6380.25,1,,,
2026-03-30 15:48:03.731,T,6380.25,1,,,
2026-03-30 15:48:03.731,T,6380.25,3,,,
2026-03-30 15:48:03.731,T,6380.25,1,,,
2026-03-30 15:48:03.731,T,6380.25,1,,,
2026-03-30 15:48:03.731,T,6380.25,1,,,
2026-03-30 15:48:03.731,T,6380.25,2,,,
2026-03-30 15:48:03.731,T,6380.25,1,,,
2026-03-30 15:48:03.731,T,6380.25,1,,,
2026-03-30 15:48:03.731,T,6380.25,3,,,
2026-03-30 15:48:03.731,T,6380.25,3,,,
2026-03-30 15:48:03.731,T,6380.25,1,,,
2026-03-30 15:48:03.731,T,6380.25,1,,,
2026-03-30 15:48:03.731,T,6380.25,1,,,
2026-03-30 15:48:03.731,T,6380.25,1,,,
2026-03-30 15:48:03.731,T,6380.25,3,,,
2026-03-30 15:48:03.731,T,6380.25,3,,,
2026-03-30 15:48:03.731,T,6380.25,1,,,
2026-03-30 15:48:03.731,T,6380.25,1,,,
2026-03-30 15:48:03.731,T,6380.25,1,,,
2026-03-30 15:48:03.731,T,6380.25,1,,,
2026-03-30 15:48:03.733,Q,,,,6380.0,6380.25
2026-03-30 15:48:03.835,T,6380.0,1,,,
2026-03-30 15:48:03.835,T,6380.0,1,,,
2026-03-30 15:48:03.835,T,6380.0,1,,,
2026-03-30 15:48:03.835,T,6380.0,2,,,
2026-03-30 15:48:03.835,T,6380.0,3,,,
2026-03-30 15:48:03.835,T,6380.0,1,,,
2026-03-30 15:48:03.835,T,6380.0,1,,,
2026-03-30 15:48:03.835,T,6380.0,1,,,
2026-03-30 15:48:03.835,T,6380.0,1,,,
2026-03-30 15:48:03.835,T,6380.0,1,,,
2026-03-30 15:48:03.933,T,6380.0,1,,,
2026-03-30 15:48:03.933,T,6380.0,1,,,
2026-03-30 15:48:03.933,T,6380.0,1,,,
2026-03-30 15:48:03.933,T,6380.0,1,,,
2026-03-30 15:48:03.933,T,6380.0,1,,,
2026-03-30 15:48:03.933,T,6380.0,1,,,
2026-03-30 15:48:03.933,T,6380.0,1,,,
2026-03-30 15:48:03.933,T,6380.0,1,,,
2026-03-30 15:48:03.933,T,6380.0,2,,,
2026-03-30 15:48:03.980,T,6380.25,1,,,
2026-03-30 15:48:03.980,T,6380.25,3,,,
2026-03-30 15:48:03.980,T,6380.25,1,,,
2026-03-30 15:48:03.980,T,6380.25,1,,,
2026-03-30 15:48:03.980,T,6380.25,1,,,
2026-03-30 15:48:03.980,T,6380.25,1,,,
2026-03-30 15:48:03.980,T,6380.25,1,,,
2026-03-30 15:48:03.980,T,6380.25,1,,,
2026-03-30 15:48:04.087,Q,,,,6379.75,6380.0
2026-03-30 15:48:04.088,T,6380.0,3,,,
2026-03-30 15:48:04.088,T,6380.0,1,,,
2026-03-30 15:48:04.088,T,6380.0,1,,,
2026-03-30 15:48:04.088,T,6380.0,1,,,
2026-03-30 15:48:04.088,T,6380.0,1,,,
2026-03-30 15:48:04.088,T,6380.0,1,,,
2026-03-30 15:48:04.088,T,6380.0,2,,,
2026-03-30 15:48:04.088,T,6380.0,1,,,
2026-03-30 15:48:04.088,T,6380.0,1,,,
2026-03-30 15:48:04.088,T,6380.0,1,,,
2026-03-30 15:48:04.088,T,6380.0,1,,,
2026-03-30 15:48:04.088,T,6380.0,1,,,
2026-03-30 15:48:04.088,T,6380.0,1,,,
2026-03-30 15:48:04.088,T,6380.0,1,,,
2026-03-30 15:48:04.088,T,6380.0,1,,,
2026-03-30 15:48:04.088,T,6380.0,2,,,
2026-03-30 15:48:04.088,T,6380.0,1,,,
2026-03-30 15:48:04.088,T,6380.0,1,,,
2026-03-30 15:48:04.133,Q,,,,6380.0,6380.25
2026-03-30 15:48:04.133,T,6380.0,3,,,
2026-03-30 15:48:04.133,T,6380.0,1,,,
2026-03-30 15:48:04.133,T,6380.0,3,,,
2026-03-30 15:48:04.133,T,6380.0,3,,,
2026-03-30 15:48:04.133,T,6380.0,1,,,
2026-03-30 15:48:04.133,T,6380.0,1,,,
2026-03-30 15:48:04.133,T,6380.0,1,,,
2026-03-30 15:48:04.133,T,6380.0,2,,,
2026-03-30 15:48:04.133,T,6380.0,1,,,
2026-03-30 15:48:04.133,T,6380.0,1,,,
2026-03-30 15:48:04.133,T,6380.0,1,,,
2026-03-30 15:48:04.133,T,6380.0,1,,,
2026-03-30 15:48:04.133,T,6380.0,1,,,
2026-03-30 15:48:04.133,T,6380.0,1,,,
2026-03-30 15:48:04.133,T,6380.0,1,,,
2026-03-30 15:48:04.333,T,6380.25,1,,,
2026-03-30 15:48:04.333,T,6380.25,1,,,
2026-03-30 15:48:04.333,T,6380.25,1,,,
2026-03-30 15:48:04.333,T,6380.25,1,,,
2026-03-30 15:48:04.333,T,6380.25,1,,,
2026-03-30 15:48:04.333,T,6380.25,1,,,
2026-03-30 15:48:04.333,T,6380.25,1,,,
2026-03-30 15:48:04.333,T,6380.25,1,,,
2026-03-30 15:48:04.333,T,6380.25,1,,,
2026-03-30 15:48:04.333,T,6380.25,1,,,
2026-03-30 15:48:04.333,T,6380.25,2,,,
2026-03-30 15:48:04.333,T,6380.25,1,,,
2026-03-30 15:48:04.333,T,6380.25,2,,,
2026-03-30 15:48:04.334,Q,,,,6380.25,6380.5
2026-03-30 15:48:04.387,T,6380.25,1,,,
2026-03-30 15:48:04.550,Q,,,,6380.0,6380.25
2026-03-30 15:48:04.550,T,6380.25,1,,,
2026-03-30 15:48:04.550,T,6380.25,1,,,
2026-03-30 15:48:04.550,T,6380.25,1,,,
2026-03-30 15:48:04.550,T,6380.25,4,,,
2026-03-30 15:48:04.550,T,6380.25,1,,,
2026-03-30 15:48:04.550,T,6380.25,1,,,
2026-03-30 15:48:04.550,T,6380.25,1,,,
2026-03-30 15:48:04.550,T,6380.25,1,,,
2026-03-30 15:48:04.550,T,6380.25,1,,,
2026-03-30 15:48:04.550,T,6380.25,1,,,
2026-03-30 15:48:04.550,T,6380.25,1,,,
2026-03-30 15:48:04.550,T,6380.25,1,,,
2026-03-30 15:48:04.550,T,6380.5,1,,,
2026-03-30 15:48:04.550,T,6380.25,1,,,
2026-03-30 15:48:04.550,T,6380.0,2,,,
2026-03-30 15:48:04.550,T,6380.0,3,,,
2026-03-30 15:48:04.680,T,6380.25,1,,,
2026-03-30 15:48:04.680,T,6380.25,1,,,
2026-03-30 15:48:04.680,T,6380.25,3,,,
2026-03-30 15:48:04.680,T,6380.25,1,,,
2026-03-30 15:48:04.680,T,6380.25,1,,,
2026-03-30 15:48:04.680,T,6380.25,1,,,
2026-03-30 15:48:04.680,T,6380.25,3,,,
2026-03-30 15:48:04.680,T,6380.25,1,,,
2026-03-30 15:48:04.680,T,6380.25,1,,,
2026-03-30 15:48:04.680,T,6380.0,1,,,
2026-03-30 15:48:04.729,T,6380.0,1,,,
2026-03-30 15:48:04.785,T,6380.0,3,,,
2026-03-30 15:48:04.785,T,6380.0,1,,,
2026-03-30 15:48:04.785,T,6380.0,1,,,
2026-03-30 15:48:04.833,T,6380.25,1,,,
2026-03-30 15:48:04.838,Q,,,,6380.25,6380.5
2026-03-30 15:48:04.888,T,6380.25,1,,,
2026-03-30 15:48:04.888,T,6380.25,2,,,
2026-03-30 15:48:04.888,T,6380.25,1,,,
2026-03-30 15:48:04.888,T,6380.25,2,,,
2026-03-30 15:48:04.935,T,6380.25,1,,,
2026-03-30 15:48:04.935,T,6380.25,1,,,
2026-03-30 15:48:04.935,T,6380.25,1,,,
2026-03-30 15:48:04.935,T,6380.25,3,,,
2026-03-30 15:48:04.935,T,6380.25,1,,,
2026-03-30 15:48:04.935,T,6380.25,1,,,
2026-03-30 15:48:04.935,T,6380.25,1,,,
2026-03-30 15:48:04.935,T,6380.25,1,,,
2026-03-30 15:48:04.935,T,6380.25,1,,,
2026-03-30 15:48:04.935,T,6380.25,1,,,
2026-03-30 15:48:04.935,T,6380.25,1,,,
2026-03-30 15:48:04.935,T,6380.25,1,,,
2026-03-30 15:48:04.935,T,6380.25,1,,,
2026-03-30 15:48:04.935,T,6380.25,1,,,
2026-03-30 15:48:04.983,T,6380.25,1,,,
2026-03-30 15:48:04.983,T,6380.25,1,,,
2026-03-30 15:48:04.983,T,6380.25,1,,,
2026-03-30 15:48:04.983,T,6380.25,1,,,
2026-03-30 15:48:04.983,T,6380.25,1,,,
2026-03-30 15:48:05.032,Q,,,,6380.0,6380.25
2026-03-30 15:48:05.032,T,6380.25,3,,,
2026-03-30 15:48:05.032,T,6380.25,1,,,
2026-03-30 15:48:05.180,T,6380.25,1,,,
2026-03-30 15:48:05.180,T,6380.25,1,,,
2026-03-30 15:48:05.181,Q,,,,6380.25,6380.5
2026-03-30 15:48:05.235,Q,,,,6380.0,6380.25
2026-03-30 15:48:05.236,T,6380.25,1,,,
2026-03-30 15:48:05.236,T,6380.25,1,,,
2026-03-30 15:48:05.236,T,6380.25,1,,,
2026-03-30 15:48:05.236,T,6380.25,1,,,
2026-03-30 15:48:05.236,T,6380.25,1,,,
2026-03-30 15:48:05.284,Q,,,,6380.25,6380.5
2026-03-30 15:48:05.284,T,6380.25,1,,,
2026-03-30 15:48:05.284,T,6380.25,1,,,
2026-03-30 15:48:05.535,T,6380.25,2,,,
2026-03-30 15:48:05.535,T,6380.25,2,,,
2026-03-30 15:48:05.535,T,6380.25,1,,,
2026-03-30 15:48:05.730,T,6380.5,1,,,
2026-03-30 15:48:05.935,T,6380.25,1,,,
2026-03-30 15:48:05.935,T,6380.25,1,,,
2026-03-30 15:48:05.935,T,6380.25,1,,,
2026-03-30 15:48:05.935,T,6380.25,1,,,
2026-03-30 15:48:05.935,T,6380.25,1,,,
2026-03-30 15:48:05.935,T,6380.25,1,,,
2026-03-30 15:48:05.935,T,6380.25,1,,,
2026-03-30 15:48:05.935,T,6380.25,1,,,
2026-03-30 15:48:05.935,T,6380.25,1,,,
2026-03-30 15:48:05.935,T,6380.25,1,,,
2026-03-30 15:48:05.935,T,6380.25,2,,,
2026-03-30 15:48:05.935,T,6380.25,1,,,
2026-03-30 15:48:05.935,T,6380.25,1,,,
2026-03-30 15:48:05.935,T,6380.25,1,,,
2026-03-30 15:48:05.983,T,6380.25,1,,,
2026-03-30 15:48:05.983,T,6380.25,3,,,
2026-03-30 15:48:05.983,T,6380.25,1,,,
2026-03-30 15:48:06.084,T,6380.25,2,,,
2026-03-30 15:48:06.084,T,6380.25,1,,,
2026-03-30 15:48:06.084,T,6380.25,3,,,
2026-03-30 15:48:06.084,T,6380.25,1,,,
2026-03-30 15:48:06.084,T,6380.25,1,,,
2026-03-30 15:48:06.084,T,6380.25,1,,,
2026-03-30 15:48:06.084,T,6380.25,1,,,
2026-03-30 15:48:06.430,T,6380.5,1,,,
2026-03-30 15:48:06.680,T,6380.25,1,,,
2026-03-30 15:48:06.788,T,6380.5,1,,,
2026-03-30 15:48:06.788,T,6380.5,1,,,
2026-03-30 15:48:06.788,T,6380.5,1,,,
2026-03-30 15:48:06.788,T,6380.5,1,,,
2026-03-30 15:48:06.788,T,6380.5,1,,,
2026-03-30 15:48:06.788,T,6380.5,1,,,
2026-03-30 15:48:06.788,T,6380.5,1,,,
2026-03-30 15:48:06.788,T,6380.5,3,,,
2026-03-30 15:48:06.788,T,6380.5,1,,,
2026-03-30 15:48:06.788,T,6380.5,1,,,
2026-03-30 15:48:06.788,T,6380.5,1,,,
2026-03-30 15:48:06.788,T,6380.5,2,,,
2026-03-30 15:48:06.788,T,6380.5,1,,,
2026-03-30 15:48:06.788,T,6380.5,1,,,
2026-03-30 15:48:06.788,T,6380.5,1,,,
2026-03-30 15:48:06.788,T,6380.5,1,,,
2026-03-30 15:48:06.788,T,6380.5,1,,,
2026-03-30 15:48:06.788,T,6380.5,1,,,
2026-03-30 15:48:06.788,T,6380.5,2,,,
2026-03-30 15:48:06.788,T,6380.5,1,,,
2026-03-30 15:48:06.788,T,6380.5,1,,,
2026-03-30 15:48:06.788,T,6380.5,1,,,
2026-03-30 15:48:06.788,T,6380.25,1,,,
2026-03-30 15:48:06.788,T,6380.25,3,,,
2026-03-30 15:48:06.788,T,6380.25,1,,,
2026-03-30 15:48:06.788,T,6380.25,1,,,
2026-03-30 15:48:06.788,T,6380.25,2,,,
2026-03-30 15:48:06.884,T,6380.5,1,,,
2026-03-30 15:48:07.236,T,6380.5,2,,,
2026-03-30 15:48:07.382,T,6380.25,1,,,
2026-03-30 15:48:07.382,T,6380.25,1,,,
2026-03-30 15:48:07.382,T,6380.25,1,,,
2026-03-30 15:48:07.382,T,6380.25,1,,,
2026-03-30 15:48:07.382,T,6380.25,1,,,
2026-03-30 15:48:07.382,T,6380.25,1,,,
2026-03-30 15:48:07.382,T,6380.25,1,,,
2026-03-30 15:48:07.382,T,6380.25,1,,,
2026-03-30 15:48:07.382,T,6380.25,1,,,
2026-03-30 15:48:07.382,T,6380.25,1,,,
2026-03-30 15:48:07.382,T,6380.25,1,,,
2026-03-30 15:48:07.382,T,6380.25,1,,,
2026-03-30 15:48:07.382,T,6380.25,1,,,
2026-03-30 15:48:07.382,T,6380.25,1,,,
2026-03-30 15:48:07.382,T,6380.25,1,,,
2026-03-30 15:48:07.382,T,6380.25,1,,,
2026-03-30 15:48:07.382,T,6380.25,1,,,
2026-03-30 15:48:07.382,T,6380.25,1,,,
2026-03-30 15:48:07.382,T,6380.25,2,,,
2026-03-30 15:48:07.382,T,6380.25,1,,,
2026-03-30 15:48:07.382,T,6380.25,1,,,
2026-03-30 15:48:07.382,T,6380.25,1,,,
2026-03-30 15:48:07.382,T,6380.25,3,,,
2026-03-30 15:48:07.382,T,6380.25,1,,,
2026-03-30 15:48:07.382,T,6380.25,1,,,
2026-03-30 15:48:07.382,T,6380.25,2,,,
2026-03-30 15:48:07.382,T,6380.25,1,,,
2026-03-30 15:48:07.382,T,6380.25,1,,,
2026-03-30 15:48:07.382,T,6380.25,1,,,
2026-03-30 15:48:07.382,T,6380.25,1,,,
2026-03-30 15:48:07.382,T,6380.25,1,,,
2026-03-30 15:48:07.382,T,6380.25,1,,,
2026-03-30 15:48:07.382,T,6380.25,2,,,
2026-03-30 15:48:07.382,T,6380.25,1,,,
2026-03-30 15:48:07.382,T,6380.25,1,,,
2026-03-30 15:48:07.565,Q,,,,6380.5,6380.75
2026-03-30 15:48:07.565,T,6380.5,1,,,
2026-03-30 15:48:07.565,T,6380.5,1,,,
2026-03-30 15:48:07.565,T,6380.5,1,,,
2026-03-30 15:48:07.565,T,6380.5,1,,,
2026-03-30 15:48:07.565,T,6380.5,1,,,
2026-03-30 15:48:07.565,T,6380.5,1,,,
2026-03-30 15:48:07.565,T,6380.5,1,,,
2026-03-30 15:48:07.565,T,6380.5,1,,,
2026-03-30 15:48:07.565,T,6380.5,1,,,
2026-03-30 15:48:07.565,T,6380.5,1,,,
2026-03-30 15:48:07.565,T,6380.5,1,,,
2026-03-30 15:48:07.586,T,6380.5,1,,,
2026-03-30 15:48:07.586,T,6380.5,1,,,
2026-03-30 15:48:07.586,T,6380.5,1,,,
2026-03-30 15:48:07.586,T,6380.5,1,,,
2026-03-30 15:48:07.586,T,6380.5,1,,,
2026-03-30 15:48:07.586,T,6380.5,1,,,
2026-03-30 15:48:07.586,T,6380.5,1,,,
2026-03-30 15:48:07.586,T,6380.5,1,,,
2026-03-30 15:48:07.587,Q,,,,6380.25,6380.5
2026-03-30 15:48:07.786,T,6380.25,1,,,
2026-03-30 15:48:07.786,T,6380.25,1,,,
2026-03-30 15:48:07.786,T,6380.25,1,,,
2026-03-30 15:48:07.786,T,6380.25,1,,,
2026-03-30 15:48:07.786,T,6380.25,1,,,
2026-03-30 15:48:07.786,T,6380.25,1,,,
2026-03-30 15:48:07.786,T,6380.25,1,,,
2026-03-30 15:48:07.786,T,6380.25,1,,,
2026-03-30 15:48:07.786,T,6380.25,1,,,
2026-03-30 15:48:07.786,T,6380.25,1,,,
2026-03-30 15:48:08.090,T,6380.5,4,,,
2026-03-30 15:48:08.090,T,6380.5,1,,,
2026-03-30 15:48:08.090,T,6380.5,1,,,
2026-03-30 15:48:08.090,T,6380.5,1,,,
2026-03-30 15:48:08.090,T,6380.5,1,,,
2026-03-30 15:48:08.090,T,6380.5,1,,,
2026-03-30 15:48:08.090,T,6380.5,1,,,
2026-03-30 15:48:08.090,T,6380.5,1,,,
2026-03-30 15:48:08.090,T,6380.5,1,,,
2026-03-30 15:48:08.090,T,6380.5,1,,,
2026-03-30 15:48:08.090,T,6380.5,1,,,
2026-03-30 15:48:08.090,T,6380.5,1,,,
2026-03-30 15:48:08.092,Q,,,,6380.5,6380.75
2026-03-30 15:48:08.130,T,6380.75,1,,,
2026-03-30 15:48:08.130,T,6380.75,1,,,
2026-03-30 15:48:08.130,T,6380.75,1,,,
2026-03-30 15:48:08.130,T,6380.75,1,,,
2026-03-30 15:48:08.130,T,6380.75,1,,,
2026-03-30 15:48:08.130,T,6380.75,1,,,
2026-03-30 15:48:08.130,T,6380.75,1,,,
2026-03-30 15:48:08.130,T,6380.75,1,,,
2026-03-30 15:48:08.130,T,6380.75,1,,,
2026-03-30 15:48:08.130,T,6380.75,1,,,
2026-03-30 15:48:08.130,T,6380.75,1,,,
2026-03-30 15:48:08.130,T,6380.75,1,,,
2026-03-30 15:48:08.131,Q,,,,6380.75,6381.0
2026-03-30 15:48:08.284,T,6380.75,1,,,
2026-03-30 15:48:08.284,T,6380.75,1,,,
2026-03-30 15:48:08.284,T,6380.75,1,,,
2026-03-30 15:48:08.284,T,6380.75,3,,,
2026-03-30 15:48:08.284,T,6380.75,1,,,
2026-03-30 15:48:08.284,T,6380.75,1,,,
2026-03-30 15:48:08.284,T,6380.75,1,,,
2026-03-30 15:48:08.284,T,6380.75,1,,,
2026-03-30 15:48:08.284,T,6380.75,1,,,
2026-03-30 15:48:08.429,T,6380.75,1,,,
2026-03-30 15:48:08.429,T,6380.75,3,,,
2026-03-30 15:48:08.429,T,6380.75,1,,,
2026-03-30 15:48:08.429,T,6380.75,1,,,
2026-03-30 15:48:08.429,T,6380.75,1,,,
2026-03-30 15:48:08.429,T,6380.75,1,,,
2026-03-30 15:48:08.429,T,6380.75,1,,,
2026-03-30 15:48:08.429,T,6380.75,1,,,
2026-03-30 15:48:08.429,T,6380.75,1,,,
2026-03-30 15:48:08.429,Q,,,,6380.5,6381.0
2026-03-30 15:48:08.479,T,6380.75,1,,,
2026-03-30 15:48:08.479,T,6380.75,1,,,
2026-03-30 15:48:08.479,Q,,,,6380.75,6381.0
2026-03-30 15:48:08.530,Q,,,,6380.5,6380.75
2026-03-30 15:48:09.479,T,6380.75,1,,,
2026-03-30 15:48:09.479,T,6380.75,3,,,
2026-03-30 15:48:09.479,T,6380.75,1,,,
2026-03-30 15:48:09.479,T,6380.75,1,,,
2026-03-30 15:48:09.479,T,6380.75,1,,,
2026-03-30 15:48:09.479,T,6380.75,1,,,
2026-03-30 15:48:09.479,T,6380.75,1,,,
2026-03-30 15:48:09.479,T,6380.75,1,,,
2026-03-30 15:48:09.479,T,6380.75,1,,,
2026-03-30 15:48:09.479,T,6380.75,1,,,
2026-03-30 15:48:09.479,T,6380.75,1,,,
2026-03-30 15:48:09.480,Q,,,,6380.75,6381.0
2026-03-30 15:48:09.535,T,6380.75,1,,,
2026-03-30 15:48:09.535,T,6380.5,2,,,
2026-03-30 15:48:09.535,T,6380.5,3,,,
2026-03-30 15:48:09.535,T,6380.5,1,,,
2026-03-30 15:48:09.535,T,6380.5,2,,,
2026-03-30 15:48:09.535,T,6380.5,1,,,
2026-03-30 15:48:09.535,T,6380.5,1,,,
2026-03-30 15:48:09.536,Q,,,,6380.5,6380.75
2026-03-30 15:48:09.633,T,6380.75,1,,,
2026-03-30 15:48:09.633,T,6380.75,1,,,
2026-03-30 15:48:09.633,T,6380.75,1,,,
2026-03-30 15:48:09.633,T,6380.75,1,,,
2026-03-30 15:48:09.633,T,6380.75,3,,,
2026-03-30 15:48:09.633,T,6380.75,1,,,
2026-03-30 15:48:09.633,T,6380.75,1,,,
2026-03-30 15:48:09.633,T,6380.75,1,,,
2026-03-30 15:48:09.634,Q,,,,6380.75,6381.0
2026-03-30 15:48:09.679,T,6380.75,1,,,
2026-03-30 15:48:09.679,T,6380.75,1,,,
2026-03-30 15:48:09.679,T,6380.75,1,,,
2026-03-30 15:48:09.679,T,6380.75,1,,,
2026-03-30 15:48:09.679,T,6380.75,1,,,
2026-03-30 15:48:09.679,T,6380.75,1,,,
2026-03-30 15:48:09.681,Q,,,,6380.5,6380.75
2026-03-30 15:48:09.982,T,6380.75,1,,,
2026-03-30 15:48:09.982,T,6380.75,3,,,
2026-03-30 15:48:09.982,T,6380.75,1,,,
2026-03-30 15:48:09.982,T,6380.75,1,,,
2026-03-30 15:48:09.982,T,6380.75,1,,,
2026-03-30 15:48:09.982,T,6380.75,1,,,
2026-03-30 15:48:09.982,T,6380.75,1,,,
2026-03-30 15:48:10.432,T,6380.5,1,,,
2026-03-30 15:48:10.432,T,6380.5,1,,,
2026-03-30 15:48:10.432,T,6380.5,1,,,
2026-03-30 15:48:10.432,T,6380.5,1,,,
2026-03-30 15:48:10.432,T,6380.5,14,,,
2026-03-30 15:48:10.432,T,6380.5,1,,,
2026-03-30 15:48:10.432,T,6380.5,1,,,
2026-03-30 15:48:10.432,T,6380.5,1,,,
2026-03-30 15:48:10.432,T,6380.5,1,,,
2026-03-30 15:48:10.432,T,6380.5,1,,,
2026-03-30 15:48:10.432,T,6380.5,1,,,
2026-03-30 15:48:10.432,T,6380.5,1,,,
2026-03-30 15:48:10.432,T,6380.5,1,,,
2026-03-30 15:48:10.432,T,6380.5,2,,,
2026-03-30 15:48:10.432,T,6380.5,1,,,
2026-03-30 15:48:10.432,T,6380.5,3,,,
2026-03-30 15:48:10.432,T,6380.5,1,,,
2026-03-30 15:48:10.478,T,6380.5,1,,,
2026-03-30 15:48:10.478,Q,,,,6380.25,6380.75
2026-03-30 15:48:10.585,Q,,,,6380.5,6380.75
2026-03-30 15:48:10.636,T,6380.25,1,,,
2026-03-30 15:48:10.636,T,6380.25,1,,,
2026-03-30 15:48:10.636,T,6380.25,1,,,
2026-03-30 15:48:10.636,T,6380.25,2,,,
2026-03-30 15:48:10.636,T,6380.5,3,,,
2026-03-30 15:48:10.636,T,6380.5,3,,,
2026-03-30 15:48:10.636,T,6380.5,2,,,
2026-03-30 15:48:10.636,T,6380.5,3,,,
2026-03-30 15:48:10.636,T,6380.5,3,,,
2026-03-30 15:48:10.636,T,6380.5,1,,,
2026-03-30 15:48:10.636,T,6380.5,1,,,
2026-03-30 15:48:10.636,T,6380.5,1,,,
2026-03-30 15:48:10.636,T,6380.5,2,,,
2026-03-30 15:48:10.785,T,6380.75,1,,,
2026-03-30 15:48:10.785,Q,,,,6380.25,6380.75
2026-03-30 15:48:10.828,T,6380.25,1,,,
2026-03-30 15:48:10.828,T,6380.25,1,,,
2026-03-30 15:48:10.829,Q,,,,6380.25,6380.5
2026-03-30 15:48:10.886,T,6380.5,1,,,
2026-03-30 15:48:10.886,T,6380.5,3,,,
2026-03-30 15:48:10.886,T,6380.5,1,,,
2026-03-30 15:48:10.933,T,6380.5,1,,,
2026-03-30 15:48:10.933,T,6380.5,1,,,
2026-03-30 15:48:10.933,Q,,,,6380.25,6380.75
2026-03-30 15:48:11.029,Q,,,,6380.25,6380.5
2026-03-30 15:48:11.086,T,6380.25,1,,,
2026-03-30 15:48:11.086,T,6380.25,1,,,
2026-03-30 15:48:11.086,T,6380.25,1,,,
2026-03-30 15:48:11.086,T,6380.25,1,,,
2026-03-30 15:48:11.086,T,6380.25,1,,,
2026-03-30 15:48:11.086,T,6380.25,1,,,
2026-03-30 15:48:11.634,T,6380.25,3,,,
2026-03-30 15:48:11.634,T,6380.25,1,,,
2026-03-30 15:48:11.634,T,6380.25,1,,,
2026-03-30 15:48:11.634,T,6380.25,1,,,
2026-03-30 15:48:11.634,T,6380.25,1,,,
2026-03-30 15:48:11.634,T,6380.25,1,,,
2026-03-30 15:48:11.634,Q,,,,6380.0,6380.25
2026-03-30 15:48:12.385,T,6380.0,1,,,
2026-03-30 15:48:12.385,T,6380.0,2,,,
2026-03-30 15:48:12.385,T,6380.0,1,,,
2026-03-30 15:48:12.385,T,6380.0,1,,,
2026-03-30 15:48:12.385,T,6380.0,1,,,
2026-03-30 15:48:12.385,T,6380.0,1,,,
2026-03-30 15:48:12.385,T,6380.0,1,,,
2026-03-30 15:48:12.385,T,6380.0,1,,,
2026-03-30 15:48:12.385,T,6380.0,4,,,
2026-03-30 15:48:12.385,T,6380.0,2,,,
2026-03-30 15:48:12.385,T,6380.0,3,,,
2026-03-30 15:48:12.385,T,6380.0,2,,,
2026-03-30 15:48:12.385,T,6380.0,1,,,
2026-03-30 15:48:12.385,T,6380.0,1,,,
2026-03-30 15:48:12.385,T,6380.0,1,,,
2026-03-30 15:48:12.385,T,6380.0,1,,,
2026-03-30 15:48:12.385,T,6380.0,1,,,
2026-03-30 15:48:12.385,T,6380.0,6,,,
2026-03-30 15:48:12.385,T,6380.0,5,,,
2026-03-30 15:48:12.385,T,6380.0,1,,,
2026-03-30 15:48:12.385,T,6380.0,3,,,
2026-03-30 15:48:12.385,T,6380.0,1,,,
2026-03-30 15:48:12.584,T,6380.0,1,,,
2026-03-30 15:48:12.635,T,6380.0,2,,,
2026-03-30 15:48:12.786,T,6380.0,1,,,
2026-03-30 15:48:12.786,T,6380.25,1,,,
2026-03-30 15:48:12.786,T,6380.25,2,,,
2026-03-30 15:48:12.786,T,6380.25,1,,,
2026-03-30 15:48:12.786,T,6380.25,1,,,
2026-03-30 15:48:12.786,T,6380.25,1,,,
2026-03-30 15:48:12.786,T,6380.25,1,,,
2026-03-30 15:48:12.786,T,6380.25,1,,,
2026-03-30 15:48:12.786,T,6380.25,1,,,
2026-03-30 15:48:12.786,T,6380.25,1,,,
2026-03-30 15:48:12.786,T,6380.25,1,,,
2026-03-30 15:48:12.786,T,6380.25,1,,,
2026-03-30 15:48:12.831,T,6380.25,1,,,
2026-03-30 15:48:12.934,Q,,,,6379.75,6380.0
2026-03-30 15:48:12.934,T,6380.0,1,,,
2026-03-30 15:48:12.934,T,6380.0,1,,,
2026-03-30 15:48:12.934,T,6380.0,1,,,
2026-03-30 15:48:12.934,T,6380.0,1,,,
2026-03-30 15:48:12.934,T,6380.0,1,,,
2026-03-30 15:48:12.934,T,6380.0,1,,,
2026-03-30 15:48:12.934,T,6380.0,1,,,
2026-03-30 15:48:12.934,T,6380.0,2,,,
2026-03-30 15:48:13.182,T,6380.0,1,,,
2026-03-30 15:48:13.230,T,6379.75,1,,,
2026-03-30 15:48:13.230,T,6379.75,1,,,
2026-03-30 15:48:13.230,T,6379.75,1,,,
2026-03-30 15:48:13.230,T,6380.0,1,,,
2026-03-30 15:48:13.285,Q,,,,6380.0,6380.25
2026-03-30 15:48:13.286,T,6380.0,2,,,
2026-03-30 15:48:13.286,T,6380.0,2,,,
2026-03-30 15:48:13.286,T,6380.0,1,,,
2026-03-30 15:48:13.286,T,6380.0,2,,,
2026-03-30 15:48:13.286,T,6380.0,1,,,
2026-03-30 15:48:13.286,T,6380.0,1,,,
2026-03-30 15:48:13.286,T,6380.0,1,,,
2026-03-30 15:48:13.286,T,6380.0,3,,,
2026-03-30 15:48:13.286,T,6380.0,1,,,
2026-03-30 15:48:13.286,T,6380.0,1,,,
2026-03-30 15:48:13.333,T,6380.0,1,,,
2026-03-30 15:48:13.381,T,6380.0,3,,,
2026-03-30 15:48:13.381,T,6380.0,1,,,
2026-03-30 15:48:13.381,T,6380.0,3,,,
2026-03-30 15:48:13.636,T,6380.0,1,,,
2026-03-30 15:48:13.679,T,6380.0,1,,,
2026-03-30 15:48:13.737,Q,,,,6380.25,6380.5
2026-03-30 15:48:13.737,T,6380.25,1,,,
2026-03-30 15:48:13.737,T,6380.25,1,,,
2026-03-30 15:48:13.737,T,6380.25,1,,,
2026-03-30 15:48:13.737,T,6380.25,1,,,
2026-03-30 15:48:13.737,T,6380.25,1,,,
2026-03-30 15:48:13.783,T,6380.25,1,,,
2026-03-30 15:48:13.783,T,6380.25,1,,,
2026-03-30 15:48:13.886,Q,,,,6380.0,6380.25
2026-03-30 15:48:13.886,T,6380.25,1,,,
2026-03-30 15:48:13.936,T,6380.0,1,,,
2026-03-30 15:48:14.080,T,6380.25,1,,,
2026-03-30 15:48:14.080,T,6380.25,1,,,
2026-03-30 15:48:14.080,T,6380.25,1,,,
2026-03-30 15:48:14.080,T,6380.25,3,,,
2026-03-30 15:48:14.080,T,6380.25,1,,,
2026-03-30 15:48:14.080,T,6380.25,1,,,
2026-03-30 15:48:14.080,T,6380.25,1,,,
2026-03-30 15:48:14.080,T,6380.25,1,,,
2026-03-30 15:48:14.128,T,6380.25,1,,,
2026-03-30 15:48:14.129,Q,,,,6380.0,6380.5
2026-03-30 15:48:14.184,T,6380.0,1,,,
2026-03-30 15:48:14.184,T,6380.0,1,,,
2026-03-30 15:48:14.184,T,6380.0,1,,,
2026-03-30 15:48:14.184,T,6380.0,1,,,
2026-03-30 15:48:14.184,T,6380.0,1,,,
2026-03-30 15:48:14.184,T,6380.0,1,,,
2026-03-30 15:48:14.184,T,6380.0,1,,,
2026-03-30 15:48:14.184,T,6380.0,1,,,
2026-03-30 15:48:14.184,T,6380.0,1,,,
2026-03-30 15:48:14.184,T,6380.0,1,,,
2026-03-30 15:48:14.186,Q,,,,6380.0,6380.25
2026-03-30 15:48:14.331,T,6380.0,1,,,
2026-03-30 15:48:14.331,T,6380.0,1,,,
2026-03-30 15:48:14.331,T,6380.0,1,,,
2026-03-30 15:48:14.331,T,6380.0,1,,,
2026-03-30 15:48:14.378,Q,,,,6379.75,6380.25
2026-03-30 15:48:14.435,Q,,,,6380.0,6380.25
2026-03-30 15:48:14.482,Q,,,,6379.75,6380.0
2026-03-30 15:48:14.483,T,6380.0,2,,,
2026-03-30 15:48:14.483,T,6380.0,1,,,
2026-03-30 15:48:14.531,T,6379.75,1,,,
2026-03-30 15:48:14.832,T,6379.75,1,,,
2026-03-30 15:48:14.832,T,6379.75,1,,,
2026-03-30 15:48:14.832,T,6379.75,3,,,
2026-03-30 15:48:14.832,T,6379.75,1,,,
2026-03-30 15:48:14.832,T,6379.75,1,,,
2026-03-30 15:48:14.832,T,6379.75,1,,,
2026-03-30 15:48:14.832,T,6379.75,1,,,
2026-03-30 15:48:14.832,T,6379.75,1,,,
2026-03-30 15:48:14.832,T,6379.75,1,,,
2026-03-30 15:48:14.832,T,6379.75,2,,,
2026-03-30 15:48:14.832,T,6379.75,1,,,
2026-03-30 15:48:14.832,T,6379.75,1,,,
2026-03-30 15:48:14.832,T,6379.75,2,,,
2026-03-30 15:48:14.832,T,6379.75,1,,,
2026-03-30 15:48:14.833,Q,,,,6379.5,6379.75
2026-03-30 15:48:14.888,T,6379.5,1,,,
2026-03-30 15:48:14.888,T,6379.5,2,,,
2026-03-30 15:48:14.888,T,6379.5,1,,,
2026-03-30 15:48:14.888,T,6379.5,1,,,
2026-03-30 15:48:14.888,T,6379.5,1,,,
2026-03-30 15:48:14.888,T,6379.5,1,,,
2026-03-30 15:48:14.888,T,6379.5,2,,,
2026-03-30 15:48:14.888,T,6379.5,2,,,
2026-03-30 15:48:14.888,T,6379.5,1,,,
2026-03-30 15:48:14.888,T,6379.25,1,,,
2026-03-30 15:48:14.888,T,6379.25,1,,,
2026-03-30 15:48:14.888,T,6379.5,1,,,
2026-03-30 15:48:14.888,T,6379.5,2,,,
2026-03-30 15:48:14.888,T,6379.5,1,,,
2026-03-30 15:48:14.888,T,6379.5,3,,,
2026-03-30 15:48:14.888,T,6379.5,1,,,
2026-03-30 15:48:14.888,T,6379.5,1,,,
2026-03-30 15:48:14.888,T,6379.5,1,,,
2026-03-30 15:48:14.888,T,6379.5,1,,,
2026-03-30 15:48:14.888,T,6379.5,1,,,
2026-03-30 15:48:14.888,T,6379.5,1,,,
2026-03-30 15:48:14.888,T,6379.5,1,,,
2026-03-30 15:48:14.888,T,6379.5,1,,,
2026-03-30 15:48:14.888,T,6379.5,3,,,
2026-03-30 15:48:14.936,T,6379.75,1,,,
2026-03-30 15:48:14.936,T,6379.75,3,,,
2026-03-30 15:48:14.936,T,6379.5,1,,,
2026-03-30 15:48:14.936,T,6379.5,3,,,
2026-03-30 15:48:14.936,T,6379.5,1,,,
2026-03-30 15:48:14.936,T,6379.5,1,,,
2026-03-30 15:48:14.937,Q,,,,6379.25,6379.5
2026-03-30 15:48:15.034,T,6379.5,2,,,
2026-03-30 15:48:15.034,T,6379.75,1,,,
2026-03-30 15:48:15.034,Q,,,,6379.5,6379.75
2026-03-30 15:48:15.335,T,6379.5,1,,,
2026-03-30 15:48:15.430,T,6379.5,1,,,
2026-03-30 15:48:15.430,T,6379.5,1,,,
2026-03-30 15:48:15.430,T,6379.5,1,,,
2026-03-30 15:48:15.481,T,6379.5,1,,,
2026-03-30 15:48:15.481,Q,,,,6379.25,6379.75
2026-03-30 15:48:15.528,T,6379.5,1,,,
2026-03-30 15:48:15.528,T,6379.5,1,,,
2026-03-30 15:48:15.528,T,6379.5,1,,,
2026-03-30 15:48:15.528,T,6379.5,1,,,
2026-03-30 15:48:15.528,T,6379.5,1,,,
2026-03-30 15:48:15.585,Q,,,,6379.5,6379.75
2026-03-30 15:48:15.635,T,6379.5,3,,,
2026-03-30 15:48:15.635,T,6379.5,1,,,
2026-03-30 15:48:15.635,T,6379.5,1,,,
2026-03-30 15:48:15.635,T,6379.5,1,,,
2026-03-30 15:48:15.680,T,6379.5,1,,,
2026-03-30 15:48:15.785,T,6379.75,1,,,
2026-03-30 15:48:15.785,T,6379.75,1,,,
2026-03-30 15:48:15.785,T,6379.75,1,,,
2026-03-30 15:48:15.785,T,6379.75,2,,,
2026-03-30 15:48:15.785,T,6379.5,1,,,
2026-03-30 15:48:15.785,T,6379.5,1,,,
2026-03-30 15:48:15.785,T,6379.5,1,,,
2026-03-30 15:48:15.832,Q,,,,6379.25,6379.75
2026-03-30 15:48:15.894,Q,,,,6379.5,6379.75
2026-03-30 15:48:16.033,T,6379.5,3,,,
2026-03-30 15:48:16.033,T,6379.5,1,,,
2026-03-30 15:48:16.033,T,6379.5,1,,,
2026-03-30 15:48:16.085,T,6379.5,1,,,
2026-03-30 15:48:16.085,T,6379.5,1,,,
2026-03-30 15:48:16.085,T,6379.5,1,,,
2026-03-30 15:48:16.085,T,6379.5,1,,,
2026-03-30 15:48:16.085,Q,,,,6379.25,6379.5
2026-03-30 15:48:16.145,T,6379.5,2,,,
2026-03-30 15:48:16.145,T,6379.5,1,,,
2026-03-30 15:48:16.145,T,6379.5,1,,,
2026-03-30 15:48:16.145,T,6379.5,2,,,
2026-03-30 15:48:16.145,T,6379.5,1,,,
2026-03-30 15:48:16.145,T,6379.5,1,,,
2026-03-30 15:48:16.145,T,6379.5,1,,,
2026-03-30 15:48:16.185,T,6379.25,1,,,
2026-03-30 15:48:16.334,T,6379.5,2,,,
2026-03-30 15:48:16.334,T,6379.5,1,,,
2026-03-30 15:48:16.334,T,6379.5,1,,,
2026-03-30 15:48:16.334,T,6379.5,1,,,
2026-03-30 15:48:16.334,T,6379.5,1,,,
2026-03-30 15:48:16.334,T,6379.5,1,,,
2026-03-30 15:48:16.334,T,6379.5,3,,,
2026-03-30 15:48:16.334,T,6379.5,1,,,
2026-03-30 15:48:16.334,T,6379.5,1,,,
2026-03-30 15:48:16.334,T,6379.5,1,,,
2026-03-30 15:48:16.335,Q,,,,6379.25,6379.75
2026-03-30 15:48:16.386,T,6379.5,3,,,
2026-03-30 15:48:16.430,Q,,,,6379.5,6379.75
2026-03-30 15:48:16.529,T,6379.5,2,,,
2026-03-30 15:48:16.529,T,6379.5,3,,,
2026-03-30 15:48:16.586,T,6379.75,1,,,
2026-03-30 15:48:16.586,T,6379.75,1,,,
2026-03-30 15:48:16.586,T,6379.75,2,,,
2026-03-30 15:48:16.586,T,6379.75,1,,,
2026-03-30 15:48:16.586,T,6379.75,1,,,
2026-03-30 15:48:16.586,T,6379.75,1,,,
2026-03-30 15:48:16.586,T,6379.75,1,,,
2026-03-30 15:48:16.586,T,6379.75,1,,,
2026-03-30 15:48:16.586,T,6379.75,1,,,
2026-03-30 15:48:16.586,T,6379.75,1,,,
2026-03-30 15:48:16.586,T,6379.75,1,,,
2026-03-30 15:48:16.586,T,6379.75,1,,,
2026-03-30 15:48:16.586,T,6379.75,5,,,
2026-03-30 15:48:16.586,T,6379.75,2,,,
2026-03-30 15:48:16.586,T,6379.75,4,,,
2026-03-30 15:48:16.586,T,6379.75,1,,,
2026-03-30 15:48:16.586,T,6379.75,1,,,
2026-03-30 15:48:16.586,T,6379.75,1,,,
2026-03-30 15:48:16.586,T,6379.75,1,,,
2026-03-30 15:48:16.586,T,6379.75,3,,,
2026-03-30 15:48:16.728,T,6379.5,3,,,
2026-03-30 15:48:16.728,T,6379.5,1,,,
2026-03-30 15:48:16.787,T,6379.5,1,,,
2026-03-30 15:48:16.787,T,6379.5,1,,,
2026-03-30 15:48:16.787,T,6379.5,1,,,
2026-03-30 15:48:16.787,T,6379.5,1,,,
2026-03-30 15:48:16.787,T,6379.5,1,,,
2026-03-30 15:48:16.787,T,6379.5,1,,,
2026-03-30 15:48:16.787,T,6379.5,1,,,
2026-03-30 15:48:16.787,T,6379.5,1,,,
2026-03-30 15:48:16.787,T,6379.5,1,,,
2026-03-30 15:48:16.787,T,6379.5,1,,,
2026-03-30 15:48:16.787,T,6379.5,1,,,
2026-03-30 15:48:16.787,T,6379.5,1,,,
2026-03-30 15:48:16.787,T,6379.5,1,,,
2026-03-30 15:48:16.787,T,6379.5,1,,,
2026-03-30 15:48:16.787,T,6379.5,1,,,
2026-03-30 15:48:16.787,T,6379.5,4,,,
2026-03-30 15:48:16.787,T,6379.5,1,,,
2026-03-30 15:48:16.787,T,6379.5,1,,,
2026-03-30 15:48:17.035,T,6379.5,2,,,
2026-03-30 15:48:17.035,T,6379.5,1,,,
2026-03-30 15:48:17.035,T,6379.5,1,,,
2026-03-30 15:48:17.035,T,6379.5,1,,,
2026-03-30 15:48:17.083,T,6379.5,1,,,
2026-03-30 15:48:17.131,T,6379.75,1,,,
2026-03-30 15:48:17.180,T,6379.5,1,,,
2026-03-30 15:48:17.479,T,6379.5,1,,,
2026-03-30 15:48:17.479,T,6379.5,1,,,
2026-03-30 15:48:17.479,T,6379.5,1,,,
2026-03-30 15:48:17.479,T,6379.5,2,,,
2026-03-30 15:48:17.479,T,6379.5,2,,,
2026-03-30 15:48:17.479,T,6379.5,1,,,
2026-03-30 15:48:17.479,T,6379.5,1,,,
2026-03-30 15:48:17.479,T,6379.5,1,,,
2026-03-30 15:48:17.655,Q,,,,6379.25,6379.75
2026-03-30 15:48:17.655,Q,,,,6379.25,6379.5
2026-03-30 15:48:17.655,T,6379.5,1,,,
2026-03-30 15:48:17.656,T,6379.5,4,,,
2026-03-30 15:48:17.656,T,6379.5,1,,,
2026-03-30 15:48:17.656,T,6379.5,1,,,
2026-03-30 15:48:17.656,T,6379.5,2,,,
2026-03-30 15:48:17.656,T,6379.5,1,,,
2026-03-30 15:48:17.656,T,6379.5,1,,,
2026-03-30 15:48:17.656,T,6379.5,2,,,
2026-03-30 15:48:17.656,T,6379.5,1,,,
2026-03-30 15:48:17.656,T,6379.5,1,,,
2026-03-30 15:48:17.656,T,6379.5,1,,,
2026-03-30 15:48:17.656,T,6379.5,1,,,
2026-03-30 15:48:17.656,T,6379.5,1,,,
2026-03-30 15:48:17.656,T,6379.5,1,,,
2026-03-30 15:48:17.656,T,6379.5,1,,,
2026-03-30 15:48:17.656,T,6379.5,1,,,
2026-03-30 15:48:17.656,T,6379.5,2,,,
2026-03-30 15:48:17.657,Q,,,,6379.25,6379.75
2026-03-30 15:48:17.679,Q,,,,6379.5,6379.75
2026-03-30 15:48:17.834,T,6379.75,2,,,
2026-03-30 15:48:17.834,T,6379.75,1,,,
2026-03-30 15:48:17.834,T,6379.75,1,,,
2026-03-30 15:48:17.834,T,6379.75,1,,,
2026-03-30 15:48:17.834,T,6379.75,1,,,
2026-03-30 15:48:17.834,T,6379.75,10,,,
2026-03-30 15:48:17.834,T,6379.75,1,,,
2026-03-30 15:48:17.834,T,6379.75,1,,,
2026-03-30 15:48:17.834,T,6379.75,1,,,
2026-03-30 15:48:17.834,T,6379.75,1,,,
2026-03-30 15:48:17.834,T,6379.75,1,,,
2026-03-30 15:48:17.834,T,6379.75,1,,,
2026-03-30 15:48:17.835,Q,,,,6379.75,6380.0
2026-03-30 15:48:17.885,T,6379.75,1,,,
2026-03-30 15:48:17.885,T,6379.75,2,,,
2026-03-30 15:48:17.885,T,6379.75,1,,,
2026-03-30 15:48:17.885,T,6379.75,1,,,
2026-03-30 15:48:17.885,T,6379.75,1,,,
2026-03-30 15:48:18.130,T,6379.75,1,,,
2026-03-30 15:48:18.130,T,6379.75,1,,,
2026-03-30 15:48:18.130,T,6379.75,1,,,
2026-03-30 15:48:18.130,T,6379.75,1,,,
2026-03-30 15:48:18.130,T,6379.75,1,,,
2026-03-30 15:48:18.130,T,6379.75,1,,,
2026-03-30 15:48:18.130,T,6379.75,1,,,
2026-03-30 15:48:18.130,T,6379.75,1,,,
2026-03-30 15:48:18.131,Q,,,,6379.5,6379.75
2026-03-30 15:48:18.329,T,6379.5,2,,,
2026-03-30 15:48:18.329,T,6379.5,2,,,
2026-03-30 15:48:18.632,T,6379.5,1,,,
2026-03-30 15:48:18.632,T,6379.5,1,,,
2026-03-30 15:48:18.632,T,6379.5,1,,,
2026-03-30 15:48:18.632,T,6379.5,1,,,
2026-03-30 15:48:18.632,T,6379.5,1,,,
2026-03-30 15:48:18.632,T,6379.5,1,,,
2026-03-30 15:48:18.632,T,6379.5,1,,,
2026-03-30 15:48:18.632,T,6379.5,1,,,
2026-03-30 15:48:18.632,T,6379.5,1,,,
2026-03-30 15:48:18.632,T,6379.5,1,,,
2026-03-30 15:48:18.632,T,6379.5,3,,,
2026-03-30 15:48:18.632,T,6379.5,3,,,
2026-03-30 15:48:18.632,T,6379.5,1,,,
2026-03-30 15:48:18.632,T,6379.5,1,,,
2026-03-30 15:48:18.634,Q,,,,6379.25,6379.5
2026-03-30 15:48:18.680,T,6379.5,2,,,
2026-03-30 15:48:18.680,T,6379.5,1,,,
2026-03-30 15:48:18.680,T,6379.5,1,,,
2026-03-30 15:48:18.680,T,6379.5,1,,,
2026-03-30 15:48:18.680,T,6379.5,1,,,
2026-03-30 15:48:18.680,T,6379.5,1,,,
2026-03-30 15:48:18.680,T,6379.5,3,,,
2026-03-30 15:48:18.680,T,6379.5,2,,,
2026-03-30 15:48:18.680,T,6379.5,1,,,
2026-03-30 15:48:18.680,T,6379.5,2,,,
2026-03-30 15:48:18.680,T,6379.5,3,,,
2026-03-30 15:48:19.107,T,6379.25,1,,,
2026-03-30 15:48:19.107,T,6379.25,2,,,
2026-03-30 15:48:19.107,T,6379.5,1,,,
2026-03-30 15:48:19.107,T,6379.5,1,,,
2026-03-30 15:48:19.107,T,6379.5,1,,,
2026-03-30 15:48:19.107,T,6379.5,2,,,
2026-03-30 15:48:19.435,T,6379.25,1,,,
2026-03-30 15:48:20.086,T,6379.25,1,,,
2026-03-30 15:48:20.086,T,6379.25,1,,,
2026-03-30 15:48:20.239,T,6379.5,1,,,
2026-03-30 15:48:20.239,T,6379.5,1,,,
2026-03-30 15:48:20.239,T,6379.5,1,,,
2026-03-30 15:48:20.239,T,6379.5,1,,,
2026-03-30 15:48:20.239,T,6379.5,1,,,
2026-03-30 15:48:20.239,T,6379.5,1,,,
2026-03-30 15:48:20.239,T,6379.5,2,,,
2026-03-30 15:48:20.239,T,6379.75,2,,,
2026-03-30 15:48:20.239,T,6379.75,1,,,
2026-03-30 15:48:20.239,T,6379.75,1,,,
2026-03-30 15:48:20.239,T,6379.75,1,,,
2026-03-30 15:48:20.239,T,6379.75,1,,,
2026-03-30 15:48:20.239,T,6379.75,1,,,
2026-03-30 15:48:20.240,Q,,,,6379.75,6380.0
2026-03-30 15:48:20.286,T,6379.75,1,,,
2026-03-30 15:48:20.286,T,6379.75,2,,,
2026-03-30 15:48:20.286,T,6379.75,1,,,
2026-03-30 15:48:20.286,T,6379.75,1,,,
2026-03-30 15:48:20.286,T,6379.75,1,,,
2026-03-30 15:48:20.286,T,6379.75,1,,,
2026-03-30 15:48:20.286,T,6379.75,1,,,
2026-03-30 15:48:20.286,T,6379.75,1,,,
2026-03-30 15:48:20.286,T,6379.75,1,,,
2026-03-30 15:48:20.286,T,6379.75,1,,,
2026-03-30 15:48:20.286,T,6379.75,1,,,
2026-03-30 15:48:20.286,T,6379.75,2,,,
2026-03-30 15:48:20.286,T,6379.75,1,,,
2026-03-30 15:48:20.286,T,6379.75,1,,,
2026-03-30 15:48:20.286,T,6379.75,1,,,
2026-03-30 15:48:20.286,T,6379.75,1,,,
2026-03-30 15:48:20.286,T,6379.75,1,,,
2026-03-30 15:48:20.286,T,6379.75,1,,,
2026-03-30 15:48:20.286,T,6379.75,1,,,
2026-03-30 15:48:20.286,T,6379.75,1,,,
2026-03-30 15:48:20.286,T,6379.75,3,,,
2026-03-30 15:48:20.286,T,6379.75,1,,,
2026-03-30 15:48:20.286,T,6379.75,1,,,
2026-03-30 15:48:20.286,T,6379.75,1,,,
2026-03-30 15:48:20.286,T,6379.75,1,,,
2026-03-30 15:48:20.286,T,6379.75,1,,,
2026-03-30 15:48:20.286,T,6380.0,3,,,
2026-03-30 15:48:20.286,T,6380.0,1,,,
2026-03-30 15:48:20.286,T,6380.0,2,,,
2026-03-30 15:48:20.286,T,6380.0,1,,,
2026-03-30 15:48:20.286,T,6380.0,1,,,
2026-03-30 15:48:20.286,T,6380.0,1,,,
2026-03-30 15:48:20.286,T,6380.0,1,,,
2026-03-30 15:48:20.286,T,6380.0,1,,,
2026-03-30 15:48:20.286,T,6380.0,1,,,
2026-03-30 15:48:20.286,T,6380.0,1,,,
2026-03-30 15:48:20.286,T,6380.0,1,,,
2026-03-30 15:48:20.286,T,6380.0,1,,,
2026-03-30 15:48:20.286,T,6380.0,7,,,
2026-03-30 15:48:20.286,T,6380.0,1,,,
2026-03-30 15:48:20.286,T,6380.0,1,,,
2026-03-30 15:48:20.286,T,6380.0,22,,,
2026-03-30 15:48:20.286,T,6380.0,2,,,
2026-03-30 15:48:20.286,T,6380.0,3,,,
2026-03-30 15:48:20.286,T,6380.0,5,,,
2026-03-30 15:48:20.286,T,6380.0,15,,,
2026-03-30 15:48:20.286,T,6380.0,1,,,
2026-03-30 15:48:20.286,T,6380.0,1,,,
2026-03-30 15:48:20.286,T,6380.0,1,,,
2026-03-30 15:48:20.286,T,6380.0,1,,,
2026-03-30 15:48:20.286,T,6380.0,1,,,
2026-03-30 15:48:20.286,T,6380.0,1,,,
2026-03-30 15:48:20.286,T,6380.0,1,,,
2026-03-30 15:48:20.286,T,6380.0,1,,,
2026-03-30 15:48:20.286,T,6380.0,1,,,
2026-03-30 15:48:20.333,T,6379.75,1,,,
2026-03-30 15:48:20.333,T,6379.75,1,,,
2026-03-30 15:48:20.333,T,6379.75,1,,,
2026-03-30 15:48:20.333,T,6379.75,2,,,
2026-03-30 15:48:20.333,T,6380.0,2,,,
2026-03-30 15:48:20.333,T,6380.0,1,,,
2026-03-30 15:48:20.333,T,6380.0,1,,,
2026-03-30 15:48:20.333,T,6380.0,1,,,
2026-03-30 15:48:20.333,T,6380.0,1,,,
2026-03-30 15:48:20.333,T,6380.0,1,,,
2026-03-30 15:48:20.333,T,6380.25,2,,,
2026-03-30 15:48:20.333,T,6380.25,1,,,
2026-03-30 15:48:20.333,T,6380.25,1,,,
2026-03-30 15:48:20.333,T,6380.0,2,,,
2026-03-30 15:48:20.333,T,6380.0,1,,,
2026-03-30 15:48:20.333,T,6380.0,1,,,
2026-03-30 15:48:20.333,T,6380.0,1,,,
2026-03-30 15:48:20.333,T,6380.0,3,,,
2026-03-30 15:48:20.333,T,6380.0,1,,,
2026-03-30 15:48:20.482,T,6380.0,1,,,
2026-03-30 15:48:20.482,T,6380.0,1,,,
2026-03-30 15:48:20.482,T,6380.0,3,,,
2026-03-30 15:48:20.482,T,6380.0,1,,,
2026-03-30 15:48:20.482,T,6380.0,1,,,
2026-03-30 15:48:20.482,T,6380.0,1,,,
2026-03-30 15:48:20.482,T,6380.0,2,,,
2026-03-30 15:48:20.482,T,6380.0,3,,,
2026-03-30 15:48:20.482,T,6380.0,2,,,
2026-03-30 15:48:20.482,T,6380.0,3,,,
2026-03-30 15:48:20.482,T,6380.0,1,,,
2026-03-30 15:48:20.482,T,6380.0,1,,,
2026-03-30 15:48:20.482,T,6380.0,1,,,
2026-03-30 15:48:20.482,T,6380.0,1,,,
2026-03-30 15:48:20.482,T,6380.0,2,,,
2026-03-30 15:48:20.482,T,6380.0,1,,,
2026-03-30 15:48:20.730,Q,,,,6380.0,6380.25
2026-03-30 15:48:20.730,T,6380.0,3,,,
2026-03-30 15:48:20.730,T,6380.0,1,,,
2026-03-30 15:48:20.730,T,6380.0,1,,,
2026-03-30 15:48:20.730,T,6380.0,1,,,
2026-03-30 15:48:20.730,T,6380.0,1,,,
2026-03-30 15:48:20.730,T,6380.0,2,,,
2026-03-30 15:48:20.730,T,6380.0,1,,,
2026-03-30 15:48:20.730,T,6380.0,3,,,
2026-03-30 15:48:20.730,T,6380.0,1,,,
2026-03-30 15:48:20.730,T,6380.0,1,,,
2026-03-30 15:48:20.730,T,6380.0,1,,,
2026-03-30 15:48:20.730,T,6380.0,2,,,
2026-03-30 15:48:20.834,Q,,,,6379.75,6380.0
2026-03-30 15:48:20.834,T,6380.0,3,,,
2026-03-30 15:48:20.834,T,6380.0,4,,,
2026-03-30 15:48:20.834,T,6380.0,1,,,
2026-03-30 15:48:20.834,T,6380.0,1,,,
2026-03-30 15:48:20.834,T,6380.0,1,,,
2026-03-30 15:48:20.834,T,6380.0,1,,,
2026-03-30 15:48:20.834,T,6380.0,1,,,
2026-03-30 15:48:20.834,T,6380.0,1,,,
2026-03-30 15:48:20.834,T,6380.0,1,,,
2026-03-30 15:48:20.834,T,6380.0,1,,,
2026-03-30 15:48:20.834,T,6380.0,1,,,
2026-03-30 15:48:20.834,T,6380.0,1,,,
2026-03-30 15:48:20.834,T,6380.0,1,,,
2026-03-30 15:48:20.834,T,6380.0,1,,,
2026-03-30 15:48:21.079,T,6380.0,1,,,
2026-03-30 15:48:21.182,T,6379.75,1,,,
2026-03-30 15:48:21.332,Q,,,,6380.0,6380.25
2026-03-30 15:48:21.332,T,6380.0,9,,,
2026-03-30 15:48:21.332,T,6380.0,1,,,
2026-03-30 15:48:21.332,T,6380.0,2,,,
2026-03-30 15:48:21.332,T,6380.0,1,,,
2026-03-30 15:48:21.332,T,6380.0,5,,,
2026-03-30 15:48:21.332,T,6380.0,1,,,
2026-03-30 15:48:21.332,T,6380.0,1,,,
2026-03-30 15:48:21.386,Q,,,,6379.75,6380.0
2026-03-30 15:48:21.386,T,6380.0,1,,,
2026-03-30 15:48:21.386,T,6380.0,1,,,
2026-03-30 15:48:21.386,T,6380.0,1,,,
2026-03-30 15:48:21.386,T,6380.0,1,,,
2026-03-30 15:48:21.386,T,6380.0,1,,,
2026-03-30 15:48:21.386,T,6380.0,1,,,
2026-03-30 15:48:21.386,T,6380.0,1,,,
2026-03-30 15:48:21.386,T,6380.0,1,,,
2026-03-30 15:48:21.386,T,6380.0,2,,,
2026-03-30 15:48:21.386,T,6380.0,1,,,
2026-03-30 15:48:21.386,T,6380.0,1,,,
2026-03-30 15:48:21.386,T,6380.0,1,,,
2026-03-30 15:48:21.386,T,6380.0,1,,,
2026-03-30 15:48:21.386,T,6380.0,1,,,
2026-03-30 15:48:21.386,T,6380.0,1,,,
2026-03-30 15:48:21.386,T,6380.0,1,,,
2026-03-30 15:48:21.434,T,6380.0,1,,,
2026-03-30 15:48:21.434,T,6380.0,1,,,
2026-03-30 15:48:21.434,Q,,,,6379.75,6380.25
2026-03-30 15:48:21.482,Q,,,,6379.75,6380.0
2026-03-30 15:48:22.085,T,6380.0,2,,,
2026-03-30 15:48:22.085,T,6380.0,1,,,
2026-03-30 15:48:22.085,T,6380.0,1,,,
2026-03-30 15:48:22.086,Q,,,,6380.0,6380.25
2026-03-30 15:48:22.181,T,6380.0,3,,,
2026-03-30 15:48:22.181,T,6380.0,2,,,
2026-03-30 15:48:22.238,T,6380.25,1,,,
2026-03-30 15:48:22.331,T,6380.0,1,,,
2026-03-30 15:48:22.887,T,6380.0,1,,,
2026-03-30 15:48:22.887,T,6380.0,1,,,
2026-03-30 15:48:22.887,T,6380.0,1,,,
2026-03-30 15:48:22.887,T,6380.0,1,,,
2026-03-30 15:48:22.887,T,6380.0,1,,,
2026-03-30 15:48:22.887,T,6380.0,1,,,
2026-03-30 15:48:22.887,T,6380.0,1,,,
2026-03-30 15:48:22.887,T,6380.0,2,,,
2026-03-30 15:48:22.887,T,6380.0,1,,,
2026-03-30 15:48:22.887,T,6380.0,1,,,
2026-03-30 15:48:22.887,T,6380.0,1,,,
2026-03-30 15:48:22.887,T,6380.0,1,,,
2026-03-30 15:48:22.887,T,6380.0,1,,,
2026-03-30 15:48:22.887,T,6380.0,7,,,
2026-03-30 15:48:22.887,T,6380.0,1,,,
2026-03-30 15:48:23.067,T,6380.0,1,,,
2026-03-30 15:48:23.067,T,6380.0,1,,,
2026-03-30 15:48:23.067,T,6380.0,1,,,
2026-03-30 15:48:23.067,T,6380.0,1,,,
2026-03-30 15:48:23.067,T,6380.0,1,,,
2026-03-30 15:48:23.067,T,6380.0,2,,,
2026-03-30 15:48:23.068,T,6380.0,1,,,
2026-03-30 15:48:23.068,T,6380.0,1,,,
2026-03-30 15:48:23.068,T,6380.0,1,,,
2026-03-30 15:48:23.068,T,6380.0,1,,,
2026-03-30 15:48:23.068,T,6380.0,3,,,
2026-03-30 15:48:23.069,Q,,,,6379.75,6380.25
2026-03-30 15:48:23.082,Q,,,,6379.75,6380.0
2026-03-30 15:48:23.586,T,6380.0,1,,,
2026-03-30 15:48:23.678,T,6379.75,1,,,
2026-03-30 15:48:23.832,T,6379.75,1,,,
2026-03-30 15:48:23.983,T,6379.75,1,,,
2026-03-30 15:48:23.983,T,6379.75,1,,,
2026-03-30 15:48:23.983,T,6379.75,1,,,
2026-03-30 15:48:23.983,T,6379.75,1,,,
2026-03-30 15:48:23.983,T,6379.75,1,,,
2026-03-30 15:48:23.983,T,6379.75,1,,,
2026-03-30 15:48:23.983,T,6379.75,1,,,
2026-03-30 15:48:23.983,T,6379.75,1,,,
2026-03-30 15:48:23.983,T,6379.75,1,,,
2026-03-30 15:48:23.983,T,6379.75,1,,,
2026-03-30 15:48:23.983,T,6379.75,1,,,
2026-03-30 15:48:23.983,T,6379.75,4,,,
2026-03-30 15:48:23.983,T,6379.75,1,,,
2026-03-30 15:48:23.983,T,6379.75,1,,,
2026-03-30 15:48:23.983,T,6379.75,5,,,
2026-03-30 15:48:23.983,T,6379.75,4,,,
2026-03-30 15:48:23.983,T,6379.75,2,,,
2026-03-30 15:48:23.983,T,6379.75,1,,,
2026-03-30 15:48:23.983,T,6379.75,1,,,
2026-03-30 15:48:23.983,T,6379.75,1,,,
2026-03-30 15:48:23.983,T,6379.75,1,,,
2026-03-30 15:48:23.983,T,6379.75,1,,,
2026-03-30 15:48:23.983,T,6379.75,1,,,
2026-03-30 15:48:23.983,T,6379.75,2,,,
2026-03-30 15:48:23.983,T,6379.75,1,,,
2026-03-30 15:48:23.983,T,6379.75,1,,,
2026-03-30 15:48:23.983,T,6379.75,3,,,
2026-03-30 15:48:23.983,T,6379.75,1,,,
2026-03-30 15:48:23.983,T,6379.75,2,,,
2026-03-30 15:48:23.983,T,6379.75,1,,,
2026-03-30 15:48:24.234,T,6379.75,1,,,
2026-03-30 15:48:24.432,T,6380.0,1,,,
2026-03-30 15:48:24.432,T,6380.0,1,,,
2026-03-30 15:48:24.432,T,6380.0,1,,,
2026-03-30 15:48:24.432,T,6380.0,1,,,
2026-03-30 15:48:24.432,T,6380.0,1,,,
2026-03-30 15:48:24.432,T,6380.0,2,,,
2026-03-30 15:48:24.432,T,6380.0,2,,,
2026-03-30 15:48:24.432,T,6380.0,1,,,
2026-03-30 15:48:24.432,T,6380.0,1,,,
2026-03-30 15:48:24.432,T,6380.0,1,,,
2026-03-30 15:48:24.432,T,6380.0,1,,,
2026-03-30 15:48:24.432,T,6380.0,1,,,
2026-03-30 15:48:24.432,T,6380.0,1,,,
2026-03-30 15:48:24.432,T,6380.0,1,,,
2026-03-30 15:48:24.432,T,6380.0,1,,,
2026-03-30 15:48:24.432,T,6380.0,1,,,
2026-03-30 15:48:24.432,T,6380.0,1,,,
2026-03-30 15:48:24.482,T,6380.0,3,,,
2026-03-30 15:48:24.482,T,6380.0,1,,,
2026-03-30 15:48:24.482,T,6380.0,2,,,
2026-03-30 15:48:24.981,T,6379.75,1,,,
2026-03-30 15:48:24.981,T,6379.75,1,,,
2026-03-30 15:48:25.386,T,6380.0,1,,,
2026-03-30 15:48:25.830,T,6380.0,1,,,
2026-03-30 15:48:25.830,T,6380.0,1,,,
2026-03-30 15:48:25.830,T,6380.0,1,,,
2026-03-30 15:48:25.830,T,6380.0,2,,,
2026-03-30 15:48:25.830,T,6380.0,1,,,
2026-03-30 15:48:25.830,T,6380.0,2,,,
2026-03-30 15:48:25.830,T,6380.0,1,,,
2026-03-30 15:48:25.830,T,6380.0,1,,,
2026-03-30 15:48:25.830,T,6380.0,1,,,
2026-03-30 15:48:26.240,T,6379.75,1,,,
2026-03-30 15:48:26.240,T,6379.75,1,,,
2026-03-30 15:48:26.240,T,6379.75,1,,,
2026-03-30 15:48:26.240,T,6379.75,1,,,
2026-03-30 15:48:26.240,T,6379.75,1,,,
2026-03-30 15:48:26.240,T,6379.75,1,,,
2026-03-30 15:48:26.240,T,6379.75,1,,,
2026-03-30 15:48:26.240,T,6379.75,1,,,
2026-03-30 15:48:26.240,T,6379.75,1,,,
2026-03-30 15:48:26.240,T,6379.75,1,,,
2026-03-30 15:48:26.240,T,6379.75,1,,,
2026-03-30 15:48:26.240,T,6379.75,7,,,
2026-03-30 15:48:26.240,T,6379.75,1,,,
2026-03-30 15:48:26.240,T,6379.75,1,,,
2026-03-30 15:48:26.240,T,6379.75,1,,,
2026-03-30 15:48:26.240,T,6379.75,1,,,
2026-03-30 15:48:26.240,T,6379.75,1,,,
2026-03-30 15:48:26.240,T,6379.75,1,,,
2026-03-30 15:48:26.240,T,6379.75,4,,,
2026-03-30 15:48:26.240,T,6379.75,1,,,
2026-03-30 15:48:26.240,T,6379.75,1,,,
2026-03-30 15:48:26.240,T,6379.75,1,,,
2026-03-30 15:48:26.240,T,6379.75,1,,,
2026-03-30 15:48:26.333,Q,,,,6379.5,6379.75
2026-03-30 15:48:26.333,T,6379.75,1,,,
2026-03-30 15:48:26.333,T,6379.75,1,,,
2026-03-30 15:48:26.333,T,6379.75,3,,,
2026-03-30 15:48:26.333,T,6379.75,1,,,
2026-03-30 15:48:26.333,T,6379.75,3,,,
2026-03-30 15:48:26.333,T,6379.75,2,,,
2026-03-30 15:48:26.333,T,6379.75,1,,,
2026-03-30 15:48:26.333,T,6379.75,1,,,
2026-03-30 15:48:26.333,T,6379.75,1,,,
2026-03-30 15:48:26.379,Q,,,,6379.5,6380.0
2026-03-30 15:48:26.380,T,6379.75,1,,,
2026-03-30 15:48:26.380,T,6379.75,1,,,
2026-03-30 15:48:26.380,T,6379.75,1,,,
2026-03-30 15:48:26.380,T,6379.75,2,,,
2026-03-30 15:48:26.380,T,6379.75,1,,,
2026-03-30 15:48:26.380,T,6379.75,1,,,
2026-03-30 15:48:26.380,T,6379.75,1,,,
2026-03-30 15:48:26.380,T,6379.75,1,,,
2026-03-30 15:48:26.380,T,6379.75,2,,,
2026-03-30 15:48:26.380,T,6379.75,1,,,
2026-03-30 15:48:26.380,T,6379.75,1,,,
2026-03-30 15:48:26.428,Q,,,,6379.5,6379.75
2026-03-30 15:48:26.894,T,6379.5,1,,,
2026-03-30 15:48:26.894,T,6379.5,1,,,
2026-03-30 15:48:26.894,T,6379.5,1,,,
2026-03-30 15:48:26.894,T,6379.5,1,,,
2026-03-30 15:48:26.894,T,6379.5,2,,,
2026-03-30 15:48:26.894,T,6379.5,1,,,
2026-03-30 15:48:26.894,T,6379.5,1,,,
2026-03-30 15:48:26.894,T,6379.5,1,,,
2026-03-30 15:48:26.894,T,6379.5,1,,,
2026-03-30 15:48:26.894,T,6379.5,1,,,
2026-03-30 15:48:26.894,T,6379.5,1,,,
2026-03-30 15:48:26.894,T,6379.5,1,,,
2026-03-30 15:48:26.894,T,6379.5,2,,,
2026-03-30 15:48:26.894,T,6379.5,2,,,
2026-03-30 15:48:26.894,T,6379.5,1,,,
2026-03-30 15:48:26.894,T,6379.5,1,,,
2026-03-30 15:48:26.894,T,6379.5,1,,,
2026-03-30 15:48:26.894,T,6379.5,1,,,
2026-03-30 15:48:26.894,T,6379.5,1,,,
2026-03-30 15:48:26.894,T,6379.5,1,,,
2026-03-30 15:48:26.894,T,6379.5,2,,,
2026-03-30 15:48:26.894,T,6379.5,1,,,
2026-03-30 15:48:26.894,T,6379.5,10,,,
2026-03-30 15:48:26.894,T,6379.5,1,,,
2026-03-30 15:48:26.894,T,6379.5,1,,,
2026-03-30 15:48:26.894,T,6379.5,1,,,
2026-03-30 15:48:26.894,T,6379.5,1,,,
2026-03-30 15:48:26.894,T,6379.5,1,,,
2026-03-30 15:48:26.894,T,6379.5,1,,,
2026-03-30 15:48:26.894,T,6379.5,1,,,
2026-03-30 15:48:26.894,T,6379.5,1,,,
2026-03-30 15:48:26.894,T,6379.5,1,,,
2026-03-30 15:48:26.894,T,6379.5,1,,,
2026-03-30 15:48:26.894,T,6379.5,1,,,
2026-03-30 15:48:26.894,T,6379.5,1,,,
2026-03-30 15:48:26.934,T,6379.5,4,,,
2026-03-30 15:48:26.934,T,6379.5,1,,,
2026-03-30 15:48:26.934,T,6379.5,1,,,
2026-03-30 15:48:26.934,T,6379.5,1,,,
2026-03-30 15:48:26.934,T,6379.25,1,,,
2026-03-30 15:48:26.934,T,6379.25,1,,,
2026-03-30 15:48:26.934,T,6379.25,1,,,
2026-03-30 15:48:26.934,T,6379.25,1,,,
2026-03-30 15:48:26.934,T,6379.25,1,,,
2026-03-30 15:48:26.934,T,6379.25,1,,,
2026-03-30 15:48:26.934,T,6379.25,1,,,
2026-03-30 15:48:26.934,T,6379.25,1,,,
2026-03-30 15:48:26.934,T,6379.25,1,,,
2026-03-30 15:48:26.934,T,6379.25,1,,,
2026-03-30 15:48:26.934,T,6379.25,1,,,
2026-03-30 15:48:26.934,T,6379.25,1,,,
2026-03-30 15:48:26.934,T,6379.25,1,,,
2026-03-30 15:48:26.934,T,6379.25,1,,,
2026-03-30 15:48:26.934,T,6379.25,2,,,
2026-03-30 15:48:26.934,T,6379.25,1,,,
2026-03-30 15:48:26.934,T,6379.25,1,,,
2026-03-30 15:48:26.934,T,6379.25,1,,,
2026-03-30 15:48:26.934,T,6379.25,1,,,
2026-03-30 15:48:26.934,T,6379.25,3,,,
2026-03-30 15:48:26.934,T,6379.25,1,,,
2026-03-30 15:48:26.934,T,6379.25,1,,,
2026-03-30 15:48:26.934,T,6379.25,3,,,
2026-03-30 15:48:26.935,Q,,,,6379.25,6379.5
2026-03-30 15:48:27.032,Q,,,,6379.5,6379.75
2026-03-30 15:48:27.033,T,6379.5,2,,,
2026-03-30 15:48:27.033,T,6379.5,1,,,
2026-03-30 15:48:27.033,T,6379.5,1,,,
2026-03-30 15:48:27.033,T,6379.5,1,,,
2026-03-30 15:48:27.033,T,6379.5,1,,,
2026-03-30 15:48:27.033,T,6379.5,2,,,
2026-03-30 15:48:27.033,T,6379.5,2,,,
2026-03-30 15:48:27.033,T,6379.5,1,,,
2026-03-30 15:48:27.033,T,6379.5,1,,,
2026-03-30 15:48:27.033,T,6379.5,4,,,
2026-03-30 15:48:27.033,T,6379.5,1,,,
2026-03-30 15:48:27.033,T,6379.5,1,,,
2026-03-30 15:48:27.033,T,6379.5,1,,,
2026-03-30 15:48:27.033,T,6379.5,1,,,
2026-03-30 15:48:27.033,T,6379.5,1,,,
2026-03-30 15:48:27.033,T,6379.5,1,,,
2026-03-30 15:48:27.033,T,6379.5,2,,,
2026-03-30 15:48:27.237,T,6379.5,1,,,
2026-03-30 15:48:27.237,T,6379.5,1,,,
2026-03-30 15:48:27.237,T,6379.5,1,,,
2026-03-30 15:48:27.237,T,6379.5,1,,,
2026-03-30 15:48:27.237,T,6379.5,1,,,
2026-03-30 15:48:27.237,T,6379.5,1,,,
2026-03-30 15:48:27.284,T,6379.5,1,,,
2026-03-30 15:48:27.284,T,6379.5,2,,,
2026-03-30 15:48:27.428,T,6379.5,1,,,
2026-03-30 15:48:27.428,T,6379.5,1,,,
2026-03-30 15:48:27.428,T,6379.5,1,,,
2026-03-30 15:48:27.428,T,6379.5,1,,,
2026-03-30 15:48:27.428,T,6379.5,1,,,
2026-03-30 15:48:27.428,T,6379.5,4,,,
2026-03-30 15:48:27.428,T,6379.5,1,,,
2026-03-30 15:48:27.428,T,6379.5,1,,,
2026-03-30 15:48:27.428,T,6379.5,1,,,
2026-03-30 15:48:27.428,T,6379.5,1,,,
2026-03-30 15:48:27.428,T,6379.5,1,,,
2026-03-30 15:48:27.428,T,6379.5,1,,,
2026-03-30 15:48:27.428,T,6379.5,1,,,
2026-03-30 15:48:27.428,T,6379.5,1,,,
2026-03-30 15:48:27.428,T,6379.5,3,,,
2026-03-30 15:48:27.428,T,6379.5,1,,,
2026-03-30 15:48:27.430,Q,,,,6379.25,6379.5
2026-03-30 15:48:27.485,T,6379.5,1,,,
2026-03-30 15:48:27.485,T,6379.5,1,,,
2026-03-30 15:48:27.582,Q,,,,6379.25,6379.75
2026-03-30 15:48:27.587,T,6379.5,1,,,
2026-03-30 15:48:27.587,T,6379.5,1,,,
2026-03-30 15:48:27.587,T,6379.5,7,,,
2026-03-30 15:48:27.587,T,6379.5,1,,,
2026-03-30 15:48:27.587,T,6379.5,1,,,
2026-03-30 15:48:27.587,T,6379.5,3,,,
2026-03-30 15:48:27.587,T,6379.5,3,,,
2026-03-30 15:48:27.587,T,6379.5,1,,,
2026-03-30 15:48:27.587,T,6379.5,1,,,
2026-03-30 15:48:27.587,T,6379.25,1,,,
2026-03-30 15:48:27.630,Q,,,,6379.5,6379.75
2026-03-30 15:48:27.885,T,6379.5,1,,,
2026-03-30 15:48:27.885,T,6379.75,3,,,
2026-03-30 15:48:27.885,T,6379.75,1,,,
2026-03-30 15:48:27.885,T,6379.75,2,,,
2026-03-30 15:48:27.885,T,6379.75,1,,,
2026-03-30 15:48:27.885,T,6379.75,1,,,
2026-03-30 15:48:27.885,T,6379.75,1,,,
2026-03-30 15:48:27.885,T,6379.75,1,,,
2026-03-30 15:48:27.885,T,6379.75,1,,,
2026-03-30 15:48:27.885,T,6379.75,1,,,
2026-03-30 15:48:27.885,T,6379.75,1,,,
2026-03-30 15:48:27.885,T,6379.75,1,,,
2026-03-30 15:48:27.885,T,6379.75,1,,,
2026-03-30 15:48:27.885,T,6379.75,1,,,
2026-03-30 15:48:27.885,T,6379.75,1,,,
2026-03-30 15:48:27.885,T,6379.75,1,,,
2026-03-30 15:48:27.885,T,6379.75,1,,,
2026-03-30 15:48:27.885,T,6379.75,1,,,
2026-03-30 15:48:27.885,T,6379.75,1,,,
2026-03-30 15:48:27.885,T,6379.75,1,,,
2026-03-30 15:48:27.887,Q,,,,6379.75,6380.0
2026-03-30 15:48:27.981,T,6379.75,2,,,
2026-03-30 15:48:27.981,T,6379.75,1,,,
2026-03-30 15:48:27.981,T,6379.75,1,,,
2026-03-30 15:48:28.085,T,6379.75,1,,,
2026-03-30 15:48:28.085,T,6379.75,1,,,
2026-03-30 15:48:28.085,T,6379.75,1,,,
2026-03-30 15:48:28.085,T,6379.75,1,,,
2026-03-30 15:48:28.085,T,6379.75,1,,,
2026-03-30 15:48:28.085,T,6379.75,1,,,
2026-03-30 15:48:28.085,T,6379.75,1,,,
2026-03-30 15:48:28.085,T,6379.75,2,,,
2026-03-30 15:48:28.085,T,6379.75,1,,,
2026-03-30 15:48:28.085,T,6379.75,1,,,
2026-03-30 15:48:28.085,T,6379.75,1,,,
2026-03-30 15:48:28.085,T,6379.75,1,,,
2026-03-30 15:48:28.085,T,6379.75,1,,,
2026-03-30 15:48:28.085,T,6379.75,1,,,
2026-03-30 15:48:28.086,Q,,,,6379.5,6380.0
2026-03-30 15:48:28.131,T,6379.75,1,,,
2026-03-30 15:48:28.131,T,6379.75,2,,,
2026-03-30 15:48:28.131,T,6379.75,1,,,
2026-03-30 15:48:28.131,T,6379.75,1,,,
2026-03-30 15:48:28.132,Q,,,,6379.5,6379.75
2026-03-30 15:48:28.535,T,6379.75,3,,,
2026-03-30 15:48:28.535,T,6379.75,4,,,
2026-03-30 15:48:28.535,T,6379.75,2,,,
2026-03-30 15:48:28.535,T,6379.75,1,,,
2026-03-30 15:48:28.535,T,6379.75,1,,,
2026-03-30 15:48:28.535,T,6379.75,1,,,
2026-03-30 15:48:28.535,T,6379.75,1,,,
2026-03-30 15:48:28.535,T,6379.75,1,,,
2026-03-30 15:48:28.535,T,6379.75,1,,,
2026-03-30 15:48:28.535,T,6379.75,1,,,
2026-03-30 15:48:28.536,Q,,,,6379.75,6380.0
2026-03-30 15:48:28.585,Q,,,,6380.0,6380.25
2026-03-30 15:48:28.588,T,6379.75,1,,,
2026-03-30 15:48:28.588,T,6379.75,1,,,
2026-03-30 15:48:28.588,T,6379.75,1,,,
2026-03-30 15:48:28.588,T,6379.75,3,,,
2026-03-30 15:48:28.588,T,6380.0,1,,,
2026-03-30 15:48:28.588,T,6380.0,1,,,
2026-03-30 15:48:28.588,T,6380.0,1,,,
2026-03-30 15:48:28.588,T,6380.0,1,,,
2026-03-30 15:48:28.588,T,6380.0,1,,,
2026-03-30 15:48:28.588,T,6380.0,1,,,
2026-03-30 15:48:28.588,T,6380.0,1,,,
2026-03-30 15:48:28.588,T,6380.0,1,,,
2026-03-30 15:48:28.588,T,6380.0,1,,,
2026-03-30 15:48:28.588,T,6380.0,1,,,
2026-03-30 15:48:28.588,T,6380.0,1,,,
2026-03-30 15:48:28.588,T,6380.0,1,,,
2026-03-30 15:48:28.588,T,6380.0,1,,,
2026-03-30 15:48:28.588,T,6380.0,1,,,
2026-03-30 15:48:28.588,T,6380.0,2,,,
2026-03-30 15:48:28.588,T,6380.0,5,,,
2026-03-30 15:48:28.588,T,6380.0,1,,,
2026-03-30 15:48:28.588,T,6380.0,4,,,
2026-03-30 15:48:28.588,T,6380.0,1,,,
2026-03-30 15:48:28.588,T,6380.0,1,,,
2026-03-30 15:48:28.588,T,6380.0,6,,,
2026-03-30 15:48:28.588,T,6380.0,1,,,
2026-03-30 15:48:28.588,T,6380.0,1,,,
2026-03-30 15:48:28.588,T,6380.0,1,,,
2026-03-30 15:48:28.588,T,6380.0,1,,,
2026-03-30 15:48:28.588,T,6380.0,1,,,
2026-03-30 15:48:28.588,T,6380.0,1,,,
2026-03-30 15:48:28.588,T,6380.0,3,,,
2026-03-30 15:48:28.588,T,6380.0,1,,,
2026-03-30 15:48:28.588,T,6380.0,3,,,
2026-03-30 15:48:28.588,T,6380.0,1,,,
2026-03-30 15:48:29.032,T,6380.25,1,,,
2026-03-30 15:48:29.032,T,6380.25,3,,,
2026-03-30 15:48:29.032,T,6380.25,1,,,
2026-03-30 15:48:29.032,T,6380.25,1,,,
2026-03-30 15:48:29.032,T,6380.25,1,,,
2026-03-30 15:48:29.032,T,6380.25,1,,,
2026-03-30 15:48:29.032,T,6380.25,1,,,
2026-03-30 15:48:29.032,T,6380.25,1,,,
2026-03-30 15:48:29.032,T,6380.25,1,,,
2026-03-30 15:48:29.032,T,6380.25,1,,,
2026-03-30 15:48:29.032,T,6380.25,1,,,
2026-03-30 15:48:29.032,T,6380.25,24,,,
2026-03-30 15:48:29.032,T,6380.25,3,,,
2026-03-30 15:48:29.032,T,6380.25,5,,,
2026-03-30 15:48:29.032,T,6380.25,22,,,
2026-03-30 15:48:29.032,T,6380.25,1,,,
2026-03-30 15:48:29.032,T,6380.25,1,,,
2026-03-30 15:48:29.032,T,6380.25,1,,,
2026-03-30 15:48:29.032,T,6380.25,1,,,
2026-03-30 15:48:29.032,T,6380.25,2,,,
2026-03-30 15:48:29.032,T,6380.25,1,,,
2026-03-30 15:48:29.032,T,6380.25,1,,,
2026-03-30 15:48:29.032,T,6380.25,1,,,
2026-03-30 15:48:29.032,T,6380.25,1,,,
2026-03-30 15:48:29.032,T,6380.0,1,,,
2026-03-30 15:48:29.032,T,6380.0,3,,,
2026-03-30 15:48:29.032,T,6380.25,1,,,
2026-03-30 15:48:29.032,T,6380.25,4,,,
2026-03-30 15:48:29.086,Q,,,,6379.75,6380.25
2026-03-30 15:48:29.087,T,6380.0,1,,,
2026-03-30 15:48:29.087,T,6380.0,1,,,
2026-03-30 15:48:29.087,T,6380.0,1,,,
2026-03-30 15:48:29.087,T,6380.0,1,,,
2026-03-30 15:48:29.087,T,6380.0,1,,,
2026-03-30 15:48:29.087,T,6380.0,1,,,
2026-03-30 15:48:29.087,T,6380.0,1,,,
2026-03-30 15:48:29.087,T,6380.0,1,,,
2026-03-30 15:48:29.133,T,6380.0,1,,,
2026-03-30 15:48:29.133,T,6380.0,1,,,
2026-03-30 15:48:29.133,T,6380.0,1,,,
2026-03-30 15:48:29.133,T,6380.0,2,,,
2026-03-30 15:48:29.133,T,6380.0,1,,,
2026-03-30 15:48:29.133,T,6380.0,1,,,
2026-03-30 15:48:29.133,T,6380.0,1,,,
2026-03-30 15:48:29.331,Q,,,,6380.0,6380.25
2026-03-30 15:48:29.436,T,6380.0,1,,,
2026-03-30 15:48:29.436,T,6380.0,1,,,
2026-03-30 15:48:29.436,T,6380.0,1,,,
2026-03-30 15:48:29.436,T,6380.0,1,,,
2026-03-30 15:48:29.436,T,6380.0,1,,,
2026-03-30 15:48:29.436,T,6380.0,1,,,
2026-03-30 15:48:29.436,T,6380.0,1,,,
2026-03-30 15:48:29.436,T,6380.0,1,,,
2026-03-30 15:48:29.436,T,6380.0,1,,,
2026-03-30 15:48:29.436,T,6380.0,1,,,
2026-03-30 15:48:29.436,T,6380.0,3,,,
2026-03-30 15:48:29.483,Q,,,,6379.75,6380.0
2026-03-30 15:48:29.578,T,6379.75,1,,,
2026-03-30 15:48:29.982,T,6379.75,1,,,
2026-03-30 15:48:29.982,T,6379.75,1,,,
2026-03-30 15:48:29.982,T,6379.75,2,,,
2026-03-30 15:48:30.030,T,6379.75,1,,,
2026-03-30 15:48:30.030,T,6379.75,1,,,
2026-03-30 15:48:30.086,T,6379.75,1,,,
2026-03-30 15:48:30.086,T,6379.75,1,,,
2026-03-30 15:48:30.380,T,6379.75,1,,,
2026-03-30 15:48:30.437,T,6379.75,1,,,
2026-03-30 15:48:30.437,T,6379.75,1,,,
2026-03-30 15:48:30.437,T,6379.75,1,,,
2026-03-30 15:48:30.437,T,6379.75,1,,,
2026-03-30 15:48:30.437,T,6379.75,1,,,
2026-03-30 15:48:30.437,T,6379.75,1,,,
2026-03-30 15:48:30.437,T,6379.75,1,,,
2026-03-30 15:48:30.437,T,6379.75,1,,,
2026-03-30 15:48:30.437,T,6379.75,1,,,
2026-03-30 15:48:30.437,T,6379.75,1,,,
2026-03-30 15:48:30.437,T,6379.75,1,,,
2026-03-30 15:48:30.437,T,6379.75,1,,,
2026-03-30 15:48:30.437,T,6379.75,1,,,
2026-03-30 15:48:30.437,T,6379.75,3,,,
2026-03-30 15:48:30.437,T,6379.75,1,,,
2026-03-30 15:48:30.437,T,6379.75,1,,,
2026-03-30 15:48:30.437,T,6379.75,1,,,
2026-03-30 15:48:30.437,T,6379.75,1,,,
2026-03-30 15:48:30.437,T,6379.75,1,,,
2026-03-30 15:48:30.437,T,6379.75,2,,,
2026-03-30 15:48:30.437,T,6379.75,1,,,
2026-03-30 15:48:30.437,T,6379.75,1,,,
2026-03-30 15:48:30.437,T,6379.75,1,,,
2026-03-30 15:48:30.437,T,6379.75,1,,,
2026-03-30 15:48:30.437,T,6379.75,1,,,
2026-03-30 15:48:30.437,T,6379.75,1,,,
2026-03-30 15:48:30.437,T,6379.75,1,,,
2026-03-30 15:48:30.437,T,6379.75,1,,,
2026-03-30 15:48:30.437,T,6379.75,1,,,
2026-03-30 15:48:30.437,T,6379.75,1,,,
2026-03-30 15:48:30.437,T,6379.75,2,,,
2026-03-30 15:48:30.437,T,6379.75,1,,,
2026-03-30 15:48:30.437,T,6379.75,1,,,
2026-03-30 15:48:30.437,T,6379.75,1,,,
2026-03-30 15:48:30.437,T,6379.75,3,,,
2026-03-30 15:48:30.437,T,6379.75,1,,,
2026-03-30 15:48:30.437,T,6379.75,3,,,
2026-03-30 15:48:30.440,Q,,,,6379.5,6379.75
2026-03-30 15:48:30.532,T,6379.75,1,,,
2026-03-30 15:48:30.532,Q,,,,6379.5,6380.0
2026-03-30 15:48:30.586,T,6379.5,1,,,
2026-03-30 15:48:30.633,T,6379.75,3,,,
2026-03-30 15:48:30.633,T,6379.75,3,,,
2026-03-30 15:48:30.633,T,6379.75,3,,,
2026-03-30 15:48:30.633,T,6379.75,1,,,
2026-03-30 15:48:30.633,T,6379.75,2,,,
2026-03-30 15:48:30.633,T,6379.75,1,,,
2026-03-30 15:48:30.633,T,6379.75,1,,,
2026-03-30 15:48:30.633,T,6379.75,1,,,
2026-03-30 15:48:30.736,T,6379.75,1,,,
2026-03-30 15:48:30.736,T,6379.75,1,,,
2026-03-30 15:48:30.736,T,6379.75,1,,,
2026-03-30 15:48:30.736,T,6379.75,1,,,
2026-03-30 15:48:30.831,Q,,,,6379.75,6380.0
2026-03-30 15:48:30.887,T,6379.75,1,,,
2026-03-30 15:48:30.887,Q,,,,6379.5,6379.75
2026-03-30 15:48:30.985,T,6379.75,1,,,
2026-03-30 15:48:30.985,T,6379.5,1,,,
2026-03-30 15:48:31.129,Q,,,,6379.75,6380.0
2026-03-30 15:48:31.185,T,6379.75,1,,,
2026-03-30 15:48:31.233,T,6380.0,3,,,
2026-03-30 15:48:31.233,T,6380.0,1,,,
2026-03-30 15:48:31.233,T,6380.0,1,,,
2026-03-30 15:48:31.233,T,6380.0,1,,,
2026-03-30 15:48:31.233,T,6380.0,1,,,
2026-03-30 15:48:31.233,T,6380.0,1,,,
2026-03-30 15:48:31.233,T,6380.0,1,,,
2026-03-30 15:48:31.233,T,6380.0,1,,,
2026-03-30 15:48:31.233,T,6380.0,1,,,
2026-03-30 15:48:31.233,T,6380.0,1,,,
2026-03-30 15:48:31.233,T,6380.0,1,,,
2026-03-30 15:48:31.233,T,6380.0,1,,,
2026-03-30 15:48:31.233,T,6380.0,4,,,
2026-03-30 15:48:31.233,T,6380.0,1,,,
2026-03-30 15:48:31.233,T,6380.0,2,,,
2026-03-30 15:48:31.233,T,6380.0,1,,,
2026-03-30 15:48:31.234,Q,,,,6380.0,6380.25
2026-03-30 15:48:31.280,Q,,,,6379.75,6380.25
2026-03-30 15:48:31.280,T,6380.0,1,,,
2026-03-30 15:48:31.389,Q,,,,6379.75,6380.0
2026-03-30 15:48:31.580,T,6379.75,1,,,
2026-03-30 15:48:31.734,T,6379.75,1,,,
2026-03-30 15:48:31.734,T,6380.0,2,,,
2026-03-30 15:48:31.734,T,6380.0,1,,,
2026-03-30 15:48:31.734,T,6380.0,1,,,
2026-03-30 15:48:31.983,Q,,,,6380.0,6380.25
2026-03-30 15:48:31.984,T,6380.0,1,,,
2026-03-30 15:48:31.984,T,6380.0,1,,,
2026-03-30 15:48:31.984,T,6380.0,1,,,
2026-03-30 15:48:31.984,T,6380.0,1,,,
2026-03-30 15:48:31.984,T,6380.0,2,,,
2026-03-30 15:48:32.333,T,6380.0,1,,,
2026-03-30 15:48:32.333,T,6380.0,1,,,
2026-03-30 15:48:32.333,T,6380.0,1,,,
2026-03-30 15:48:32.333,T,6380.0,1,,,
2026-03-30 15:48:32.333,T,6380.0,1,,,
2026-03-30 15:48:32.333,T,6380.0,1,,,
2026-03-30 15:48:32.333,T,6380.0,1,,,
2026-03-30 15:48:32.333,T,6380.0,1,,,
2026-03-30 15:48:32.334,Q,,,,6379.75,6380.0
2026-03-30 15:48:32.536,T,6379.75,1,,,
2026-03-30 15:48:32.536,T,6379.75,1,,,
2026-03-30 15:48:32.536,T,6379.75,1,,,
2026-03-30 15:48:32.536,T,6379.75,1,,,
2026-03-30 15:48:32.536,T,6379.75,1,,,
2026-03-30 15:48:32.536,T,6379.75,1,,,
2026-03-30 15:48:32.536,T,6379.75,1,,,
2026-03-30 15:48:32.536,T,6379.75,1,,,
2026-03-30 15:48:32.536,T,6379.75,1,,,
2026-03-30 15:48:32.536,T,6379.75,1,,,
2026-03-30 15:48:32.536,T,6379.75,1,,,
2026-03-30 15:48:32.536,T,6379.75,1,,,
2026-03-30 15:48:32.536,T,6379.75,1,,,
2026-03-30 15:48:32.536,T,6379.75,3,,,
2026-03-30 15:48:32.536,T,6379.75,1,,,
2026-03-30 15:48:32.536,T,6379.75,1,,,
2026-03-30 15:48:32.536,T,6379.75,1,,,
2026-03-30 15:48:32.536,T,6379.75,1,,,
2026-03-30 15:48:32.536,T,6379.75,1,,,
2026-03-30 15:48:32.536,T,6379.75,1,,,
2026-03-30 15:48:32.536,T,6379.75,1,,,
2026-03-30 15:48:32.536,T,6379.75,1,,,
2026-03-30 15:48:32.538,Q,,,,6379.5,6379.75
2026-03-30 15:48:33.335,Q,,,,6379.25,6379.5
2026-03-30 15:48:33.335,T,6379.5,1,,,
2026-03-30 15:48:33.335,T,6379.5,1,,,
2026-03-30 15:48:33.335,T,6379.5,1,,,
2026-03-30 15:48:33.335,T,6379.5,1,,,
2026-03-30 15:48:33.335,T,6379.5,1,,,
2026-03-30 15:48:33.335,T,6379.5,2,,,
2026-03-30 15:48:33.335,T,6379.5,1,,,
2026-03-30 15:48:33.335,T,6379.5,10,,,
2026-03-30 15:48:33.335,T,6379.5,1,,,
2026-03-30 15:48:33.335,T,6379.5,1,,,
2026-03-30 15:48:33.335,T,6379.5,1,,,
2026-03-30 15:48:33.335,T,6379.5,1,,,
2026-03-30 15:48:33.335,T,6379.5,1,,,
2026-03-30 15:48:33.335,T,6379.5,1,,,
2026-03-30 15:48:33.335,T,6379.5,1,,,
2026-03-30 15:48:33.335,T,6379.5,1,,,
2026-03-30 15:48:33.335,T,6379.5,1,,,
2026-03-30 15:48:33.335,T,6379.5,3,,,
2026-03-30 15:48:33.335,T,6379.5,1,,,
2026-03-30 15:48:33.513,Q,,,,6379.0,6379.25
2026-03-30 15:48:33.513,T,6379.25,1,,,
2026-03-30 15:48:33.513,T,6379.25,4,,,
2026-03-30 15:48:33.513,T,6379.25,1,,,
2026-03-30 15:48:33.513,T,6379.25,1,,,
2026-03-30 15:48:33.513,T,6379.25,1,,,
2026-03-30 15:48:33.513,T,6379.25,1,,,
2026-03-30 15:48:33.513,T,6379.25,1,,,
2026-03-30 15:48:33.513,T,6379.25,2,,,
2026-03-30 15:48:33.513,T,6379.25,3,,,
2026-03-30 15:48:33.513,T,6379.25,1,,,
2026-03-30 15:48:33.513,T,6379.25,1,,,
2026-03-30 15:48:33.513,T,6379.25,1,,,
2026-03-30 15:48:33.513,T,6379.25,1,,,
2026-03-30 15:48:33.513,T,6379.25,1,,,
2026-03-30 15:48:33.513,T,6379.25,1,,,
2026-03-30 15:48:33.513,T,6379.25,1,,,
2026-03-30 15:48:33.513,T,6379.25,4,,,
2026-03-30 15:48:33.513,T,6379.25,1,,,
2026-03-30 15:48:33.513,T,6379.25,1,,,
2026-03-30 15:48:33.513,T,6379.25,3,,,
2026-03-30 15:48:33.513,T,6379.25,1,,,
2026-03-30 15:48:33.513,T,6379.25,1,,,
2026-03-30 15:48:33.513,T,6379.25,1,,,
2026-03-30 15:48:33.513,T,6379.25,4,,,
2026-03-30 15:48:33.513,T,6379.25,1,,,
2026-03-30 15:48:33.513,T,6379.25,1,,,
2026-03-30 15:48:33.513,T,6379.25,2,,,
2026-03-30 15:48:33.513,T,6379.25,1,,,
2026-03-30 15:48:33.513,T,6379.25,2,,,
2026-03-30 15:48:33.513,T,6379.25,1,,,
2026-03-30 15:48:33.513,T,6379.25,2,,,
2026-03-30 15:48:33.513,T,6379.25,1,,,
2026-03-30 15:48:33.513,T,6379.25,1,,,
2026-03-30 15:48:33.513,T,6379.25,2,,,
2026-03-30 15:48:33.513,T,6379.25,1,,,
2026-03-30 15:48:33.513,T,6379.25,1,,,
2026-03-30 15:48:33.513,T,6379.25,1,,,
2026-03-30 15:48:33.513,T,6379.0,1,,,
2026-03-30 15:48:33.513,T,6379.0,2,,,
2026-03-30 15:48:33.513,T,6379.0,1,,,
2026-03-30 15:48:33.513,T,6379.0,1,,,
2026-03-30 15:48:33.513,T,6379.0,1,,,
2026-03-30 15:48:33.513,T,6379.0,1,,,
2026-03-30 15:48:33.513,T,6379.0,1,,,
2026-03-30 15:48:33.513,T,6379.0,1,,,
2026-03-30 15:48:33.513,T,6379.0,1,,,
2026-03-30 15:48:33.513,T,6379.0,2,,,
2026-03-30 15:48:33.513,T,6379.0,1,,,
2026-03-30 15:48:33.513,T,6379.0,1,,,
2026-03-30 15:48:33.513,T,6379.0,1,,,
2026-03-30 15:48:33.513,T,6379.0,1,,,
2026-03-30 15:48:33.513,T,6379.0,4,,,
2026-03-30 15:48:33.513,T,6379.0,1,,,
2026-03-30 15:48:33.513,T,6379.0,1,,,
2026-03-30 15:48:33.513,T,6379.0,1,,,
2026-03-30 15:48:33.513,T,6379.0,1,,,
2026-03-30 15:48:33.513,T,6379.0,2,,,
2026-03-30 15:48:33.513,T,6379.0,1,,,
2026-03-30 15:48:33.517,T,6379.0,4,,,
2026-03-30 15:48:33.517,T,6379.0,1,,,
2026-03-30 15:48:33.517,T,6379.0,1,,,
2026-03-30 15:48:33.517,T,6379.0,1,,,
2026-03-30 15:48:33.517,T,6379.0,3,,,
2026-03-30 15:48:33.517,T,6379.0,1,,,
2026-03-30 15:48:33.517,T,6379.0,1,,,
2026-03-30 15:48:33.517,T,6379.0,1,,,
2026-03-30 15:48:33.517,T,6379.0,1,,,
2026-03-30 15:48:33.517,T,6379.0,1,,,
2026-03-30 15:48:33.517,T,6379.0,2,,,
2026-03-30 15:48:33.517,T,6379.0,1,,,
2026-03-30 15:48:33.517,T,6379.0,1,,,
2026-03-30 15:48:33.517,T,6379.0,1,,,
2026-03-30 15:48:33.517,T,6378.75,1,,,
2026-03-30 15:48:33.517,T,6378.75,1,,,
2026-03-30 15:48:33.517,T,6378.75,1,,,
2026-03-30 15:48:33.517,T,6378.75,2,,,
2026-03-30 15:48:33.518,Q,,,,6378.75,6379.0
2026-03-30 15:48:33.518,T,6379.0,2,,,
2026-03-30 15:48:33.518,T,6379.0,1,,,
2026-03-30 15:48:33.518,T,6379.0,1,,,
2026-03-30 15:48:33.518,T,6379.0,1,,,
2026-03-30 15:48:33.518,T,6379.0,3,,,
2026-03-30 15:48:33.518,T,6379.0,1,,,
2026-03-30 15:48:33.518,T,6379.0,1,,,
2026-03-30 15:48:33.537,Q,,,,6378.75,6379.25
2026-03-30 15:48:33.537,T,6379.0,1,,,
2026-03-30 15:48:33.537,T,6379.0,1,,,
2026-03-30 15:48:33.578,Q,,,,6378.75,6379.0
2026-03-30 15:48:33.578,T,6378.75,1,,,
2026-03-30 15:48:33.628,T,6378.75,1,,,
2026-03-30 15:48:33.628,T,6378.75,1,,,
2026-03-30 15:48:33.628,T,6378.75,1,,,
2026-03-30 15:48:33.628,T,6378.75,1,,,
2026-03-30 15:48:33.628,T,6378.75,1,,,
2026-03-30 15:48:33.628,T,6378.75,1,,,
2026-03-30 15:48:33.980,T,6379.0,1,,,
2026-03-30 15:48:33.980,T,6378.75,1,,,
2026-03-30 15:48:33.980,T,6379.0,1,,,
2026-03-30 15:48:33.981,Q,,,,6379.0,6379.25
2026-03-30 15:48:34.029,Q,,,,6379.25,6379.5
2026-03-30 15:48:34.029,T,6379.25,1,,,
2026-03-30 15:48:34.029,T,6379.25,2,,,
2026-03-30 15:48:34.029,T,6379.25,1,,,
2026-03-30 15:48:34.029,T,6379.25,1,,,
2026-03-30 15:48:34.029,T,6379.25,1,,,
2026-03-30 15:48:34.029,T,6379.25,1,,,
2026-03-30 15:48:34.029,T,6379.25,1,,,
2026-03-30 15:48:34.029,T,6379.25,1,,,
2026-03-30 15:48:34.029,T,6379.25,1,,,
2026-03-30 15:48:34.084,T,6379.25,1,,,
2026-03-30 15:48:34.084,T,6379.25,2,,,
2026-03-30 15:48:34.084,T,6379.25,1,,,
2026-03-30 15:48:34.084,T,6379.25,3,,,
2026-03-30 15:48:34.084,T,6379.25,1,,,
2026-03-30 15:48:34.084,T,6379.25,1,,,
2026-03-30 15:48:34.084,T,6379.25,1,,,
2026-03-30 15:48:34.085,Q,,,,6379.0,6379.25
2026-03-30 15:48:34.133,T,6379.0,1,,,
2026-03-30 15:48:34.284,T,6379.0,1,,,
2026-03-30 15:48:34.329,T,6379.25,1,,,
2026-03-30 15:48:34.389,T,6379.25,1,,,
2026-03-30 15:48:34.389,T,6379.25,1,,,
2026-03-30 15:48:34.389,T,6379.25,1,,,
2026-03-30 15:48:34.434,T,6379.25,2,,,
2026-03-30 15:48:34.434,T,6379.25,1,,,
2026-03-30 15:48:34.434,T,6379.25,1,,,
2026-03-30 15:48:34.434,T,6379.25,1,,,
2026-03-30 15:48:34.434,Q,,,,6379.25,6379.5
2026-03-30 15:48:34.584,T,6379.5,1,,,
2026-03-30 15:48:34.679,T,6379.25,2,,,
2026-03-30 15:48:34.679,T,6379.25,3,,,
2026-03-30 15:48:34.679,T,6379.25,1,,,
2026-03-30 15:48:34.679,T,6379.25,1,,,
2026-03-30 15:48:34.679,T,6379.25,1,,,
2026-03-30 15:48:34.679,T,6379.25,1,,,
2026-03-30 15:48:34.679,T,6379.25,1,,,
2026-03-30 15:48:34.680,Q,,,,6379.0,6379.25
2026-03-30 15:48:35.029,T,6379.0,1,,,
2026-03-30 15:48:35.029,T,6379.0,1,,,
2026-03-30 15:48:35.029,T,6379.25,2,,,
2026-03-30 15:48:35.029,T,6379.25,1,,,
2026-03-30 15:48:35.131,T,6379.25,1,,,
2026-03-30 15:48:35.131,T,6379.25,2,,,
2026-03-30 15:48:35.131,T,6379.25,1,,,
2026-03-30 15:48:35.131,T,6379.25,2,,,
2026-03-30 15:48:35.131,T,6379.25,1,,,
2026-03-30 15:48:35.131,T,6379.25,1,,,
2026-03-30 15:48:35.131,T,6379.25,1,,,
2026-03-30 15:48:35.131,T,6379.25,1,,,
2026-03-30 15:48:35.131,T,6379.25,1,,,
2026-03-30 15:48:35.131,T,6379.25,1,,,
2026-03-30 15:48:35.131,T,6379.0,2,,,
2026-03-30 15:48:35.131,T,6379.0,1,,,
2026-03-30 15:48:35.533,T,6379.0,1,,,
2026-03-30 15:48:35.638,T,6379.0,1,,,
2026-03-30 15:48:35.832,T,6379.0,1,,,
2026-03-30 15:48:35.832,T,6379.0,1,,,
2026-03-30 15:48:35.832,T,6379.0,1,,,
2026-03-30 15:48:35.832,T,6379.0,1,,,
2026-03-30 15:48:35.832,T,6379.0,1,,,
2026-03-30 15:48:35.935,Q,,,,6378.75,6379.0
2026-03-30 15:48:35.936,T,6379.0,1,,,
2026-03-30 15:48:35.936,T,6379.0,1,,,
2026-03-30 15:48:35.936,T,6379.0,1,,,
2026-03-30 15:48:35.936,T,6379.0,1,,,
2026-03-30 15:48:35.936,T,6379.0,1,,,
2026-03-30 15:48:35.936,T,6379.0,1,,,
2026-03-30 15:48:35.936,T,6379.0,1,,,
2026-03-30 15:48:35.936,T,6379.0,1,,,
2026-03-30 15:48:35.936,T,6379.0,2,,,
2026-03-30 15:48:36.035,T,6379.0,1,,,
2026-03-30 15:48:36.284,T,6379.0,2,,,
2026-03-30 15:48:36.284,T,6379.0,1,,,
2026-03-30 15:48:36.284,T,6379.0,1,,,
2026-03-30 15:48:36.284,T,6379.0,2,,,
2026-03-30 15:48:36.284,T,6379.0,1,,,
2026-03-30 15:48:36.284,T,6379.0,1,,,
2026-03-30 15:48:36.284,T,6379.0,2,,,
2026-03-30 15:48:36.284,T,6379.0,2,,,
2026-03-30 15:48:36.284,T,6379.0,1,,,
2026-03-30 15:48:36.284,T,6379.0,1,,,
2026-03-30 15:48:36.284,T,6379.0,1,,,
2026-03-30 15:48:36.284,T,6379.0,3,,,
2026-03-30 15:48:36.284,T,6379.0,1,,,
2026-03-30 15:48:36.284,T,6379.0,1,,,
2026-03-30 15:48:36.285,Q,,,,6379.0,6379.25
2026-03-30 15:48:36.481,T,6379.25,1,,,
2026-03-30 15:48:36.481,T,6379.0,2,,,
2026-03-30 15:48:36.481,T,6379.0,2,,,
2026-03-30 15:48:36.481,T,6379.0,1,,,
2026-03-30 15:48:36.585,T,6379.0,1,,,
2026-03-30 15:48:36.633,T,6379.0,1,,,
2026-03-30 15:48:36.884,T,6379.0,1,,,
2026-03-30 15:48:36.933,T,6379.0,1,,,
2026-03-30 15:48:37.834,T,6379.0,1,,,
2026-03-30 15:48:37.834,T,6379.0,1,,,
2026-03-30 15:48:37.834,T,6379.0,1,,,
2026-03-30 15:48:37.834,T,6379.0,1,,,
2026-03-30 15:48:37.834,T,6379.0,1,,,
2026-03-30 15:48:37.834,T,6379.0,1,,,
2026-03-30 15:48:37.834,T,6379.0,1,,,
2026-03-30 15:48:37.835,Q,,,,6378.75,6379.0
2026-03-30 15:48:38.029,T,6378.75,1,,,
2026-03-30 15:48:38.029,T,6378.75,1,,,
2026-03-30 15:48:38.029,T,6378.75,1,,,
2026-03-30 15:48:38.029,T,6378.75,5,,,
2026-03-30 15:48:38.029,T,6378.75,5,,,
2026-03-30 15:48:38.029,T,6378.75,2,,,
2026-03-30 15:48:38.029,T,6378.75,1,,,
2026-03-30 15:48:38.029,T,6378.75,2,,,
2026-03-30 15:48:38.029,T,6378.75,1,,,
2026-03-30 15:48:38.029,T,6378.75,1,,,
2026-03-30 15:48:38.029,T,6378.75,1,,,
2026-03-30 15:48:38.029,T,6378.75,1,,,
2026-03-30 15:48:38.029,T,6378.75,1,,,
2026-03-30 15:48:38.029,T,6378.75,1,,,
2026-03-30 15:48:38.029,T,6378.75,2,,,
2026-03-30 15:48:38.029,T,6378.75,2,,,
2026-03-30 15:48:38.030,Q,,,,6378.5,6378.75
2026-03-30 15:48:39.029,T,6378.75,1,,,
2026-03-30 15:48:39.029,T,6378.75,1,,,
2026-03-30 15:48:39.337,T,6378.5,1,,,
2026-03-30 15:48:39.337,T,6378.5,1,,,
2026-03-30 15:48:39.337,T,6378.5,1,,,
2026-03-30 15:48:39.730,T,6378.75,1,,,
2026-03-30 15:48:39.835,T,6378.5,1,,,
2026-03-30 15:48:40.084,T,6378.5,1,,,
2026-03-30 15:48:40.235,Q,,,,6378.25,6378.5
2026-03-30 15:48:40.235,T,6378.5,5,,,
2026-03-30 15:48:40.235,T,6378.5,1,,,
2026-03-30 15:48:40.235,T,6378.5,1,,,
2026-03-30 15:48:40.235,T,6378.5,1,,,
2026-03-30 15:48:40.235,T,6378.5,1,,,
2026-03-30 15:48:40.235,T,6378.5,1,,,
2026-03-30 15:48:40.235,T,6378.5,1,,,
2026-03-30 15:48:40.235,T,6378.5,1,,,
2026-03-30 15:48:40.235,T,6378.5,1,,,
2026-03-30 15:48:40.235,T,6378.5,1,,,
2026-03-30 15:48:40.235,T,6378.5,4,,,
2026-03-30 15:48:40.235,T,6378.5,1,,,
2026-03-30 15:48:40.888,T,6378.25,1,,,
2026-03-30 15:48:40.888,T,6378.25,1,,,
2026-03-30 15:48:40.888,T,6378.25,1,,,
2026-03-30 15:48:41.236,T,6378.25,2,,,
2026-03-30 15:48:41.236,T,6378.25,1,,,
2026-03-30 15:48:41.236,T,6378.25,1,,,
2026-03-30 15:48:41.236,T,6378.25,1,,,
2026-03-30 15:48:41.236,T,6378.25,1,,,
2026-03-30 15:48:41.236,T,6378.25,1,,,
2026-03-30 15:48:41.236,T,6378.25,3,,,
2026-03-30 15:48:41.236,T,6378.25,2,,,
2026-03-30 15:48:41.236,T,6378.25,1,,,
2026-03-30 15:48:41.236,T,6378.25,1,,,
2026-03-30 15:48:41.236,T,6378.25,2,,,
2026-03-30 15:48:41.236,T,6378.25,2,,,
2026-03-30 15:48:41.236,T,6378.25,4,,,
2026-03-30 15:48:41.236,T,6378.25,5,,,
2026-03-30 15:48:41.236,T,6378.25,1,,,
2026-03-30 15:48:41.236,T,6378.25,1,,,
2026-03-30 15:48:41.236,T,6378.25,4,,,
2026-03-30 15:48:41.236,T,6378.25,1,,,
2026-03-30 15:48:41.236,T,6378.25,1,,,
2026-03-30 15:48:41.236,T,6378.25,1,,,
2026-03-30 15:48:41.236,T,6378.25,1,,,
2026-03-30 15:48:41.236,T,6378.25,1,,,
2026-03-30 15:48:41.236,T,6378.25,1,,,
2026-03-30 15:48:41.236,T,6378.25,1,,,
2026-03-30 15:48:41.236,T,6378.25,1,,,
2026-03-30 15:48:41.236,T,6378.25,1,,,
2026-03-30 15:48:41.236,T,6378.25,1,,,
2026-03-30 15:48:41.236,T,6378.25,3,,,
2026-03-30 15:48:41.236,T,6378.25,1,,,
2026-03-30 15:48:41.236,T,6378.25,1,,,
2026-03-30 15:48:41.236,T,6378.25,1,,,
2026-03-30 15:48:41.236,T,6378.25,3,,,
2026-03-30 15:48:41.236,T,6378.25,1,,,
2026-03-30 15:48:41.236,T,6378.25,1,,,
2026-03-30 15:48:41.236,T,6378.0,1,,,
2026-03-30 15:48:41.236,T,6378.0,1,,,
2026-03-30 15:48:41.236,T,6378.0,1,,,
2026-03-30 15:48:41.236,T,6378.0,1,,,
2026-03-30 15:48:41.236,T,6378.0,1,,,
2026-03-30 15:48:41.236,T,6378.0,1,,,
2026-03-30 15:48:41.236,T,6378.0,1,,,
2026-03-30 15:48:41.236,T,6378.0,1,,,
2026-03-30 15:48:41.236,T,6378.0,1,,,
2026-03-30 15:48:41.236,T,6378.0,1,,,
2026-03-30 15:48:41.236,T,6378.25,1,,,
2026-03-30 15:48:41.240,Q,,,,6378.0,6378.25
2026-03-30 15:48:41.283,Q,,,,6377.75,6378.0
2026-03-30 15:48:41.284,T,6378.0,1,,,
2026-03-30 15:48:41.284,T,6378.0,1,,,
2026-03-30 15:48:41.284,T,6378.0,1,,,
2026-03-30 15:48:41.284,T,6378.0,1,,,
2026-03-30 15:48:41.284,T,6378.0,1,,,
2026-03-30 15:48:41.284,T,6378.0,1,,,
2026-03-30 15:48:41.284,T,6378.0,1,,,
2026-03-30 15:48:41.284,T,6378.0,4,,,
2026-03-30 15:48:41.284,T,6378.0,1,,,
2026-03-30 15:48:41.284,T,6378.0,2,,,
2026-03-30 15:48:41.284,T,6378.0,1,,,
2026-03-30 15:48:41.284,T,6378.0,1,,,
2026-03-30 15:48:41.284,T,6378.0,1,,,
2026-03-30 15:48:41.284,T,6378.0,2,,,
2026-03-30 15:48:41.284,T,6378.0,1,,,
2026-03-30 15:48:41.284,T,6378.0,1,,,
2026-03-30 15:48:41.284,T,6378.0,1,,,
2026-03-30 15:48:41.332,T,6378.0,1,,,
2026-03-30 15:48:41.379,T,6378.0,3,,,
2026-03-30 15:48:41.379,T,6378.0,1,,,
2026-03-30 15:48:41.379,T,6378.0,1,,,
2026-03-30 15:48:41.379,T,6378.0,1,,,
2026-03-30 15:48:41.379,T,6378.0,1,,,
2026-03-30 15:48:41.379,T,6378.0,1,,,
2026-03-30 15:48:41.379,T,6378.0,1,,,
2026-03-30 15:48:41.379,T,6378.0,1,,,
2026-03-30 15:48:41.379,T,6378.0,1,,,
2026-03-30 15:48:41.379,T,6378.0,1,,,
2026-03-30 15:48:41.379,T,6378.0,1,,,
2026-03-30 15:48:41.379,T,6378.0,3,,,
2026-03-30 15:48:41.379,T,6378.0,1,,,
2026-03-30 15:48:41.379,T,6378.0,1,,,
2026-03-30 15:48:41.432,T,6378.0,1,,,
2026-03-30 15:48:41.432,T,6378.0,1,,,
2026-03-30 15:48:41.432,T,6378.0,1,,,
2026-03-30 15:48:41.432,T,6378.0,1,,,
2026-03-30 15:48:41.432,T,6378.0,1,,,
2026-03-30 15:48:41.432,T,6378.0,1,,,
2026-03-30 15:48:41.432,T,6378.0,1,,,
2026-03-30 15:48:41.432,T,6378.0,1,,,
2026-03-30 15:48:41.432,T,6378.0,1,,,
2026-03-30 15:48:41.432,T,6378.0,1,,,
2026-03-30 15:48:41.432,T,6378.0,1,,,
2026-03-30 15:48:41.432,T,6378.0,1,,,
2026-03-30 15:48:41.432,T,6378.0,1,,,
2026-03-30 15:48:41.432,T,6378.0,3,,,
2026-03-30 15:48:41.432,T,6378.0,1,,,
2026-03-30 15:48:41.633,T,6377.75,1,,,
2026-03-30 15:48:41.633,T,6377.75,1,,,
2026-03-30 15:48:41.633,T,6377.75,1,,,
2026-03-30 15:48:41.889,T,6378.0,1,,,
2026-03-30 15:48:41.889,T,6377.75,1,,,
2026-03-30 15:48:41.889,T,6377.75,1,,,
2026-03-30 15:48:41.889,T,6377.75,1,,,
2026-03-30 15:48:41.889,T,6377.75,1,,,
2026-03-30 15:48:41.889,T,6377.75,1,,,
2026-03-30 15:48:41.889,T,6377.75,1,,,
2026-03-30 15:48:41.889,T,6377.75,5,,,
2026-03-30 15:48:41.889,T,6377.75,1,,,
2026-03-30 15:48:41.889,T,6377.75,1,,,
2026-03-30 15:48:41.890,Q,,,,6377.5,6377.75
2026-03-30 15:48:42.130,T,6377.5,1,,,
2026-03-30 15:48:42.130,T,6377.5,1,,,
2026-03-30 15:48:42.130,T,6377.5,1,,,
2026-03-30 15:48:42.185,T,6377.5,1,,,
2026-03-30 15:48:42.185,T,6377.5,1,,,
2026-03-30 15:48:42.235,T,6377.75,1,,,
2026-03-30 15:48:42.635,Q,,,,6377.25,6377.5
2026-03-30 15:48:42.638,T,6377.5,1,,,
2026-03-30 15:48:42.638,T,6377.5,1,,,
2026-03-30 15:48:42.638,T,6377.5,1,,,
2026-03-30 15:48:42.638,T,6377.5,1,,,
2026-03-30 15:48:42.638,T,6377.5,1,,,
2026-03-30 15:48:42.638,T,6377.5,10,,,
2026-03-30 15:48:42.638,T,6377.5,1,,,
2026-03-30 15:48:42.638,T,6377.5,1,,,
2026-03-30 15:48:42.638,T,6377.5,1,,,
2026-03-30 15:48:42.638,T,6377.5,1,,,
2026-03-30 15:48:42.638,T,6377.5,1,,,
2026-03-30 15:48:42.679,T,6377.5,1,,,
2026-03-30 15:48:42.679,T,6377.5,1,,,
2026-03-30 15:48:42.679,T,6377.5,1,,,
2026-03-30 15:48:42.679,T,6377.5,1,,,
2026-03-30 15:48:42.679,T,6377.5,1,,,
2026-03-30 15:48:42.679,T,6377.5,2,,,
2026-03-30 15:48:42.679,T,6377.5,2,,,
2026-03-30 15:48:42.679,T,6377.5,1,,,
2026-03-30 15:48:42.679,T,6377.5,1,,,
2026-03-30 15:48:42.679,T,6377.5,1,,,
2026-03-30 15:48:42.679,T,6377.5,1,,,
2026-03-30 15:48:42.679,T,6377.5,2,,,
2026-03-30 15:48:42.679,T,6377.5,2,,,
2026-03-30 15:48:42.679,T,6377.5,1,,,
2026-03-30 15:48:42.679,T,6377.5,2,,,
2026-03-30 15:48:42.679,T,6377.5,1,,,
2026-03-30 15:48:42.679,T,6377.5,1,,,
2026-03-30 15:48:42.679,T,6377.5,4,,,
2026-03-30 15:48:42.679,T,6377.5,2,,,
2026-03-30 15:48:42.679,T,6377.5,4,,,
2026-03-30 15:48:42.679,T,6377.5,1,,,
2026-03-30 15:48:42.679,T,6377.5,1,,,
2026-03-30 15:48:42.829,Q,,,,6377.25,6377.75
2026-03-30 15:48:42.830,T,6377.5,1,,,
2026-03-30 15:48:42.830,T,6377.5,1,,,
2026-03-30 15:48:42.830,T,6377.5,1,,,
2026-03-30 15:48:42.830,T,6377.5,1,,,
2026-03-30 15:48:42.830,T,6377.5,2,,,
2026-03-30 15:48:42.830,T,6377.5,1,,,
2026-03-30 15:48:42.830,T,6377.5,1,,,
2026-03-30 15:48:42.830,T,6377.5,1,,,
2026-03-30 15:48:42.830,T,6377.5,1,,,
2026-03-30 15:48:42.830,T,6377.5,1,,,
2026-03-30 15:48:42.830,T,6377.5,1,,,
2026-03-30 15:48:42.886,Q,,,,6377.5,6377.75
2026-03-30 15:48:43.132,T,6377.5,3,,,
2026-03-30 15:48:43.132,T,6377.5,3,,,
2026-03-30 15:48:43.132,T,6377.5,1,,,
2026-03-30 15:48:43.132,T,6377.5,1,,,
2026-03-30 15:48:43.132,T,6377.5,1,,,
2026-03-30 15:48:43.132,T,6377.5,1,,,
2026-03-30 15:48:43.132,T,6377.5,1,,,
2026-03-30 15:48:43.132,T,6377.5,1,,,
2026-03-30 15:48:43.132,T,6377.5,1,,,
2026-03-30 15:48:43.132,T,6377.5,4,,,
2026-03-30 15:48:43.132,T,6377.5,2,,,
2026-03-30 15:48:43.132,T,6377.5,1,,,
2026-03-30 15:48:43.132,T,6377.5,1,,,
2026-03-30 15:48:43.132,T,6377.5,4,,,
2026-03-30 15:48:43.132,T,6377.5,1,,,
2026-03-30 15:48:43.132,T,6377.5,1,,,
2026-03-30 15:48:43.132,T,6377.5,2,,,
2026-03-30 15:48:43.132,T,6377.5,2,,,
2026-03-30 15:48:43.132,T,6377.5,1,,,
2026-03-30 15:48:43.132,T,6377.5,1,,,
2026-03-30 15:48:43.132,T,6377.5,2,,,
2026-03-30 15:48:43.179,T,6377.5,1,,,
2026-03-30 15:48:43.332,T,6377.75,1,,,
2026-03-30 15:48:43.332,T,6377.75,1,,,
2026-03-30 15:48:43.332,T,6377.75,1,,,
2026-03-30 15:48:43.332,T,6377.75,1,,,
2026-03-30 15:48:43.332,T,6377.75,1,,,
2026-03-30 15:48:43.435,T,6377.5,1,,,
2026-03-30 15:48:43.435,T,6377.5,1,,,
2026-03-30 15:48:43.486,Q,,,,6377.75,6378.0
2026-03-30 15:48:43.486,T,6377.75,1,,,
2026-03-30 15:48:43.486,T,6377.75,1,,,
2026-03-30 15:48:43.486,T,6377.75,1,,,
2026-03-30 15:48:43.486,T,6377.75,1,,,
2026-03-30 15:48:43.486,T,6377.75,1,,,
2026-03-30 15:48:43.486,T,6377.75,1,,,
2026-03-30 15:48:43.486,T,6377.75,1,,,
2026-03-30 15:48:43.486,T,6377.75,2,,,
2026-03-30 15:48:43.486,T,6377.75,1,,,
2026-03-30 15:48:43.486,T,6377.75,1,,,
2026-03-30 15:48:43.486,T,6377.75,1,,,
2026-03-30 15:48:43.486,T,6377.75,1,,,
2026-03-30 15:48:43.486,T,6377.75,1,,,
2026-03-30 15:48:43.486,T,6377.75,1,,,
2026-03-30 15:48:43.486,T,6377.75,1,,,
2026-03-30 15:48:43.486,T,6377.75,1,,,
2026-03-30 15:48:43.486,T,6377.75,2,,,
2026-03-30 15:48:43.486,T,6377.75,3,,,
2026-03-30 15:48:43.486,T,6377.75,1,,,
2026-03-30 15:48:43.486,T,6377.75,4,,,
2026-03-30 15:48:43.486,T,6377.75,1,,,
2026-03-30 15:48:43.486,T,6377.75,1,,,
2026-03-30 15:48:43.486,T,6377.75,1,,,
2026-03-30 15:48:43.486,T,6377.75,1,,,
2026-03-30 15:48:43.486,T,6377.75,1,,,
2026-03-30 15:48:43.530,T,6378.0,1,,,
2026-03-30 15:48:43.530,T,6378.0,3,,,
2026-03-30 15:48:43.530,T,6378.0,1,,,
2026-03-30 15:48:43.530,T,6378.0,1,,,
2026-03-30 15:48:43.530,T,6378.0,1,,,
2026-03-30 15:48:43.530,T,6378.0,1,,,
2026-03-30 15:48:43.530,T,6378.0,1,,,
2026-03-30 15:48:43.530,T,6378.0,1,,,
2026-03-30 15:48:43.530,T,6378.0,1,,,
2026-03-30 15:48:43.530,T,6378.0,1,,,
2026-03-30 15:48:43.530,T,6378.0,1,,,
2026-03-30 15:48:43.738,T,6377.75,3,,,
2026-03-30 15:48:43.738,T,6377.75,1,,,
2026-03-30 15:48:43.738,T,6377.75,1,,,
2026-03-30 15:48:43.738,T,6377.75,1,,,
2026-03-30 15:48:43.738,T,6377.75,1,,,
2026-03-30 15:48:43.738,T,6377.75,1,,,
2026-03-30 15:48:43.738,T,6377.75,1,,,
2026-03-30 15:48:43.738,T,6377.75,1,,,
2026-03-30 15:48:43.738,T,6377.75,1,,,
2026-03-30 15:48:43.738,T,6377.75,1,,,
2026-03-30 15:48:43.738,T,6377.75,1,,,
2026-03-30 15:48:43.738,T,6377.75,1,,,
2026-03-30 15:48:43.738,T,6377.75,4,,,
2026-03-30 15:48:43.738,T,6377.75,3,,,
2026-03-30 15:48:43.738,T,6377.75,1,,,
2026-03-30 15:48:43.738,T,6377.75,2,,,
2026-03-30 15:48:43.738,T,6377.75,1,,,
2026-03-30 15:48:43.738,T,6378.0,1,,,
2026-03-30 15:48:43.738,T,6378.0,1,,,
2026-03-30 15:48:43.738,T,6378.0,1,,,
2026-03-30 15:48:43.738,T,6378.0,1,,,
2026-03-30 15:48:43.738,T,6378.0,1,,,
2026-03-30 15:48:43.738,T,6378.0,3,,,
2026-03-30 15:48:43.738,T,6378.0,1,,,
2026-03-30 15:48:43.738,T,6378.0,2,,,
2026-03-30 15:48:43.739,Q,,,,6378.0,6378.25
2026-03-30 15:48:43.887,T,6378.25,1,,,
2026-03-30 15:48:43.887,T,6378.25,1,,,
2026-03-30 15:48:43.887,T,6378.25,2,,,
2026-03-30 15:48:43.887,T,6378.25,1,,,
2026-03-30 15:48:43.887,T,6378.25,1,,,
2026-03-30 15:48:43.887,T,6378.25,3,,,
2026-03-30 15:48:43.887,T,6378.25,3,,,
2026-03-30 15:48:43.887,T,6378.25,1,,,
2026-03-30 15:48:43.887,T,6378.25,1,,,
2026-03-30 15:48:43.887,T,6378.25,3,,,
2026-03-30 15:48:43.887,T,6378.25,1,,,
2026-03-30 15:48:43.887,T,6378.25,1,,,
2026-03-30 15:48:43.887,T,6378.25,1,,,
2026-03-30 15:48:43.887,T,6378.25,1,,,
2026-03-30 15:48:43.887,T,6378.25,1,,,
2026-03-30 15:48:43.887,T,6378.25,5,,,
2026-03-30 15:48:43.887,T,6378.25,1,,,
2026-03-30 15:48:43.887,T,6378.25,1,,,
2026-03-30 15:48:43.887,T,6378.25,1,,,
2026-03-30 15:48:43.887,T,6378.25,1,,,
2026-03-30 15:48:43.887,T,6378.25,1,,,
2026-03-30 15:48:43.887,T,6378.25,3,,,
2026-03-30 15:48:43.887,T,6378.25,1,,,
2026-03-30 15:48:43.887,T,6378.25,1,,,
2026-03-30 15:48:43.887,T,6378.25,2,,,
2026-03-30 15:48:43.981,T,6378.25,1,,,
2026-03-30 15:48:43.981,T,6378.25,1,,,
2026-03-30 15:48:43.981,T,6378.25,1,,,
2026-03-30 15:48:43.981,T,6378.25,2,,,
2026-03-30 15:48:43.981,T,6378.25,1,,,
2026-03-30 15:48:43.981,T,6378.25,1,,,
2026-03-30 15:48:43.981,T,6378.25,3,,,
2026-03-30 15:48:43.981,T,6378.25,3,,,
2026-03-30 15:48:43.981,T,6378.25,1,,,
2026-03-30 15:48:43.981,T,6378.25,1,,,
2026-03-30 15:48:43.981,T,6378.25,1,,,
2026-03-30 15:48:43.982,Q,,,,6378.25,6378.5
2026-03-30 15:48:44.085,T,6378.25,1,,,
2026-03-30 15:48:44.180,T,6378.5,5,,,
2026-03-30 15:48:44.180,T,6378.5,2,,,
2026-03-30 15:48:44.180,T,6378.5,3,,,
2026-03-30 15:48:44.180,T,6378.5,1,,,
2026-03-30 15:48:44.180,T,6378.5,2,,,
2026-03-30 15:48:44.180,T,6378.5,1,,,
2026-03-30 15:48:44.180,T,6378.5,1,,,
2026-03-30 15:48:44.180,T,6378.5,1,,,
2026-03-30 15:48:44.180,T,6378.5,1,,,
2026-03-30 15:48:44.180,T,6378.5,1,,,
2026-03-30 15:48:44.180,T,6378.5,2,,,
2026-03-30 15:48:44.180,T,6378.5,3,,,
2026-03-30 15:48:44.180,T,6378.5,1,,,
2026-03-30 15:48:44.180,T,6378.5,1,,,
2026-03-30 15:48:44.180,T,6378.5,2,,,
2026-03-30 15:48:44.180,T,6378.5,1,,,
2026-03-30 15:48:44.180,T,6378.5,1,,,
2026-03-30 15:48:44.180,T,6378.5,1,,,
2026-03-30 15:48:44.180,T,6378.5,1,,,
2026-03-30 15:48:44.180,T,6378.5,1,,,
2026-03-30 15:48:44.180,T,6378.5,2,,,
2026-03-30 15:48:44.180,T,6378.5,2,,,
2026-03-30 15:48:44.180,T,6378.5,1,,,
2026-03-30 15:48:44.237,T,6378.5,1,,,
2026-03-30 15:48:44.237,T,6378.5,1,,,
2026-03-30 15:48:44.237,T,6378.5,1,,,
2026-03-30 15:48:44.237,T,6378.5,1,,,
2026-03-30 15:48:44.237,T,6378.5,1,,,
2026-03-30 15:48:44.237,T,6378.5,1,,,
2026-03-30 15:48:44.237,T,6378.25,1,,,
2026-03-30 15:48:44.237,T,6378.5,1,,,
2026-03-30 15:48:44.237,T,6378.5,1,,,
2026-03-30 15:48:44.237,T,6378.5,1,,,
2026-03-30 15:48:44.238,Q,,,,6378.25,6378.75
2026-03-30 15:48:44.282,Q,,,,6378.5,6378.75
2026-03-30 15:48:44.435,T,6378.5,1,,,
2026-03-30 15:48:44.435,T,6378.5,2,,,
2026-03-30 15:48:44.435,T,6378.5,2,,,
2026-03-30 15:48:44.435,T,6378.5,1,,,
2026-03-30 15:48:44.435,T,6378.5,1,,,
2026-03-30 15:48:44.435,T,6378.5,1,,,
2026-03-30 15:48:44.486,T,6378.5,3,,,
2026-03-30 15:48:44.486,T,6378.5,2,,,
2026-03-30 15:48:44.486,T,6378.5,1,,,
2026-03-30 15:48:44.486,T,6378.5,1,,,
2026-03-30 15:48:44.486,T,6378.5,3,,,
2026-03-30 15:48:44.486,T,6378.25,1,,,
2026-03-30 15:48:44.486,T,6378.25,1,,,
2026-03-30 15:48:44.486,T,6378.25,1,,,
2026-03-30 15:48:44.486,T,6378.25,1,,,
2026-03-30 15:48:44.486,T,6378.25,1,,,
2026-03-30 15:48:44.486,T,6378.25,1,,,
2026-03-30 15:48:44.486,T,6378.25,1,,,
2026-03-30 15:48:44.486,T,6378.25,3,,,
2026-03-30 15:48:44.486,T,6378.5,3,,,
2026-03-30 15:48:44.486,T,6378.5,1,,,
2026-03-30 15:48:44.486,T,6378.5,4,,,
2026-03-30 15:48:44.486,T,6378.5,1,,,
2026-03-30 15:48:44.486,T,6378.5,1,,,
2026-03-30 15:48:44.486,T,6378.5,1,,,
2026-03-30 15:48:44.486,T,6378.5,1,,,
2026-03-30 15:48:44.486,T,6378.5,1,,,
2026-03-30 15:48:44.486,T,6378.5,1,,,
2026-03-30 15:48:44.486,T,6378.5,1,,,
2026-03-30 15:48:44.488,Q,,,,6378.25,6378.75
2026-03-30 15:48:44.536,Q,,,,6378.5,6378.75
2026-03-30 15:48:44.784,Q,,,,6378.25,6378.5
2026-03-30 15:48:44.785,T,6378.5,1,,,
2026-03-30 15:48:44.785,T,6378.5,1,,,
2026-03-30 15:48:44.785,T,6378.5,1,,,
2026-03-30 15:48:44.785,T,6378.5,1,,,
2026-03-30 15:48:44.785,T,6378.5,1,,,
2026-03-30 15:48:44.785,T,6378.5,1,,,
2026-03-30 15:48:44.785,T,6378.5,1,,,
2026-03-30 15:48:44.785,T,6378.5,1,,,
2026-03-30 15:48:44.785,T,6378.5,1,,,
2026-03-30 15:48:44.785,T,6378.5,1,,,
2026-03-30 15:48:44.785,T,6378.5,2,,,
2026-03-30 15:48:44.785,T,6378.5,1,,,
2026-03-30 15:48:44.785,T,6378.5,2,,,
2026-03-30 15:48:44.785,T,6378.5,1,,,
2026-03-30 15:48:44.934,Q,,,,6378.5,6378.75
2026-03-30 15:48:44.934,T,6378.5,3,,,
2026-03-30 15:48:44.934,T,6378.5,1,,,
2026-03-30 15:48:45.436,T,6378.5,1,,,
2026-03-30 15:48:45.534,T,6378.5,1,,,
2026-03-30 15:48:45.534,T,6378.5,1,,,
2026-03-30 15:48:45.833,Q,,,,6378.25,6378.5
2026-03-30 15:48:45.833,T,6378.5,1,,,
2026-03-30 15:48:45.833,T,6378.5,3,,,
2026-03-30 15:48:45.833,T,6378.5,2,,,
2026-03-30 15:48:45.833,T,6378.5,1,,,
2026-03-30 15:48:45.833,T,6378.5,1,,,
2026-03-30 15:48:45.833,T,6378.5,1,,,
2026-03-30 15:48:45.833,T,6378.25,1,,,
2026-03-30 15:48:45.833,T,6378.25,2,,,
2026-03-30 15:48:45.833,T,6378.25,1,,,
2026-03-30 15:48:45.833,T,6378.25,2,,,
2026-03-30 15:48:45.833,T,6378.25,1,,,
2026-03-30 15:48:45.833,T,6378.25,1,,,
2026-03-30 15:48:45.833,T,6378.25,1,,,
2026-03-30 15:48:45.833,T,6378.25,1,,,
2026-03-30 15:48:45.833,T,6378.25,3,,,
2026-03-30 15:48:45.833,T,6378.25,1,,,
2026-03-30 15:48:45.833,T,6378.25,1,,,
2026-03-30 15:48:45.833,T,6378.25,1,,,
2026-03-30 15:48:45.833,T,6378.5,1,,,
2026-03-30 15:48:45.936,Q,,,,6378.5,6378.75
2026-03-30 15:48:45.936,T,6378.5,1,,,
2026-03-30 15:48:45.936,T,6378.5,1,,,
2026-03-30 15:48:45.936,T,6378.5,1,,,
2026-03-30 15:48:45.936,T,6378.5,1,,,
2026-03-30 15:48:45.936,T,6378.5,1,,,
2026-03-30 15:48:45.936,T,6378.5,1,,,
2026-03-30 15:48:45.936,T,6378.5,1,,,
2026-03-30 15:48:45.936,T,6378.5,1,,,
2026-03-30 15:48:45.936,T,6378.5,1,,,
2026-03-30 15:48:45.936,T,6378.5,1,,,
2026-03-30 15:48:46.134,T,6378.5,3,,,
2026-03-30 15:48:46.134,T,6378.5,1,,,
2026-03-30 15:48:46.134,T,6378.5,1,,,
2026-03-30 15:48:46.134,T,6378.5,2,,,
2026-03-30 15:48:46.134,T,6378.5,1,,,
2026-03-30 15:48:46.134,T,6378.5,1,,,
2026-03-30 15:48:46.134,T,6378.5,1,,,
2026-03-30 15:48:46.134,T,6378.5,1,,,
2026-03-30 15:48:46.134,T,6378.5,1,,,
2026-03-30 15:48:46.134,T,6378.5,1,,,
2026-03-30 15:48:46.184,T,6378.5,1,,,
2026-03-30 15:48:46.184,T,6378.5,1,,,
2026-03-30 15:48:46.184,Q,,,,6378.25,6378.75
2026-03-30 15:48:46.381,Q,,,,6378.25,6378.5
2026-03-30 15:48:46.381,T,6378.5,1,,,
2026-03-30 15:48:46.437,T,6378.25,1,,,
2026-03-30 15:48:46.437,T,6378.5,1,,,
2026-03-30 15:48:46.437,T,6378.5,1,,,
2026-03-30 15:48:46.437,T,6378.5,1,,,
2026-03-30 15:48:46.486,Q,,,,6378.25,6378.75
2026-03-30 15:48:46.584,Q,,,,6378.25,6378.5
2026-03-30 15:48:46.735,Q,,,,6378.0,6378.5
2026-03-30 15:48:46.735,T,6378.25,1,,,
2026-03-30 15:48:46.735,T,6378.25,1,,,
2026-03-30 15:48:46.735,T,6378.25,1,,,
2026-03-30 15:48:46.735,T,6378.25,1,,,
2026-03-30 15:48:46.735,T,6378.25,1,,,
2026-03-30 15:48:46.735,T,6378.25,1,,,
2026-03-30 15:48:46.735,T,6378.25,1,,,
2026-03-30 15:48:46.735,T,6378.25,1,,,
2026-03-30 15:48:46.735,T,6378.25,2,,,
2026-03-30 15:48:46.735,T,6378.25,1,,,
2026-03-30 15:48:46.735,T,6378.25,1,,,
2026-03-30 15:48:46.735,T,6378.25,1,,,
2026-03-30 15:48:46.735,T,6378.25,1,,,
2026-03-30 15:48:46.783,Q,,,,6378.25,6378.5
2026-03-30 15:48:46.885,T,6378.25,1,,,
2026-03-30 15:48:46.885,T,6378.25,1,,,
2026-03-30 15:48:46.885,T,6378.25,1,,,
2026-03-30 15:48:46.885,T,6378.25,3,,,
2026-03-30 15:48:46.886,Q,,,,6378.0,6378.25
2026-03-30 15:48:46.936,Q,,,,6377.75,6378.0
2026-03-30 15:48:46.936,T,6378.0,1,,,
2026-03-30 15:48:46.936,T,6378.0,3,,,
2026-03-30 15:48:46.936,T,6378.0,1,,,
2026-03-30 15:48:46.936,T,6378.0,1,,,
2026-03-30 15:48:46.936,T,6378.0,1,,,
2026-03-30 15:48:46.936,T,6378.0,1,,,
2026-03-30 15:48:46.936,T,6378.0,1,,,
2026-03-30 15:48:46.936,T,6378.0,1,,,
2026-03-30 15:48:46.936,T,6378.0,2,,,
2026-03-30 15:48:46.936,T,6378.0,10,,,
2026-03-30 15:48:46.936,T,6378.0,2,,,
2026-03-30 15:48:46.936,T,6378.0,1,,,
2026-03-30 15:48:46.936,T,6378.0,1,,,
2026-03-30 15:48:46.936,T,6378.0,1,,,
2026-03-30 15:48:46.936,T,6378.0,1,,,
2026-03-30 15:48:46.936,T,6378.0,1,,,
2026-03-30 15:48:46.984,T,6378.0,1,,,
2026-03-30 15:48:46.984,T,6378.0,1,,,
2026-03-30 15:48:46.984,T,6378.0,1,,,
2026-03-30 15:48:46.984,T,6378.0,1,,,
2026-03-30 15:48:46.984,T,6378.0,1,,,
2026-03-30 15:48:46.984,T,6378.0,2,,,
2026-03-30 15:48:46.984,T,6378.0,1,,,
2026-03-30 15:48:46.984,T,6378.0,1,,,
2026-03-30 15:48:46.984,T,6378.0,1,,,
2026-03-30 15:48:46.984,T,6378.0,2,,,
2026-03-30 15:48:46.984,T,6378.0,3,,,
2026-03-30 15:48:47.129,T,6378.0,3,,,
2026-03-30 15:48:47.129,T,6378.0,1,,,
2026-03-30 15:48:47.129,T,6378.0,1,,,
2026-03-30 15:48:47.129,T,6378.0,1,,,
2026-03-30 15:48:47.129,T,6378.0,1,,,
2026-03-30 15:48:47.129,T,6378.0,1,,,
2026-03-30 15:48:47.129,T,6378.0,1,,,
2026-03-30 15:48:47.130,Q,,,,6378.0,6378.25
2026-03-30 15:48:47.185,T,6378.0,1,,,
2026-03-30 15:48:47.229,T,6378.0,1,,,
2026-03-30 15:48:47.229,Q,,,,6377.75,6378.25
2026-03-30 15:48:47.385,Q,,,,6377.75,6378.0
2026-03-30 15:48:47.481,Q,,,,6378.0,6378.25
2026-03-30 15:48:47.481,T,6378.0,3,,,
2026-03-30 15:48:47.481,T,6378.0,1,,,
2026-03-30 15:48:47.481,T,6378.0,1,,,
2026-03-30 15:48:47.481,T,6378.0,4,,,
2026-03-30 15:48:47.481,T,6378.0,2,,,
2026-03-30 15:48:47.529,Q,,,,6377.75,6378.0
2026-03-30 15:48:47.529,T,6378.0,1,,,
2026-03-30 15:48:47.633,T,6378.0,1,,,
2026-03-30 15:48:47.633,T,6378.0,3,,,
2026-03-30 15:48:47.633,T,6378.0,1,,,
2026-03-30 15:48:47.633,T,6377.75,2,,,
2026-03-30 15:48:47.633,T,6377.75,2,,,
2026-03-30 15:48:47.935,T,6377.75,1,,,
2026-03-30 15:48:47.983,T,6377.75,1,,,
2026-03-30 15:48:48.479,T,6377.75,1,,,
2026-03-30 15:48:48.580,T,6377.75,1,,,
2026-03-30 15:48:48.635,T,6377.75,1,,,
2026-03-30 15:48:49.435,T,6378.0,1,,,
2026-03-30 15:48:49.612,T,6377.75,3,,,
2026-03-30 15:48:49.612,T,6377.75,1,,,
2026-03-30 15:48:49.612,T,6377.75,3,,,
2026-03-30 15:48:49.612,T,6377.75,1,,,
2026-03-30 15:48:49.612,T,6377.75,1,,,
2026-03-30 15:48:49.612,T,6377.75,1,,,
2026-03-30 15:48:49.612,T,6377.75,1,,,
2026-03-30 15:48:49.612,T,6377.75,1,,,
2026-03-30 15:48:49.612,T,6377.75,1,,,
2026-03-30 15:48:49.612,T,6377.75,1,,,
2026-03-30 15:48:49.612,T,6377.75,1,,,
2026-03-30 15:48:49.612,T,6377.75,1,,,
2026-03-30 15:48:49.612,T,6377.75,1,,,
2026-03-30 15:48:49.612,T,6377.75,1,,,
2026-03-30 15:48:49.612,T,6377.75,1,,,
2026-03-30 15:48:49.612,T,6377.75,1,,,
2026-03-30 15:48:49.612,T,6377.75,3,,,
2026-03-30 15:48:49.612,T,6377.75,1,,,
2026-03-30 15:48:49.612,T,6377.75,1,,,
2026-03-30 15:48:49.612,T,6377.75,1,,,
2026-03-30 15:48:49.612,T,6377.75,1,,,
2026-03-30 15:48:49.678,T,6377.75,1,,,
2026-03-30 15:48:49.678,T,6377.75,2,,,
2026-03-30 15:48:49.735,T,6377.75,1,,,
2026-03-30 15:48:49.784,Q,,,,6377.5,6377.75
2026-03-30 15:48:49.784,T,6377.75,1,,,
2026-03-30 15:48:49.784,T,6377.75,1,,,
2026-03-30 15:48:49.784,T,6377.75,1,,,
2026-03-30 15:48:49.784,T,6377.75,1,,,
2026-03-30 15:48:49.831,T,6377.75,1,,,
2026-03-30 15:48:49.831,T,6377.75,1,,,
2026-03-30 15:48:49.831,T,6377.5,1,,,
2026-03-30 15:48:49.831,T,6377.5,4,,,
2026-03-30 15:48:49.831,T,6377.5,1,,,
2026-03-30 15:48:49.831,T,6377.5,1,,,
2026-03-30 15:48:49.831,T,6377.5,1,,,
2026-03-30 15:48:49.831,T,6377.5,1,,,
2026-03-30 15:48:49.831,T,6377.5,1,,,
2026-03-30 15:48:49.831,T,6377.5,1,,,
2026-03-30 15:48:49.831,T,6377.5,1,,,
2026-03-30 15:48:49.831,T,6377.5,2,,,
2026-03-30 15:48:49.831,T,6377.5,1,,,
2026-03-30 15:48:49.831,T,6377.5,1,,,
2026-03-30 15:48:49.930,Q,,,,6377.75,6378.0
2026-03-30 15:48:49.930,T,6377.75,3,,,
2026-03-30 15:48:49.930,T,6377.75,1,,,
2026-03-30 15:48:49.930,T,6377.75,1,,,
2026-03-30 15:48:49.930,T,6377.75,1,,,
2026-03-30 15:48:49.930,T,6377.75,1,,,
2026-03-30 15:48:49.930,T,6377.75,1,,,
2026-03-30 15:48:49.930,T,6377.75,1,,,
2026-03-30 15:48:49.930,T,6377.75,1,,,
2026-03-30 15:48:49.930,T,6377.75,1,,,
2026-03-30 15:48:49.930,T,6377.75,1,,,
2026-03-30 15:48:49.930,T,6377.75,5,,,
2026-03-30 15:48:49.930,T,6377.75,1,,,
2026-03-30 15:48:49.930,T,6377.75,1,,,
2026-03-30 15:48:49.930,T,6377.75,4,,,
2026-03-30 15:48:49.930,T,6377.75,14,,,
2026-03-30 15:48:49.930,T,6377.75,1,,,
2026-03-30 15:48:49.987,Q,,,,6377.5,6378.0
2026-03-30 15:48:49.987,T,6377.75,1,,,
2026-03-30 15:48:49.987,T,6377.75,1,,,
2026-03-30 15:48:49.987,T,6377.75,3,,,
2026-03-30 15:48:49.987,T,6377.75,1,,,
2026-03-30 15:48:49.987,T,6377.75,4,,,
2026-03-30 15:48:49.987,T,6377.75,1,,,
2026-03-30 15:48:49.987,T,6377.75,1,,,
2026-03-30 15:48:50.085,T,6378.0,1,,,
2026-03-30 15:48:50.086,Q,,,,6377.75,6378.0
2026-03-30 15:48:50.235,T,6377.75,2,,,
2026-03-30 15:48:50.235,T,6377.75,1,,,
2026-03-30 15:48:50.235,T,6377.75,1,,,
2026-03-30 15:48:50.235,T,6377.75,1,,,
2026-03-30 15:48:50.536,T,6378.0,1,,,
2026-03-30 15:48:50.536,T,6378.0,2,,,
2026-03-30 15:48:50.536,T,6378.0,1,,,
2026-03-30 15:48:50.536,T,6378.0,1,,,
2026-03-30 15:48:50.536,T,6378.0,1,,,
2026-03-30 15:48:50.536,T,6378.0,1,,,
2026-03-30 15:48:50.584,T,6378.0,5,,,
2026-03-30 15:48:50.784,T,6377.75,1,,,
2026-03-30 15:48:50.784,T,6377.75,1,,,
2026-03-30 15:48:50.784,T,6377.75,1,,,
2026-03-30 15:48:50.784,T,6377.75,1,,,
2026-03-30 15:48:50.784,T,6377.75,1,,,
2026-03-30 15:48:50.784,T,6377.75,1,,,
2026-03-30 15:48:50.784,T,6377.75,4,,,
2026-03-30 15:48:50.784,T,6377.75,1,,,
2026-03-30 15:48:50.784,T,6377.75,1,,,
2026-03-30 15:48:50.784,T,6377.75,1,,,
2026-03-30 15:48:50.784,T,6377.75,1,,,
2026-03-30 15:48:50.785,Q,,,,6377.5,6377.75
2026-03-30 15:48:50.831,Q,,,,6377.25,6377.5
2026-03-30 15:48:50.832,T,6377.5,2,,,
2026-03-30 15:48:50.832,T,6377.5,1,,,
2026-03-30 15:48:50.832,T,6377.5,1,,,
2026-03-30 15:48:50.832,T,6377.5,1,,,
2026-03-30 15:48:50.832,T,6377.5,1,,,
2026-03-30 15:48:50.832,T,6377.5,1,,,
2026-03-30 15:48:50.832,T,6377.5,1,,,
2026-03-30 15:48:50.832,T,6377.5,1,,,
2026-03-30 15:48:50.832,T,6377.5,1,,,
2026-03-30 15:48:50.832,T,6377.5,4,,,
2026-03-30 15:48:50.832,T,6377.5,1,,,
2026-03-30 15:48:50.832,T,6377.5,1,,,
2026-03-30 15:48:50.832,T,6377.5,2,,,
2026-03-30 15:48:50.832,T,6377.5,1,,,
2026-03-30 15:48:50.832,T,6377.5,1,,,
2026-03-30 15:48:50.832,T,6377.5,2,,,
2026-03-30 15:48:50.832,T,6377.5,1,,,
2026-03-30 15:48:50.832,T,6377.5,1,,,
2026-03-30 15:48:50.832,T,6377.5,3,,,
2026-03-30 15:48:50.832,T,6377.5,2,,,
2026-03-30 15:48:50.832,T,6377.5,1,,,
2026-03-30 15:48:50.832,T,6377.5,2,,,
2026-03-30 15:48:50.832,T,6377.5,1,,,
2026-03-30 15:48:50.832,T,6377.5,1,,,
2026-03-30 15:48:50.832,T,6377.5,1,,,
2026-03-30 15:48:50.832,T,6377.5,1,,,
2026-03-30 15:48:50.832,T,6377.5,1,,,
2026-03-30 15:48:50.832,T,6377.5,1,,,
2026-03-30 15:48:50.832,T,6377.5,1,,,
2026-03-30 15:48:50.832,T,6377.5,1,,,
2026-03-30 15:48:50.955,T,6377.5,10,,,
2026-03-30 15:48:50.955,T,6377.5,1,,,
2026-03-30 15:48:50.955,T,6377.5,1,,,
2026-03-30 15:48:50.955,T,6377.5,1,,,
2026-03-30 15:48:50.955,T,6377.5,1,,,
2026-03-30 15:48:50.955,T,6377.5,1,,,
2026-03-30 15:48:50.955,T,6377.5,1,,,
2026-03-30 15:48:50.955,T,6377.5,1,,,
2026-03-30 15:48:50.955,T,6377.5,1,,,
2026-03-30 15:48:50.955,T,6377.5,3,,,
2026-03-30 15:48:50.955,T,6377.5,1,,,
2026-03-30 15:48:50.955,T,6377.5,1,,,
2026-03-30 15:48:50.955,T,6377.5,4,,,
2026-03-30 15:48:50.955,T,6377.5,1,,,
2026-03-30 15:48:50.955,T,6377.5,3,,,
2026-03-30 15:48:50.955,T,6377.5,1,,,
2026-03-30 15:48:50.955,T,6377.5,1,,,
2026-03-30 15:48:50.955,T,6377.5,1,,,
2026-03-30 15:48:50.957,Q,,,,6377.25,6377.75
2026-03-30 15:48:51.135,Q,,,,6377.5,6377.75
2026-03-30 15:48:51.435,T,6377.75,2,,,
2026-03-30 15:48:51.435,T,6377.75,2,,,
2026-03-30 15:48:51.435,T,6377.75,3,,,
2026-03-30 15:48:51.587,T,6377.75,1,,,
2026-03-30 15:48:51.587,T,6377.75,1,,,
2026-03-30 15:48:51.587,T,6377.75,1,,,
2026-03-30 15:48:51.587,T,6377.75,1,,,
2026-03-30 15:48:51.587,T,6377.75,1,,,
2026-03-30 15:48:51.587,T,6377.75,1,,,
2026-03-30 15:48:51.587,T,6377.75,1,,,
2026-03-30 15:48:51.587,T,6377.75,4,,,
2026-03-30 15:48:51.587,T,6377.75,5,,,
2026-03-30 15:48:51.587,T,6377.75,8,,,
2026-03-30 15:48:51.587,T,6377.75,1,,,
2026-03-30 15:48:51.587,T,6377.75,1,,,
2026-03-30 15:48:51.587,T,6377.75,15,,,
2026-03-30 15:48:51.587,T,6377.75,5,,,
2026-03-30 15:48:51.587,T,6377.75,1,,,
2026-03-30 15:48:51.587,T,6377.75,2,,,
2026-03-30 15:48:51.587,T,6377.75,1,,,
2026-03-30 15:48:51.587,T,6377.75,1,,,
2026-03-30 15:48:51.587,T,6377.75,1,,,
2026-03-30 15:48:51.886,T,6377.5,2,,,
2026-03-30 15:48:51.979,T,6377.5,1,,,
2026-03-30 15:48:52.035,T,6377.5,1,,,
2026-03-30 15:48:52.035,T,6377.5,1,,,
2026-03-30 15:48:52.035,T,6377.5,1,,,
2026-03-30 15:48:52.035,T,6377.5,1,,,
2026-03-30 15:48:52.035,T,6377.5,1,,,
2026-03-30 15:48:52.035,T,6377.5,3,,,
2026-03-30 15:48:52.035,T,6377.5,1,,,
2026-03-30 15:48:52.035,T,6377.5,1,,,
2026-03-30 15:48:52.035,T,6377.5,1,,,
2026-03-30 15:48:52.035,T,6377.5,1,,,
2026-03-30 15:48:52.035,T,6377.5,1,,,
2026-03-30 15:48:52.035,T,6377.5,1,,,
2026-03-30 15:48:52.035,T,6377.5,1,,,
2026-03-30 15:48:52.035,T,6377.5,1,,,
2026-03-30 15:48:52.035,T,6377.5,1,,,
2026-03-30 15:48:52.035,T,6377.5,1,,,
2026-03-30 15:48:52.035,T,6377.5,1,,,
2026-03-30 15:48:52.035,T,6377.5,3,,,
2026-03-30 15:48:52.035,T,6377.5,1,,,
2026-03-30 15:48:52.035,T,6377.5,1,,,
2026-03-30 15:48:52.035,T,6377.5,1,,,
2026-03-30 15:48:52.035,T,6377.5,1,,,
2026-03-30 15:48:52.035,T,6377.5,1,,,
2026-03-30 15:48:52.035,T,6377.5,1,,,
2026-03-30 15:48:52.037,Q,,,,6377.25,6377.5
2026-03-30 15:48:52.132,Q,,,,6377.5,6377.75
2026-03-30 15:48:52.132,T,6377.5,1,,,
2026-03-30 15:48:52.132,T,6377.5,2,,,
2026-03-30 15:48:52.132,T,6377.5,1,,,
2026-03-30 15:48:52.132,T,6377.5,2,,,
2026-03-30 15:48:52.431,T,6377.5,1,,,
2026-03-30 15:48:52.480,Q,,,,6377.25,6377.75
2026-03-30 15:48:52.480,T,6377.5,2,,,
2026-03-30 15:48:52.480,T,6377.5,1,,,
2026-03-30 15:48:52.480,T,6377.5,1,,,
2026-03-30 15:48:52.480,T,6377.5,3,,,
2026-03-30 15:48:52.480,T,6377.5,2,,,
2026-03-30 15:48:52.480,T,6377.5,1,,,
2026-03-30 15:48:52.480,T,6377.5,1,,,
2026-03-30 15:48:52.480,T,6377.5,1,,,
2026-03-30 15:48:52.480,T,6377.5,1,,,
2026-03-30 15:48:52.480,T,6377.5,3,,,
2026-03-30 15:48:52.480,T,6377.5,1,,,
2026-03-30 15:48:52.535,Q,,,,6377.5,6377.75
2026-03-30 15:48:52.582,Q,,,,6377.25,6377.5
2026-03-30 15:48:52.582,T,6377.5,1,,,
2026-03-30 15:48:52.582,T,6377.5,1,,,
2026-03-30 15:48:52.582,T,6377.5,1,,,
2026-03-30 15:48:52.679,Q,,,,6377.0,6377.25
2026-03-30 15:48:52.679,T,6377.25,1,,,
2026-03-30 15:48:52.679,T,6377.25,1,,,
2026-03-30 15:48:52.679,T,6377.25,1,,,
2026-03-30 15:48:52.679,T,6377.25,1,,,
2026-03-30 15:48:52.679,T,6377.25,1,,,
2026-03-30 15:48:52.679,T,6377.25,1,,,
2026-03-30 15:48:52.679,T,6377.25,4,,,
2026-03-30 15:48:52.679,T,6377.25,3,,,
2026-03-30 15:48:52.679,T,6377.25,1,,,
2026-03-30 15:48:52.679,T,6377.25,3,,,
2026-03-30 15:48:52.679,T,6377.25,2,,,
2026-03-30 15:48:52.679,T,6377.25,1,,,
2026-03-30 15:48:52.679,T,6377.25,1,,,
2026-03-30 15:48:52.679,T,6377.25,1,,,
2026-03-30 15:48:52.679,T,6377.25,2,,,
2026-03-30 15:48:52.679,T,6377.25,1,,,
2026-03-30 15:48:52.679,T,6377.25,1,,,
2026-03-30 15:48:52.679,T,6377.25,1,,,
2026-03-30 15:48:52.679,T,6377.25,1,,,
2026-03-30 15:48:52.679,T,6377.25,4,,,
2026-03-30 15:48:52.679,T,6377.25,1,,,
2026-03-30 15:48:52.679,T,6377.25,1,,,
2026-03-30 15:48:52.679,T,6377.25,4,,,
2026-03-30 15:48:52.679,T,6377.25,1,,,
2026-03-30 15:48:52.679,T,6377.25,2,,,
2026-03-30 15:48:52.679,T,6377.25,2,,,
2026-03-30 15:48:53.181,T,6377.0,1,,,
2026-03-30 15:48:53.181,T,6377.0,1,,,
2026-03-30 15:48:53.181,T,6377.0,1,,,
2026-03-30 15:48:53.181,T,6377.0,1,,,
2026-03-30 15:48:53.234,T,6377.0,1,,,
2026-03-30 15:48:53.331,T,6377.0,1,,,
2026-03-30 15:48:53.331,T,6377.0,1,,,
2026-03-30 15:48:53.331,T,6377.0,1,,,
2026-03-30 15:48:53.331,T,6377.0,1,,,
2026-03-30 15:48:53.331,T,6377.0,1,,,
2026-03-30 15:48:53.331,T,6377.0,1,,,
2026-03-30 15:48:53.331,T,6377.0,1,,,
2026-03-30 15:48:53.331,T,6377.0,1,,,
2026-03-30 15:48:53.331,T,6377.0,1,,,
2026-03-30 15:48:53.331,T,6377.0,1,,,
2026-03-30 15:48:53.331,T,6377.0,1,,,
2026-03-30 15:48:53.331,T,6377.0,1,,,
2026-03-30 15:48:53.331,T,6377.0,2,,,
2026-03-30 15:48:53.331,T,6377.0,1,,,
2026-03-30 15:48:53.331,T,6377.0,1,,,
2026-03-30 15:48:53.331,T,6377.0,1,,,
2026-03-30 15:48:53.331,T,6377.0,2,,,
2026-03-30 15:48:53.333,Q,,,,6376.75,6377.0
2026-03-30 15:48:53.571,T,6376.75,1,,,
2026-03-30 15:48:53.571,T,6376.75,1,,,
2026-03-30 15:48:53.571,T,6376.75,1,,,
2026-03-30 15:48:53.571,T,6376.75,3,,,
2026-03-30 15:48:53.571,T,6376.75,1,,,
2026-03-30 15:48:53.571,T,6376.75,1,,,
2026-03-30 15:48:53.571,T,6376.75,2,,,
2026-03-30 15:48:53.571,T,6376.75,1,,,
2026-03-30 15:48:53.571,T,6377.0,1,,,
2026-03-30 15:48:53.571,T,6377.0,3,,,
2026-03-30 15:48:53.571,T,6377.0,1,,,
2026-03-30 15:48:53.571,T,6377.0,3,,,
2026-03-30 15:48:53.571,T,6377.0,1,,,
2026-03-30 15:48:53.571,T,6377.0,2,,,
2026-03-30 15:48:53.571,T,6377.0,1,,,
2026-03-30 15:48:53.571,T,6377.0,1,,,
2026-03-30 15:48:53.571,T,6377.0,1,,,
2026-03-30 15:48:53.571,T,6377.0,1,,,
2026-03-30 15:48:53.571,T,6377.0,1,,,
2026-03-30 15:48:53.571,T,6377.0,2,,,
2026-03-30 15:48:53.571,T,6377.0,1,,,
2026-03-30 15:48:53.571,T,6377.0,2,,,
2026-03-30 15:48:53.571,T,6377.0,1,,,
2026-03-30 15:48:53.619,T,6377.0,3,,,
2026-03-30 15:48:53.619,T,6377.0,1,,,
2026-03-30 15:48:53.719,T,6377.0,1,,,
2026-03-30 15:48:53.719,T,6377.0,3,,,
2026-03-30 15:48:53.719,T,6377.0,1,,,
2026-03-30 15:48:53.719,T,6377.0,1,,,
2026-03-30 15:48:53.768,Q,,,,6377.0,6377.25
2026-03-30 15:48:53.769,T,6377.0,1,,,
2026-03-30 15:48:53.769,T,6377.0,2,,,
2026-03-30 15:48:53.822,Q,,,,6376.75,6377.0
2026-03-30 15:48:53.822,T,6377.0,1,,,
2026-03-30 15:48:53.822,T,6377.0,2,,,
2026-03-30 15:48:53.822,T,6377.0,1,,,
2026-03-30 15:48:53.822,T,6377.0,1,,,
2026-03-30 15:48:53.919,T,6376.75,2,,,
2026-03-30 15:48:53.919,T,6376.75,1,,,
2026-03-30 15:48:53.919,T,6376.75,1,,,
2026-03-30 15:48:53.919,T,6376.75,1,,,
2026-03-30 15:48:53.919,T,6376.75,1,,,
2026-03-30 15:48:54.118,T,6377.0,1,,,
2026-03-30 15:48:54.118,T,6377.0,1,,,
2026-03-30 15:48:54.118,T,6377.0,2,,,
2026-03-30 15:48:54.220,T,6376.75,1,,,
2026-03-30 15:48:54.319,T,6376.75,1,,,
2026-03-30 15:48:54.319,T,6376.75,1,,,
2026-03-30 15:48:54.872,T,6376.75,1,,,
2026-03-30 15:48:54.872,T,6376.75,1,,,
2026-03-30 15:48:54.872,T,6376.75,1,,,
2026-03-30 15:48:54.872,T,6376.75,1,,,
2026-03-30 15:48:54.872,T,6376.75,3,,,
2026-03-30 15:48:54.872,T,6376.75,1,,,
2026-03-30 15:48:54.872,T,6376.75,1,,,
2026-03-30 15:48:54.872,T,6376.75,16,,,
2026-03-30 15:48:54.872,T,6376.75,4,,,
2026-03-30 15:48:54.872,T,6376.75,1,,,
2026-03-30 15:48:54.872,T,6376.75,1,,,
2026-03-30 15:48:54.872,T,6376.75,1,,,
2026-03-30 15:48:54.872,T,6376.75,1,,,
2026-03-30 15:48:54.872,T,6376.75,1,,,
2026-03-30 15:48:54.872,T,6376.75,1,,,
2026-03-30 15:48:54.872,T,6376.75,1,,,
2026-03-30 15:48:54.872,T,6376.75,1,,,
2026-03-30 15:48:54.872,T,6376.75,1,,,
2026-03-30 15:48:54.872,T,6376.75,1,,,
2026-03-30 15:48:54.872,T,6376.75,1,,,
2026-03-30 15:48:54.872,T,6376.75,1,,,
2026-03-30 15:48:54.872,T,6376.75,1,,,
2026-03-30 15:48:54.872,T,6376.75,1,,,
2026-03-30 15:48:54.872,T,6376.75,2,,,
2026-03-30 15:48:54.872,T,6376.75,1,,,
2026-03-30 15:48:54.872,T,6376.75,1,,,
2026-03-30 15:48:54.872,T,6376.75,1,,,
2026-03-30 15:48:54.872,T,6376.75,1,,,
2026-03-30 15:48:54.872,T,6376.75,1,,,
2026-03-30 15:48:54.872,T,6376.75,1,,,
2026-03-30 15:48:54.872,T,6376.75,1,,,
2026-03-30 15:48:55.047,T,6377.0,2,,,
2026-03-30 15:48:55.127,T,6377.0,1,,,
2026-03-30 15:48:55.127,T,6377.0,1,,,
2026-03-30 15:48:55.127,T,6377.0,1,,,
2026-03-30 15:48:55.127,T,6377.0,4,,,
2026-03-30 15:48:55.127,T,6377.0,1,,,
2026-03-30 15:48:55.127,T,6377.0,1,,,
2026-03-30 15:48:55.127,T,6377.0,1,,,
2026-03-30 15:48:55.127,T,6377.0,1,,,
2026-03-30 15:48:55.127,T,6377.0,2,,,
2026-03-30 15:48:55.127,T,6377.0,1,,,
2026-03-30 15:48:55.127,T,6377.0,1,,,
2026-03-30 15:48:55.127,T,6377.0,1,,,
2026-03-30 15:48:55.127,T,6377.0,1,,,
2026-03-30 15:48:55.127,T,6377.0,1,,,
2026-03-30 15:48:55.127,T,6377.0,2,,,
2026-03-30 15:48:55.127,T,6377.0,1,,,
2026-03-30 15:48:55.127,T,6377.0,1,,,
2026-03-30 15:48:55.127,T,6377.0,1,,,
2026-03-30 15:48:55.218,T,6376.75,1,,,
2026-03-30 15:48:55.218,T,6376.75,3,,,
2026-03-30 15:48:55.218,T,6376.75,2,,,
2026-03-30 15:48:55.218,T,6377.0,1,,,
2026-03-30 15:48:55.269,T,6377.0,1,,,
2026-03-30 15:48:55.269,T,6377.0,3,,,
2026-03-30 15:48:55.269,T,6377.0,1,,,
2026-03-30 15:48:55.269,T,6377.0,1,,,
2026-03-30 15:48:55.269,T,6377.0,1,,,
2026-03-30 15:48:55.269,T,6377.0,1,,,
2026-03-30 15:48:55.269,T,6377.0,4,,,
2026-03-30 15:48:55.269,T,6377.0,1,,,
2026-03-30 15:48:55.269,T,6377.0,2,,,
2026-03-30 15:48:55.269,T,6377.0,1,,,
2026-03-30 15:48:55.269,T,6377.0,1,,,
2026-03-30 15:48:55.269,T,6377.0,1,,,
2026-03-30 15:48:55.269,T,6377.0,1,,,
2026-03-30 15:48:55.768,T,6376.75,1,,,
2026-03-30 15:48:55.818,Q,,,,6376.5,6377.0
2026-03-30 15:48:55.820,T,6376.75,3,,,
2026-03-30 15:48:55.820,T,6376.75,2,,,
2026-03-30 15:48:55.820,T,6376.75,1,,,
2026-03-30 15:48:55.820,T,6376.75,1,,,
2026-03-30 15:48:55.820,T,6376.75,1,,,
2026-03-30 15:48:55.820,T,6376.75,1,,,
2026-03-30 15:48:55.820,T,6376.75,1,,,
2026-03-30 15:48:55.820,T,6376.75,1,,,
2026-03-30 15:48:55.820,T,6376.75,1,,,
2026-03-30 15:48:55.820,T,6376.75,1,,,
2026-03-30 15:48:55.820,T,6376.75,3,,,
2026-03-30 15:48:55.820,T,6376.75,1,,,
2026-03-30 15:48:55.820,T,6376.75,3,,,
2026-03-30 15:48:55.820,T,6376.75,2,,,
2026-03-30 15:48:55.820,T,6376.75,4,,,
2026-03-30 15:48:55.820,T,6376.75,1,,,
2026-03-30 15:48:55.820,T,6376.75,1,,,
2026-03-30 15:48:55.820,T,6376.75,1,,,
2026-03-30 15:48:55.820,T,6376.75,1,,,
2026-03-30 15:48:55.820,T,6376.75,1,,,
2026-03-30 15:48:55.820,T,6376.75,3,,,
2026-03-30 15:48:55.820,T,6376.75,1,,,
2026-03-30 15:48:55.820,T,6376.75,1,,,
2026-03-30 15:48:55.820,T,6376.75,1,,,
2026-03-30 15:48:55.820,T,6376.75,1,,,
2026-03-30 15:48:55.820,T,6376.75,1,,,
2026-03-30 15:48:55.820,T,6376.75,1,,,
2026-03-30 15:48:55.820,T,6376.75,2,,,
2026-03-30 15:48:55.820,T,6376.75,1,,,
2026-03-30 15:48:55.820,T,6376.75,1,,,
2026-03-30 15:48:55.869,T,6376.75,1,,,
2026-03-30 15:48:55.918,Q,,,,6376.75,6377.0
2026-03-30 15:48:56.273,T,6377.0,2,,,
2026-03-30 15:48:56.273,T,6377.0,3,,,
2026-03-30 15:48:56.273,T,6377.0,3,,,
2026-03-30 15:48:56.273,T,6377.0,1,,,
2026-03-30 15:48:56.273,T,6377.0,1,,,
2026-03-30 15:48:56.273,T,6377.0,1,,,
2026-03-30 15:48:56.273,T,6377.0,1,,,
2026-03-30 15:48:56.273,T,6377.0,1,,,
2026-03-30 15:48:56.273,T,6377.0,2,,,
2026-03-30 15:48:56.273,T,6377.0,3,,,
2026-03-30 15:48:56.273,T,6377.0,1,,,
2026-03-30 15:48:56.273,T,6377.25,1,,,
2026-03-30 15:48:56.273,T,6377.25,1,,,
2026-03-30 15:48:56.273,T,6377.25,1,,,
2026-03-30 15:48:56.273,T,6377.25,1,,,
2026-03-30 15:48:56.273,T,6377.25,1,,,
2026-03-30 15:48:56.273,T,6377.25,1,,,
2026-03-30 15:48:56.273,T,6377.25,1,,,
2026-03-30 15:48:56.273,T,6377.25,1,,,
2026-03-30 15:48:56.273,T,6377.25,1,,,
2026-03-30 15:48:56.275,Q,,,,6377.25,6377.5
2026-03-30 15:48:56.319,T,6377.5,2,,,
2026-03-30 15:48:56.468,T,6377.25,1,,,
2026-03-30 15:48:56.468,T,6377.25,1,,,
2026-03-30 15:48:56.768,T,6377.5,1,,,
2026-03-30 15:48:56.768,T,6377.5,1,,,
2026-03-30 15:48:56.768,T,6377.5,1,,,
2026-03-30 15:48:56.768,T,6377.5,1,,,
2026-03-30 15:48:56.768,T,6377.5,1,,,
2026-03-30 15:48:56.768,T,6377.5,10,,,
2026-03-30 15:48:56.768,T,6377.5,1,,,
2026-03-30 15:48:56.768,T,6377.5,1,,,
2026-03-30 15:48:56.768,T,6377.5,1,,,
2026-03-30 15:48:56.768,T,6377.5,1,,,
2026-03-30 15:48:56.768,T,6377.5,1,,,
2026-03-30 15:48:56.768,T,6377.5,1,,,
2026-03-30 15:48:56.768,T,6377.5,3,,,
2026-03-30 15:48:56.768,T,6377.5,1,,,
2026-03-30 15:48:56.768,T,6377.5,1,,,
2026-03-30 15:48:56.768,T,6377.5,2,,,
2026-03-30 15:48:56.770,Q,,,,6377.5,6377.75
2026-03-30 15:48:56.819,T,6377.5,1,,,
2026-03-30 15:48:56.918,T,6377.75,1,,,
2026-03-30 15:48:57.119,T,6377.75,1,,,
2026-03-30 15:48:57.119,T,6377.75,1,,,
2026-03-30 15:48:57.119,T,6377.75,1,,,
2026-03-30 15:48:57.119,T,6377.75,1,,,
2026-03-30 15:48:57.119,T,6377.75,1,,,
2026-03-30 15:48:57.119,T,6377.75,1,,,
2026-03-30 15:48:57.119,T,6377.75,1,,,
2026-03-30 15:48:57.119,T,6377.75,3,,,
2026-03-30 15:48:57.119,T,6377.75,2,,,
2026-03-30 15:48:57.119,T,6377.75,1,,,
2026-03-30 15:48:57.119,T,6378.0,1,,,
2026-03-30 15:48:57.119,T,6378.0,1,,,
2026-03-30 15:48:57.119,T,6378.0,1,,,
2026-03-30 15:48:57.120,Q,,,,6377.75,6378.0
2026-03-30 15:48:57.168,T,6377.75,1,,,
2026-03-30 15:48:57.168,T,6377.75,1,,,
2026-03-30 15:48:57.269,T,6377.75,1,,,
2026-03-30 15:48:57.518,T,6378.0,1,,,
2026-03-30 15:48:57.518,T,6378.0,1,,,
2026-03-30 15:48:57.618,T,6377.75,1,,,
2026-03-30 15:48:57.618,T,6377.75,1,,,
2026-03-30 15:48:57.781,T,6377.75,1,,,
2026-03-30 15:48:57.781,T,6377.75,1,,,
2026-03-30 15:48:57.781,T,6377.75,1,,,
2026-03-30 15:48:57.781,T,6377.75,1,,,
2026-03-30 15:48:57.781,T,6377.75,1,,,
2026-03-30 15:48:57.781,T,6377.75,1,,,
2026-03-30 15:48:57.781,T,6377.75,1,,,
2026-03-30 15:48:57.781,T,6377.75,1,,,
2026-03-30 15:48:57.781,T,6377.75,1,,,
2026-03-30 15:48:57.781,T,6377.75,1,,,
2026-03-30 15:48:57.781,T,6377.75,1,,,
2026-03-30 15:48:57.781,T,6377.75,1,,,
2026-03-30 15:48:57.781,T,6377.75,1,,,
2026-03-30 15:48:57.781,T,6377.75,1,,,
2026-03-30 15:48:57.781,T,6377.75,1,,,
2026-03-30 15:48:57.781,T,6377.75,1,,,
2026-03-30 15:48:57.781,T,6377.75,1,,,
2026-03-30 15:48:57.781,T,6377.75,1,,,
2026-03-30 15:48:57.781,T,6377.75,1,,,
2026-03-30 15:48:57.781,T,6377.75,1,,,
2026-03-30 15:48:57.781,T,6377.75,1,,,
2026-03-30 15:48:57.781,T,6377.75,1,,,
2026-03-30 15:48:57.781,T,6377.75,2,,,
2026-03-30 15:48:57.781,T,6377.75,1,,,
2026-03-30 15:48:57.781,T,6377.75,1,,,
2026-03-30 15:48:57.781,T,6377.75,1,,,
2026-03-30 15:48:57.781,T,6377.75,1,,,
2026-03-30 15:48:57.781,T,6377.75,1,,,
2026-03-30 15:48:57.781,T,6377.75,3,,,
2026-03-30 15:48:57.781,T,6377.75,1,,,
2026-03-30 15:48:57.781,T,6377.75,1,,,
2026-03-30 15:48:57.781,T,6377.75,2,,,
2026-03-30 15:48:57.781,T,6377.75,1,,,
2026-03-30 15:48:57.781,T,6377.75,2,,,
2026-03-30 15:48:58.019,T,6377.75,1,,,
2026-03-30 15:48:58.118,T,6377.75,1,,,
2026-03-30 15:48:58.118,T,6377.75,1,,,
2026-03-30 15:48:58.118,T,6377.75,1,,,
2026-03-30 15:48:59.068,T,6378.0,1,,,
2026-03-30 15:48:59.121,T,6378.0,1,,,
2026-03-30 15:48:59.420,T,6378.0,1,,,
2026-03-30 15:48:59.420,T,6378.0,1,,,
2026-03-30 15:48:59.420,T,6378.0,1,,,
2026-03-30 15:48:59.420,T,6378.0,1,,,
2026-03-30 15:48:59.420,T,6378.0,1,,,
2026-03-30 15:48:59.420,T,6378.0,1,,,
2026-03-30 15:48:59.420,T,6378.0,1,,,
2026-03-30 15:48:59.420,T,6378.0,1,,,
2026-03-30 15:48:59.420,T,6378.0,1,,,
2026-03-30 15:48:59.420,T,6378.0,1,,,
2026-03-30 15:48:59.420,T,6378.0,3,,,
2026-03-30 15:48:59.420,T,6378.0,1,,,
2026-03-30 15:48:59.420,T,6378.0,1,,,
2026-03-30 15:48:59.420,T,6378.0,3,,,
2026-03-30 15:48:59.420,T,6378.0,1,,,
2026-03-30 15:48:59.420,T,6378.0,1,,,
2026-03-30 15:48:59.420,T,6378.0,1,,,
2026-03-30 15:48:59.420,T,6378.0,2,,,
2026-03-30 15:48:59.420,T,6378.0,1,,,
2026-03-30 15:48:59.420,T,6378.0,4,,,
2026-03-30 15:48:59.420,T,6378.0,1,,,
2026-03-30 15:48:59.420,T,6378.0,3,,,
2026-03-30 15:48:59.420,T,6378.0,1,,,
2026-03-30 15:48:59.421,Q,,,,6378.0,6378.25
2026-03-30 15:48:59.569,T,6378.25,1,,,
2026-03-30 15:48:59.821,T,6378.25,1,,,
2026-03-30 15:49:00.120,T,6378.25,1,,,
2026-03-30 15:49:00.120,T,6378.25,1,,,
2026-03-30 15:49:00.120,T,6378.25,1,,,
2026-03-30 15:49:00.120,T,6378.25,1,,,
2026-03-30 15:49:00.120,T,6378.25,1,,,
2026-03-30 15:49:00.120,T,6378.25,2,,,
2026-03-30 15:49:00.120,T,6378.25,1,,,
2026-03-30 15:49:00.120,T,6378.25,2,,,
2026-03-30 15:49:00.120,T,6378.25,1,,,
2026-03-30 15:49:00.120,T,6378.25,2,,,
2026-03-30 15:49:00.120,T,6378.25,1,,,
2026-03-30 15:49:00.120,T,6378.25,1,,,
2026-03-30 15:49:00.120,T,6378.25,1,,,
2026-03-30 15:49:00.120,T,6378.25,1,,,
2026-03-30 15:49:00.120,T,6378.25,1,,,
2026-03-30 15:49:00.120,T,6378.25,1,,,
2026-03-30 15:49:00.120,T,6378.25,2,,,
2026-03-30 15:49:00.120,T,6378.25,1,,,
2026-03-30 15:49:00.120,T,6378.25,1,,,
2026-03-30 15:49:00.120,T,6378.25,1,,,
2026-03-30 15:49:00.120,T,6378.25,1,,,
2026-03-30 15:49:00.120,T,6378.25,1,,,
2026-03-30 15:49:00.120,T,6378.25,1,,,
2026-03-30 15:49:00.120,T,6378.25,1,,,
2026-03-30 15:49:00.120,T,6378.25,1,,,
2026-03-30 15:49:00.120,T,6378.25,1,,,
2026-03-30 15:49:00.120,T,6378.25,2,,,
2026-03-30 15:49:00.120,T,6378.25,1,,,
2026-03-30 15:49:00.120,T,6378.25,1,,,
2026-03-30 15:49:00.120,T,6378.25,1,,,
2026-03-30 15:49:00.120,T,6378.25,1,,,
2026-03-30 15:49:00.305,Q,,,,6378.25,6378.5
2026-03-30 15:49:00.306,T,6378.5,1,,,
2026-03-30 15:49:00.306,T,6378.25,1,,,
2026-03-30 15:49:00.418,T,6378.5,1,,,
2026-03-30 15:49:00.468,T,6378.25,1,,,
2026-03-30 15:49:00.468,T,6378.25,1,,,
2026-03-30 15:49:00.468,T,6378.25,1,,,
2026-03-30 15:49:00.468,T,6378.25,1,,,
2026-03-30 15:49:00.468,T,6378.25,1,,,
2026-03-30 15:49:00.468,T,6378.25,1,,,
2026-03-30 15:49:00.468,T,6378.25,1,,,
2026-03-30 15:49:00.468,T,6378.25,1,,,
2026-03-30 15:49:00.468,T,6378.25,3,,,
2026-03-30 15:49:00.468,T,6378.25,2,,,
2026-03-30 15:49:00.468,T,6378.25,2,,,
2026-03-30 15:49:00.468,T,6378.25,1,,,
2026-03-30 15:49:00.468,T,6378.5,1,,,
2026-03-30 15:49:00.468,T,6378.5,3,,,
2026-03-30 15:49:00.468,T,6378.5,1,,,
2026-03-30 15:49:00.468,T,6378.25,1,,,
2026-03-30 15:49:00.468,T,6378.25,1,,,
2026-03-30 15:49:01.069,T,6378.5,1,,,
2026-03-30 15:49:01.069,T,6378.5,1,,,
2026-03-30 15:49:01.069,T,6378.5,1,,,
2026-03-30 15:49:01.069,T,6378.5,1,,,
2026-03-30 15:49:01.069,T,6378.5,3,,,
2026-03-30 15:49:01.069,T,6378.5,1,,,
2026-03-30 15:49:01.069,T,6378.5,1,,,
2026-03-30 15:49:01.069,T,6378.5,1,,,
2026-03-30 15:49:01.069,T,6378.5,1,,,
2026-03-30 15:49:01.069,T,6378.5,1,,,
2026-03-30 15:49:01.069,T,6378.5,1,,,
2026-03-30 15:49:01.069,T,6378.5,1,,,
2026-03-30 15:49:01.069,T,6378.5,1,,,
2026-03-30 15:49:01.069,T,6378.5,2,,,
2026-03-30 15:49:01.069,T,6378.5,1,,,
2026-03-30 15:49:01.071,Q,,,,6378.5,6378.75
2026-03-30 15:49:01.119,Q,,,,6378.75,6379.0
2026-03-30 15:49:01.120,T,6378.5,1,,,
2026-03-30 15:49:01.120,T,6378.75,1,,,
2026-03-30 15:49:01.120,T,6378.75,1,,,
2026-03-30 15:49:01.120,T,6378.75,1,,,
2026-03-30 15:49:01.120,T,6378.75,1,,,
2026-03-30 15:49:01.120,T,6378.75,1,,,
2026-03-30 15:49:01.120,T,6378.75,1,,,
2026-03-30 15:49:01.120,T,6378.75,1,,,
2026-03-30 15:49:01.120,T,6378.75,1,,,
2026-03-30 15:49:01.120,T,6378.75,2,,,
2026-03-30 15:49:01.120,T,6378.75,1,,,
2026-03-30 15:49:01.120,T,6378.75,1,,,
2026-03-30 15:49:01.120,T,6378.75,1,,,
2026-03-30 15:49:01.120,T,6378.75,1,,,
2026-03-30 15:49:01.120,T,6378.75,4,,,
2026-03-30 15:49:01.120,T,6378.75,3,,,
2026-03-30 15:49:01.120,T,6378.75,3,,,
2026-03-30 15:49:01.120,T,6378.75,1,,,
2026-03-30 15:49:01.120,T,6378.75,2,,,
2026-03-30 15:49:01.120,T,6378.75,1,,,
2026-03-30 15:49:01.120,T,6378.75,1,,,
2026-03-30 15:49:01.120,T,6378.75,4,,,
2026-03-30 15:49:01.120,T,6378.75,1,,,
2026-03-30 15:49:01.120,T,6378.75,36,,,
2026-03-30 15:49:01.120,T,6378.75,1,,,
2026-03-30 15:49:01.120,T,6378.75,1,,,
2026-03-30 15:49:01.120,T,6378.75,1,,,
2026-03-30 15:49:01.120,T,6378.75,1,,,
2026-03-30 15:49:01.120,T,6378.75,1,,,
2026-03-30 15:49:01.120,T,6378.75,2,,,
2026-03-30 15:49:01.120,T,6378.75,1,,,
2026-03-30 15:49:01.120,T,6378.75,3,,,
2026-03-30 15:49:01.120,T,6378.75,1,,,
2026-03-30 15:49:01.120,T,6378.75,1,,,
2026-03-30 15:49:01.120,T,6378.75,1,,,
2026-03-30 15:49:01.120,T,6378.75,1,,,
2026-03-30 15:49:01.120,T,6378.75,3,,,
2026-03-30 15:49:01.120,T,6378.75,1,,,
2026-03-30 15:49:01.120,T,6378.75,1,,,
2026-03-30 15:49:01.120,T,6378.75,5,,,
2026-03-30 15:49:01.120,T,6378.75,1,,,
2026-03-30 15:49:01.120,T,6378.75,1,,,
2026-03-30 15:49:01.418,Q,,,,6378.5,6378.75
2026-03-30 15:49:01.418,T,6378.75,1,,,
2026-03-30 15:49:01.418,T,6378.75,1,,,
2026-03-30 15:49:01.418,T,6378.75,1,,,
2026-03-30 15:49:01.418,T,6378.75,1,,,
2026-03-30 15:49:01.418,T,6378.75,1,,,
2026-03-30 15:49:01.470,Q,,,,6378.75,6379.0
2026-03-30 15:49:01.470,T,6378.75,3,,,
2026-03-30 15:49:01.470,T,6379.0,3,,,
2026-03-30 15:49:01.470,T,6379.0,1,,,
2026-03-30 15:49:01.470,T,6379.0,1,,,
2026-03-30 15:49:01.470,T,6379.0,1,,,
2026-03-30 15:49:01.470,T,6379.0,2,,,
2026-03-30 15:49:01.470,T,6379.0,3,,,
2026-03-30 15:49:01.470,T,6379.0,1,,,
2026-03-30 15:49:01.470,T,6379.0,1,,,
2026-03-30 15:49:01.470,T,6379.0,2,,,
2026-03-30 15:49:01.470,T,6379.0,1,,,
2026-03-30 15:49:01.470,T,6379.0,1,,,
2026-03-30 15:49:01.470,T,6379.0,1,,,
2026-03-30 15:49:01.470,T,6379.0,2,,,
2026-03-30 15:49:01.470,T,6379.0,1,,,
2026-03-30 15:49:01.470,T,6379.0,1,,,
2026-03-30 15:49:01.470,T,6379.0,1,,,
2026-03-30 15:49:01.470,T,6379.0,1,,,
2026-03-30 15:49:01.470,T,6379.0,4,,,
2026-03-30 15:49:01.470,T,6379.0,2,,,
2026-03-30 15:49:01.768,T,6379.0,1,,,
2026-03-30 15:49:02.220,T,6379.0,3,,,
2026-03-30 15:49:02.220,T,6379.0,1,,,
2026-03-30 15:49:02.220,T,6379.0,1,,,
2026-03-30 15:49:02.220,T,6379.0,1,,,
2026-03-30 15:49:02.220,T,6379.0,1,,,
2026-03-30 15:49:02.220,T,6379.0,1,,,
2026-03-30 15:49:02.220,T,6379.0,1,,,
2026-03-30 15:49:02.220,T,6379.0,1,,,
2026-03-30 15:49:02.220,T,6379.0,1,,,
2026-03-30 15:49:02.220,T,6379.0,1,,,
2026-03-30 15:49:02.268,T,6379.0,3,,,
2026-03-30 15:49:02.268,T,6379.0,1,,,
2026-03-30 15:49:02.319,T,6378.75,2,,,
2026-03-30 15:49:02.319,T,6378.75,1,,,
2026-03-30 15:49:02.319,T,6378.75,1,,,
2026-03-30 15:49:02.319,T,6378.75,1,,,
2026-03-30 15:49:02.319,T,6378.75,1,,,
2026-03-30 15:49:02.319,T,6378.75,1,,,
2026-03-30 15:49:02.319,T,6378.75,1,,,
2026-03-30 15:49:02.319,T,6378.75,1,,,
2026-03-30 15:49:02.319,T,6378.75,3,,,
2026-03-30 15:49:02.471,T,6378.75,1,,,
2026-03-30 15:49:02.471,T,6378.75,9,,,
2026-03-30 15:49:02.471,T,6378.75,1,,,
2026-03-30 15:49:02.471,T,6378.75,1,,,
2026-03-30 15:49:02.471,T,6378.75,1,,,
2026-03-30 15:49:02.471,T,6378.75,1,,,
2026-03-30 15:49:02.471,T,6378.75,1,,,
2026-03-30 15:49:02.471,T,6378.75,1,,,
2026-03-30 15:49:02.471,T,6378.75,3,,,
2026-03-30 15:49:02.471,T,6378.75,1,,,
2026-03-30 15:49:02.471,T,6378.75,2,,,
2026-03-30 15:49:02.471,T,6378.75,2,,,
2026-03-30 15:49:02.471,T,6378.75,1,,,
2026-03-30 15:49:02.471,T,6378.75,1,,,
2026-03-30 15:49:02.471,T,6378.75,1,,,
2026-03-30 15:49:02.471,T,6378.75,2,,,
2026-03-30 15:49:02.471,T,6378.75,1,,,
2026-03-30 15:49:02.471,T,6378.75,1,,,
2026-03-30 15:49:02.471,T,6378.75,1,,,
2026-03-30 15:49:02.471,T,6378.75,1,,,
2026-03-30 15:49:02.471,T,6378.75,1,,,
2026-03-30 15:49:02.471,T,6378.75,1,,,
2026-03-30 15:49:02.471,T,6378.75,1,,,
2026-03-30 15:49:02.471,T,6378.75,1,,,
2026-03-30 15:49:02.471,T,6378.75,1,,,
2026-03-30 15:49:02.471,T,6378.75,2,,,
2026-03-30 15:49:02.473,Q,,,,6378.5,6379.0
2026-03-30 15:49:02.518,Q,,,,6378.5,6378.75
2026-03-30 15:49:02.669,Q,,,,6378.75,6379.0
2026-03-30 15:49:02.670,T,6378.75,1,,,
2026-03-30 15:49:02.670,T,6378.75,1,,,
2026-03-30 15:49:02.670,T,6378.75,2,,,
2026-03-30 15:49:02.818,T,6378.75,1,,,
2026-03-30 15:49:02.818,Q,,,,6378.5,6378.75
2026-03-30 15:49:03.268,T,6378.5,5,,,
2026-03-30 15:49:03.268,T,6378.5,1,,,
2026-03-30 15:49:03.268,T,6378.5,1,,,
2026-03-30 15:49:03.268,T,6378.5,1,,,
2026-03-30 15:49:03.268,T,6378.5,1,,,
2026-03-30 15:49:03.268,T,6378.5,1,,,
2026-03-30 15:49:03.268,T,6378.5,1,,,
2026-03-30 15:49:03.268,T,6378.5,2,,,
2026-03-30 15:49:03.268,T,6378.5,1,,,
2026-03-30 15:49:03.268,T,6378.5,1,,,
2026-03-30 15:49:03.268,T,6378.5,1,,,
2026-03-30 15:49:03.269,Q,,,,6378.25,6378.5
2026-03-30 15:49:03.319,T,6378.5,1,,,
2026-03-30 15:49:03.319,T,6378.5,1,,,
2026-03-30 15:49:03.320,Q,,,,6378.5,6378.75
2026-03-30 15:49:03.769,T,6378.5,1,,,
2026-03-30 15:49:03.769,T,6378.5,2,,,
2026-03-30 15:49:03.769,T,6378.5,1,,,
2026-03-30 15:49:04.120,T,6378.5,1,,,
2026-03-30 15:49:04.120,T,6378.5,1,,,
2026-03-30 15:49:04.218,Q,,,,6378.25,6378.5
2026-03-30 15:49:04.219,T,6378.5,1,,,
2026-03-30 15:49:04.219,T,6378.5,1,,,
2026-03-30 15:49:04.219,T,6378.5,1,,,
2026-03-30 15:49:04.219,T,6378.5,1,,,
2026-03-30 15:49:04.219,T,6378.5,1,,,
2026-03-30 15:49:04.219,T,6378.5,3,,,
2026-03-30 15:49:04.219,T,6378.5,1,,,
2026-03-30 15:49:04.219,T,6378.5,1,,,
2026-03-30 15:49:04.219,T,6378.5,1,,,
2026-03-30 15:49:04.219,T,6378.5,1,,,
2026-03-30 15:49:04.368,T,6378.25,1,,,
2026-03-30 15:49:04.468,Q,,,,6378.5,6378.75
2026-03-30 15:49:04.469,T,6378.5,2,,,
2026-03-30 15:49:04.469,T,6378.5,1,,,
2026-03-30 15:49:04.469,T,6378.5,3,,,
2026-03-30 15:49:04.469,T,6378.5,1,,,
2026-03-30 15:49:04.469,T,6378.5,1,,,
2026-03-30 15:49:04.469,T,6378.5,3,,,
2026-03-30 15:49:04.469,T,6378.5,1,,,
2026-03-30 15:49:04.469,T,6378.5,2,,,
2026-03-30 15:49:04.518,T,6378.75,3,,,
2026-03-30 15:49:04.518,T,6378.75,1,,,
2026-03-30 15:49:04.518,T,6378.75,1,,,
2026-03-30 15:49:04.518,T,6378.75,1,,,
2026-03-30 15:49:04.518,T,6378.75,4,,,
2026-03-30 15:49:04.518,T,6378.75,1,,,
2026-03-30 15:49:04.518,T,6378.75,1,,,
2026-03-30 15:49:04.518,T,6378.75,2,,,
2026-03-30 15:49:04.518,T,6378.75,2,,,
2026-03-30 15:49:04.518,T,6378.75,2,,,
2026-03-30 15:49:04.518,T,6378.75,1,,,
2026-03-30 15:49:04.518,T,6378.75,1,,,
2026-03-30 15:49:04.518,T,6378.75,1,,,
2026-03-30 15:49:04.518,T,6378.75,1,,,
2026-03-30 15:49:04.518,T,6378.75,1,,,
2026-03-30 15:49:04.518,T,6378.75,1,,,
2026-03-30 15:49:04.518,T,6378.75,1,,,
2026-03-30 15:49:04.518,T,6378.75,1,,,
2026-03-30 15:49:04.518,T,6378.75,1,,,
2026-03-30 15:49:04.518,T,6378.75,1,,,
2026-03-30 15:49:04.518,T,6378.75,1,,,
2026-03-30 15:49:04.518,T,6378.75,1,,,
2026-03-30 15:49:04.518,T,6378.75,1,,,
2026-03-30 15:49:04.518,T,6378.75,2,,,
2026-03-30 15:49:04.518,T,6378.75,1,,,
2026-03-30 15:49:04.518,T,6378.75,1,,,
2026-03-30 15:49:04.520,Q,,,,6378.75,6379.0
2026-03-30 15:49:04.570,Q,,,,6379.0,6379.25
2026-03-30 15:49:04.571,T,6379.0,3,,,
2026-03-30 15:49:04.571,T,6379.0,1,,,
2026-03-30 15:49:04.571,T,6379.0,1,,,
2026-03-30 15:49:04.571,T,6379.0,1,,,
2026-03-30 15:49:04.571,T,6379.0,1,,,
2026-03-30 15:49:04.571,T,6379.0,1,,,
2026-03-30 15:49:04.571,T,6379.0,1,,,
2026-03-30 15:49:04.571,T,6379.0,1,,,
2026-03-30 15:49:04.571,T,6379.0,1,,,
2026-03-30 15:49:04.571,T,6379.0,1,,,
2026-03-30 15:49:04.571,T,6379.0,1,,,
2026-03-30 15:49:04.571,T,6379.0,2,,,
2026-03-30 15:49:04.571,T,6379.0,1,,,
2026-03-30 15:49:04.571,T,6379.0,1,,,
2026-03-30 15:49:04.571,T,6379.0,1,,,
2026-03-30 15:49:04.571,T,6379.0,1,,,
2026-03-30 15:49:04.571,T,6379.0,1,,,
2026-03-30 15:49:04.571,T,6379.0,1,,,
2026-03-30 15:49:04.668,Q,,,,6378.75,6379.25
2026-03-30 15:49:04.718,Q,,,,6379.0,6379.25
2026-03-30 15:49:04.818,T,6379.0,1,,,
2026-03-30 15:49:04.919,T,6379.0,1,,,
2026-03-30 15:49:04.919,T,6379.0,1,,,
2026-03-30 15:49:04.919,T,6379.0,1,,,
2026-03-30 15:49:04.919,Q,,,,6378.75,6379.0
2026-03-30 15:49:05.020,T,6379.0,1,,,
2026-03-30 15:49:05.020,T,6379.0,1,,,
2026-03-30 15:49:05.020,T,6379.0,1,,,
2026-03-30 15:49:05.020,T,6379.0,2,,,
2026-03-30 15:49:05.020,T,6379.0,1,,,
2026-03-30 15:49:05.020,T,6379.0,1,,,
2026-03-30 15:49:05.068,T,6378.75,1,,,
2026-03-30 15:49:05.768,T,6379.0,2,,,
2026-03-30 15:49:05.943,T,6378.75,1,,,
2026-03-30 15:49:05.943,T,6378.75,1,,,
2026-03-30 15:49:05.943,T,6378.75,1,,,
2026-03-30 15:49:05.943,T,6378.75,1,,,
2026-03-30 15:49:05.943,T,6378.75,1,,,
2026-03-30 15:49:05.943,T,6378.75,1,,,
2026-03-30 15:49:05.943,T,6378.75,1,,,
2026-03-30 15:49:05.943,T,6378.75,2,,,
2026-03-30 15:49:05.944,Q,,,,6378.5,6378.75
2026-03-30 15:49:06.118,T,6378.75,1,,,
2026-03-30 15:49:06.118,T,6378.75,1,,,
2026-03-30 15:49:06.118,T,6378.75,1,,,
2026-03-30 15:49:06.118,T,6378.75,1,,,
2026-03-30 15:49:06.118,T,6378.75,2,,,
2026-03-30 15:49:06.118,T,6378.75,1,,,
2026-03-30 15:49:06.119,Q,,,,6378.75,6379.0
2026-03-30 15:49:06.970,T,6379.0,1,,,
2026-03-30 15:49:06.970,T,6379.0,1,,,
2026-03-30 15:49:06.970,T,6379.0,1,,,
2026-03-30 15:49:06.970,T,6379.0,1,,,
2026-03-30 15:49:06.970,T,6379.0,2,,,
2026-03-30 15:49:06.970,T,6379.0,1,,,
2026-03-30 15:49:06.970,T,6379.0,1,,,
2026-03-30 15:49:06.970,T,6379.0,1,,,
2026-03-30 15:49:06.970,T,6379.0,2,,,
2026-03-30 15:49:06.970,T,6379.0,1,,,
2026-03-30 15:49:06.970,T,6379.0,1,,,
2026-03-30 15:49:06.970,T,6379.0,1,,,
2026-03-30 15:49:07.168,T,6379.0,1,,,
2026-03-30 15:49:07.568,T,6378.75,1,,,
2026-03-30 15:49:07.919,T,6378.75,1,,,
2026-03-30 15:49:08.070,T,6379.0,3,,,
2026-03-30 15:49:08.070,T,6379.0,1,,,
2026-03-30 15:49:08.070,T,6379.0,2,,,
2026-03-30 15:49:08.070,T,6379.0,1,,,
2026-03-30 15:49:08.070,T,6379.0,1,,,
2026-03-30 15:49:08.070,T,6379.0,2,,,
2026-03-30 15:49:08.070,T,6379.0,1,,,
2026-03-30 15:49:08.070,T,6379.0,1,,,
2026-03-30 15:49:08.070,T,6379.0,1,,,
2026-03-30 15:49:08.070,T,6379.0,2,,,
2026-03-30 15:49:08.070,T,6379.0,1,,,
2026-03-30 15:49:08.070,T,6379.0,1,,,
2026-03-30 15:49:08.070,T,6379.0,2,,,
2026-03-30 15:49:08.070,T,6379.0,1,,,
2026-03-30 15:49:08.070,T,6379.0,1,,,
2026-03-30 15:49:08.070,T,6379.0,1,,,
2026-03-30 15:49:08.070,T,6379.0,1,,,
2026-03-30 15:49:08.070,T,6379.0,1,,,
2026-03-30 15:49:08.118,Q,,,,6379.0,6379.25
2026-03-30 15:49:08.119,T,6379.0,1,,,
2026-03-30 15:49:08.119,T,6379.0,3,,,
2026-03-30 15:49:08.119,T,6379.0,1,,,
2026-03-30 15:49:08.119,T,6379.0,1,,,
2026-03-30 15:49:08.168,T,6379.25,1,,,
2026-03-30 15:49:08.168,T,6379.25,1,,,
2026-03-30 15:49:08.168,T,6379.25,1,,,
2026-03-30 15:49:08.168,T,6379.25,1,,,
2026-03-30 15:49:08.168,T,6379.25,1,,,
2026-03-30 15:49:08.168,T,6379.25,2,,,
2026-03-30 15:49:08.168,T,6379.25,1,,,
2026-03-30 15:49:08.168,T,6379.25,1,,,
2026-03-30 15:49:08.168,T,6379.25,1,,,
2026-03-30 15:49:08.168,T,6379.25,1,,,
2026-03-30 15:49:08.168,T,6379.0,1,,,
2026-03-30 15:49:08.271,T,6379.25,1,,,
2026-03-30 15:49:08.319,Q,,,,6378.75,6379.0
2026-03-30 15:49:08.319,T,6379.0,1,,,
2026-03-30 15:49:08.319,T,6379.0,2,,,
2026-03-30 15:49:08.319,T,6379.0,1,,,
2026-03-30 15:49:08.319,T,6379.0,1,,,
2026-03-30 15:49:08.319,T,6379.0,1,,,
2026-03-30 15:49:08.319,T,6379.0,1,,,
2026-03-30 15:49:08.319,T,6379.0,1,,,
2026-03-30 15:49:08.319,T,6379.0,1,,,
2026-03-30 15:49:08.368,Q,,,,6379.25,6379.5
2026-03-30 15:49:08.369,T,6379.0,1,,,
2026-03-30 15:49:08.369,T,6379.0,1,,,
2026-03-30 15:49:08.369,T,6379.0,1,,,
2026-03-30 15:49:08.369,T,6379.25,1,,,
2026-03-30 15:49:08.369,T,6379.25,1,,,
2026-03-30 15:49:08.369,T,6379.25,1,,,
2026-03-30 15:49:08.369,T,6379.25,1,,,
2026-03-30 15:49:08.369,T,6379.25,1,,,
2026-03-30 15:49:08.369,T,6379.25,1,,,
2026-03-30 15:49:08.369,T,6379.25,1,,,
2026-03-30 15:49:08.369,T,6379.25,1,,,
2026-03-30 15:49:08.418,T,6379.25,1,,,
2026-03-30 15:49:08.468,T,6379.25,1,,,
2026-03-30 15:49:08.468,T,6379.25,1,,,
2026-03-30 15:49:08.468,T,6379.25,1,,,
2026-03-30 15:49:08.469,Q,,,,6379.0,6379.25
2026-03-30 15:49:09.019,T,6379.0,1,,,
2026-03-30 15:49:09.019,T,6379.0,1,,,
2026-03-30 15:49:09.019,Q,,,,6378.75,6379.0
2026-03-30 15:49:09.128,T,6379.0,1,,,
2026-03-30 15:49:09.128,T,6379.0,1,,,
2026-03-30 15:49:09.128,T,6379.0,1,,,
2026-03-30 15:49:09.128,T,6379.0,1,,,
2026-03-30 15:49:09.128,T,6379.0,1,,,
2026-03-30 15:49:09.128,T,6379.0,1,,,
2026-03-30 15:49:09.128,T,6379.0,2,,,
2026-03-30 15:49:09.128,T,6379.0,1,,,
2026-03-30 15:49:09.128,T,6379.0,1,,,
2026-03-30 15:49:09.129,Q,,,,6379.0,6379.25
2026-03-30 15:49:09.168,T,6379.25,1,,,
2026-03-30 15:49:09.369,T,6379.0,1,,,
2026-03-30 15:49:09.369,T,6379.0,2,,,
2026-03-30 15:49:09.369,T,6379.0,1,,,
2026-03-30 15:49:09.369,T,6379.0,1,,,
2026-03-30 15:49:09.369,T,6379.0,1,,,
2026-03-30 15:49:09.369,T,6379.0,2,,,
2026-03-30 15:49:09.369,Q,,,,6378.75,6379.0
2026-03-30 15:49:09.568,T,6379.0,1,,,
2026-03-30 15:49:09.568,T,6379.0,1,,,
2026-03-30 15:49:09.568,T,6379.0,2,,,
2026-03-30 15:49:09.568,T,6379.0,1,,,
2026-03-30 15:49:09.568,T,6379.0,1,,,
2026-03-30 15:49:09.568,T,6379.0,1,,,
2026-03-30 15:49:09.568,T,6379.0,1,,,
2026-03-30 15:49:09.568,T,6379.0,2,,,
2026-03-30 15:49:09.568,T,6379.0,1,,,
2026-03-30 15:49:09.568,T,6379.0,1,,,
2026-03-30 15:49:09.569,Q,,,,6378.75,6379.25
2026-03-30 15:49:09.618,Q,,,,6378.75,6379.0
2026-03-30 15:49:09.819,Q,,,,6379.0,6379.25
2026-03-30 15:49:09.819,T,6379.0,1,,,
2026-03-30 15:49:09.868,T,6379.0,3,,,
2026-03-30 15:49:09.868,T,6379.0,1,,,
2026-03-30 15:49:09.868,T,6379.0,1,,,
2026-03-30 15:49:09.868,T,6379.0,1,,,
2026-03-30 15:49:09.869,Q,,,,6378.75,6379.0
2026-03-30 15:49:10.468,T,6379.0,1,,,
2026-03-30 15:49:10.468,T,6379.0,1,,,
2026-03-30 15:49:10.468,T,6379.0,1,,,
2026-03-30 15:49:10.468,T,6379.0,1,,,
2026-03-30 15:49:10.468,T,6379.0,2,,,
2026-03-30 15:49:10.468,T,6379.0,1,,,
2026-03-30 15:49:10.468,T,6379.0,1,,,
2026-03-30 15:49:10.468,T,6379.0,1,,,
2026-03-30 15:49:10.718,T,6378.75,1,,,
2026-03-30 15:49:10.718,T,6378.75,1,,,
2026-03-30 15:49:10.718,T,6378.75,3,,,
2026-03-30 15:49:10.718,T,6378.75,1,,,
2026-03-30 15:49:10.718,T,6378.75,1,,,
2026-03-30 15:49:10.718,T,6378.75,1,,,
2026-03-30 15:49:10.718,T,6378.75,1,,,
2026-03-30 15:49:10.718,T,6378.75,1,,,
2026-03-30 15:49:10.718,T,6378.75,1,,,
2026-03-30 15:49:10.718,T,6378.75,1,,,
2026-03-30 15:49:10.718,T,6378.75,1,,,
2026-03-30 15:49:10.718,T,6378.75,1,,,
2026-03-30 15:49:10.718,T,6378.75,3,,,
2026-03-30 15:49:10.718,T,6378.75,3,,,
2026-03-30 15:49:10.718,T,6378.75,2,,,
2026-03-30 15:49:10.718,T,6378.75,2,,,
2026-03-30 15:49:10.718,T,6378.75,1,,,
2026-03-30 15:49:10.718,T,6378.75,1,,,
2026-03-30 15:49:10.718,T,6378.75,1,,,
2026-03-30 15:49:10.718,T,6378.75,1,,,
2026-03-30 15:49:10.718,T,6378.75,1,,,
2026-03-30 15:49:10.718,T,6378.75,2,,,
2026-03-30 15:49:10.718,T,6378.75,1,,,
2026-03-30 15:49:10.718,T,6378.75,1,,,
2026-03-30 15:49:10.718,T,6378.75,1,,,
2026-03-30 15:49:10.718,T,6378.75,1,,,
2026-03-30 15:49:10.718,T,6378.75,1,,,
2026-03-30 15:49:10.718,T,6378.75,1,,,
2026-03-30 15:49:10.718,T,6378.75,2,,,
2026-03-30 15:49:10.718,T,6378.75,2,,,
2026-03-30 15:49:10.718,T,6378.75,2,,,
2026-03-30 15:49:10.718,T,6378.75,1,,,
2026-03-30 15:49:10.718,T,6378.75,1,,,
2026-03-30 15:49:10.718,T,6378.75,2,,,
2026-03-30 15:49:10.718,T,6378.75,4,,,
2026-03-30 15:49:10.718,T,6378.75,2,,,
2026-03-30 15:49:10.718,T,6378.75,1,,,
2026-03-30 15:49:10.718,T,6378.75,1,,,
2026-03-30 15:49:10.718,T,6378.75,1,,,
2026-03-30 15:49:10.718,T,6378.75,1,,,
2026-03-30 15:49:10.819,T,6379.0,1,,,
2026-03-30 15:49:11.219,T,6378.75,2,,,
2026-03-30 15:49:11.318,T,6378.75,1,,,
2026-03-30 15:49:11.318,T,6378.75,1,,,
2026-03-30 15:49:11.318,T,6378.75,1,,,
2026-03-30 15:49:11.318,T,6378.75,1,,,
2026-03-30 15:49:11.318,T,6378.75,1,,,
2026-03-30 15:49:11.318,T,6378.75,3,,,
2026-03-30 15:49:11.318,T,6378.75,1,,,
2026-03-30 15:49:11.318,T,6378.75,1,,,
2026-03-30 15:49:11.318,T,6378.75,1,,,
2026-03-30 15:49:11.319,Q,,,,6378.5,6378.75
2026-03-30 15:49:11.368,T,6378.75,2,,,
2026-03-30 15:49:11.368,T,6378.75,2,,,
2026-03-30 15:49:11.368,T,6378.75,1,,,
2026-03-30 15:49:11.919,T,6378.5,2,,,
2026-03-30 15:49:12.619,T,6378.5,1,,,
2026-03-30 15:49:12.619,T,6378.5,1,,,
2026-03-30 15:49:12.619,T,6378.5,1,,,
2026-03-30 15:49:12.619,T,6378.5,1,,,
2026-03-30 15:49:12.619,T,6378.5,1,,,
2026-03-30 15:49:12.619,T,6378.5,1,,,
2026-03-30 15:49:12.619,T,6378.5,1,,,
2026-03-30 15:49:12.619,T,6378.5,1,,,
2026-03-30 15:49:12.619,T,6378.5,2,,,
2026-03-30 15:49:12.619,T,6378.5,1,,,
2026-03-30 15:49:12.619,T,6378.5,1,,,
2026-03-30 15:49:12.619,T,6378.5,1,,,
2026-03-30 15:49:12.619,T,6378.5,10,,,
2026-03-30 15:49:12.619,T,6378.5,1,,,
2026-03-30 15:49:12.619,T,6378.5,1,,,
2026-03-30 15:49:12.619,T,6378.5,1,,,
2026-03-30 15:49:12.619,T,6378.5,1,,,
2026-03-30 15:49:12.619,T,6378.5,1,,,
2026-03-30 15:49:12.619,T,6378.5,1,,,
2026-03-30 15:49:12.619,T,6378.5,1,,,
2026-03-30 15:49:12.619,T,6378.5,1,,,
2026-03-30 15:49:12.619,T,6378.5,1,,,
2026-03-30 15:49:12.619,T,6378.5,1,,,
2026-03-30 15:49:12.621,Q,,,,6378.25,6378.5
2026-03-30 15:49:12.669,T,6378.5,2,,,
2026-03-30 15:49:12.669,T,6378.5,1,,,
2026-03-30 15:49:12.669,Q,,,,6378.25,6378.75
2026-03-30 15:49:12.718,T,6378.25,1,,,
2026-03-30 15:49:12.719,Q,,,,6378.25,6378.5
2026-03-30 15:49:12.768,T,6378.25,4,,,
2026-03-30 15:49:12.768,T,6378.25,1,,,
2026-03-30 15:49:13.019,Q,,,,6378.0,6378.25
2026-03-30 15:49:13.020,T,6378.25,1,,,
2026-03-30 15:49:13.020,T,6378.25,1,,,
2026-03-30 15:49:13.020,T,6378.25,1,,,
2026-03-30 15:49:13.020,T,6378.25,1,,,
2026-03-30 15:49:13.020,T,6378.25,1,,,
2026-03-30 15:49:13.020,T,6378.25,1,,,
2026-03-30 15:49:13.020,T,6378.25,1,,,
2026-03-30 15:49:13.020,T,6378.25,1,,,
2026-03-30 15:49:13.020,T,6378.25,3,,,
2026-03-30 15:49:13.020,T,6378.25,1,,,
2026-03-30 15:49:13.020,T,6378.25,1,,,
2026-03-30 15:49:13.020,T,6378.25,4,,,
2026-03-30 15:49:13.020,T,6378.25,1,,,
2026-03-30 15:49:13.020,T,6378.25,1,,,
2026-03-30 15:49:13.020,T,6378.25,1,,,
2026-03-30 15:49:13.020,T,6378.25,2,,,
2026-03-30 15:49:13.020,T,6378.25,1,,,
2026-03-30 15:49:13.169,T,6378.25,3,,,
2026-03-30 15:49:13.169,T,6378.25,1,,,
2026-03-30 15:49:13.169,T,6378.25,1,,,
2026-03-30 15:49:13.169,T,6378.25,1,,,
2026-03-30 15:49:13.169,T,6378.25,3,,,
2026-03-30 15:49:13.169,T,6378.25,1,,,
2026-03-30 15:49:13.169,T,6378.25,1,,,
2026-03-30 15:49:13.218,Q,,,,6378.0,6378.5
2026-03-30 15:49:13.319,Q,,,,6378.25,6378.5
2026-03-30 15:49:13.668,T,6378.25,1,,,
2026-03-30 15:49:13.718,T,6378.5,3,,,
2026-03-30 15:49:13.718,T,6378.5,1,,,
2026-03-30 15:49:14.018,T,6378.25,1,,,
2026-03-30 15:49:14.018,T,6378.5,1,,,
2026-03-30 15:49:14.018,T,6378.5,1,,,
2026-03-30 15:49:14.018,T,6378.5,1,,,
2026-03-30 15:49:14.018,T,6378.5,1,,,
2026-03-30 15:49:14.018,T,6378.5,1,,,
2026-03-30 15:49:14.018,T,6378.5,4,,,
2026-03-30 15:49:14.018,T,6378.5,1,,,
2026-03-30 15:49:14.018,T,6378.5,1,,,
2026-03-30 15:49:14.018,T,6378.5,3,,,
2026-03-30 15:49:14.018,T,6378.5,1,,,
2026-03-30 15:49:14.018,T,6378.5,1,,,
2026-03-30 15:49:14.018,T,6378.5,1,,,
2026-03-30 15:49:14.018,T,6378.5,1,,,
2026-03-30 15:49:14.018,T,6378.5,1,,,
2026-03-30 15:49:14.018,T,6378.75,1,,,
2026-03-30 15:49:14.018,T,6378.75,1,,,
2026-03-30 15:49:14.018,T,6378.75,1,,,
2026-03-30 15:49:14.018,T,6378.75,1,,,
2026-03-30 15:49:14.018,T,6378.75,1,,,
2026-03-30 15:49:14.018,T,6378.75,2,,,
2026-03-30 15:49:14.018,T,6378.75,1,,,
2026-03-30 15:49:14.018,T,6378.75,1,,,
2026-03-30 15:49:14.018,T,6378.75,3,,,
2026-03-30 15:49:14.018,T,6378.75,1,,,
2026-03-30 15:49:14.021,Q,,,,6378.5,6378.75
2026-03-30 15:49:14.818,T,6378.75,1,,,
2026-03-30 15:49:14.818,T,6378.75,1,,,
2026-03-30 15:49:14.818,T,6378.75,1,,,
2026-03-30 15:49:14.818,T,6378.75,1,,,
2026-03-30 15:49:14.818,T,6378.75,1,,,
2026-03-30 15:49:14.818,T,6378.75,1,,,
2026-03-30 15:49:14.818,T,6378.75,1,,,
2026-03-30 15:49:14.818,T,6378.75,1,,,
2026-03-30 15:49:14.818,T,6378.75,2,,,
2026-03-30 15:49:14.818,T,6378.75,1,,,
2026-03-30 15:49:14.818,T,6378.75,1,,,
2026-03-30 15:49:14.818,T,6378.75,1,,,
2026-03-30 15:49:14.818,T,6378.75,1,,,
2026-03-30 15:49:14.968,T,6378.5,1,,,
2026-03-30 15:49:15.219,T,6378.5,1,,,
2026-03-30 15:49:15.219,T,6378.5,1,,,
2026-03-30 15:49:15.219,T,6378.5,1,,,
2026-03-30 15:49:15.219,T,6378.5,1,,,
2026-03-30 15:49:15.219,T,6378.5,1,,,
2026-03-30 15:49:15.219,T,6378.5,1,,,
2026-03-30 15:49:15.219,T,6378.5,1,,,
2026-03-30 15:49:15.219,T,6378.5,1,,,
2026-03-30 15:49:15.219,T,6378.5,1,,,
2026-03-30 15:49:15.219,T,6378.5,1,,,
2026-03-30 15:49:15.219,T,6378.5,1,,,
2026-03-30 15:49:15.219,T,6378.5,1,,,
2026-03-30 15:49:15.219,T,6378.5,1,,,
2026-03-30 15:49:15.219,T,6378.5,1,,,
2026-03-30 15:49:15.219,T,6378.5,3,,,
2026-03-30 15:49:15.219,T,6378.5,1,,,
2026-03-30 15:49:15.318,T,6378.5,1,,,
2026-03-30 15:49:15.419,Q,,,,6378.25,6378.75
2026-03-30 15:49:15.468,Q,,,,6378.5,6378.75
2026-03-30 15:49:15.625,Q,,,,6378.25,6378.5
2026-03-30 15:49:15.626,T,6378.5,1,,,
2026-03-30 15:49:15.626,T,6378.5,1,,,
2026-03-30 15:49:16.021,T,6378.5,1,,,
2026-03-30 15:49:16.021,T,6378.5,1,,,
2026-03-30 15:49:16.021,T,6378.5,2,,,
2026-03-30 15:49:16.021,T,6378.5,1,,,
2026-03-30 15:49:16.021,T,6378.5,1,,,
2026-03-30 15:49:16.196,Q,,,,6378.5,6378.75
2026-03-30 15:49:16.196,T,6378.5,1,,,
2026-03-30 15:49:16.196,T,6378.5,1,,,
2026-03-30 15:49:16.196,T,6378.5,1,,,
2026-03-30 15:49:16.196,T,6378.5,1,,,
2026-03-30 15:49:16.196,T,6378.5,3,,,
2026-03-30 15:49:16.196,T,6378.5,1,,,
2026-03-30 15:49:16.196,T,6378.5,1,,,
2026-03-30 15:49:16.196,T,6378.5,1,,,
2026-03-30 15:49:16.318,T,6378.5,1,,,
2026-03-30 15:49:16.318,Q,,,,6378.25,6378.5
2026-03-30 15:49:16.571,T,6378.5,2,,,
2026-03-30 15:49:16.619,T,6378.5,1,,,
2026-03-30 15:49:16.619,T,6378.5,1,,,
2026-03-30 15:49:16.619,T,6378.5,2,,,
2026-03-30 15:49:16.619,T,6378.5,1,,,
2026-03-30 15:49:16.620,Q,,,,6378.5,6378.75
2026-03-30 15:49:16.674,T,6378.5,2,,,
2026-03-30 15:49:16.674,T,6378.5,1,,,
2026-03-30 15:49:16.674,T,6378.5,1,,,
2026-03-30 15:49:16.674,T,6378.5,2,,,
2026-03-30 15:49:16.674,T,6378.5,1,,,
2026-03-30 15:49:16.674,T,6378.5,1,,,
2026-03-30 15:49:16.674,T,6378.5,1,,,
2026-03-30 15:49:16.674,T,6378.5,1,,,
2026-03-30 15:49:16.968,T,6378.5,1,,,
2026-03-30 15:49:16.968,T,6378.5,1,,,
2026-03-30 15:49:16.968,T,6378.5,1,,,
2026-03-30 15:49:16.968,T,6378.5,1,,,
2026-03-30 15:49:16.968,T,6378.5,1,,,
2026-03-30 15:49:16.968,T,6378.5,2,,,
2026-03-30 15:49:16.968,T,6378.5,1,,,
2026-03-30 15:49:16.969,Q,,,,6378.25,6378.75
2026-03-30 15:49:17.019,T,6378.5,1,,,
2026-03-30 15:49:17.019,Q,,,,6378.25,6378.5
2026-03-30 15:49:17.068,T,6378.5,1,,,
2026-03-30 15:49:17.068,Q,,,,6378.5,6378.75
2026-03-30 15:49:17.118,Q,,,,6378.25,6378.75
2026-03-30 15:49:17.219,Q,,,,6378.5,6378.75
2026-03-30 15:49:17.319,T,6378.5,3,,,
2026-03-30 15:49:17.319,T,6378.5,1,,,
2026-03-30 15:49:17.319,T,6378.5,1,,,
2026-03-30 15:49:17.319,T,6378.5,2,,,
2026-03-30 15:49:17.319,T,6378.5,1,,,
2026-03-30 15:49:17.319,T,6378.5,1,,,
2026-03-30 15:49:17.319,T,6378.25,1,,,
2026-03-30 15:49:17.319,T,6378.25,1,,,
2026-03-30 15:49:17.319,T,6378.25,1,,,
2026-03-30 15:49:17.319,T,6378.25,1,,,
2026-03-30 15:49:17.319,T,6378.25,1,,,
2026-03-30 15:49:17.319,T,6378.25,2,,,
2026-03-30 15:49:17.319,T,6378.25,1,,,
2026-03-30 15:49:17.369,T,6378.25,2,,,
2026-03-30 15:49:17.369,T,6378.25,1,,,
2026-03-30 15:49:17.369,T,6378.25,1,,,
2026-03-30 15:49:17.369,T,6378.25,1,,,
2026-03-30 15:49:17.369,T,6378.25,1,,,
2026-03-30 15:49:17.369,T,6378.25,1,,,
2026-03-30 15:49:17.369,T,6378.25,1,,,
2026-03-30 15:49:17.370,Q,,,,6378.25,6378.5
2026-03-30 15:49:17.418,Q,,,,6378.5,6378.75
2026-03-30 15:49:17.418,T,6378.5,2,,,
2026-03-30 15:49:17.418,T,6378.5,1,,,
2026-03-30 15:49:17.418,T,6378.5,1,,,
2026-03-30 15:49:17.418,T,6378.5,1,,,
2026-03-30 15:49:17.766,Q,,,,6378.25,6378.5
2026-03-30 15:49:17.767,T,6378.5,1,,,
2026-03-30 15:49:17.767,T,6378.5,1,,,
2026-03-30 15:49:17.767,T,6378.5,1,,,
2026-03-30 15:49:18.709,Q,,,,6378.0,6378.25
2026-03-30 15:49:18.710,T,6378.25,1,,,
2026-03-30 15:49:18.710,T,6378.25,1,,,
2026-03-30 15:49:18.710,T,6378.25,2,,,
2026-03-30 15:49:18.710,T,6378.25,1,,,
2026-03-30 15:49:18.710,T,6378.25,1,,,
2026-03-30 15:49:18.710,T,6378.25,1,,,
2026-03-30 15:49:18.710,T,6378.25,1,,,
2026-03-30 15:49:18.710,T,6378.25,1,,,
2026-03-30 15:49:18.710,T,6378.25,2,,,
2026-03-30 15:49:18.767,T,6378.25,1,,,
2026-03-30 15:49:18.767,T,6378.25,2,,,
2026-03-30 15:49:18.767,T,6378.25,3,,,
2026-03-30 15:49:18.767,T,6378.25,1,,,
2026-03-30 15:49:18.767,T,6378.25,1,,,
2026-03-30 15:49:18.767,T,6378.25,1,,,
2026-03-30 15:49:18.767,T,6378.25,1,,,
2026-03-30 15:49:18.861,T,6378.25,2,,,
2026-03-30 15:49:18.861,T,6378.25,1,,,
2026-03-30 15:49:18.861,T,6378.25,1,,,
2026-03-30 15:49:18.861,T,6378.25,1,,,
2026-03-30 15:49:18.861,T,6378.25,2,,,
2026-03-30 15:49:18.861,T,6378.25,1,,,
2026-03-30 15:49:18.861,T,6378.25,1,,,
2026-03-30 15:49:18.861,T,6378.25,1,,,
2026-03-30 15:49:18.861,T,6378.25,2,,,
2026-03-30 15:49:18.861,T,6378.25,1,,,
2026-03-30 15:49:18.862,Q,,,,6378.25,6378.5
2026-03-30 15:49:19.009,T,6378.25,3,,,
2026-03-30 15:49:19.009,T,6378.25,1,,,
2026-03-30 15:49:19.009,T,6378.25,1,,,
2026-03-30 15:49:19.308,Q,,,,6378.0,6378.25
2026-03-30 15:49:19.309,T,6378.25,1,,,
2026-03-30 15:49:19.309,T,6378.25,1,,,
2026-03-30 15:49:19.309,T,6378.25,1,,,
2026-03-30 15:49:19.458,Q,,,,6377.75,6378.0
2026-03-30 15:49:19.459,T,6378.0,1,,,
2026-03-30 15:49:19.459,T,6378.0,1,,,
2026-03-30 15:49:19.459,T,6378.0,1,,,
2026-03-30 15:49:19.459,T,6378.0,1,,,
2026-03-30 15:49:19.459,T,6378.0,1,,,
2026-03-30 15:49:19.459,T,6378.0,1,,,
2026-03-30 15:49:19.459,T,6378.0,2,,,
2026-03-30 15:49:19.459,T,6378.0,1,,,
2026-03-30 15:49:19.459,T,6378.0,2,,,
2026-03-30 15:49:19.459,T,6378.0,1,,,
2026-03-30 15:49:19.459,T,6378.0,1,,,
2026-03-30 15:49:19.459,T,6378.0,1,,,
2026-03-30 15:49:19.459,T,6378.0,1,,,
2026-03-30 15:49:19.459,T,6378.0,1,,,
2026-03-30 15:49:19.459,T,6378.0,4,,,
2026-03-30 15:49:19.459,T,6378.0,1,,,
2026-03-30 15:49:19.459,T,6378.0,1,,,
2026-03-30 15:49:19.459,T,6378.0,1,,,
2026-03-30 15:49:19.459,T,6378.0,1,,,
2026-03-30 15:49:19.459,T,6378.0,3,,,
2026-03-30 15:49:19.459,T,6378.0,25,,,
2026-03-30 15:49:19.459,T,6378.0,1,,,
2026-03-30 15:49:19.459,T,6378.0,1,,,
2026-03-30 15:49:19.459,T,6378.0,5,,,
2026-03-30 15:49:19.459,T,6378.0,1,,,
2026-03-30 15:49:19.459,T,6378.0,1,,,
2026-03-30 15:49:19.459,T,6378.0,3,,,
2026-03-30 15:49:19.459,T,6378.0,1,,,
2026-03-30 15:49:19.459,T,6378.0,1,,,
2026-03-30 15:49:19.459,T,6378.0,1,,,
2026-03-30 15:49:19.459,T,6378.0,1,,,
2026-03-30 15:49:19.459,T,6378.0,1,,,
2026-03-30 15:49:19.459,T,6378.0,3,,,
2026-03-30 15:49:19.459,T,6378.0,1,,,
2026-03-30 15:49:19.459,T,6378.0,1,,,
2026-03-30 15:49:19.459,T,6378.0,1,,,
2026-03-30 15:49:19.459,T,6378.0,1,,,
2026-03-30 15:49:19.509,T,6378.0,1,,,
2026-03-30 15:49:19.509,T,6378.0,2,,,
2026-03-30 15:49:19.509,T,6378.25,1,,,
2026-03-30 15:49:19.509,T,6378.25,1,,,
2026-03-30 15:49:19.509,T,6378.25,1,,,
2026-03-30 15:49:19.509,T,6378.25,1,,,
2026-03-30 15:49:19.509,T,6378.25,1,,,
2026-03-30 15:49:19.509,T,6378.25,1,,,
2026-03-30 15:49:19.509,T,6378.25,1,,,
2026-03-30 15:49:19.509,T,6378.25,1,,,
2026-03-30 15:49:19.509,T,6378.25,1,,,
2026-03-30 15:49:19.509,T,6378.25,1,,,
2026-03-30 15:49:19.509,T,6378.25,1,,,
2026-03-30 15:49:19.509,T,6378.25,1,,,
2026-03-30 15:49:19.509,T,6378.25,1,,,
2026-03-30 15:49:19.509,T,6378.25,1,,,
2026-03-30 15:49:19.509,T,6378.25,1,,,
2026-03-30 15:49:19.511,Q,,,,6378.0,6378.5
2026-03-30 15:49:19.558,Q,,,,6378.25,6378.5
2026-03-30 15:49:19.660,T,6378.25,1,,,
2026-03-30 15:49:19.661,Q,,,,6378.0,6378.5
2026-03-30 15:49:19.766,Q,,,,6378.25,6378.5
2026-03-30 15:49:20.111,Q,,,,6378.0,6378.25
2026-03-30 15:49:20.111,T,6378.25,1,,,
2026-03-30 15:49:20.111,T,6378.25,1,,,
2026-03-30 15:49:20.111,T,6378.25,1,,,
2026-03-30 15:49:20.362,T,6378.0,1,,,
2026-03-30 15:49:20.362,T,6378.0,2,,,
2026-03-30 15:49:20.412,T,6378.0,1,,,
2026-03-30 15:49:20.858,T,6378.0,1,,,
2026-03-30 15:49:20.858,T,6378.0,1,,,
2026-03-30 15:49:20.858,T,6378.0,1,,,
2026-03-30 15:49:20.858,T,6378.0,1,,,
2026-03-30 15:49:20.858,T,6378.0,1,,,
2026-03-30 15:49:20.858,T,6378.0,1,,,
2026-03-30 15:49:20.858,T,6378.0,2,,,
2026-03-30 15:49:20.858,T,6378.0,2,,,
2026-03-30 15:49:20.859,Q,,,,6377.75,6378.0
2026-03-30 15:49:20.910,T,6378.0,1,,,
2026-03-30 15:49:20.960,Q,,,,6378.0,6378.25
2026-03-30 15:49:20.961,T,6378.0,1,,,
2026-03-30 15:49:20.961,T,6378.0,3,,,
2026-03-30 15:49:20.961,T,6378.0,2,,,
2026-03-30 15:49:20.961,T,6378.0,1,,,
2026-03-30 15:49:20.961,T,6378.0,1,,,
2026-03-30 15:49:20.961,T,6378.0,1,,,
2026-03-30 15:49:20.961,T,6378.0,2,,,
2026-03-30 15:49:20.961,T,6378.0,1,,,
2026-03-30 15:49:20.961,T,6378.0,1,,,
2026-03-30 15:49:20.961,T,6378.0,2,,,
2026-03-30 15:49:20.961,T,6378.0,1,,,
2026-03-30 15:49:20.961,T,6378.0,1,,,
2026-03-30 15:49:20.961,T,6378.0,1,,,
2026-03-30 15:49:20.961,T,6378.0,1,,,
2026-03-30 15:49:21.059,T,6378.0,1,,,
2026-03-30 15:49:21.059,T,6378.0,1,,,
2026-03-30 15:49:21.059,T,6378.0,1,,,
2026-03-30 15:49:21.059,T,6378.0,2,,,
2026-03-30 15:49:21.059,T,6378.0,3,,,
2026-03-30 15:49:21.059,T,6378.0,1,,,
2026-03-30 15:49:21.059,T,6378.0,1,,,
2026-03-30 15:49:21.115,T,6378.25,1,,,
2026-03-30 15:49:21.115,T,6378.0,1,,,
2026-03-30 15:49:21.115,T,6378.0,1,,,
2026-03-30 15:49:21.115,T,6378.0,1,,,
2026-03-30 15:49:21.115,T,6378.0,1,,,
2026-03-30 15:49:21.115,Q,,,,6377.75,6378.25
2026-03-30 15:49:21.159,Q,,,,6378.0,6378.25
2026-03-30 15:49:21.310,T,6378.25,1,,,
2026-03-30 15:49:21.460,T,6378.0,2,,,
2026-03-30 15:49:21.510,T,6378.25,1,,,
2026-03-30 15:49:21.510,T,6378.25,2,,,
2026-03-30 15:49:21.510,T,6378.25,1,,,
2026-03-30 15:49:22.060,T,6378.25,1,,,
2026-03-30 15:49:22.110,T,6378.0,1,,,
2026-03-30 15:49:22.511,T,6378.25,1,,,
2026-03-30 15:49:22.511,T,6378.25,1,,,
2026-03-30 15:49:22.511,T,6378.25,1,,,
2026-03-30 15:49:22.511,T,6378.25,1,,,
2026-03-30 15:49:22.511,T,6378.25,1,,,
2026-03-30 15:49:22.511,T,6378.25,1,,,
2026-03-30 15:49:22.511,T,6378.25,1,,,
2026-03-30 15:49:22.511,T,6378.25,1,,,
2026-03-30 15:49:22.511,T,6378.25,1,,,
2026-03-30 15:49:22.511,T,6378.25,8,,,
2026-03-30 15:49:22.511,T,6378.25,1,,,
2026-03-30 15:49:22.511,T,6378.25,1,,,
2026-03-30 15:49:22.511,T,6378.25,1,,,
2026-03-30 15:49:22.511,T,6378.25,12,,,
2026-03-30 15:49:22.511,T,6378.25,1,,,
2026-03-30 15:49:22.511,T,6378.25,1,,,
2026-03-30 15:49:22.511,T,6378.25,1,,,
2026-03-30 15:49:22.511,T,6378.25,1,,,
2026-03-30 15:49:22.511,T,6378.25,1,,,
2026-03-30 15:49:22.511,T,6378.25,1,,,
2026-03-30 15:49:22.511,T,6378.25,1,,,
2026-03-30 15:49:22.511,T,6378.25,1,,,
2026-03-30 15:49:22.511,T,6378.25,1,,,
2026-03-30 15:49:22.511,T,6378.25,1,,,
2026-03-30 15:49:22.511,T,6378.25,1,,,
2026-03-30 15:49:22.511,T,6378.25,1,,,
2026-03-30 15:49:22.511,T,6378.25,1,,,
2026-03-30 15:49:22.511,T,6378.25,1,,,
2026-03-30 15:49:22.511,T,6378.25,1,,,
2026-03-30 15:49:22.511,T,6378.25,1,,,
2026-03-30 15:49:22.511,T,6378.25,1,,,
2026-03-30 15:49:22.511,T,6378.25,1,,,
2026-03-30 15:49:22.558,T,6378.25,3,,,
2026-03-30 15:49:22.558,T,6378.25,1,,,
2026-03-30 15:49:22.558,T,6378.25,1,,,
2026-03-30 15:49:22.558,T,6378.5,1,,,
2026-03-30 15:49:22.558,T,6378.5,1,,,
2026-03-30 15:49:22.559,Q,,,,6378.25,6378.5
2026-03-30 15:49:22.708,T,6378.5,1,,,
2026-03-30 15:49:22.708,T,6378.5,1,,,
2026-03-30 15:49:22.708,T,6378.5,1,,,
2026-03-30 15:49:22.708,T,6378.5,2,,,
2026-03-30 15:49:22.708,T,6378.5,1,,,
2026-03-30 15:49:22.708,T,6378.5,1,,,
2026-03-30 15:49:22.708,T,6378.5,1,,,
2026-03-30 15:49:22.708,T,6378.5,3,,,
2026-03-30 15:49:22.811,T,6378.5,1,,,
2026-03-30 15:49:22.811,T,6378.5,3,,,
2026-03-30 15:49:22.811,T,6378.5,1,,,
2026-03-30 15:49:22.858,T,6378.5,1,,,
2026-03-30 15:49:22.858,T,6378.5,1,,,
2026-03-30 15:49:22.859,Q,,,,6378.5,6378.75
2026-03-30 15:49:23.111,T,6378.75,1,,,
2026-03-30 15:49:23.111,T,6378.75,1,,,
2026-03-30 15:49:23.111,T,6378.75,1,,,
2026-03-30 15:49:23.111,T,6378.75,1,,,
2026-03-30 15:49:23.111,T,6378.75,1,,,
2026-03-30 15:49:23.111,T,6378.75,1,,,
2026-03-30 15:49:23.111,T,6378.75,1,,,
2026-03-30 15:49:23.111,T,6378.75,1,,,
2026-03-30 15:49:23.111,T,6378.75,10,,,
2026-03-30 15:49:23.111,T,6378.75,7,,,
2026-03-30 15:49:23.111,T,6378.75,1,,,
2026-03-30 15:49:23.111,T,6378.75,1,,,
2026-03-30 15:49:23.111,T,6378.75,2,,,
2026-03-30 15:49:23.111,T,6378.75,1,,,
2026-03-30 15:49:23.111,T,6378.75,1,,,
2026-03-30 15:49:23.111,T,6378.75,1,,,
2026-03-30 15:49:23.111,T,6378.75,6,,,
2026-03-30 15:49:23.111,T,6378.75,4,,,
2026-03-30 15:49:23.111,T,6378.75,5,,,
2026-03-30 15:49:23.111,T,6378.75,1,,,
2026-03-30 15:49:23.111,T,6378.75,1,,,
2026-03-30 15:49:23.111,T,6378.75,1,,,
2026-03-30 15:49:23.111,T,6378.75,1,,,
2026-03-30 15:49:23.111,T,6378.75,1,,,
2026-03-30 15:49:23.111,T,6378.75,1,,,
2026-03-30 15:49:23.173,T,6378.5,1,,,
2026-03-30 15:49:23.173,T,6378.5,2,,,
2026-03-30 15:49:23.173,T,6378.5,1,,,
2026-03-30 15:49:23.173,T,6378.5,1,,,
2026-03-30 15:49:23.173,T,6378.5,1,,,
2026-03-30 15:49:23.173,T,6378.5,1,,,
2026-03-30 15:49:23.173,T,6378.5,1,,,
2026-03-30 15:49:23.173,T,6378.5,1,,,
2026-03-30 15:49:23.173,T,6378.5,1,,,
2026-03-30 15:49:23.173,T,6378.5,1,,,
2026-03-30 15:49:23.173,T,6378.5,1,,,
2026-03-30 15:49:23.173,T,6378.5,1,,,
2026-03-30 15:49:23.173,T,6378.5,1,,,
2026-03-30 15:49:23.173,T,6378.5,1,,,
2026-03-30 15:49:23.173,T,6378.5,1,,,
2026-03-30 15:49:23.174,Q,,,,6378.25,6378.5
2026-03-30 15:49:23.258,Q,,,,6378.25,6378.75
2026-03-30 15:49:23.259,T,6378.5,1,,,
2026-03-30 15:49:23.259,T,6378.5,3,,,
2026-03-30 15:49:23.259,T,6378.5,1,,,
2026-03-30 15:49:23.259,T,6378.5,1,,,
2026-03-30 15:49:23.259,T,6378.5,1,,,
2026-03-30 15:49:23.259,T,6378.5,1,,,
2026-03-30 15:49:23.259,T,6378.5,1,,,
2026-03-30 15:49:23.311,Q,,,,6378.25,6378.5
2026-03-30 15:49:23.761,T,6378.25,3,,,
2026-03-30 15:49:23.761,T,6378.25,1,,,
2026-03-30 15:49:23.761,T,6378.25,2,,,
2026-03-30 15:49:23.761,T,6378.25,3,,,
2026-03-30 15:49:23.761,T,6378.25,3,,,
2026-03-30 15:49:23.761,T,6378.25,2,,,
2026-03-30 15:49:23.761,T,6378.25,1,,,
2026-03-30 15:49:23.761,T,6378.25,1,,,
2026-03-30 15:49:23.761,T,6378.25,1,,,
2026-03-30 15:49:23.761,T,6378.25,1,,,
2026-03-30 15:49:23.761,T,6378.25,1,,,
2026-03-30 15:49:23.761,T,6378.25,1,,,
2026-03-30 15:49:23.761,T,6378.25,1,,,
2026-03-30 15:49:23.761,T,6378.0,1,,,
2026-03-30 15:49:23.761,T,6378.0,1,,,
2026-03-30 15:49:23.761,T,6378.0,1,,,
2026-03-30 15:49:23.761,T,6378.0,1,,,
2026-03-30 15:49:23.761,T,6378.0,1,,,
2026-03-30 15:49:23.761,T,6378.0,1,,,
2026-03-30 15:49:23.763,Q,,,,6378.0,6378.25
2026-03-30 15:49:23.813,T,6378.0,2,,,
2026-03-30 15:49:23.813,T,6378.0,1,,,
2026-03-30 15:49:23.813,T,6378.0,1,,,
2026-03-30 15:49:23.813,T,6378.0,3,,,
2026-03-30 15:49:23.813,T,6378.0,2,,,
2026-03-30 15:49:23.813,T,6378.0,1,,,
2026-03-30 15:49:23.813,T,6378.0,1,,,
2026-03-30 15:49:23.813,T,6378.0,1,,,
2026-03-30 15:49:23.813,T,6378.0,3,,,
2026-03-30 15:49:23.813,T,6378.0,1,,,
2026-03-30 15:49:23.813,T,6378.0,1,,,
2026-03-30 15:49:23.813,T,6378.0,1,,,
2026-03-30 15:49:23.813,T,6378.0,2,,,
2026-03-30 15:49:23.813,T,6378.0,1,,,
2026-03-30 15:49:23.813,T,6378.0,1,,,
2026-03-30 15:49:23.813,T,6378.0,1,,,
2026-03-30 15:49:23.813,T,6378.0,1,,,
2026-03-30 15:49:23.813,T,6378.0,1,,,
2026-03-30 15:49:23.813,T,6378.0,1,,,
2026-03-30 15:49:23.813,T,6378.0,3,,,
2026-03-30 15:49:23.813,T,6378.0,1,,,
2026-03-30 15:49:23.813,T,6378.0,1,,,
2026-03-30 15:49:23.813,T,6378.0,3,,,
2026-03-30 15:49:23.813,T,6378.0,1,,,
2026-03-30 15:49:23.813,T,6378.0,10,,,
2026-03-30 15:49:23.813,T,6378.0,1,,,
2026-03-30 15:49:23.813,T,6378.0,1,,,
2026-03-30 15:49:23.813,T,6377.75,1,,,
2026-03-30 15:49:23.813,T,6377.75,1,,,
2026-03-30 15:49:23.813,T,6377.75,2,,,
2026-03-30 15:49:23.813,T,6377.75,1,,,
2026-03-30 15:49:23.813,T,6377.75,1,,,
2026-03-30 15:49:23.813,T,6377.75,1,,,
2026-03-30 15:49:23.813,T,6377.75,1,,,
2026-03-30 15:49:23.813,T,6377.75,1,,,
2026-03-30 15:49:23.813,T,6377.75,1,,,
2026-03-30 15:49:23.813,T,6377.75,1,,,
2026-03-30 15:49:23.813,T,6377.75,1,,,
2026-03-30 15:49:23.813,T,6377.75,4,,,
2026-03-30 15:49:23.813,T,6377.75,1,,,
2026-03-30 15:49:23.813,T,6377.75,1,,,
2026-03-30 15:49:23.813,T,6377.75,1,,,
2026-03-30 15:49:23.813,T,6377.75,1,,,
2026-03-30 15:49:23.813,T,6377.75,1,,,
2026-03-30 15:49:23.813,T,6377.75,2,,,
2026-03-30 15:49:23.816,Q,,,,6377.5,6377.75
2026-03-30 15:49:23.861,T,6377.75,1,,,
2026-03-30 15:49:23.861,T,6377.75,3,,,
2026-03-30 15:49:23.913,T,6377.5,1,,,
2026-03-30 15:49:23.913,T,6377.5,1,,,
2026-03-30 15:49:23.913,T,6377.5,1,,,
2026-03-30 15:49:23.913,T,6377.5,1,,,
2026-03-30 15:49:23.913,T,6377.5,1,,,
2026-03-30 15:49:23.913,T,6377.5,5,,,
2026-03-30 15:49:23.913,T,6377.5,1,,,
2026-03-30 15:49:23.913,T,6377.5,2,,,
2026-03-30 15:49:23.913,T,6377.5,1,,,
2026-03-30 15:49:23.913,T,6377.25,1,,,
2026-03-30 15:49:23.913,T,6377.25,1,,,
2026-03-30 15:49:23.913,T,6377.25,1,,,
2026-03-30 15:49:23.913,T,6377.25,1,,,
2026-03-30 15:49:23.913,T,6377.25,2,,,
2026-03-30 15:49:23.913,T,6377.5,1,,,
2026-03-30 15:49:23.913,T,6377.5,1,,,
2026-03-30 15:49:23.913,T,6377.5,2,,,
2026-03-30 15:49:23.913,T,6377.5,1,,,
2026-03-30 15:49:23.913,T,6377.5,2,,,
2026-03-30 15:49:23.913,T,6377.5,1,,,
2026-03-30 15:49:23.913,T,6377.5,1,,,
2026-03-30 15:49:23.913,T,6377.5,1,,,
2026-03-30 15:49:23.913,T,6377.5,2,,,
2026-03-30 15:49:23.913,T,6377.5,1,,,
2026-03-30 15:49:23.915,Q,,,,6377.25,6377.5
2026-03-30 15:49:25.110,T,6377.5,1,,,
2026-03-30 15:49:25.160,T,6377.5,1,,,
2026-03-30 15:49:25.160,T,6377.5,1,,,
2026-03-30 15:49:25.160,T,6377.5,3,,,
2026-03-30 15:49:25.160,T,6377.5,1,,,
2026-03-30 15:49:25.160,T,6377.5,1,,,
2026-03-30 15:49:25.160,T,6377.5,1,,,
2026-03-30 15:49:25.160,T,6377.5,3,,,
2026-03-30 15:49:25.160,T,6377.5,1,,,
2026-03-30 15:49:25.160,T,6377.5,1,,,
2026-03-30 15:49:25.160,T,6377.5,2,,,
2026-03-30 15:49:25.161,Q,,,,6377.25,6377.75
2026-03-30 15:49:25.208,T,6377.25,1,,,
2026-03-30 15:49:25.208,Q,,,,6377.25,6377.5
2026-03-30 15:49:25.308,T,6377.5,1,,,
2026-03-30 15:49:25.709,T,6377.25,1,,,
2026-03-30 15:49:25.709,T,6377.25,1,,,
2026-03-30 15:49:25.709,T,6377.25,1,,,
2026-03-30 15:49:25.709,T,6377.25,1,,,
2026-03-30 15:49:25.709,T,6377.25,1,,,
2026-03-30 15:49:25.709,T,6377.25,1,,,
2026-03-30 15:49:25.709,T,6377.25,1,,,
2026-03-30 15:49:25.709,T,6377.25,5,,,
2026-03-30 15:49:25.709,T,6377.25,4,,,
2026-03-30 15:49:25.709,T,6377.25,1,,,
2026-03-30 15:49:25.709,T,6377.25,2,,,
2026-03-30 15:49:25.709,T,6377.25,2,,,
2026-03-30 15:49:25.709,T,6377.25,1,,,
2026-03-30 15:49:25.709,T,6377.25,1,,,
2026-03-30 15:49:25.710,Q,,,,6377.0,6377.25
2026-03-30 15:49:25.859,T,6377.0,1,,,
2026-03-30 15:49:25.909,T,6377.0,1,,,
2026-03-30 15:49:25.909,T,6377.0,1,,,
2026-03-30 15:49:25.909,T,6377.0,1,,,
2026-03-30 15:49:25.909,T,6377.0,1,,,
2026-03-30 15:49:25.909,T,6377.0,1,,,
2026-03-30 15:49:25.909,T,6377.0,1,,,
2026-03-30 15:49:25.909,T,6377.0,1,,,
2026-03-30 15:49:25.909,T,6377.0,1,,,
2026-03-30 15:49:25.909,T,6377.0,1,,,
2026-03-30 15:49:25.909,T,6377.0,1,,,
2026-03-30 15:49:25.909,T,6377.0,1,,,
2026-03-30 15:49:25.909,T,6377.0,2,,,
2026-03-30 15:49:25.909,T,6377.0,1,,,
2026-03-30 15:49:25.909,T,6377.0,3,,,
2026-03-30 15:49:25.909,T,6377.0,1,,,
2026-03-30 15:49:25.910,Q,,,,6376.75,6377.25
2026-03-30 15:49:25.960,T,6376.75,1,,,
2026-03-30 15:49:25.960,T,6377.0,1,,,
2026-03-30 15:49:25.960,T,6377.0,3,,,
2026-03-30 15:49:25.960,T,6377.0,1,,,
2026-03-30 15:49:25.960,T,6377.0,2,,,
2026-03-30 15:49:25.960,T,6377.0,1,,,
2026-03-30 15:49:26.010,Q,,,,6376.75,6377.0
2026-03-30 15:49:26.010,T,6377.0,2,,,
2026-03-30 15:49:26.010,T,6377.0,1,,,
2026-03-30 15:49:26.010,T,6377.0,1,,,
2026-03-30 15:49:26.010,T,6377.0,1,,,
2026-03-30 15:49:26.010,T,6377.0,1,,,
2026-03-30 15:49:26.111,T,6377.0,2,,,
2026-03-30 15:49:26.161,T,6376.75,1,,,
2026-03-30 15:49:26.161,T,6376.75,1,,,
2026-03-30 15:49:26.161,T,6376.75,1,,,
2026-03-30 15:49:26.161,T,6376.75,1,,,
2026-03-30 15:49:26.161,T,6376.75,1,,,
2026-03-30 15:49:26.161,T,6376.75,1,,,
2026-03-30 15:49:26.161,T,6376.75,1,,,
2026-03-30 15:49:26.161,T,6376.75,1,,,
2026-03-30 15:49:26.161,T,6376.75,1,,,
2026-03-30 15:49:26.161,T,6376.75,1,,,
2026-03-30 15:49:26.161,T,6376.75,1,,,
2026-03-30 15:49:26.161,T,6376.75,1,,,
2026-03-30 15:49:26.161,T,6376.75,1,,,
2026-03-30 15:49:26.161,T,6376.75,3,,,
2026-03-30 15:49:26.516,Q,,,,6376.5,6376.75
2026-03-30 15:49:26.517,T,6376.75,3,,,
2026-03-30 15:49:26.517,T,6376.75,1,,,
2026-03-30 15:49:26.517,T,6376.75,1,,,
2026-03-30 15:49:26.517,T,6376.75,1,,,
2026-03-30 15:49:26.517,T,6376.75,1,,,
2026-03-30 15:49:26.517,T,6376.75,2,,,
2026-03-30 15:49:26.517,T,6376.5,1,,,
2026-03-30 15:49:26.517,T,6376.5,1,,,
2026-03-30 15:49:26.517,T,6376.5,1,,,
2026-03-30 15:49:26.558,T,6376.5,1,,,
2026-03-30 15:49:26.558,T,6376.5,1,,,
2026-03-30 15:49:26.610,T,6376.75,2,,,
2026-03-30 15:49:26.610,T,6376.75,3,,,
2026-03-30 15:49:26.808,T,6376.75,1,,,
2026-03-30 15:49:26.861,T,6376.5,1,,,
2026-03-30 15:49:26.861,T,6376.5,1,,,
2026-03-30 15:49:26.861,T,6376.5,1,,,
2026-03-30 15:49:26.861,T,6376.5,1,,,
2026-03-30 15:49:26.861,T,6376.5,1,,,
2026-03-30 15:49:26.861,T,6376.5,1,,,
2026-03-30 15:49:26.861,T,6376.5,2,,,
2026-03-30 15:49:26.861,T,6376.5,1,,,
2026-03-30 15:49:26.861,T,6376.5,2,,,
2026-03-30 15:49:26.861,T,6376.5,2,,,
2026-03-30 15:49:26.861,T,6376.5,3,,,
2026-03-30 15:49:26.861,T,6376.5,2,,,
2026-03-30 15:49:26.861,T,6376.5,1,,,
2026-03-30 15:49:26.861,T,6376.5,1,,,
2026-03-30 15:49:26.861,T,6376.5,2,,,
2026-03-30 15:49:26.861,T,6376.5,1,,,
2026-03-30 15:49:26.861,T,6376.5,1,,,
2026-03-30 15:49:26.861,T,6376.5,1,,,
2026-03-30 15:49:26.861,T,6376.5,2,,,
2026-03-30 15:49:27.163,T,6376.75,1,,,
2026-03-30 15:49:27.163,T,6376.5,1,,,
2026-03-30 15:49:27.258,Q,,,,6376.75,6377.0
2026-03-30 15:49:27.259,T,6376.75,1,,,
2026-03-30 15:49:27.259,T,6376.75,1,,,
2026-03-30 15:49:27.259,T,6376.75,3,,,
2026-03-30 15:49:27.259,T,6376.75,1,,,
2026-03-30 15:49:27.259,T,6376.75,1,,,
2026-03-30 15:49:27.259,T,6376.75,3,,,
2026-03-30 15:49:27.259,T,6376.75,1,,,
2026-03-30 15:49:27.259,T,6376.75,1,,,
2026-03-30 15:49:27.259,T,6376.75,1,,,
2026-03-30 15:49:27.259,T,6376.75,1,,,
2026-03-30 15:49:27.259,T,6376.75,1,,,
2026-03-30 15:49:27.310,Q,,,,6376.5,6376.75
2026-03-30 15:49:27.311,T,6376.75,1,,,
2026-03-30 15:49:27.311,T,6376.75,1,,,
2026-03-30 15:49:27.311,T,6376.75,3,,,
2026-03-30 15:49:27.311,T,6376.75,1,,,
2026-03-30 15:49:27.510,Q,,,,6376.75,6377.0
2026-03-30 15:49:27.511,T,6376.5,1,,,
2026-03-30 15:49:27.511,T,6376.75,1,,,
2026-03-30 15:49:27.511,T,6376.75,1,,,
2026-03-30 15:49:27.511,T,6376.75,1,,,
2026-03-30 15:49:27.511,T,6376.75,1,,,
2026-03-30 15:49:27.511,T,6376.75,2,,,
2026-03-30 15:49:27.511,T,6376.75,1,,,
2026-03-30 15:49:27.511,T,6376.75,1,,,
2026-03-30 15:49:27.511,T,6376.75,1,,,
2026-03-30 15:49:27.511,T,6376.75,1,,,
2026-03-30 15:49:27.511,T,6376.75,1,,,
2026-03-30 15:49:27.511,T,6376.75,1,,,
2026-03-30 15:49:27.511,T,6376.75,3,,,
2026-03-30 15:49:27.511,T,6376.75,3,,,
2026-03-30 15:49:27.511,T,6376.75,2,,,
2026-03-30 15:49:27.511,T,6376.75,1,,,
2026-03-30 15:49:27.511,T,6376.75,1,,,
2026-03-30 15:49:27.511,T,6376.75,1,,,
2026-03-30 15:49:27.558,T,6376.75,1,,,
2026-03-30 15:49:27.558,T,6376.75,1,,,
2026-03-30 15:49:27.558,T,6376.75,1,,,
2026-03-30 15:49:27.559,Q,,,,6376.5,6377.0
2026-03-30 15:49:27.609,T,6376.75,1,,,
2026-03-30 15:49:27.609,T,6376.75,1,,,
2026-03-30 15:49:27.609,T,6376.75,2,,,
2026-03-30 15:49:27.609,T,6376.75,1,,,
2026-03-30 15:49:27.609,T,6376.75,1,,,
2026-03-30 15:49:27.660,Q,,,,6376.75,6377.0
2026-03-30 15:49:27.711,T,6377.0,1,,,
2026-03-30 15:49:27.760,T,6376.75,3,,,
2026-03-30 15:49:28.162,T,6377.0,1,,,
2026-03-30 15:49:28.614,T,6377.0,1,,,
2026-03-30 15:49:28.614,T,6377.0,1,,,
2026-03-30 15:49:28.614,T,6377.0,1,,,
2026-03-30 15:49:28.614,T,6377.0,1,,,
2026-03-30 15:49:28.614,T,6377.0,1,,,
2026-03-30 15:49:28.614,T,6377.0,1,,,
2026-03-30 15:49:28.614,T,6377.0,1,,,
2026-03-30 15:49:28.614,T,6377.0,1,,,
2026-03-30 15:49:28.614,T,6377.0,1,,,
2026-03-30 15:49:28.614,T,6377.0,1,,,
2026-03-30 15:49:28.614,T,6377.0,8,,,
2026-03-30 15:49:28.614,T,6377.0,1,,,
2026-03-30 15:49:28.614,T,6377.0,3,,,
2026-03-30 15:49:28.614,T,6377.0,1,,,
2026-03-30 15:49:28.614,T,6377.0,1,,,
2026-03-30 15:49:28.614,T,6377.0,1,,,
2026-03-30 15:49:28.614,T,6377.0,1,,,
2026-03-30 15:49:28.614,T,6377.0,1,,,
2026-03-30 15:49:28.614,T,6377.0,2,,,
2026-03-30 15:49:28.614,T,6377.0,1,,,
2026-03-30 15:49:28.708,T,6376.75,1,,,
2026-03-30 15:49:28.812,T,6376.75,1,,,
2026-03-30 15:49:28.812,T,6376.75,1,,,
2026-03-30 15:49:28.812,T,6376.75,1,,,
2026-03-30 15:49:28.812,T,6376.75,1,,,
2026-03-30 15:49:28.812,T,6376.75,1,,,
2026-03-30 15:49:28.812,T,6376.75,10,,,
2026-03-30 15:49:28.812,T,6376.75,1,,,
2026-03-30 15:49:28.812,T,6376.75,1,,,
2026-03-30 15:49:28.812,T,6376.75,1,,,
2026-03-30 15:49:28.812,T,6376.75,1,,,
2026-03-30 15:49:28.812,T,6376.75,3,,,
2026-03-30 15:49:28.812,T,6376.75,1,,,
2026-03-30 15:49:28.860,T,6377.0,1,,,
2026-03-30 15:49:28.958,T,6377.0,2,,,
2026-03-30 15:49:29.067,T,6377.0,1,,,
2026-03-30 15:49:29.067,T,6377.0,1,,,
2026-03-30 15:49:29.067,T,6377.0,1,,,
2026-03-30 15:49:29.067,T,6377.0,1,,,
2026-03-30 15:49:29.067,T,6377.0,2,,,
2026-03-30 15:49:29.067,T,6377.0,2,,,
2026-03-30 15:49:29.068,Q,,,,6376.75,6377.25
2026-03-30 15:49:29.111,T,6377.0,3,,,
2026-03-30 15:49:29.258,Q,,,,6376.75,6377.0
2026-03-30 15:49:29.309,Q,,,,6376.75,6377.25
2026-03-30 15:49:29.309,T,6377.0,1,,,
2026-03-30 15:49:29.309,T,6377.0,1,,,
2026-03-30 15:49:29.358,Q,,,,6376.75,6377.0
2026-03-30 15:49:29.359,T,6377.0,3,,,
2026-03-30 15:49:29.788,T,6376.75,1,,,
2026-03-30 15:49:29.823,T,6376.75,2,,,
2026-03-30 15:49:29.823,T,6376.75,2,,,
2026-03-30 15:49:29.823,T,6376.75,1,,,
2026-03-30 15:49:30.008,T,6376.75,1,,,
2026-03-30 15:49:30.060,T,6377.0,1,,,
2026-03-30 15:49:30.060,T,6377.0,1,,,
2026-03-30 15:49:30.060,T,6377.0,1,,,
2026-03-30 15:49:30.060,T,6377.0,2,,,
2026-03-30 15:49:30.060,T,6377.0,1,,,
2026-03-30 15:49:30.060,T,6377.0,1,,,
2026-03-30 15:49:30.060,T,6377.0,4,,,
2026-03-30 15:49:30.060,T,6377.0,1,,,
2026-03-30 15:49:30.060,T,6377.0,1,,,
2026-03-30 15:49:30.060,T,6377.0,3,,,
2026-03-30 15:49:30.060,T,6377.0,1,,,
2026-03-30 15:49:30.060,T,6377.0,1,,,
2026-03-30 15:49:30.060,T,6377.0,1,,,
2026-03-30 15:49:30.060,T,6377.0,2,,,
2026-03-30 15:49:30.060,T,6377.0,1,,,
2026-03-30 15:49:30.061,Q,,,,6376.75,6377.25
2026-03-30 15:49:30.111,T,6377.0,1,,,
2026-03-30 15:49:30.111,T,6376.75,1,,,
2026-03-30 15:49:30.112,Q,,,,6376.75,6377.0
2026-03-30 15:49:30.163,T,6376.75,1,,,
2026-03-30 15:49:30.163,T,6376.75,2,,,
2026-03-30 15:49:30.163,T,6376.75,2,,,
2026-03-30 15:49:30.163,T,6376.75,1,,,
2026-03-30 15:49:30.163,T,6376.75,1,,,
2026-03-30 15:49:30.163,T,6376.75,2,,,
2026-03-30 15:49:30.163,T,6376.75,1,,,
2026-03-30 15:49:30.163,T,6376.75,2,,,
2026-03-30 15:49:30.163,T,6376.75,1,,,
2026-03-30 15:49:30.163,T,6376.75,2,,,
2026-03-30 15:49:30.163,T,6376.75,3,,,
2026-03-30 15:49:30.163,T,6376.75,1,,,
2026-03-30 15:49:30.163,T,6376.75,1,,,
2026-03-30 15:49:30.163,T,6376.75,1,,,
2026-03-30 15:49:30.163,T,6376.75,1,,,
2026-03-30 15:49:30.163,T,6376.75,1,,,
2026-03-30 15:49:30.163,T,6376.75,1,,,
2026-03-30 15:49:30.163,T,6376.75,1,,,
2026-03-30 15:49:30.163,T,6376.75,4,,,
2026-03-30 15:49:30.163,T,6376.75,1,,,
2026-03-30 15:49:30.163,T,6376.75,1,,,
2026-03-30 15:49:30.163,T,6376.75,2,,,
2026-03-30 15:49:30.165,Q,,,,6376.5,6376.75
2026-03-30 15:49:30.209,T,6376.75,1,,,
2026-03-30 15:49:30.258,T,6376.75,5,,,
2026-03-30 15:49:30.258,T,6376.75,2,,,
2026-03-30 15:49:30.258,T,6376.75,2,,,
2026-03-30 15:49:30.258,T,6376.75,1,,,
2026-03-30 15:49:30.258,T,6376.75,1,,,
2026-03-30 15:49:30.258,Q,,,,6376.75,6377.0
2026-03-30 15:49:30.358,Q,,,,6376.5,6377.0
2026-03-30 15:49:30.461,Q,,,,6376.75,6377.0
2026-03-30 15:49:30.558,T,6376.75,1,,,
2026-03-30 15:49:30.609,T,6376.75,1,,,
2026-03-30 15:49:30.609,T,6376.75,1,,,
2026-03-30 15:49:30.609,T,6376.75,1,,,
2026-03-30 15:49:30.764,Q,,,,6377.0,6377.25
2026-03-30 15:49:30.764,T,6377.0,1,,,
2026-03-30 15:49:30.764,T,6377.0,1,,,
2026-03-30 15:49:30.764,T,6377.0,1,,,
2026-03-30 15:49:30.764,T,6377.0,1,,,
2026-03-30 15:49:30.764,T,6377.0,1,,,
2026-03-30 15:49:30.764,T,6377.0,1,,,
2026-03-30 15:49:30.764,T,6377.0,1,,,
2026-03-30 15:49:30.764,T,6377.0,1,,,
2026-03-30 15:49:30.909,T,6377.0,1,,,
2026-03-30 15:49:30.909,T,6377.0,1,,,
2026-03-30 15:49:30.909,T,6377.0,1,,,
2026-03-30 15:49:30.909,T,6377.0,3,,,
2026-03-30 15:49:30.909,T,6377.0,2,,,
2026-03-30 15:49:30.909,T,6377.0,1,,,
2026-03-30 15:49:30.959,T,6377.0,1,,,
2026-03-30 15:49:30.959,T,6377.25,1,,,
2026-03-30 15:49:31.109,T,6377.0,1,,,
2026-03-30 15:49:31.109,T,6377.0,1,,,
2026-03-30 15:49:31.109,T,6377.0,1,,,
2026-03-30 15:49:31.109,T,6377.0,1,,,
2026-03-30 15:49:31.109,T,6377.0,2,,,
2026-03-30 15:49:31.109,T,6377.0,1,,,
2026-03-30 15:49:31.109,T,6377.0,1,,,
2026-03-30 15:49:31.109,T,6377.0,1,,,
2026-03-30 15:49:32.415,T,6377.25,2,,,
2026-03-30 15:49:32.415,T,6377.25,1,,,
2026-03-30 15:49:32.415,T,6377.25,1,,,
2026-03-30 15:49:32.415,T,6377.25,1,,,
2026-03-30 15:49:32.415,T,6377.25,1,,,
2026-03-30 15:49:32.415,T,6377.25,1,,,
2026-03-30 15:49:32.415,T,6377.25,1,,,
2026-03-30 15:49:32.415,T,6377.25,2,,,
2026-03-30 15:49:32.415,T,6377.25,1,,,
2026-03-30 15:49:32.415,T,6377.25,1,,,
2026-03-30 15:49:32.415,T,6377.25,1,,,
2026-03-30 15:49:32.415,T,6377.25,1,,,
2026-03-30 15:49:32.415,T,6377.25,1,,,
2026-03-30 15:49:32.415,T,6377.25,1,,,
2026-03-30 15:49:32.415,T,6377.25,2,,,
2026-03-30 15:49:32.415,T,6377.25,1,,,
2026-03-30 15:49:32.415,T,6377.25,1,,,
2026-03-30 15:49:32.415,T,6377.25,1,,,
2026-03-30 15:49:32.415,T,6377.25,4,,,
2026-03-30 15:49:32.415,T,6377.25,1,,,
2026-03-30 15:49:32.415,T,6377.25,1,,,
2026-03-30 15:49:32.415,T,6377.25,1,,,
2026-03-30 15:49:32.415,T,6377.25,3,,,
2026-03-30 15:49:32.415,T,6377.5,1,,,
2026-03-30 15:49:32.415,T,6377.5,1,,,
2026-03-30 15:49:32.415,T,6377.5,1,,,
2026-03-30 15:49:32.415,T,6377.5,1,,,
2026-03-30 15:49:32.415,T,6377.5,2,,,
2026-03-30 15:49:32.415,T,6377.5,1,,,
2026-03-30 15:49:32.415,T,6377.5,1,,,
2026-03-30 15:49:32.415,T,6377.5,1,,,
2026-03-30 15:49:32.415,T,6377.5,1,,,
2026-03-30 15:49:32.415,T,6377.5,1,,,
2026-03-30 15:49:32.415,T,6377.5,1,,,
2026-03-30 15:49:32.415,T,6377.5,1,,,
2026-03-30 15:49:32.415,T,6377.5,1,,,
2026-03-30 15:49:32.415,T,6377.5,1,,,
2026-03-30 15:49:32.415,T,6377.5,2,,,
2026-03-30 15:49:32.415,T,6377.5,2,,,
2026-03-30 15:49:32.415,T,6377.5,1,,,
2026-03-30 15:49:32.415,T,6377.5,1,,,
2026-03-30 15:49:32.415,T,6377.5,2,,,
2026-03-30 15:49:32.415,T,6377.5,2,,,
2026-03-30 15:49:32.415,T,6377.5,2,,,
2026-03-30 15:49:32.415,T,6377.5,3,,,
2026-03-30 15:49:32.415,T,6377.5,1,,,
2026-03-30 15:49:32.415,T,6377.5,4,,,
2026-03-30 15:49:32.415,T,6377.5,1,,,
2026-03-30 15:49:32.415,T,6377.5,1,,,
2026-03-30 15:49:32.415,T,6377.5,1,,,
2026-03-30 15:49:32.590,Q,,,,6377.5,6377.75
2026-03-30 15:49:32.590,Q,,,,6377.25,6377.5
2026-03-30 15:49:32.590,T,6377.5,1,,,
2026-03-30 15:49:32.590,T,6377.5,1,,,
2026-03-30 15:49:32.590,T,6377.5,1,,,
2026-03-30 15:49:32.590,T,6377.5,1,,,
2026-03-30 15:49:32.612,Q,,,,6377.0,6377.25
2026-03-30 15:49:32.612,T,6377.25,1,,,
2026-03-30 15:49:32.612,T,6377.25,1,,,
2026-03-30 15:49:32.612,T,6377.25,1,,,
2026-03-30 15:49:32.612,T,6377.25,1,,,
2026-03-30 15:49:32.612,T,6377.25,1,,,
2026-03-30 15:49:32.612,T,6377.25,1,,,
2026-03-30 15:49:32.612,T,6377.25,1,,,
2026-03-30 15:49:32.909,T,6377.0,2,,,
2026-03-30 15:49:33.164,T,6377.25,2,,,
2026-03-30 15:49:33.358,Q,,,,6377.25,6377.5
2026-03-30 15:49:33.359,T,6377.25,1,,,
2026-03-30 15:49:33.359,T,6377.25,1,,,
2026-03-30 15:49:33.359,T,6377.25,1,,,
2026-03-30 15:49:33.359,T,6377.25,1,,,
2026-03-30 15:49:33.359,T,6377.25,3,,,
2026-03-30 15:49:33.359,T,6377.25,1,,,
2026-03-30 15:49:33.359,T,6377.25,1,,,
2026-03-30 15:49:33.359,T,6377.25,1,,,
2026-03-30 15:49:33.359,T,6377.25,3,,,
2026-03-30 15:49:33.359,T,6377.25,1,,,
2026-03-30 15:49:33.408,T,6377.25,1,,,
2026-03-30 15:49:34.058,T,6377.25,1,,,
2026-03-30 15:49:34.109,Q,,,,6377.0,6377.25
2026-03-30 15:49:34.109,T,6377.25,1,,,
2026-03-30 15:49:34.109,T,6377.25,1,,,
2026-03-30 15:49:34.109,T,6377.25,1,,,
2026-03-30 15:49:34.109,T,6377.25,1,,,
2026-03-30 15:49:34.109,T,6377.25,2,,,
2026-03-30 15:49:34.109,T,6377.25,1,,,
2026-03-30 15:49:34.109,T,6377.25,1,,,
2026-03-30 15:49:34.109,T,6377.25,1,,,
2026-03-30 15:49:34.109,T,6377.25,1,,,
2026-03-30 15:49:34.109,T,6377.25,3,,,
2026-03-30 15:49:34.109,T,6377.25,1,,,
2026-03-30 15:49:34.109,T,6377.25,1,,,
2026-03-30 15:49:34.359,Q,,,,6377.25,6377.5
2026-03-30 15:49:34.360,T,6377.25,1,,,
2026-03-30 15:49:34.360,T,6377.25,1,,,
2026-03-30 15:49:34.360,T,6377.25,1,,,
2026-03-30 15:49:34.360,T,6377.25,1,,,
2026-03-30 15:49:34.360,T,6377.25,1,,,
2026-03-30 15:49:35.208,T,6377.5,1,,,
2026-03-30 15:49:35.459,T,6377.5,1,,,
2026-03-30 15:49:35.959,T,6377.5,1,,,
2026-03-30 15:49:35.959,T,6377.5,1,,,
2026-03-30 15:49:36.008,Q,,,,6377.0,6377.25
2026-03-30 15:49:36.010,T,6377.25,1,,,
2026-03-30 15:49:36.010,T,6377.25,3,,,
2026-03-30 15:49:36.010,T,6377.25,1,,,
2026-03-30 15:49:36.010,T,6377.25,1,,,
2026-03-30 15:49:36.010,T,6377.25,1,,,
2026-03-30 15:49:36.010,T,6377.25,1,,,
2026-03-30 15:49:36.010,T,6377.25,1,,,
2026-03-30 15:49:36.010,T,6377.25,1,,,
2026-03-30 15:49:36.010,T,6377.25,1,,,
2026-03-30 15:49:36.010,T,6377.25,1,,,
2026-03-30 15:49:36.010,T,6377.25,1,,,
2026-03-30 15:49:36.010,T,6377.25,1,,,
2026-03-30 15:49:36.010,T,6377.25,1,,,
2026-03-30 15:49:36.010,T,6377.25,1,,,
2026-03-30 15:49:36.010,T,6377.25,3,,,
2026-03-30 15:49:36.010,T,6377.25,1,,,
2026-03-30 15:49:36.010,T,6377.25,1,,,
2026-03-30 15:49:36.010,T,6377.0,1,,,
2026-03-30 15:49:36.109,T,6377.25,1,,,
2026-03-30 15:49:36.109,T,6377.25,1,,,
2026-03-30 15:49:36.109,T,6377.25,3,,,
2026-03-30 15:49:36.109,T,6377.25,1,,,
2026-03-30 15:49:36.109,T,6377.25,1,,,
2026-03-30 15:49:36.109,T,6377.25,1,,,
2026-03-30 15:49:36.109,T,6377.25,1,,,
2026-03-30 15:49:36.110,Q,,,,6377.0,6377.5
2026-03-30 15:49:36.159,Q,,,,6377.25,6377.5
2026-03-30 15:49:36.311,T,6377.5,1,,,
2026-03-30 15:49:36.311,T,6377.5,2,,,
2026-03-30 15:49:36.311,T,6377.5,1,,,
2026-03-30 15:49:36.311,T,6377.5,1,,,
2026-03-30 15:49:36.311,T,6377.5,2,,,
2026-03-30 15:49:36.412,T,6377.5,2,,,
2026-03-30 15:49:36.412,T,6377.5,1,,,
2026-03-30 15:49:36.412,T,6377.5,1,,,
2026-03-30 15:49:36.412,T,6377.5,1,,,
2026-03-30 15:49:36.412,T,6377.5,1,,,
2026-03-30 15:49:36.412,T,6377.5,1,,,
2026-03-30 15:49:36.412,Q,,,,6377.5,6377.75
2026-03-30 15:49:36.509,T,6377.5,1,,,
2026-03-30 15:49:36.509,T,6377.5,1,,,
2026-03-30 15:49:36.509,T,6377.5,1,,,
2026-03-30 15:49:36.509,T,6377.5,1,,,
2026-03-30 15:49:36.560,Q,,,,6377.0,6377.5
2026-03-30 15:49:36.561,T,6377.5,1,,,
2026-03-30 15:49:36.561,T,6377.5,1,,,
2026-03-30 15:49:36.561,T,6377.25,1,,,
2026-03-30 15:49:36.561,T,6377.25,3,,,
2026-03-30 15:49:36.561,T,6377.25,2,,,
2026-03-30 15:49:36.561,T,6377.25,1,,,
2026-03-30 15:49:36.561,T,6377.25,2,,,
2026-03-30 15:49:36.561,T,6377.25,1,,,
2026-03-30 15:49:36.561,T,6377.25,1,,,
2026-03-30 15:49:36.561,T,6377.25,1,,,
2026-03-30 15:49:36.561,T,6377.25,1,,,
2026-03-30 15:49:36.561,T,6377.25,1,,,
2026-03-30 15:49:36.561,T,6377.25,1,,,
2026-03-30 15:49:36.561,T,6377.25,4,,,
2026-03-30 15:49:36.561,T,6377.25,1,,,
2026-03-30 15:49:36.561,T,6377.25,1,,,
2026-03-30 15:49:36.561,T,6377.25,1,,,
2026-03-30 15:49:36.561,T,6377.25,1,,,
2026-03-30 15:49:36.561,T,6377.25,1,,,
2026-03-30 15:49:36.561,T,6377.25,1,,,
2026-03-30 15:49:36.561,T,6377.25,2,,,
2026-03-30 15:49:36.561,T,6377.25,1,,,
2026-03-30 15:49:36.561,T,6377.25,1,,,
2026-03-30 15:49:36.561,T,6377.25,5,,,
2026-03-30 15:49:36.561,T,6377.25,1,,,
2026-03-30 15:49:36.561,T,6377.25,4,,,
2026-03-30 15:49:36.561,T,6377.25,1,,,
2026-03-30 15:49:36.561,T,6377.25,1,,,
2026-03-30 15:49:36.661,Q,,,,6377.25,6377.5
2026-03-30 15:49:36.761,T,6377.5,1,,,
2026-03-30 15:49:37.113,Q,,,,6377.0,6377.25
2026-03-30 15:49:37.114,T,6377.25,1,,,
2026-03-30 15:49:37.114,T,6377.25,1,,,
2026-03-30 15:49:37.114,T,6377.25,1,,,
2026-03-30 15:49:37.263,T,6377.25,1,,,
2026-03-30 15:49:37.263,T,6377.25,1,,,
2026-03-30 15:49:37.263,T,6377.25,2,,,
2026-03-30 15:49:37.263,T,6377.25,1,,,
2026-03-30 15:49:37.263,T,6377.0,1,,,
2026-03-30 15:49:37.361,T,6377.25,1,,,
2026-03-30 15:49:37.561,T,6377.25,1,,,
2026-03-30 15:49:37.561,T,6377.25,1,,,
2026-03-30 15:49:37.561,T,6377.25,1,,,
2026-03-30 15:49:37.561,T,6377.25,1,,,
2026-03-30 15:49:37.561,T,6377.25,3,,,
2026-03-30 15:49:37.561,T,6377.25,1,,,
2026-03-30 15:49:37.561,T,6377.25,1,,,
2026-03-30 15:49:37.561,T,6377.25,1,,,
2026-03-30 15:49:37.561,T,6377.25,1,,,
2026-03-30 15:49:37.561,T,6377.25,3,,,
2026-03-30 15:49:37.561,T,6377.25,1,,,
2026-03-30 15:49:37.561,T,6377.25,1,,,
2026-03-30 15:49:38.061,T,6377.0,1,,,
2026-03-30 15:49:38.061,T,6377.0,1,,,
2026-03-30 15:49:38.061,T,6377.0,2,,,
2026-03-30 15:49:38.061,T,6377.0,1,,,
2026-03-30 15:49:38.061,T,6377.0,1,,,
2026-03-30 15:49:38.061,T,6377.0,1,,,
2026-03-30 15:49:38.061,T,6377.0,4,,,
2026-03-30 15:49:38.061,T,6377.0,1,,,
2026-03-30 15:49:38.061,T,6377.0,1,,,
2026-03-30 15:49:38.061,T,6377.0,2,,,
2026-03-30 15:49:38.061,T,6377.0,3,,,
2026-03-30 15:49:38.061,T,6377.0,13,,,
2026-03-30 15:49:38.061,T,6377.0,1,,,
2026-03-30 15:49:38.061,T,6377.0,1,,,
2026-03-30 15:49:38.061,T,6377.0,1,,,
2026-03-30 15:49:38.061,T,6377.0,1,,,
2026-03-30 15:49:38.061,T,6377.0,1,,,
2026-03-30 15:49:38.061,T,6377.0,1,,,
2026-03-30 15:49:38.061,T,6377.0,1,,,
2026-03-30 15:49:38.061,T,6377.0,1,,,
2026-03-30 15:49:38.061,T,6377.0,1,,,
2026-03-30 15:49:38.061,T,6377.0,1,,,
2026-03-30 15:49:38.061,T,6377.0,1,,,
2026-03-30 15:49:38.061,T,6377.0,2,,,
2026-03-30 15:49:38.061,T,6377.0,2,,,
2026-03-30 15:49:38.061,T,6377.0,1,,,
2026-03-30 15:49:38.061,T,6377.0,1,,,
2026-03-30 15:49:38.061,T,6377.0,1,,,
2026-03-30 15:49:38.061,T,6377.0,1,,,
2026-03-30 15:49:38.061,T,6377.0,1,,,
2026-03-30 15:49:38.061,T,6377.0,1,,,
2026-03-30 15:49:38.109,T,6377.0,1,,,
2026-03-30 15:49:38.109,T,6377.0,1,,,
2026-03-30 15:49:38.109,T,6377.0,3,,,
2026-03-30 15:49:38.109,T,6377.0,1,,,
2026-03-30 15:49:38.109,T,6377.0,1,,,
2026-03-30 15:49:38.109,T,6377.0,1,,,
2026-03-30 15:49:38.109,T,6377.0,1,,,
2026-03-30 15:49:38.109,T,6377.0,1,,,
2026-03-30 15:49:38.109,T,6377.0,1,,,
2026-03-30 15:49:38.109,T,6377.0,1,,,
2026-03-30 15:49:38.109,T,6377.0,1,,,
2026-03-30 15:49:38.109,T,6377.0,1,,,
2026-03-30 15:49:38.512,T,6377.0,1,,,
2026-03-30 15:49:38.761,T,6377.0,1,,,
2026-03-30 15:49:38.761,T,6377.0,2,,,
2026-03-30 15:49:38.761,T,6377.0,1,,,
2026-03-30 15:49:38.761,T,6377.0,4,,,
2026-03-30 15:49:38.761,T,6377.0,2,,,
2026-03-30 15:49:39.111,T,6377.25,1,,,
2026-03-30 15:49:39.613,T,6377.0,1,,,
2026-03-30 15:49:39.863,T,6377.25,1,,,
2026-03-30 15:49:39.863,T,6377.25,1,,,
2026-03-30 15:49:39.975,T,6377.0,1,,,
2026-03-30 15:49:39.975,T,6377.0,1,,,
2026-03-30 15:49:39.975,T,6377.0,1,,,
2026-03-30 15:49:39.975,T,6377.0,1,,,
2026-03-30 15:49:39.975,T,6377.0,1,,,
2026-03-30 15:49:39.975,T,6377.0,1,,,
2026-03-30 15:49:39.975,T,6377.0,10,,,
2026-03-30 15:49:39.975,T,6377.0,1,,,
2026-03-30 15:49:39.975,T,6377.0,1,,,
2026-03-30 15:49:39.975,T,6377.0,1,,,
2026-03-30 15:49:39.975,T,6377.0,1,,,
2026-03-30 15:49:39.977,Q,,,,6376.75,6377.0
2026-03-30 15:49:40.460,T,6376.75,1,,,
2026-03-30 15:49:40.862,T,6376.75,1,,,
2026-03-30 15:49:41.113,T,6377.0,1,,,
2026-03-30 15:49:41.113,T,6377.0,1,,,
2026-03-30 15:49:41.113,T,6377.0,2,,,
2026-03-30 15:49:41.113,T,6377.0,1,,,
2026-03-30 15:49:41.113,T,6377.0,3,,,
2026-03-30 15:49:41.113,T,6377.0,1,,,
2026-03-30 15:49:41.113,T,6377.0,1,,,
2026-03-30 15:49:41.113,T,6377.0,1,,,
2026-03-30 15:49:41.113,T,6377.0,3,,,
2026-03-30 15:49:41.113,T,6377.0,1,,,
2026-03-30 15:49:41.113,T,6377.0,1,,,
2026-03-30 15:49:41.113,T,6377.0,1,,,
2026-03-30 15:49:41.113,T,6377.0,1,,,
2026-03-30 15:49:41.113,T,6377.0,1,,,
2026-03-30 15:49:41.113,T,6377.0,4,,,
2026-03-30 15:49:41.113,T,6377.0,1,,,
2026-03-30 15:49:41.113,T,6377.0,1,,,
2026-03-30 15:49:41.113,T,6377.0,1,,,
2026-03-30 15:49:41.113,T,6377.0,1,,,
2026-03-30 15:49:41.113,T,6377.0,1,,,
2026-03-30 15:49:41.113,T,6377.0,1,,,
2026-03-30 15:49:41.113,T,6377.0,1,,,
2026-03-30 15:49:41.113,T,6377.0,1,,,
2026-03-30 15:49:41.113,T,6377.0,3,,,
2026-03-30 15:49:41.113,T,6377.0,1,,,
2026-03-30 15:49:41.113,T,6377.0,1,,,
2026-03-30 15:49:41.113,T,6377.0,1,,,
2026-03-30 15:49:41.113,T,6377.0,1,,,
2026-03-30 15:49:41.113,T,6377.0,1,,,
2026-03-30 15:49:41.113,T,6377.0,1,,,
2026-03-30 15:49:41.113,T,6377.0,1,,,
2026-03-30 15:49:41.115,Q,,,,6376.75,6377.25
2026-03-30 15:49:41.161,Q,,,,6376.75,6377.0
2026-03-30 15:49:41.209,T,6376.75,1,,,
2026-03-30 15:49:41.209,T,6376.75,1,,,
2026-03-30 15:49:41.259,T,6377.0,3,,,
2026-03-30 15:49:41.259,T,6377.0,1,,,
2026-03-30 15:49:41.259,T,6377.0,1,,,
2026-03-30 15:49:41.259,T,6377.0,5,,,
2026-03-30 15:49:41.259,T,6377.0,1,,,
2026-03-30 15:49:41.259,T,6377.0,1,,,
2026-03-30 15:49:41.259,T,6377.0,3,,,
2026-03-30 15:49:41.259,T,6377.0,1,,,
2026-03-30 15:49:41.259,T,6377.0,1,,,
2026-03-30 15:49:41.259,T,6377.0,4,,,
2026-03-30 15:49:41.259,T,6377.0,2,,,
2026-03-30 15:49:41.259,T,6377.0,1,,,
2026-03-30 15:49:41.333,T,6376.75,1,,,
2026-03-30 15:49:41.333,T,6376.75,1,,,
2026-03-30 15:49:41.333,T,6376.75,1,,,
2026-03-30 15:49:41.333,T,6376.75,1,,,
2026-03-30 15:49:42.009,T,6376.75,1,,,
2026-03-30 15:49:43.410,T,6376.75,1,,,
2026-03-30 15:49:43.410,T,6376.75,1,,,
2026-03-30 15:49:43.410,T,6376.75,1,,,
2026-03-30 15:49:43.410,T,6376.75,1,,,
2026-03-30 15:49:44.017,T,6376.75,4,,,
2026-03-30 15:49:44.017,T,6376.75,1,,,
2026-03-30 15:49:44.017,T,6376.75,3,,,
2026-03-30 15:49:44.017,T,6376.75,1,,,
2026-03-30 15:49:44.017,T,6376.75,1,,,
2026-03-30 15:49:44.511,T,6377.0,1,,,
2026-03-30 15:49:44.861,T,6376.75,2,,,
2026-03-30 15:49:44.861,T,6376.75,1,,,
2026-03-30 15:49:44.861,T,6376.75,1,,,
2026-03-30 15:49:44.861,T,6376.75,1,,,
2026-03-30 15:49:44.861,T,6376.75,1,,,
2026-03-30 15:49:44.861,T,6376.75,1,,,
2026-03-30 15:49:44.861,T,6376.75,1,,,
2026-03-30 15:49:44.861,T,6376.75,1,,,
2026-03-30 15:49:44.861,T,6376.75,1,,,
2026-03-30 15:49:44.862,Q,,,,6376.5,6376.75
2026-03-30 15:49:44.962,T,6376.5,1,,,
2026-03-30 15:49:44.962,T,6376.75,1,,,
2026-03-30 15:49:45.161,Q,,,,6376.75,6377.0
2026-03-30 15:49:45.162,T,6376.75,1,,,
2026-03-30 15:49:45.162,T,6376.75,1,,,
2026-03-30 15:49:45.162,T,6376.75,1,,,
2026-03-30 15:49:45.162,T,6376.75,1,,,
2026-03-30 15:49:45.162,T,6376.75,3,,,
2026-03-30 15:49:45.162,T,6376.75,1,,,
2026-03-30 15:49:45.162,T,6376.75,1,,,
2026-03-30 15:49:45.162,T,6376.75,1,,,
2026-03-30 15:49:45.162,T,6376.75,1,,,
2026-03-30 15:49:45.162,T,6376.75,1,,,
2026-03-30 15:49:45.162,T,6376.75,1,,,
2026-03-30 15:49:45.162,T,6376.75,1,,,
2026-03-30 15:49:45.162,T,6376.75,1,,,
2026-03-30 15:49:45.162,T,6376.75,1,,,
2026-03-30 15:49:45.162,T,6376.75,1,,,
2026-03-30 15:49:45.162,T,6376.75,1,,,
2026-03-30 15:49:45.162,T,6376.75,2,,,
2026-03-30 15:49:45.208,Q,,,,6376.5,6377.0
2026-03-30 15:49:45.209,T,6376.75,1,,,
2026-03-30 15:49:45.209,T,6376.75,1,,,
2026-03-30 15:49:45.209,T,6376.75,1,,,
2026-03-30 15:49:45.258,Q,,,,6376.75,6377.0
2026-03-30 15:49:45.358,T,6376.75,3,,,
2026-03-30 15:49:45.358,T,6376.75,1,,,
2026-03-30 15:49:45.358,T,6376.75,1,,,
2026-03-30 15:49:45.358,T,6376.75,3,,,
2026-03-30 15:49:45.358,T,6376.75,1,,,
2026-03-30 15:49:45.358,T,6376.75,1,,,
2026-03-30 15:49:45.358,T,6376.75,1,,,
2026-03-30 15:49:45.609,T,6376.75,2,,,
2026-03-30 15:49:45.609,T,6376.75,1,,,
2026-03-30 15:49:45.609,T,6376.75,3,,,
2026-03-30 15:49:45.609,T,6376.75,2,,,
2026-03-30 15:49:45.609,T,6376.75,1,,,
2026-03-30 15:49:45.609,T,6376.75,1,,,
2026-03-30 15:49:45.609,T,6376.75,1,,,
2026-03-30 15:49:45.609,T,6376.75,1,,,
2026-03-30 15:49:45.609,T,6376.75,1,,,
2026-03-30 15:49:45.609,T,6376.75,1,,,
2026-03-30 15:49:45.609,T,6376.75,1,,,
2026-03-30 15:49:45.609,T,6376.75,1,,,
2026-03-30 15:49:45.609,T,6376.75,1,,,
2026-03-30 15:49:45.609,T,6376.75,1,,,
2026-03-30 15:49:45.609,T,6376.75,3,,,
2026-03-30 15:49:45.609,T,6376.75,7,,,
2026-03-30 15:49:45.812,T,6377.0,1,,,
2026-03-30 15:49:45.812,T,6377.0,1,,,
2026-03-30 15:49:46.009,T,6376.75,1,,,
2026-03-30 15:49:46.062,T,6376.75,3,,,
2026-03-30 15:49:46.062,T,6376.75,1,,,
2026-03-30 15:49:46.062,T,6376.75,1,,,
2026-03-30 15:49:46.259,T,6377.0,1,,,
2026-03-30 15:49:46.259,T,6377.0,1,,,
2026-03-30 15:49:46.259,T,6377.0,2,,,
2026-03-30 15:49:46.259,T,6377.0,1,,,
2026-03-30 15:49:46.259,T,6377.0,1,,,
2026-03-30 15:49:46.259,T,6377.0,1,,,
2026-03-30 15:49:46.259,T,6377.0,1,,,
2026-03-30 15:49:46.259,T,6377.0,1,,,
2026-03-30 15:49:46.259,T,6377.0,1,,,
2026-03-30 15:49:46.259,T,6377.0,2,,,
2026-03-30 15:49:46.259,T,6377.0,1,,,
2026-03-30 15:49:46.260,Q,,,,6377.0,6377.25
2026-03-30 15:49:46.516,T,6377.25,1,,,
2026-03-30 15:49:46.516,T,6377.25,1,,,
2026-03-30 15:49:46.516,T,6377.25,2,,,
2026-03-30 15:49:46.516,T,6377.25,1,,,
2026-03-30 15:49:46.516,T,6377.25,1,,,
2026-03-30 15:49:46.558,T,6377.25,1,,,
2026-03-30 15:49:46.558,T,6377.25,1,,,
2026-03-30 15:49:46.558,T,6377.25,1,,,
2026-03-30 15:49:46.558,T,6377.25,1,,,
2026-03-30 15:49:46.558,T,6377.25,1,,,
2026-03-30 15:49:46.558,T,6377.25,2,,,
2026-03-30 15:49:46.558,Q,,,,6377.0,6377.5
2026-03-30 15:49:46.814,Q,,,,6377.0,6377.25
2026-03-30 15:49:46.861,Q,,,,6377.25,6377.5
2026-03-30 15:49:46.861,T,6377.25,3,,,
2026-03-30 15:49:46.861,T,6377.25,1,,,
2026-03-30 15:49:46.861,T,6377.25,1,,,
2026-03-30 15:49:46.861,T,6377.5,1,,,
2026-03-30 15:49:47.059,T,6377.25,1,,,
2026-03-30 15:49:47.512,T,6377.25,1,,,
2026-03-30 15:49:47.557,T,6377.25,1,,,
2026-03-30 15:49:47.557,T,6377.25,1,,,
2026-03-30 15:49:47.557,T,6377.25,1,,,
2026-03-30 15:49:47.557,T,6377.25,1,,,
2026-03-30 15:49:47.557,T,6377.25,1,,,
2026-03-30 15:49:48.160,Q,,,,6377.0,6377.25
2026-03-30 15:49:48.160,T,6377.25,2,,,
2026-03-30 15:49:48.160,T,6377.25,1,,,
2026-03-30 15:49:48.160,T,6377.25,1,,,
2026-03-30 15:49:48.160,T,6377.25,1,,,
2026-03-30 15:49:48.160,T,6377.25,1,,,
2026-03-30 15:49:48.160,T,6377.25,3,,,
2026-03-30 15:49:48.160,T,6377.25,1,,,
2026-03-30 15:49:48.160,T,6377.25,1,,,
2026-03-30 15:49:48.160,T,6377.25,1,,,
2026-03-30 15:49:48.208,T,6377.25,1,,,
2026-03-30 15:49:48.208,T,6377.25,1,,,
2026-03-30 15:49:48.208,T,6377.25,3,,,
2026-03-30 15:49:48.208,T,6377.25,1,,,
2026-03-30 15:49:48.209,Q,,,,6377.25,6377.5
2026-03-30 15:49:48.258,T,6377.5,1,,,
2026-03-30 15:49:48.308,T,6377.5,3,,,
2026-03-30 15:49:48.308,T,6377.5,2,,,
2026-03-30 15:49:49.511,T,6377.5,1,,,
2026-03-30 15:49:49.758,T,6377.5,1,,,
2026-03-30 15:49:50.059,T,6377.25,1,,,
2026-03-30 15:49:50.108,T,6377.25,1,,,
2026-03-30 15:49:50.108,T,6377.25,1,,,
2026-03-30 15:49:50.108,T,6377.25,1,,,
2026-03-30 15:49:50.108,T,6377.25,1,,,
2026-03-30 15:49:50.108,T,6377.25,1,,,
2026-03-30 15:49:50.108,T,6377.25,1,,,
2026-03-30 15:49:50.108,T,6377.25,1,,,
2026-03-30 15:49:50.108,T,6377.25,1,,,
2026-03-30 15:49:50.110,Q,,,,6377.0,6377.25
2026-03-30 15:49:50.162,T,6377.25,1,,,
2026-03-30 15:49:50.258,T,6377.25,1,,,
2026-03-30 15:49:51.063,Q,,,,6377.25,6377.5
2026-03-30 15:49:51.063,T,6377.25,1,,,
2026-03-30 15:49:51.063,T,6377.25,1,,,
2026-03-30 15:49:51.063,T,6377.25,1,,,
2026-03-30 15:49:51.063,T,6377.25,1,,,
2026-03-30 15:49:51.063,T,6377.25,3,,,
2026-03-30 15:49:51.063,T,6377.25,1,,,
2026-03-30 15:49:51.109,T,6377.25,1,,,
2026-03-30 15:49:51.259,Q,,,,6377.0,6377.25
2026-03-30 15:49:51.259,T,6377.25,1,,,
2026-03-30 15:49:51.259,T,6377.25,1,,,
2026-03-30 15:49:51.259,T,6377.25,1,,,
2026-03-30 15:49:51.259,T,6377.25,1,,,
2026-03-30 15:49:51.259,T,6377.25,1,,,
2026-03-30 15:49:51.259,T,6377.25,1,,,
2026-03-30 15:49:51.259,T,6377.25,1,,,
2026-03-30 15:49:51.259,T,6377.25,1,,,
2026-03-30 15:49:51.465,T,6377.25,1,,,
2026-03-30 15:49:51.465,T,6377.25,3,,,
2026-03-30 15:49:51.465,T,6377.25,1,,,
2026-03-30 15:49:51.465,T,6377.25,1,,,
2026-03-30 15:49:51.465,T,6377.25,1,,,
2026-03-30 15:49:51.465,Q,,,,6377.0,6377.5
2026-03-30 15:49:51.611,T,6377.25,1,,,
2026-03-30 15:49:51.611,T,6377.25,3,,,
2026-03-30 15:49:51.611,T,6377.25,1,,,
2026-03-30 15:49:51.611,T,6377.25,1,,,
2026-03-30 15:49:51.612,Q,,,,6377.0,6377.25
2026-03-30 15:49:52.142,Q,,,,6377.0,6377.5
2026-03-30 15:49:52.143,T,6377.25,3,,,
2026-03-30 15:49:52.143,T,6377.25,1,,,
2026-03-30 15:49:52.143,T,6377.25,1,,,
2026-03-30 15:49:52.143,T,6377.25,1,,,
2026-03-30 15:49:52.143,T,6377.25,1,,,
2026-03-30 15:49:52.143,T,6377.25,1,,,
2026-03-30 15:49:52.143,T,6377.25,3,,,
2026-03-30 15:49:52.143,T,6377.25,2,,,
2026-03-30 15:49:52.143,T,6377.25,1,,,
2026-03-30 15:49:52.143,T,6377.25,1,,,
2026-03-30 15:49:52.143,T,6377.25,3,,,
2026-03-30 15:49:52.143,T,6377.25,1,,,
2026-03-30 15:49:52.143,T,6377.25,1,,,
2026-03-30 15:49:52.250,Q,,,,6377.25,6377.5
2026-03-30 15:49:52.549,T,6377.5,1,,,
2026-03-30 15:49:53.080,T,6377.25,1,,,
2026-03-30 15:49:53.433,T,6377.5,1,,,
2026-03-30 15:49:53.433,T,6377.5,1,,,
2026-03-30 15:49:53.433,T,6377.5,1,,,
2026-03-30 15:49:53.433,T,6377.5,1,,,
2026-03-30 15:49:53.433,T,6377.5,1,,,
2026-03-30 15:49:53.433,T,6377.5,1,,,
2026-03-30 15:49:53.433,T,6377.5,1,,,
2026-03-30 15:49:53.433,T,6377.5,1,,,
2026-03-30 15:49:53.433,T,6377.5,1,,,
2026-03-30 15:49:53.433,T,6377.5,1,,,
2026-03-30 15:49:53.433,T,6377.5,1,,,
2026-03-30 15:49:53.433,T,6377.5,3,,,
2026-03-30 15:49:53.608,T,6377.25,1,,,
2026-03-30 15:49:53.608,T,6377.25,2,,,
2026-03-30 15:49:53.608,T,6377.25,1,,,
2026-03-30 15:49:53.608,T,6377.25,1,,,
2026-03-30 15:49:53.608,T,6377.25,1,,,
2026-03-30 15:49:53.608,T,6377.25,1,,,
2026-03-30 15:49:53.608,T,6377.25,1,,,
2026-03-30 15:49:53.608,T,6377.25,3,,,
2026-03-30 15:49:53.608,T,6377.25,3,,,
2026-03-30 15:49:53.608,T,6377.25,1,,,
2026-03-30 15:49:53.608,T,6377.25,1,,,
2026-03-30 15:49:53.608,T,6377.25,1,,,
2026-03-30 15:49:53.608,T,6377.25,1,,,
2026-03-30 15:49:53.608,T,6377.25,2,,,
2026-03-30 15:49:53.608,T,6377.25,1,,,
2026-03-30 15:49:53.608,T,6377.25,1,,,
2026-03-30 15:49:53.608,T,6377.25,1,,,
2026-03-30 15:49:53.608,T,6377.25,1,,,
2026-03-30 15:49:53.608,T,6377.25,1,,,
2026-03-30 15:49:53.608,T,6377.25,1,,,
2026-03-30 15:49:53.608,T,6377.25,1,,,
2026-03-30 15:49:53.608,T,6377.25,1,,,
2026-03-30 15:49:53.608,Q,,,,6377.0,6377.25
2026-03-30 15:49:53.962,T,6377.25,1,,,
2026-03-30 15:49:54.160,T,6377.25,2,,,
2026-03-30 15:49:54.160,T,6377.25,1,,,
2026-03-30 15:49:54.160,T,6377.25,3,,,
2026-03-30 15:49:54.160,T,6377.25,1,,,
2026-03-30 15:49:54.160,T,6377.25,1,,,
2026-03-30 15:49:54.160,T,6377.25,1,,,
2026-03-30 15:49:54.160,T,6377.25,5,,,
2026-03-30 15:49:54.160,T,6377.25,2,,,
2026-03-30 15:49:54.160,T,6377.25,3,,,
2026-03-30 15:49:54.160,T,6377.25,1,,,
2026-03-30 15:49:54.160,Q,,,,6377.25,6377.5
2026-03-30 15:49:54.321,T,6377.5,1,,,
2026-03-30 15:49:54.670,T,6377.5,1,,,
2026-03-30 15:49:54.670,T,6377.5,5,,,
2026-03-30 15:49:54.670,T,6377.5,1,,,
2026-03-30 15:49:54.670,T,6377.5,1,,,
2026-03-30 15:49:54.670,T,6377.5,3,,,
2026-03-30 15:49:54.670,T,6377.5,1,,,
2026-03-30 15:49:54.670,T,6377.5,1,,,
2026-03-30 15:49:54.670,T,6377.5,2,,,
2026-03-30 15:49:54.670,T,6377.5,1,,,
2026-03-30 15:49:54.670,T,6377.5,1,,,
2026-03-30 15:49:54.670,T,6377.5,1,,,
2026-03-30 15:49:54.670,T,6377.5,1,,,
2026-03-30 15:49:54.781,Q,,,,6377.5,6377.75
2026-03-30 15:49:54.860,Q,,,,6377.75,6378.0
2026-03-30 15:49:54.965,T,6377.75,1,,,
2026-03-30 15:49:54.965,T,6377.75,1,,,
2026-03-30 15:49:54.965,T,6377.75,1,,,
2026-03-30 15:49:54.965,T,6377.75,1,,,
2026-03-30 15:49:54.965,T,6377.75,1,,,
2026-03-30 15:49:54.965,T,6377.75,1,,,
2026-03-30 15:49:54.965,T,6378.0,1,,,
2026-03-30 15:49:54.965,T,6378.0,1,,,
2026-03-30 15:49:54.965,T,6378.0,3,,,
2026-03-30 15:49:54.965,T,6378.0,1,,,
2026-03-30 15:49:54.965,T,6378.0,1,,,
2026-03-30 15:49:54.965,Q,,,,6377.5,6378.0
2026-03-30 15:49:54.965,T,6378.0,1,,,
2026-03-30 15:49:55.077,Q,,,,6377.5,6377.75
2026-03-30 15:49:55.376,T,6377.5,1,,,
2026-03-30 15:49:55.503,T,6377.75,1,,,
2026-03-30 15:49:55.513,Q,,,,6377.25,6377.75
2026-03-30 15:49:55.514,T,6377.5,1,,,
2026-03-30 15:49:55.514,T,6377.5,1,,,
2026-03-30 15:49:55.514,T,6377.5,1,,,
2026-03-30 15:49:55.514,T,6377.5,1,,,
2026-03-30 15:49:55.514,T,6377.5,1,,,
2026-03-30 15:49:55.514,T,6377.5,1,,,
2026-03-30 15:49:55.514,T,6377.5,1,,,
2026-03-30 15:49:55.514,T,6377.5,1,,,
2026-03-30 15:49:55.514,T,6377.5,1,,,
2026-03-30 15:49:55.629,Q,,,,6377.5,6378.0
2026-03-30 15:49:55.629,T,6377.75,1,,,
2026-03-30 15:49:55.629,T,6377.75,1,,,
2026-03-30 15:49:55.629,T,6377.75,1,,,
2026-03-30 15:49:55.629,T,6377.75,1,,,
2026-03-30 15:49:55.629,T,6377.75,1,,,
2026-03-30 15:49:55.629,T,6377.75,1,,,
2026-03-30 15:49:55.629,T,6377.75,1,,,
2026-03-30 15:49:55.629,T,6377.75,1,,,
2026-03-30 15:49:55.629,T,6377.75,2,,,
2026-03-30 15:49:55.629,T,6377.75,1,,,
2026-03-30 15:49:55.629,T,6377.75,1,,,
2026-03-30 15:49:55.629,T,6377.75,1,,,
2026-03-30 15:49:55.629,T,6377.75,1,,,
2026-03-30 15:49:55.629,T,6377.75,1,,,
2026-03-30 15:49:55.629,T,6377.75,3,,,
2026-03-30 15:49:55.629,T,6377.75,3,,,
2026-03-30 15:49:55.629,T,6377.75,1,,,
2026-03-30 15:49:55.629,T,6377.75,2,,,
2026-03-30 15:49:55.629,T,6377.75,1,,,
2026-03-30 15:49:55.629,T,6377.75,1,,,
2026-03-30 15:49:55.629,T,6377.75,1,,,
2026-03-30 15:49:55.629,T,6377.75,4,,,
2026-03-30 15:49:55.629,T,6377.75,1,,,
2026-03-30 15:49:55.629,T,6377.75,1,,,
2026-03-30 15:49:55.629,T,6377.75,1,,,
2026-03-30 15:49:55.629,T,6377.75,1,,,
2026-03-30 15:49:55.630,Q,,,,6377.75,6378.0
2026-03-30 15:49:56.016,T,6378.0,1,,,
