ts,type,price,volume,side,bid,ask
2026-04-13 09:46:27.578,Q,,,,6829.75,6830.25
2026-04-13 09:46:27.675,Q,,,,6829.75,6830.0
2026-04-13 09:46:27.675,T,6830.0,1,,,
2026-04-13 09:46:27.915,T,6830.0,1,,,
2026-04-13 09:46:27.915,T,6830.0,1,,,
2026-04-13 09:46:27.915,T,6830.0,1,,,
2026-04-13 09:46:27.915,T,6830.0,1,,,
2026-04-13 09:46:27.915,T,6830.0,1,,,
2026-04-13 09:46:27.915,T,6830.0,1,,,
2026-04-13 09:46:27.915,T,6830.0,1,,,
2026-04-13 09:46:27.915,T,6830.0,1,,,
2026-04-13 09:46:27.915,T,6830.0,1,,,
2026-04-13 09:46:27.915,T,6830.0,1,,,
2026-04-13 09:46:27.915,T,6830.0,1,,,
2026-04-13 09:46:27.915,T,6830.0,1,,,
2026-04-13 09:46:28.173,T,6830.0,1,,,
2026-04-13 09:46:28.173,T,6830.0,1,,,
2026-04-13 09:46:28.173,T,6830.0,1,,,
2026-04-13 09:46:28.173,T,6830.0,1,,,
2026-04-13 09:46:28.173,T,6830.0,1,,,
2026-04-13 09:46:28.173,T,6830.0,2,,,
2026-04-13 09:46:28.173,T,6830.0,1,,,
2026-04-13 09:46:28.173,T,6830.0,1,,,
2026-04-13 09:46:28.176,Q,,,,6830.0,6830.25
2026-04-13 09:46:28.674,Q,,,,6829.75,6830.0
2026-04-13 09:46:28.674,T,6830.0,1,,,
2026-04-13 09:46:28.674,T,6830.0,1,,,
2026-04-13 09:46:28.674,T,6830.0,1,,,
2026-04-13 09:46:28.674,T,6830.0,1,,,
2026-04-13 09:46:28.674,T,6830.0,1,,,
2026-04-13 09:46:28.674,T,6830.0,1,,,
2026-04-13 09:46:28.726,T,6830.0,1,,,
2026-04-13 09:46:28.726,T,6830.0,1,,,
2026-04-13 09:46:28.726,T,6830.0,1,,,
2026-04-13 09:46:28.726,T,6830.0,1,,,
2026-04-13 09:46:29.173,T,6829.75,1,,,
2026-04-13 09:46:29.421,T,6830.0,1,,,
2026-04-13 09:46:30.178,T,6830.0,3,,,
2026-04-13 09:46:30.178,T,6830.0,1,,,
2026-04-13 09:46:30.178,T,6830.0,1,,,
2026-04-13 09:46:30.178,T,6830.0,1,,,
2026-04-13 09:46:30.178,T,6830.0,1,,,
2026-04-13 09:46:30.178,T,6830.0,1,,,
2026-04-13 09:46:30.178,T,6830.0,1,,,
2026-04-13 09:46:30.178,T,6830.0,1,,,
2026-04-13 09:46:30.178,T,6830.0,3,,,
2026-04-13 09:46:30.178,T,6830.0,1,,,
2026-04-13 09:46:30.178,T,6830.0,1,,,
2026-04-13 09:46:30.178,T,6830.0,1,,,
2026-04-13 09:46:30.178,T,6830.0,1,,,
2026-04-13 09:46:30.178,T,6830.25,1,,,
2026-04-13 09:46:30.178,T,6830.0,1,,,
2026-04-13 09:46:30.178,T,6830.0,3,,,
2026-04-13 09:46:30.178,T,6830.0,1,,,
2026-04-13 09:46:30.178,T,6830.0,2,,,
2026-04-13 09:46:30.178,T,6830.0,1,,,
2026-04-13 09:46:30.178,T,6830.0,1,,,
2026-04-13 09:46:30.178,T,6830.0,1,,,
2026-04-13 09:46:30.178,T,6830.0,1,,,
2026-04-13 09:46:30.178,T,6830.0,4,,,
2026-04-13 09:46:30.178,T,6830.0,1,,,
2026-04-13 09:46:30.178,T,6830.0,1,,,
2026-04-13 09:46:30.178,T,6830.0,1,,,
2026-04-13 09:46:30.525,T,6829.75,1,,,
2026-04-13 09:46:30.525,T,6829.75,1,,,
2026-04-13 09:46:30.525,T,6829.75,1,,,
2026-04-13 09:46:30.525,T,6829.75,1,,,
2026-04-13 09:46:30.525,T,6829.75,1,,,
2026-04-13 09:46:30.525,T,6829.75,1,,,
2026-04-13 09:46:30.525,T,6829.75,1,,,
2026-04-13 09:46:30.525,T,6829.75,1,,,
2026-04-13 09:46:30.525,T,6829.75,1,,,
2026-04-13 09:46:30.525,T,6829.75,1,,,
2026-04-13 09:46:30.525,T,6829.75,1,,,
2026-04-13 09:46:30.525,T,6829.75,1,,,
2026-04-13 09:46:30.525,T,6829.75,2,,,
2026-04-13 09:46:30.525,T,6829.75,1,,,
2026-04-13 09:46:30.525,T,6829.75,1,,,
2026-04-13 09:46:30.525,T,6829.75,1,,,
2026-04-13 09:46:30.525,T,6829.75,1,,,
2026-04-13 09:46:30.525,T,6829.75,2,,,
2026-04-13 09:46:30.525,T,6829.75,1,,,
2026-04-13 09:46:30.525,T,6829.75,1,,,
2026-04-13 09:46:30.525,T,6829.75,3,,,
2026-04-13 09:46:30.527,Q,,,,6829.5,6830.0
2026-04-13 09:46:30.574,Q,,,,6829.75,6830.0
2026-04-13 09:46:30.676,Q,,,,6829.5,6830.0
2026-04-13 09:46:30.676,T,6829.75,1,,,
2026-04-13 09:46:30.734,T,6829.75,1,,,
2026-04-13 09:46:30.734,Q,,,,6829.5,6829.75
2026-04-13 09:46:31.535,T,6829.75,1,,,
2026-04-13 09:46:31.535,T,6829.5,1,,,
2026-04-13 09:46:31.535,T,6829.5,1,,,
2026-04-13 09:46:31.536,T,6829.75,1,,,
2026-04-13 09:46:31.536,T,6829.75,1,,,
2026-04-13 09:46:31.536,T,6829.75,1,,,
2026-04-13 09:46:31.536,T,6829.75,1,,,
2026-04-13 09:46:31.536,T,6829.75,1,,,
2026-04-13 09:46:31.536,T,6829.75,1,,,
2026-04-13 09:46:31.869,T,6829.5,1,,,
2026-04-13 09:46:31.869,T,6829.5,1,,,
2026-04-13 09:46:31.889,T,6829.5,1,,,
2026-04-13 09:46:31.889,T,6829.5,1,,,
2026-04-13 09:46:31.889,T,6829.5,1,,,
2026-04-13 09:46:31.889,T,6829.5,1,,,
2026-04-13 09:46:31.889,T,6829.5,2,,,
2026-04-13 09:46:31.889,T,6829.5,1,,,
2026-04-13 09:46:31.889,T,6829.5,1,,,
2026-04-13 09:46:31.889,T,6829.5,1,,,
2026-04-13 09:46:31.889,T,6829.5,1,,,
2026-04-13 09:46:31.889,T,6829.5,1,,,
2026-04-13 09:46:31.889,Q,,,,6829.25,6829.5
2026-04-13 09:46:32.051,Q,,,,6829.0,6829.25
2026-04-13 09:46:32.052,T,6829.25,1,,,
2026-04-13 09:46:32.052,T,6829.25,1,,,
2026-04-13 09:46:32.052,T,6829.25,1,,,
2026-04-13 09:46:32.052,T,6829.25,1,,,
2026-04-13 09:46:32.052,T,6829.25,1,,,
2026-04-13 09:46:32.052,T,6829.25,1,,,
2026-04-13 09:46:32.052,T,6829.25,1,,,
2026-04-13 09:46:32.457,T,6829.25,1,,,
2026-04-13 09:46:32.457,T,6829.25,1,,,
2026-04-13 09:46:32.457,T,6829.25,1,,,
2026-04-13 09:46:32.457,T,6829.25,1,,,
2026-04-13 09:46:32.457,T,6829.25,1,,,
2026-04-13 09:46:32.457,T,6829.25,2,,,
2026-04-13 09:46:32.471,T,6829.25,1,,,
2026-04-13 09:46:32.471,T,6829.25,1,,,
2026-04-13 09:46:32.471,T,6829.25,1,,,
2026-04-13 09:46:32.471,T,6829.25,1,,,
2026-04-13 09:46:32.471,T,6829.25,1,,,
2026-04-13 09:46:32.471,T,6829.25,3,,,
2026-04-13 09:46:32.471,T,6829.25,1,,,
2026-04-13 09:46:32.471,T,6829.25,1,,,
2026-04-13 09:46:32.473,Q,,,,6829.25,6829.5
2026-04-13 09:46:32.638,T,6829.25,1,,,
2026-04-13 09:46:32.638,T,6829.25,2,,,
2026-04-13 09:46:32.639,Q,,,,6829.0,6829.25
2026-04-13 09:46:32.669,T,6829.25,1,,,
2026-04-13 09:46:32.669,T,6829.25,1,,,
2026-04-13 09:46:32.670,Q,,,,6829.25,6829.5
2026-04-13 09:46:32.814,Q,,,,6829.0,6829.25
2026-04-13 09:46:32.815,T,6829.25,1,,,
2026-04-13 09:46:32.815,T,6829.25,1,,,
2026-04-13 09:46:32.815,T,6829.25,1,,,
2026-04-13 09:46:33.174,Q,,,,6829.25,6829.5
2026-04-13 09:46:33.175,T,6829.25,1,,,
2026-04-13 09:46:33.175,T,6829.25,1,,,
2026-04-13 09:46:33.175,T,6829.25,1,,,
2026-04-13 09:46:33.175,T,6829.25,1,,,
2026-04-13 09:46:33.175,T,6829.25,1,,,
2026-04-13 09:46:33.176,T,6829.25,1,,,
2026-04-13 09:46:33.176,T,6829.25,1,,,
2026-04-13 09:46:33.176,T,6829.25,1,,,
2026-04-13 09:46:33.176,T,6829.25,1,,,
2026-04-13 09:46:33.176,T,6829.25,1,,,
2026-04-13 09:46:33.176,T,6829.25,1,,,
2026-04-13 09:46:33.176,T,6829.25,1,,,
2026-04-13 09:46:33.176,T,6829.25,2,,,
2026-04-13 09:46:33.176,T,6829.25,1,,,
2026-04-13 09:46:33.176,T,6829.25,1,,,
2026-04-13 09:46:33.177,Q,,,,6829.0,6829.5
2026-04-13 09:46:33.177,T,6829.25,1,,,
2026-04-13 09:46:33.177,T,6829.25,1,,,
2026-04-13 09:46:33.177,Q,,,,6829.25,6829.5
2026-04-13 09:46:33.348,Q,,,,6829.0,6829.25
2026-04-13 09:46:33.349,T,6829.25,1,,,
2026-04-13 09:46:33.349,T,6829.25,1,,,
2026-04-13 09:46:33.349,T,6829.25,1,,,
2026-04-13 09:46:33.349,T,6829.25,2,,,
2026-04-13 09:46:33.349,T,6829.25,1,,,
2026-04-13 09:46:33.349,T,6829.25,1,,,
2026-04-13 09:46:33.349,T,6829.25,1,,,
2026-04-13 09:46:33.350,Q,,,,6829.25,6829.5
2026-04-13 09:46:33.471,T,6829.25,1,,,
2026-04-13 09:46:33.471,T,6829.25,1,,,
2026-04-13 09:46:33.485,T,6829.25,1,,,
2026-04-13 09:46:33.485,Q,,,,6829.0,6829.5
2026-04-13 09:46:33.576,T,6829.25,1,,,
2026-04-13 09:46:33.576,T,6829.25,1,,,
2026-04-13 09:46:33.577,Q,,,,6829.25,6829.5
2026-04-13 09:46:33.773,T,6829.25,3,,,
2026-04-13 09:46:33.773,T,6829.25,1,,,
2026-04-13 09:46:33.773,T,6829.25,1,,,
2026-04-13 09:46:33.773,T,6829.25,1,,,
2026-04-13 09:46:33.773,T,6829.25,1,,,
2026-04-13 09:46:33.916,T,6829.25,1,,,
2026-04-13 09:46:33.916,T,6829.25,1,,,
2026-04-13 09:46:33.916,T,6829.25,1,,,
2026-04-13 09:46:33.916,T,6829.25,1,,,
2026-04-13 09:46:33.916,T,6829.25,3,,,
2026-04-13 09:46:33.916,T,6829.25,1,,,
2026-04-13 09:46:33.916,T,6829.25,2,,,
2026-04-13 09:46:33.916,T,6829.25,1,,,
2026-04-13 09:46:33.916,T,6829.25,2,,,
2026-04-13 09:46:33.916,T,6829.25,1,,,
2026-04-13 09:46:33.916,T,6829.25,1,,,
2026-04-13 09:46:33.916,T,6829.25,1,,,
2026-04-13 09:46:33.916,T,6829.25,1,,,
2026-04-13 09:46:33.916,T,6829.25,3,,,
2026-04-13 09:46:33.916,T,6829.25,1,,,
2026-04-13 09:46:33.916,T,6829.0,1,,,
2026-04-13 09:46:33.916,T,6829.0,1,,,
2026-04-13 09:46:33.916,T,6829.0,1,,,
2026-04-13 09:46:33.916,T,6829.0,1,,,
2026-04-13 09:46:33.916,T,6829.0,1,,,
2026-04-13 09:46:33.916,T,6829.0,1,,,
2026-04-13 09:46:33.916,T,6829.0,1,,,
2026-04-13 09:46:33.916,T,6829.0,1,,,
2026-04-13 09:46:33.916,T,6829.0,1,,,
2026-04-13 09:46:33.916,T,6829.0,1,,,
2026-04-13 09:46:33.916,T,6829.0,1,,,
2026-04-13 09:46:33.916,T,6829.0,1,,,
2026-04-13 09:46:33.916,T,6829.0,1,,,
2026-04-13 09:46:33.916,T,6829.0,2,,,
2026-04-13 09:46:33.916,T,6829.0,1,,,
2026-04-13 09:46:33.916,T,6829.0,2,,,
2026-04-13 09:46:33.916,T,6829.0,3,,,
2026-04-13 09:46:33.916,T,6829.0,1,,,
2026-04-13 09:46:33.916,T,6829.0,1,,,
2026-04-13 09:46:33.916,T,6829.0,1,,,
2026-04-13 09:46:33.916,T,6829.25,1,,,
2026-04-13 09:46:33.916,T,6829.25,2,,,
2026-04-13 09:46:33.916,T,6829.25,1,,,
2026-04-13 09:46:33.916,T,6829.25,1,,,
2026-04-13 09:46:33.916,T,6829.25,1,,,
2026-04-13 09:46:33.916,T,6829.25,1,,,
2026-04-13 09:46:33.916,T,6829.25,1,,,
2026-04-13 09:46:33.916,T,6829.25,1,,,
2026-04-13 09:46:33.916,T,6829.25,1,,,
2026-04-13 09:46:34.095,T,6829.5,3,,,
2026-04-13 09:46:34.095,T,6829.5,2,,,
2026-04-13 09:46:34.095,T,6829.5,2,,,
2026-04-13 09:46:34.095,T,6829.5,1,,,
2026-04-13 09:46:34.095,T,6829.5,1,,,
2026-04-13 09:46:34.095,T,6829.5,1,,,
2026-04-13 09:46:34.095,T,6829.5,1,,,
2026-04-13 09:46:34.095,T,6829.5,1,,,
2026-04-13 09:46:34.095,T,6829.5,1,,,
2026-04-13 09:46:34.095,T,6829.5,1,,,
2026-04-13 09:46:34.095,T,6829.5,1,,,
2026-04-13 09:46:34.095,T,6829.5,1,,,
2026-04-13 09:46:34.095,T,6829.5,1,,,
2026-04-13 09:46:34.095,T,6829.5,1,,,
2026-04-13 09:46:34.095,T,6829.5,1,,,
2026-04-13 09:46:34.095,T,6829.5,2,,,
2026-04-13 09:46:34.095,T,6829.5,1,,,
2026-04-13 09:46:34.095,T,6829.5,1,,,
2026-04-13 09:46:34.095,T,6829.5,1,,,
2026-04-13 09:46:34.095,T,6829.5,1,,,
2026-04-13 09:46:34.097,Q,,,,6829.5,6829.75
2026-04-13 09:46:34.097,T,6829.5,1,,,
2026-04-13 09:46:34.097,T,6829.5,1,,,
2026-04-13 09:46:34.097,T,6829.5,1,,,
2026-04-13 09:46:34.232,T,6829.5,1,,,
2026-04-13 09:46:34.927,T,6829.5,1,,,
2026-04-13 09:46:34.927,T,6829.5,1,,,
2026-04-13 09:46:34.927,T,6829.5,1,,,
2026-04-13 09:46:34.927,T,6829.5,1,,,
2026-04-13 09:46:34.927,T,6829.5,1,,,
2026-04-13 09:46:34.927,T,6829.5,1,,,
2026-04-13 09:46:34.927,T,6829.5,2,,,
2026-04-13 09:46:34.927,T,6829.5,1,,,
2026-04-13 09:46:34.927,T,6829.5,1,,,
2026-04-13 09:46:34.927,T,6829.5,1,,,
2026-04-13 09:46:34.927,T,6829.5,1,,,
2026-04-13 09:46:35.008,Q,,,,6829.25,6829.5
2026-04-13 09:46:35.009,T,6829.5,1,,,
2026-04-13 09:46:35.009,T,6829.5,1,,,
2026-04-13 09:46:35.009,T,6829.5,1,,,
2026-04-13 09:46:35.009,T,6829.5,1,,,
2026-04-13 09:46:35.009,T,6829.5,1,,,
2026-04-13 09:46:35.009,T,6829.5,1,,,
2026-04-13 09:46:35.043,T,6829.5,1,,,
2026-04-13 09:46:35.044,Q,,,,6829.5,6829.75
2026-04-13 09:46:35.140,T,6829.5,1,,,
2026-04-13 09:46:35.140,T,6829.5,1,,,
2026-04-13 09:46:35.140,T,6829.5,1,,,
2026-04-13 09:46:35.140,T,6829.5,1,,,
2026-04-13 09:46:35.140,T,6829.5,1,,,
2026-04-13 09:46:35.141,Q,,,,6829.25,6829.75
2026-04-13 09:46:35.176,Q,,,,6829.25,6829.5
2026-04-13 09:46:35.176,T,6829.5,1,,,
2026-04-13 09:46:35.176,T,6829.5,1,,,
2026-04-13 09:46:35.262,T,6829.5,1,,,
2026-04-13 09:46:35.262,T,6829.5,1,,,
2026-04-13 09:46:35.263,Q,,,,6829.5,6829.75
2026-04-13 09:46:35.272,T,6829.5,1,,,
2026-04-13 09:46:35.513,Q,,,,6829.25,6829.75
2026-04-13 09:46:35.513,T,6829.5,1,,,
2026-04-13 09:46:35.513,T,6829.5,1,,,
2026-04-13 09:46:35.513,T,6829.5,1,,,
2026-04-13 09:46:35.513,T,6829.5,1,,,
2026-04-13 09:46:35.524,T,6829.5,1,,,
2026-04-13 09:46:35.524,T,6829.5,1,,,
2026-04-13 09:46:35.524,T,6829.5,1,,,
2026-04-13 09:46:35.525,Q,,,,6829.25,6829.5
2026-04-13 09:46:35.806,Q,,,,6829.25,6829.75
2026-04-13 09:46:35.807,T,6829.5,1,,,
2026-04-13 09:46:35.807,T,6829.5,1,,,
2026-04-13 09:46:35.807,T,6829.5,1,,,
2026-04-13 09:46:35.807,T,6829.5,1,,,
2026-04-13 09:46:35.807,Q,,,,6829.25,6829.5
2026-04-13 09:46:35.916,T,6829.5,1,,,
2026-04-13 09:46:35.916,T,6829.5,1,,,
2026-04-13 09:46:35.916,T,6829.5,1,,,
2026-04-13 09:46:35.917,Q,,,,6829.5,6829.75
2026-04-13 09:46:35.924,Q,,,,6829.25,6829.5
2026-04-13 09:46:35.924,T,6829.5,1,,,
2026-04-13 09:46:35.924,T,6829.5,1,,,
2026-04-13 09:46:36.031,T,6829.5,1,,,
2026-04-13 09:46:36.031,T,6829.5,2,,,
2026-04-13 09:46:36.032,Q,,,,6829.5,6829.75
2026-04-13 09:46:36.080,T,6829.5,1,,,
2026-04-13 09:46:36.080,T,6829.5,1,,,
2026-04-13 09:46:36.080,Q,,,,6829.25,6829.5
2026-04-13 09:46:36.234,Q,,,,6829.5,6829.75
2026-04-13 09:46:36.338,T,6829.75,1,,,
2026-04-13 09:46:36.338,T,6829.75,1,,,
2026-04-13 09:46:36.338,T,6829.75,1,,,
2026-04-13 09:46:36.339,T,6829.5,1,,,
2026-04-13 09:46:36.339,T,6829.5,1,,,
2026-04-13 09:46:36.339,T,6829.25,1,,,
2026-04-13 09:46:36.339,T,6829.5,1,,,
2026-04-13 09:46:36.339,T,6829.5,1,,,
2026-04-13 09:46:36.387,Q,,,,6829.25,6829.75
2026-04-13 09:46:36.387,T,6829.5,1,,,
2026-04-13 09:46:36.387,T,6829.5,1,,,
2026-04-13 09:46:36.387,T,6829.5,1,,,
2026-04-13 09:46:36.421,Q,,,,6829.5,6829.75
2026-04-13 09:46:36.824,T,6829.5,1,,,
2026-04-13 09:46:37.272,T,6829.75,1,,,
2026-04-13 09:46:37.272,T,6829.75,1,,,
2026-04-13 09:46:37.272,T,6829.75,1,,,
2026-04-13 09:46:37.272,T,6829.75,1,,,
2026-04-13 09:46:37.272,T,6829.75,1,,,
2026-04-13 09:46:37.272,T,6829.75,1,,,
2026-04-13 09:46:37.272,T,6829.75,1,,,
2026-04-13 09:46:37.272,T,6829.75,1,,,
2026-04-13 09:46:37.272,T,6829.75,1,,,
2026-04-13 09:46:37.272,T,6829.75,1,,,
2026-04-13 09:46:37.272,T,6829.75,1,,,
2026-04-13 09:46:37.272,T,6829.75,1,,,
2026-04-13 09:46:37.272,T,6829.75,1,,,
2026-04-13 09:46:37.272,T,6829.75,1,,,
2026-04-13 09:46:37.272,T,6829.75,2,,,
2026-04-13 09:46:37.272,T,6829.75,1,,,
2026-04-13 09:46:37.272,T,6829.75,1,,,
2026-04-13 09:46:37.272,T,6829.75,1,,,
2026-04-13 09:46:37.272,T,6829.75,2,,,
2026-04-13 09:46:37.274,Q,,,,6829.5,6830.0
2026-04-13 09:46:37.274,T,6829.5,1,,,
2026-04-13 09:46:37.409,T,6829.75,3,,,
2026-04-13 09:46:37.410,Q,,,,6829.75,6830.0
2026-04-13 09:46:37.426,T,6829.75,1,,,
2026-04-13 09:46:37.426,T,6829.75,1,,,
2026-04-13 09:46:37.426,T,6829.75,1,,,
2026-04-13 09:46:37.426,T,6829.75,1,,,
2026-04-13 09:46:37.426,T,6829.75,1,,,
2026-04-13 09:46:37.426,T,6829.75,1,,,
2026-04-13 09:46:37.427,Q,,,,6829.5,6829.75
2026-04-13 09:46:38.013,T,6829.5,1,,,
2026-04-13 09:46:38.013,T,6829.5,1,,,
2026-04-13 09:46:38.013,T,6829.5,1,,,
2026-04-13 09:46:38.013,T,6829.5,1,,,
2026-04-13 09:46:38.013,T,6829.5,1,,,
2026-04-13 09:46:38.013,T,6829.5,1,,,
2026-04-13 09:46:38.296,Q,,,,6829.25,6829.5
2026-04-13 09:46:38.297,T,6829.5,1,,,
2026-04-13 09:46:38.297,T,6829.5,1,,,
2026-04-13 09:46:38.297,T,6829.5,1,,,
2026-04-13 09:46:38.297,T,6829.5,1,,,
2026-04-13 09:46:38.297,T,6829.5,1,,,
2026-04-13 09:46:38.297,T,6829.5,1,,,
2026-04-13 09:46:38.297,T,6829.5,1,,,
2026-04-13 09:46:38.297,T,6829.5,1,,,
2026-04-13 09:46:38.297,T,6829.5,1,,,
2026-04-13 09:46:38.297,T,6829.5,1,,,
2026-04-13 09:46:38.302,Q,,,,6829.0,6829.5
2026-04-13 09:46:38.303,T,6829.25,1,,,
2026-04-13 09:46:38.303,T,6829.25,2,,,
2026-04-13 09:46:38.303,T,6829.25,1,,,
2026-04-13 09:46:38.303,T,6829.25,2,,,
2026-04-13 09:46:38.303,T,6829.25,1,,,
2026-04-13 09:46:38.303,T,6829.25,1,,,
2026-04-13 09:46:38.303,T,6829.25,1,,,
2026-04-13 09:46:38.303,T,6829.25,1,,,
2026-04-13 09:46:38.303,T,6829.25,1,,,
2026-04-13 09:46:38.303,T,6829.25,1,,,
2026-04-13 09:46:38.303,T,6829.25,1,,,
2026-04-13 09:46:38.303,T,6829.25,1,,,
2026-04-13 09:46:38.303,T,6829.25,2,,,
2026-04-13 09:46:38.303,T,6829.25,1,,,
2026-04-13 09:46:38.303,T,6829.25,3,,,
2026-04-13 09:46:38.303,T,6829.25,1,,,
2026-04-13 09:46:38.303,T,6829.25,2,,,
2026-04-13 09:46:38.303,T,6829.25,1,,,
2026-04-13 09:46:38.303,T,6829.25,1,,,
2026-04-13 09:46:38.303,T,6829.25,1,,,
2026-04-13 09:46:38.303,T,6829.25,1,,,
2026-04-13 09:46:38.303,T,6829.25,3,,,
2026-04-13 09:46:38.303,T,6829.25,1,,,
2026-04-13 09:46:38.303,T,6829.25,1,,,
2026-04-13 09:46:38.303,T,6829.25,1,,,
2026-04-13 09:46:38.303,T,6829.25,2,,,
2026-04-13 09:46:38.303,T,6829.25,1,,,
2026-04-13 09:46:38.303,T,6829.25,1,,,
2026-04-13 09:46:38.304,Q,,,,6829.0,6829.25
2026-04-13 09:46:38.359,T,6829.25,3,,,
2026-04-13 09:46:38.359,T,6829.25,1,,,
2026-04-13 09:46:38.359,T,6829.25,1,,,
2026-04-13 09:46:38.359,T,6829.25,1,,,
2026-04-13 09:46:38.359,T,6829.25,1,,,
2026-04-13 09:46:38.359,T,6829.25,1,,,
2026-04-13 09:46:38.359,T,6829.25,1,,,
2026-04-13 09:46:38.371,T,6829.25,1,,,
2026-04-13 09:46:38.371,T,6829.25,1,,,
2026-04-13 09:46:38.371,T,6829.25,1,,,
2026-04-13 09:46:38.371,T,6829.25,1,,,
2026-04-13 09:46:38.475,T,6829.25,1,,,
2026-04-13 09:46:38.476,Q,,,,6829.25,6829.5
2026-04-13 09:46:38.476,T,6829.5,1,,,
2026-04-13 09:46:38.653,T,6829.25,1,,,
2026-04-13 09:46:38.653,T,6829.25,1,,,
2026-04-13 09:46:38.653,T,6829.25,1,,,
2026-04-13 09:46:38.653,T,6829.25,1,,,
2026-04-13 09:46:38.653,T,6829.25,3,,,
2026-04-13 09:46:38.654,T,6829.25,1,,,
2026-04-13 09:46:38.654,T,6829.25,1,,,
2026-04-13 09:46:38.655,Q,,,,6829.0,6829.5
2026-04-13 09:46:38.673,Q,,,,6829.25,6829.5
2026-04-13 09:46:39.025,T,6829.25,1,,,
2026-04-13 09:46:39.185,Q,,,,6829.5,6829.75
2026-04-13 09:46:39.185,T,6829.5,1,,,
2026-04-13 09:46:39.185,T,6829.5,1,,,
2026-04-13 09:46:39.185,T,6829.5,1,,,
2026-04-13 09:46:39.185,T,6829.5,1,,,
2026-04-13 09:46:39.185,T,6829.5,1,,,
2026-04-13 09:46:39.185,T,6829.5,1,,,
2026-04-13 09:46:39.185,T,6829.5,1,,,
2026-04-13 09:46:39.185,T,6829.5,1,,,
2026-04-13 09:46:39.360,T,6829.5,1,,,
2026-04-13 09:46:39.360,T,6829.5,1,,,
2026-04-13 09:46:39.361,T,6829.5,1,,,
2026-04-13 09:46:39.710,T,6829.75,1,,,
2026-04-13 09:46:39.710,T,6829.75,1,,,
2026-04-13 09:46:39.710,T,6829.75,1,,,
2026-04-13 09:46:39.710,T,6829.75,1,,,
2026-04-13 09:46:39.710,T,6829.75,1,,,
2026-04-13 09:46:39.711,Q,,,,6829.75,6830.0
2026-04-13 09:46:39.883,Q,,,,6829.5,6830.0
2026-04-13 09:46:39.884,Q,,,,6829.5,6829.75
2026-04-13 09:46:40.247,T,6829.75,1,,,
2026-04-13 09:46:40.770,Q,,,,6829.5,6830.0
2026-04-13 09:46:40.770,T,6829.75,1,,,
2026-04-13 09:46:40.770,T,6829.75,1,,,
2026-04-13 09:46:40.770,T,6829.75,1,,,
2026-04-13 09:46:40.770,T,6829.75,1,,,
2026-04-13 09:46:40.770,T,6829.75,1,,,
2026-04-13 09:46:40.770,T,6829.75,1,,,
2026-04-13 09:46:40.770,T,6829.75,1,,,
2026-04-13 09:46:40.770,T,6829.75,1,,,
2026-04-13 09:46:40.772,Q,,,,6829.75,6830.0
2026-04-13 09:46:40.866,T,6829.75,1,,,
2026-04-13 09:46:40.866,Q,,,,6829.5,6830.0
2026-04-13 09:46:40.875,T,6829.75,1,,,
2026-04-13 09:46:40.875,T,6829.75,1,,,
2026-04-13 09:46:40.875,T,6829.75,1,,,
2026-04-13 09:46:40.875,T,6829.75,1,,,
2026-04-13 09:46:40.875,T,6829.75,1,,,
2026-04-13 09:46:40.875,T,6829.75,1,,,
2026-04-13 09:46:40.876,Q,,,,6829.75,6830.0
2026-04-13 09:46:41.003,T,6829.75,2,,,
2026-04-13 09:46:41.003,T,6829.75,1,,,
2026-04-13 09:46:41.003,T,6829.75,1,,,
2026-04-13 09:46:41.003,T,6829.75,1,,,
2026-04-13 09:46:41.213,T,6829.75,1,,,
2026-04-13 09:46:41.843,T,6830.0,1,,,
2026-04-13 09:46:41.843,T,6830.0,1,,,
2026-04-13 09:46:41.843,T,6830.0,1,,,
2026-04-13 09:46:41.843,T,6830.0,1,,,
2026-04-13 09:46:41.843,T,6830.0,1,,,
2026-04-13 09:46:41.874,T,6830.0,1,,,
2026-04-13 09:46:41.984,T,6830.0,1,,,
2026-04-13 09:46:41.984,T,6830.0,1,,,
2026-04-13 09:46:41.984,T,6830.0,1,,,
2026-04-13 09:46:41.984,T,6830.0,1,,,
2026-04-13 09:46:41.984,T,6830.0,1,,,
2026-04-13 09:46:41.984,T,6830.0,1,,,
2026-04-13 09:46:41.984,T,6830.0,1,,,
2026-04-13 09:46:41.984,T,6830.0,1,,,
2026-04-13 09:46:41.984,T,6830.0,1,,,
2026-04-13 09:46:41.984,T,6830.0,1,,,
2026-04-13 09:46:41.984,T,6830.0,1,,,
2026-04-13 09:46:41.984,T,6830.0,1,,,
2026-04-13 09:46:41.984,T,6830.0,1,,,
2026-04-13 09:46:41.984,T,6830.0,1,,,
2026-04-13 09:46:41.984,T,6830.0,1,,,
2026-04-13 09:46:41.984,T,6830.0,1,,,
2026-04-13 09:46:41.984,T,6830.0,1,,,
2026-04-13 09:46:41.984,T,6830.0,1,,,
2026-04-13 09:46:41.984,T,6830.0,1,,,
2026-04-13 09:46:42.212,Q,,,,6829.5,6829.75
2026-04-13 09:46:42.213,T,6829.75,1,,,
2026-04-13 09:46:42.213,T,6829.75,1,,,
2026-04-13 09:46:42.213,T,6829.75,1,,,
2026-04-13 09:46:42.213,T,6829.75,3,,,
2026-04-13 09:46:42.213,T,6829.75,1,,,
2026-04-13 09:46:42.213,T,6829.75,1,,,
2026-04-13 09:46:42.213,T,6829.75,1,,,
2026-04-13 09:46:42.213,T,6829.75,1,,,
2026-04-13 09:46:42.213,T,6829.75,1,,,
2026-04-13 09:46:42.213,T,6829.75,1,,,
2026-04-13 09:46:42.213,T,6829.75,2,,,
2026-04-13 09:46:42.213,T,6829.75,2,,,
2026-04-13 09:46:42.213,T,6829.75,1,,,
2026-04-13 09:46:42.213,T,6829.75,1,,,
2026-04-13 09:46:42.213,T,6829.75,2,,,
2026-04-13 09:46:42.388,T,6829.75,1,,,
2026-04-13 09:46:42.388,T,6829.75,1,,,
2026-04-13 09:46:42.388,T,6829.75,1,,,
2026-04-13 09:46:42.388,T,6829.75,1,,,
2026-04-13 09:46:42.388,T,6829.75,3,,,
2026-04-13 09:46:42.388,T,6829.75,1,,,
2026-04-13 09:46:42.388,T,6829.75,2,,,
2026-04-13 09:46:42.389,Q,,,,6829.75,6830.0
2026-04-13 09:46:42.513,T,6830.0,1,,,
2026-04-13 09:46:42.513,T,6830.0,3,,,
2026-04-13 09:46:42.513,T,6830.0,1,,,
2026-04-13 09:46:42.513,T,6830.0,1,,,
2026-04-13 09:46:42.513,T,6830.0,1,,,
2026-04-13 09:46:42.513,T,6830.0,1,,,
2026-04-13 09:46:42.513,T,6830.0,1,,,
2026-04-13 09:46:42.514,Q,,,,6830.0,6830.25
2026-04-13 09:46:42.524,T,6830.0,1,,,
2026-04-13 09:46:42.524,T,6830.0,1,,,
2026-04-13 09:46:42.526,Q,,,,6829.75,6830.0
2026-04-13 09:46:42.795,T,6830.0,1,,,
2026-04-13 09:46:42.795,T,6830.0,1,,,
2026-04-13 09:46:42.795,T,6830.0,1,,,
2026-04-13 09:46:42.795,T,6830.0,1,,,
2026-04-13 09:46:42.795,T,6830.0,1,,,
2026-04-13 09:46:42.795,T,6830.0,1,,,
2026-04-13 09:46:43.173,T,6830.0,1,,,
2026-04-13 09:46:43.512,T,6830.0,1,,,
2026-04-13 09:46:43.512,T,6830.0,1,,,
2026-04-13 09:46:43.512,T,6830.0,1,,,
2026-04-13 09:46:43.512,Q,,,,6830.0,6830.25
2026-04-13 09:46:43.513,Q,,,,6829.75,6830.25
2026-04-13 09:46:43.513,Q,,,,6830.0,6830.25
2026-04-13 09:46:43.690,T,6830.0,1,,,
2026-04-13 09:46:43.690,T,6830.0,1,,,
2026-04-13 09:46:43.690,T,6830.0,1,,,
2026-04-13 09:46:43.690,T,6830.0,1,,,
2026-04-13 09:46:43.690,T,6830.0,1,,,
2026-04-13 09:46:43.690,T,6830.0,1,,,
2026-04-13 09:46:43.691,Q,,,,6829.75,6830.0
2026-04-13 09:46:43.870,T,6830.0,1,,,
2026-04-13 09:46:43.870,T,6830.0,1,,,
2026-04-13 09:46:43.870,T,6830.0,1,,,
2026-04-13 09:46:43.870,T,6830.0,1,,,
2026-04-13 09:46:43.871,Q,,,,6829.75,6830.25
2026-04-13 09:46:43.871,Q,,,,6829.75,6830.0
2026-04-13 09:46:44.007,T,6830.0,1,,,
2026-04-13 09:46:44.007,T,6830.0,1,,,
2026-04-13 09:46:44.007,T,6830.0,1,,,
2026-04-13 09:46:44.007,T,6830.0,1,,,
2026-04-13 09:46:44.007,T,6830.0,1,,,
2026-04-13 09:46:44.536,T,6829.75,1,,,
2026-04-13 09:46:44.675,T,6829.75,1,,,
2026-04-13 09:46:44.794,Q,,,,6829.5,6829.75
2026-04-13 09:46:44.794,T,6829.75,1,,,
2026-04-13 09:46:44.794,T,6829.75,1,,,
2026-04-13 09:46:44.794,T,6829.75,1,,,
2026-04-13 09:46:44.794,T,6829.75,1,,,
2026-04-13 09:46:44.794,T,6829.75,1,,,
2026-04-13 09:46:44.794,T,6829.75,1,,,
2026-04-13 09:46:44.823,Q,,,,6829.75,6830.0
2026-04-13 09:46:44.824,T,6829.75,1,,,
2026-04-13 09:46:44.824,T,6829.75,1,,,
2026-04-13 09:46:44.824,T,6829.75,1,,,
2026-04-13 09:46:44.824,T,6829.75,1,,,
2026-04-13 09:46:44.824,T,6829.75,1,,,
2026-04-13 09:46:44.824,T,6829.75,1,,,
2026-04-13 09:46:44.824,T,6829.75,2,,,
2026-04-13 09:46:44.921,T,6830.0,1,,,
2026-04-13 09:46:45.174,T,6830.0,1,,,
2026-04-13 09:46:45.174,T,6830.0,1,,,
2026-04-13 09:46:45.174,T,6829.75,2,,,
2026-04-13 09:46:45.174,T,6830.0,1,,,
2026-04-13 09:46:45.174,T,6830.0,1,,,
2026-04-13 09:46:45.174,T,6830.0,1,,,
2026-04-13 09:46:45.174,T,6830.0,1,,,
2026-04-13 09:46:45.174,T,6830.0,1,,,
2026-04-13 09:46:45.175,Q,,,,6830.0,6830.25
2026-04-13 09:46:45.271,Q,,,,6830.0,6830.5
2026-04-13 09:46:45.271,T,6830.25,1,,,
2026-04-13 09:46:45.271,T,6830.25,1,,,
2026-04-13 09:46:45.271,T,6830.25,1,,,
2026-04-13 09:46:45.271,T,6830.25,1,,,
2026-04-13 09:46:45.271,T,6830.25,1,,,
2026-04-13 09:46:45.271,T,6830.25,2,,,
2026-04-13 09:46:45.271,T,6830.25,1,,,
2026-04-13 09:46:45.271,T,6830.25,1,,,
2026-04-13 09:46:45.271,T,6830.25,1,,,
2026-04-13 09:46:45.271,T,6830.25,1,,,
2026-04-13 09:46:45.271,T,6830.25,2,,,
2026-04-13 09:46:45.408,T,6830.25,1,,,
2026-04-13 09:46:45.408,T,6830.25,2,,,
2026-04-13 09:46:45.408,T,6830.25,1,,,
2026-04-13 09:46:45.408,T,6830.25,3,,,
2026-04-13 09:46:45.408,T,6830.25,1,,,
2026-04-13 09:46:45.408,T,6830.25,1,,,
2026-04-13 09:46:45.408,T,6830.25,1,,,
2026-04-13 09:46:45.408,T,6830.25,1,,,
2026-04-13 09:46:45.408,T,6830.25,1,,,
2026-04-13 09:46:45.408,T,6830.25,1,,,
2026-04-13 09:46:45.410,Q,,,,6830.25,6830.5
2026-04-13 09:46:45.410,T,6830.25,1,,,
2026-04-13 09:46:45.661,T,6830.25,1,,,
2026-04-13 09:46:45.661,T,6830.25,1,,,
2026-04-13 09:46:45.661,T,6830.25,1,,,
2026-04-13 09:46:45.661,T,6830.25,3,,,
2026-04-13 09:46:45.661,T,6830.25,1,,,
2026-04-13 09:46:45.662,Q,,,,6830.0,6830.25
2026-04-13 09:46:45.806,T,6830.0,1,,,
2026-04-13 09:46:45.823,T,6830.25,2,,,
2026-04-13 09:46:45.823,T,6830.25,1,,,
2026-04-13 09:46:45.823,T,6830.25,1,,,
2026-04-13 09:46:45.824,Q,,,,6830.25,6830.5
2026-04-13 09:46:46.171,T,6830.5,1,,,
2026-04-13 09:46:46.171,T,6830.5,1,,,
2026-04-13 09:46:46.171,T,6830.5,1,,,
2026-04-13 09:46:46.171,T,6830.5,1,,,
2026-04-13 09:46:46.171,T,6830.5,1,,,
2026-04-13 09:46:46.171,T,6830.5,2,,,
2026-04-13 09:46:46.171,T,6830.5,1,,,
2026-04-13 09:46:46.171,T,6830.5,1,,,
2026-04-13 09:46:46.171,T,6830.5,1,,,
2026-04-13 09:46:46.171,T,6830.5,1,,,
2026-04-13 09:46:46.171,T,6830.5,1,,,
2026-04-13 09:46:46.325,Q,,,,6830.25,6830.75
2026-04-13 09:46:46.325,T,6830.5,1,,,
2026-04-13 09:46:46.325,T,6830.5,1,,,
2026-04-13 09:46:46.325,T,6830.5,1,,,
2026-04-13 09:46:46.325,T,6830.5,1,,,
2026-04-13 09:46:46.375,T,6830.5,1,,,
2026-04-13 09:46:46.375,T,6830.5,1,,,
2026-04-13 09:46:46.376,Q,,,,6830.25,6830.5
2026-04-13 09:46:46.672,T,6830.25,1,,,
2026-04-13 09:46:46.772,T,6830.5,1,,,
2026-04-13 09:46:46.772,T,6830.5,1,,,
2026-04-13 09:46:46.772,T,6830.5,1,,,
2026-04-13 09:46:46.772,T,6830.5,1,,,
2026-04-13 09:46:46.772,T,6830.5,1,,,
2026-04-13 09:46:46.772,T,6830.5,1,,,
2026-04-13 09:46:46.772,T,6830.5,1,,,
2026-04-13 09:46:46.772,T,6830.5,1,,,
2026-04-13 09:46:46.772,T,6830.5,1,,,
2026-04-13 09:46:47.021,T,6830.5,1,,,
2026-04-13 09:46:47.178,T,6830.5,1,,,
2026-04-13 09:46:47.383,T,6830.25,1,,,
2026-04-13 09:46:47.383,T,6830.25,1,,,
2026-04-13 09:46:47.383,T,6830.25,1,,,
2026-04-13 09:46:47.383,T,6830.25,1,,,
2026-04-13 09:46:47.383,T,6830.25,2,,,
2026-04-13 09:46:47.383,T,6830.25,1,,,
2026-04-13 09:46:47.383,T,6830.25,1,,,
2026-04-13 09:46:47.383,T,6830.25,1,,,
2026-04-13 09:46:47.383,T,6830.25,2,,,
2026-04-13 09:46:47.384,Q,,,,6830.0,6830.25
2026-04-13 09:46:47.475,T,6830.0,1,,,
2026-04-13 09:46:47.475,T,6830.0,1,,,
2026-04-13 09:46:47.475,T,6830.0,1,,,
2026-04-13 09:46:47.475,T,6830.0,1,,,
2026-04-13 09:46:47.475,T,6830.0,1,,,
2026-04-13 09:46:47.475,T,6830.0,2,,,
2026-04-13 09:46:47.476,Q,,,,6829.75,6830.0
2026-04-13 09:46:47.524,T,6830.0,2,,,
2026-04-13 09:46:47.524,T,6830.0,1,,,
2026-04-13 09:46:47.524,T,6830.0,1,,,
2026-04-13 09:46:47.524,T,6830.0,1,,,
2026-04-13 09:46:47.524,T,6830.25,1,,,
2026-04-13 09:46:47.524,T,6830.0,1,,,
2026-04-13 09:46:47.524,T,6830.0,1,,,
2026-04-13 09:46:47.524,T,6830.0,1,,,
2026-04-13 09:46:47.524,T,6830.0,1,,,
2026-04-13 09:46:47.525,Q,,,,6829.75,6830.25
2026-04-13 09:46:47.573,Q,,,,6829.75,6830.0
2026-04-13 09:46:47.874,T,6829.75,1,,,
2026-04-13 09:46:47.874,T,6829.75,1,,,
2026-04-13 09:46:47.874,T,6829.75,1,,,
2026-04-13 09:46:47.874,T,6829.75,1,,,
2026-04-13 09:46:47.874,T,6829.75,2,,,
2026-04-13 09:46:47.874,T,6829.75,1,,,
2026-04-13 09:46:48.277,T,6830.0,1,,,
2026-04-13 09:46:48.277,T,6829.75,1,,,
2026-04-13 09:46:48.277,T,6829.75,1,,,
2026-04-13 09:46:48.277,T,6829.75,1,,,
2026-04-13 09:46:48.277,T,6829.75,1,,,
2026-04-13 09:46:48.277,T,6829.75,1,,,
2026-04-13 09:46:48.370,Q,,,,6829.5,6829.75
2026-04-13 09:46:48.373,T,6829.75,1,,,
2026-04-13 09:46:48.373,T,6829.75,1,,,
2026-04-13 09:46:48.373,T,6829.75,1,,,
2026-04-13 09:46:48.373,T,6829.75,1,,,
2026-04-13 09:46:48.373,T,6829.75,1,,,
2026-04-13 09:46:48.373,T,6829.75,2,,,
2026-04-13 09:46:48.374,Q,,,,6829.75,6830.0
2026-04-13 09:46:48.640,T,6829.75,1,,,
2026-04-13 09:46:48.640,T,6829.75,1,,,
2026-04-13 09:46:48.640,T,6829.75,1,,,
2026-04-13 09:46:48.640,T,6829.75,1,,,
2026-04-13 09:46:48.640,T,6829.75,2,,,
2026-04-13 09:46:48.640,T,6829.75,1,,,
2026-04-13 09:46:49.770,T,6829.75,1,,,
2026-04-13 09:46:49.770,T,6829.75,1,,,
2026-04-13 09:46:49.821,T,6829.75,1,,,
2026-04-13 09:46:49.873,T,6829.75,1,,,
2026-04-13 09:46:49.936,T,6829.75,1,,,
2026-04-13 09:46:50.078,Q,,,,6829.5,6829.75
2026-04-13 09:46:50.078,T,6829.75,1,,,
2026-04-13 09:46:50.078,T,6829.75,1,,,
2026-04-13 09:46:50.078,T,6829.75,1,,,
2026-04-13 09:46:50.078,T,6829.75,1,,,
2026-04-13 09:46:50.078,T,6829.75,3,,,
2026-04-13 09:46:50.078,T,6829.75,1,,,
2026-04-13 09:46:50.078,T,6829.75,1,,,
2026-04-13 09:46:50.078,T,6829.75,1,,,
2026-04-13 09:46:50.078,T,6829.75,1,,,
2026-04-13 09:46:50.078,T,6829.75,3,,,
2026-04-13 09:46:50.078,T,6829.75,1,,,
2026-04-13 09:46:50.078,T,6829.75,1,,,
2026-04-13 09:46:50.078,T,6829.75,1,,,
2026-04-13 09:46:50.078,T,6829.75,2,,,
2026-04-13 09:46:50.078,T,6829.75,1,,,
2026-04-13 09:46:50.078,T,6829.75,2,,,
2026-04-13 09:46:50.078,T,6829.75,1,,,
2026-04-13 09:46:50.078,T,6829.75,1,,,
2026-04-13 09:46:50.078,T,6829.75,1,,,
2026-04-13 09:46:50.078,T,6829.75,1,,,
2026-04-13 09:46:50.078,T,6829.75,1,,,
2026-04-13 09:46:50.078,T,6829.75,1,,,
2026-04-13 09:46:50.174,T,6829.75,3,,,
2026-04-13 09:46:50.174,T,6829.75,1,,,
2026-04-13 09:46:50.174,T,6829.75,3,,,
2026-04-13 09:46:50.174,T,6829.75,1,,,
2026-04-13 09:46:50.174,T,6829.75,1,,,
2026-04-13 09:46:50.572,T,6829.5,1,,,
2026-04-13 09:46:50.572,T,6829.5,1,,,
2026-04-13 09:46:50.572,T,6829.5,1,,,
2026-04-13 09:46:50.572,T,6829.5,1,,,
2026-04-13 09:46:50.572,T,6829.5,1,,,
2026-04-13 09:46:50.572,T,6829.5,1,,,
2026-04-13 09:46:50.572,T,6829.5,1,,,
2026-04-13 09:46:50.572,T,6829.5,1,,,
2026-04-13 09:46:50.572,T,6829.5,1,,,
2026-04-13 09:46:50.572,T,6829.5,1,,,
2026-04-13 09:46:50.572,T,6829.5,1,,,
2026-04-13 09:46:50.572,T,6829.25,1,,,
2026-04-13 09:46:50.572,T,6829.25,1,,,
2026-04-13 09:46:50.572,T,6829.25,1,,,
2026-04-13 09:46:50.572,T,6829.25,1,,,
2026-04-13 09:46:50.572,T,6829.25,1,,,
2026-04-13 09:46:50.572,T,6829.25,1,,,
2026-04-13 09:46:50.572,T,6829.25,1,,,
2026-04-13 09:46:50.572,T,6829.25,2,,,
2026-04-13 09:46:50.574,Q,,,,6829.0,6829.25
2026-04-13 09:46:50.625,T,6829.0,1,,,
2026-04-13 09:46:50.625,T,6829.0,1,,,
2026-04-13 09:46:50.625,T,6829.0,1,,,
2026-04-13 09:46:50.625,T,6829.0,1,,,
2026-04-13 09:46:50.625,T,6829.0,1,,,
2026-04-13 09:46:50.625,T,6829.0,1,,,
2026-04-13 09:46:50.625,T,6829.0,1,,,
2026-04-13 09:46:50.625,T,6829.0,1,,,
2026-04-13 09:46:50.625,T,6829.0,30,,,
2026-04-13 09:46:50.625,T,6829.0,1,,,
2026-04-13 09:46:50.625,T,6829.0,1,,,
2026-04-13 09:46:50.625,T,6829.0,1,,,
2026-04-13 09:46:50.625,T,6829.0,2,,,
2026-04-13 09:46:50.625,T,6829.0,1,,,
2026-04-13 09:46:50.625,T,6829.0,1,,,
2026-04-13 09:46:50.625,T,6829.0,1,,,
2026-04-13 09:46:50.625,T,6829.0,1,,,
2026-04-13 09:46:50.625,T,6829.0,1,,,
2026-04-13 09:46:50.625,T,6829.0,1,,,
2026-04-13 09:46:50.625,T,6829.0,1,,,
2026-04-13 09:46:50.625,T,6829.0,2,,,
2026-04-13 09:46:50.625,T,6829.0,1,,,
2026-04-13 09:46:50.625,T,6829.0,1,,,
2026-04-13 09:46:50.625,T,6829.0,1,,,
2026-04-13 09:46:50.677,Q,,,,6828.75,6829.0
2026-04-13 09:46:50.677,T,6829.0,3,,,
2026-04-13 09:46:50.677,T,6829.0,1,,,
2026-04-13 09:46:50.677,T,6829.0,1,,,
2026-04-13 09:46:50.677,T,6829.0,1,,,
2026-04-13 09:46:50.677,T,6829.0,1,,,
2026-04-13 09:46:50.926,T,6829.0,3,,,
2026-04-13 09:46:50.926,T,6829.0,1,,,
2026-04-13 09:46:50.926,T,6829.0,1,,,
2026-04-13 09:46:50.926,T,6829.0,1,,,
2026-04-13 09:46:50.926,T,6829.0,1,,,
2026-04-13 09:46:50.926,T,6829.0,2,,,
2026-04-13 09:46:50.926,T,6829.0,1,,,
2026-04-13 09:46:50.973,Q,,,,6828.75,6829.25
2026-04-13 09:46:50.973,T,6829.0,1,,,
2026-04-13 09:46:50.973,T,6829.0,1,,,
2026-04-13 09:46:51.025,T,6829.25,1,,,
2026-04-13 09:46:51.025,T,6829.0,1,,,
2026-04-13 09:46:51.025,T,6829.0,2,,,
2026-04-13 09:46:51.025,T,6829.0,1,,,
2026-04-13 09:46:51.025,T,6829.25,1,,,
2026-04-13 09:46:51.025,T,6829.25,1,,,
2026-04-13 09:46:51.025,T,6829.25,1,,,
2026-04-13 09:46:51.025,T,6829.25,1,,,
2026-04-13 09:46:51.025,T,6829.25,1,,,
2026-04-13 09:46:51.025,T,6829.25,1,,,
2026-04-13 09:46:51.025,T,6829.25,1,,,
2026-04-13 09:46:51.025,T,6829.25,1,,,
2026-04-13 09:46:51.025,T,6829.25,1,,,
2026-04-13 09:46:51.025,T,6829.0,1,,,
2026-04-13 09:46:51.025,T,6829.0,1,,,
2026-04-13 09:46:51.069,Q,,,,6828.75,6829.0
2026-04-13 09:46:51.679,T,6828.75,1,,,
2026-04-13 09:46:51.679,T,6828.75,1,,,
2026-04-13 09:46:51.679,T,6828.75,1,,,
2026-04-13 09:46:51.679,T,6828.75,1,,,
2026-04-13 09:46:51.679,T,6828.75,1,,,
2026-04-13 09:46:51.679,T,6828.75,1,,,
2026-04-13 09:46:51.679,T,6828.75,1,,,
2026-04-13 09:46:51.679,T,6828.75,1,,,
2026-04-13 09:46:51.679,T,6828.75,1,,,
2026-04-13 09:46:51.679,T,6828.75,1,,,
2026-04-13 09:46:51.679,T,6828.75,1,,,
2026-04-13 09:46:51.679,T,6828.75,1,,,
2026-04-13 09:46:51.774,Q,,,,6829.0,6829.25
2026-04-13 09:46:51.774,T,6829.0,1,,,
2026-04-13 09:46:51.774,T,6829.0,1,,,
2026-04-13 09:46:51.873,T,6829.25,2,,,
2026-04-13 09:46:51.924,Q,,,,6828.75,6829.25
2026-04-13 09:46:51.924,T,6829.0,1,,,
2026-04-13 09:46:51.924,T,6829.0,1,,,
2026-04-13 09:46:51.924,T,6829.0,1,,,
2026-04-13 09:46:51.924,T,6829.0,1,,,
2026-04-13 09:46:51.924,T,6829.0,1,,,
2026-04-13 09:46:51.924,T,6829.0,1,,,
2026-04-13 09:46:51.924,T,6829.0,1,,,
2026-04-13 09:46:51.924,T,6829.0,1,,,
2026-04-13 09:46:51.924,T,6829.0,1,,,
2026-04-13 09:46:51.924,T,6829.0,1,,,
2026-04-13 09:46:51.924,T,6829.0,1,,,
2026-04-13 09:46:51.924,T,6829.0,1,,,
2026-04-13 09:46:51.976,Q,,,,6829.0,6829.25
2026-04-13 09:46:52.025,T,6829.0,1,,,
2026-04-13 09:46:52.025,T,6829.0,1,,,
2026-04-13 09:46:52.372,T,6829.25,1,,,
2026-04-13 09:46:52.825,Q,,,,6829.25,6829.5
2026-04-13 09:46:52.826,T,6829.25,1,,,
2026-04-13 09:46:52.826,T,6829.25,1,,,
2026-04-13 09:46:52.826,T,6829.25,1,,,
2026-04-13 09:46:52.826,T,6829.25,1,,,
2026-04-13 09:46:52.871,T,6829.25,1,,,
2026-04-13 09:46:52.872,Q,,,,6829.0,6829.25
2026-04-13 09:46:53.031,T,6829.25,1,,,
2026-04-13 09:46:53.830,T,6829.25,1,,,
2026-04-13 09:46:53.830,T,6829.25,1,,,
2026-04-13 09:46:53.830,T,6829.25,1,,,
2026-04-13 09:46:53.830,T,6829.25,1,,,
2026-04-13 09:46:53.830,T,6829.25,1,,,
2026-04-13 09:46:53.830,T,6829.25,1,,,
2026-04-13 09:46:53.830,T,6829.25,1,,,
2026-04-13 09:46:53.830,T,6829.25,1,,,
2026-04-13 09:46:54.175,T,6829.25,1,,,
2026-04-13 09:46:54.175,T,6829.25,1,,,
2026-04-13 09:46:54.175,T,6829.25,1,,,
2026-04-13 09:46:54.222,T,6829.25,1,,,
2026-04-13 09:46:54.222,T,6829.25,1,,,
2026-04-13 09:46:54.222,T,6829.25,1,,,
2026-04-13 09:46:54.222,T,6829.25,1,,,
2026-04-13 09:46:54.222,T,6829.25,1,,,
2026-04-13 09:46:54.222,T,6829.25,1,,,
2026-04-13 09:46:54.275,T,6829.25,1,,,
2026-04-13 09:46:54.275,T,6829.25,1,,,
2026-04-13 09:46:54.473,T,6829.0,3,,,
2026-04-13 09:46:54.473,T,6829.0,1,,,
2026-04-13 09:46:54.473,T,6829.0,1,,,
2026-04-13 09:46:54.473,T,6829.0,1,,,
2026-04-13 09:46:54.473,T,6829.0,1,,,
2026-04-13 09:46:54.473,T,6829.0,1,,,
2026-04-13 09:46:54.473,T,6829.0,1,,,
2026-04-13 09:46:54.473,T,6829.0,1,,,
2026-04-13 09:46:54.473,T,6829.0,1,,,
2026-04-13 09:46:54.473,T,6829.0,3,,,
2026-04-13 09:46:54.473,T,6829.0,1,,,
2026-04-13 09:46:54.473,T,6829.0,1,,,
2026-04-13 09:46:54.539,Q,,,,6828.75,6829.0
2026-04-13 09:46:54.541,T,6829.0,1,,,
2026-04-13 09:46:54.541,T,6829.0,1,,,
2026-04-13 09:46:54.569,T,6829.0,1,,,
2026-04-13 09:46:54.569,T,6829.0,1,,,
2026-04-13 09:46:54.569,T,6829.0,1,,,
2026-04-13 09:46:54.569,T,6829.0,1,,,
2026-04-13 09:46:54.569,T,6829.0,3,,,
2026-04-13 09:46:54.569,T,6829.0,1,,,
2026-04-13 09:46:54.622,T,6829.0,1,,,
2026-04-13 09:46:54.623,Q,,,,6829.0,6829.25
2026-04-13 09:46:54.676,T,6829.0,1,,,
2026-04-13 09:46:55.022,T,6829.25,1,,,
2026-04-13 09:46:55.022,T,6829.25,1,,,
2026-04-13 09:46:55.174,Q,,,,6829.25,6829.5
2026-04-13 09:46:55.175,T,6829.25,1,,,
2026-04-13 09:46:55.175,T,6829.25,1,,,
2026-04-13 09:46:55.231,Q,,,,6829.0,6829.25
2026-04-13 09:46:55.232,T,6829.25,1,,,
2026-04-13 09:46:55.232,T,6829.25,1,,,
2026-04-13 09:46:55.232,T,6829.25,1,,,
2026-04-13 09:46:55.232,T,6829.25,1,,,
2026-04-13 09:46:55.232,T,6829.25,2,,,
2026-04-13 09:46:55.232,T,6829.25,1,,,
2026-04-13 09:46:55.232,T,6829.25,1,,,
2026-04-13 09:46:55.232,T,6829.25,1,,,
2026-04-13 09:46:55.232,T,6829.25,1,,,
2026-04-13 09:46:55.232,T,6829.25,1,,,
2026-04-13 09:46:55.232,T,6829.25,1,,,
2026-04-13 09:46:55.232,T,6829.25,1,,,
2026-04-13 09:46:55.623,T,6829.25,3,,,
2026-04-13 09:46:55.623,T,6829.25,1,,,
2026-04-13 09:46:55.623,T,6829.25,1,,,
2026-04-13 09:46:55.623,T,6829.25,1,,,
2026-04-13 09:46:55.623,T,6829.25,1,,,
2026-04-13 09:46:55.623,T,6829.25,1,,,
2026-04-13 09:46:55.623,T,6829.25,1,,,
2026-04-13 09:46:55.623,T,6829.25,1,,,
2026-04-13 09:46:55.675,T,6829.25,1,,,
2026-04-13 09:46:55.675,T,6829.25,1,,,
2026-04-13 09:46:55.676,Q,,,,6829.25,6829.5
2026-04-13 09:46:55.722,T,6829.25,1,,,
2026-04-13 09:46:55.722,T,6829.25,1,,,
2026-04-13 09:46:55.722,T,6829.25,1,,,
2026-04-13 09:46:55.777,Q,,,,6829.0,6829.25
2026-04-13 09:46:55.777,T,6829.25,3,,,
2026-04-13 09:46:55.777,T,6829.25,1,,,
2026-04-13 09:46:55.777,T,6829.25,1,,,
2026-04-13 09:46:55.777,T,6829.25,1,,,
2026-04-13 09:46:55.777,T,6829.25,1,,,
2026-04-13 09:46:55.777,T,6829.25,1,,,
2026-04-13 09:46:55.777,T,6829.25,1,,,
2026-04-13 09:46:55.777,T,6829.25,1,,,
2026-04-13 09:46:55.820,T,6829.0,1,,,
2026-04-13 09:46:55.820,T,6829.25,2,,,
2026-04-13 09:46:55.820,T,6829.25,2,,,
2026-04-13 09:46:55.820,T,6829.25,1,,,
2026-04-13 09:46:55.820,T,6829.25,1,,,
2026-04-13 09:46:55.820,T,6829.25,1,,,
2026-04-13 09:46:55.927,T,6829.25,2,,,
2026-04-13 09:46:55.927,T,6829.25,1,,,
2026-04-13 09:46:55.927,T,6829.25,1,,,
2026-04-13 09:46:55.927,T,6829.25,1,,,
2026-04-13 09:46:55.927,T,6829.25,1,,,
2026-04-13 09:46:55.927,T,6829.25,2,,,
2026-04-13 09:46:55.927,T,6829.25,1,,,
2026-04-13 09:46:55.927,T,6829.25,1,,,
2026-04-13 09:46:55.927,T,6829.25,1,,,
2026-04-13 09:46:55.927,T,6829.25,1,,,
2026-04-13 09:46:55.927,T,6829.25,1,,,
2026-04-13 09:46:55.928,Q,,,,6829.25,6829.5
2026-04-13 09:46:56.175,T,6829.25,1,,,
2026-04-13 09:46:56.175,T,6829.5,1,,,
2026-04-13 09:46:56.175,T,6829.5,1,,,
2026-04-13 09:46:56.175,T,6829.5,1,,,
2026-04-13 09:46:56.175,T,6829.5,2,,,
2026-04-13 09:46:56.175,T,6829.5,1,,,
2026-04-13 09:46:56.175,T,6829.5,1,,,
2026-04-13 09:46:56.175,T,6829.5,1,,,
2026-04-13 09:46:56.175,T,6829.5,1,,,
2026-04-13 09:46:56.175,T,6829.5,1,,,
2026-04-13 09:46:56.175,T,6829.5,1,,,
2026-04-13 09:46:56.175,T,6829.5,2,,,
2026-04-13 09:46:56.175,T,6829.5,1,,,
2026-04-13 09:46:56.175,T,6829.5,1,,,
2026-04-13 09:46:56.175,T,6829.5,1,,,
2026-04-13 09:46:56.175,T,6829.5,2,,,
2026-04-13 09:46:56.278,Q,,,,6829.0,6829.25
2026-04-13 09:46:56.278,T,6829.25,1,,,
2026-04-13 09:46:56.278,T,6829.25,1,,,
2026-04-13 09:46:56.278,T,6829.25,1,,,
2026-04-13 09:46:56.278,T,6829.25,1,,,
2026-04-13 09:46:56.278,T,6829.25,1,,,
2026-04-13 09:46:56.329,Q,,,,6829.25,6829.5
2026-04-13 09:46:56.329,T,6829.25,1,,,
2026-04-13 09:46:56.329,T,6829.25,1,,,
2026-04-13 09:46:56.329,T,6829.25,1,,,
2026-04-13 09:46:56.329,T,6829.25,4,,,
2026-04-13 09:46:56.329,T,6829.25,1,,,
2026-04-13 09:46:56.329,T,6829.25,1,,,
2026-04-13 09:46:56.329,T,6829.25,1,,,
2026-04-13 09:46:56.329,T,6829.25,1,,,
2026-04-13 09:46:56.329,T,6829.25,1,,,
2026-04-13 09:46:56.329,T,6829.25,1,,,
2026-04-13 09:46:56.329,T,6829.25,1,,,
2026-04-13 09:46:56.329,T,6829.25,1,,,
2026-04-13 09:46:56.329,T,6829.25,2,,,
2026-04-13 09:46:56.329,T,6829.25,2,,,
2026-04-13 09:46:56.371,Q,,,,6829.0,6829.5
2026-04-13 09:46:56.371,T,6829.25,1,,,
2026-04-13 09:46:56.371,T,6829.25,3,,,
2026-04-13 09:46:56.371,T,6829.25,1,,,
2026-04-13 09:46:56.371,T,6829.25,1,,,
2026-04-13 09:46:56.371,T,6829.25,1,,,
2026-04-13 09:46:56.371,T,6829.25,1,,,
2026-04-13 09:46:56.371,T,6829.25,1,,,
2026-04-13 09:46:56.371,T,6829.25,1,,,
2026-04-13 09:46:56.425,Q,,,,6829.25,6829.5
2026-04-13 09:46:56.828,T,6829.5,2,,,
2026-04-13 09:46:56.828,T,6829.5,3,,,
2026-04-13 09:46:56.828,T,6829.5,1,,,
2026-04-13 09:46:56.828,T,6829.5,1,,,
2026-04-13 09:46:56.828,T,6829.5,1,,,
2026-04-13 09:46:56.828,T,6829.5,1,,,
2026-04-13 09:46:56.828,T,6829.5,1,,,
2026-04-13 09:46:56.828,T,6829.5,1,,,
2026-04-13 09:46:56.874,Q,,,,6829.25,6829.75
2026-04-13 09:46:56.874,T,6829.5,2,,,
2026-04-13 09:46:56.874,T,6829.5,2,,,
2026-04-13 09:46:56.874,T,6829.5,1,,,
2026-04-13 09:46:56.874,T,6829.5,1,,,
2026-04-13 09:46:56.874,T,6829.5,1,,,
2026-04-13 09:46:56.925,Q,,,,6829.5,6829.75
2026-04-13 09:46:57.277,T,6829.75,1,,,
2026-04-13 09:46:57.277,T,6829.75,2,,,
2026-04-13 09:46:57.277,T,6829.75,1,,,
2026-04-13 09:46:57.277,T,6829.5,1,,,
2026-04-13 09:46:57.873,Q,,,,6829.75,6830.0
2026-04-13 09:46:57.874,T,6829.75,1,,,
2026-04-13 09:46:57.874,T,6829.75,1,,,
2026-04-13 09:46:57.874,T,6829.75,1,,,
2026-04-13 09:46:57.874,T,6829.75,1,,,
2026-04-13 09:46:57.874,T,6829.75,2,,,
2026-04-13 09:46:57.874,T,6829.75,1,,,
2026-04-13 09:46:57.924,T,6829.75,1,,,
2026-04-13 09:46:57.924,T,6829.75,1,,,
2026-04-13 09:46:57.924,T,6829.75,1,,,
2026-04-13 09:46:57.924,T,6829.75,1,,,
2026-04-13 09:46:57.924,T,6829.75,1,,,
2026-04-13 09:46:57.924,T,6829.75,1,,,
2026-04-13 09:46:57.924,T,6829.75,1,,,
2026-04-13 09:46:57.924,T,6829.75,2,,,
2026-04-13 09:46:57.924,T,6829.75,1,,,
2026-04-13 09:46:57.924,T,6829.75,1,,,
2026-04-13 09:46:57.924,T,6829.75,1,,,
2026-04-13 09:46:57.924,T,6829.75,1,,,
2026-04-13 09:46:57.925,Q,,,,6829.5,6830.0
2026-04-13 09:46:58.024,Q,,,,6829.75,6830.0
2026-04-13 09:46:58.091,T,6829.75,1,,,
2026-04-13 09:46:58.091,T,6829.75,1,,,
2026-04-13 09:56:36.551,Q,,,,6848.5,6848.75
2026-04-13 09:56:36.648,T,6848.5,1,,,
2026-04-13 09:56:37.286,Q,,,,6848.25,6848.75
2026-04-13 09:56:37.286,T,6848.5,1,,,
2026-04-13 09:56:37.287,Q,,,,6848.5,6848.75
2026-04-13 09:56:37.287,T,6848.75,1,,,
2026-04-13 09:56:37.287,T,6848.75,2,,,
2026-04-13 09:56:37.287,T,6848.75,1,,,
2026-04-13 09:56:37.287,T,6848.75,1,,,
2026-04-13 09:56:37.287,T,6848.75,1,,,
2026-04-13 09:56:37.287,T,6848.75,1,,,
2026-04-13 09:56:37.287,T,6848.75,1,,,
2026-04-13 09:56:37.287,T,6848.75,1,,,
2026-04-13 09:56:37.287,T,6848.75,2,,,
2026-04-13 09:56:37.287,T,6848.75,1,,,
2026-04-13 09:56:37.288,T,6848.5,3,,,
2026-04-13 09:56:37.288,T,6848.5,1,,,
2026-04-13 09:56:37.288,T,6848.5,1,,,
2026-04-13 09:56:37.288,T,6848.5,1,,,
2026-04-13 09:56:37.288,T,6848.5,1,,,
2026-04-13 09:56:37.288,T,6848.5,1,,,
2026-04-13 09:56:37.288,Q,,,,6848.25,6848.5
2026-04-13 09:56:37.288,T,6848.5,3,,,
2026-04-13 09:56:37.288,T,6848.5,1,,,
2026-04-13 09:56:37.288,T,6848.5,1,,,
2026-04-13 09:56:37.288,T,6848.5,1,,,
2026-04-13 09:56:37.288,T,6848.5,1,,,
2026-04-13 09:56:37.288,T,6848.5,1,,,
2026-04-13 09:56:37.288,T,6848.5,1,,,
2026-04-13 09:56:37.288,T,6848.5,1,,,
2026-04-13 09:56:37.289,Q,,,,6848.25,6848.75
2026-04-13 09:56:37.462,Q,,,,6848.5,6848.75
2026-04-13 09:56:37.462,T,6848.5,1,,,
2026-04-13 09:56:37.462,T,6848.5,1,,,
2026-04-13 09:56:37.463,Q,,,,6848.25,6848.75
2026-04-13 09:56:37.479,Q,,,,6848.5,6848.75
2026-04-13 09:56:37.480,T,6848.5,1,,,
2026-04-13 09:56:37.480,T,6848.5,2,,,
2026-04-13 09:56:37.480,T,6848.5,2,,,
2026-04-13 09:56:37.480,T,6848.5,1,,,
2026-04-13 09:56:37.480,T,6848.5,1,,,
2026-04-13 09:56:37.480,T,6848.5,1,,,
2026-04-13 09:56:37.649,T,6848.5,1,,,
2026-04-13 09:56:37.649,T,6848.5,1,,,
2026-04-13 09:56:37.649,T,6848.5,2,,,
2026-04-13 09:56:37.649,T,6848.5,2,,,
2026-04-13 09:56:37.649,T,6848.5,1,,,
2026-04-13 09:56:37.649,T,6848.5,1,,,
2026-04-13 09:56:37.649,T,6848.5,1,,,
2026-04-13 09:56:37.649,T,6848.5,1,,,
2026-04-13 09:56:37.649,T,6848.5,3,,,
2026-04-13 09:56:37.650,Q,,,,6848.25,6848.5
2026-04-13 09:56:37.650,T,6848.5,1,,,
2026-04-13 09:56:37.650,T,6848.5,1,,,
2026-04-13 09:56:37.651,Q,,,,6848.5,6848.75
2026-04-13 09:56:37.820,T,6848.75,1,,,
2026-04-13 09:56:37.821,T,6848.5,2,,,
2026-04-13 09:56:37.821,T,6848.5,1,,,
2026-04-13 09:56:37.821,T,6848.5,1,,,
2026-04-13 09:56:37.821,T,6848.5,1,,,
2026-04-13 09:56:37.821,Q,,,,6848.25,6848.5
2026-04-13 09:56:37.831,T,6848.5,2,,,
2026-04-13 09:56:37.831,T,6848.5,1,,,
2026-04-13 09:56:37.831,T,6848.5,1,,,
2026-04-13 09:56:37.831,T,6848.5,1,,,
2026-04-13 09:56:37.831,T,6848.5,1,,,
2026-04-13 09:56:37.831,T,6848.5,1,,,
2026-04-13 09:56:37.831,T,6848.5,1,,,
2026-04-13 09:56:37.831,T,6848.5,1,,,
2026-04-13 09:56:37.831,T,6848.5,1,,,
2026-04-13 09:56:37.831,T,6848.5,1,,,
2026-04-13 09:56:37.831,T,6848.5,1,,,
2026-04-13 09:56:37.831,T,6848.5,1,,,
2026-04-13 09:56:37.832,Q,,,,6848.5,6848.75
2026-04-13 09:56:38.386,Q,,,,6848.5,6849.0
2026-04-13 09:56:38.387,T,6848.75,1,,,
2026-04-13 09:56:38.387,T,6848.75,1,,,
2026-04-13 09:56:38.387,T,6848.75,1,,,
2026-04-13 09:56:38.387,T,6848.75,1,,,
2026-04-13 09:56:38.387,T,6848.75,5,,,
2026-04-13 09:56:38.387,T,6848.75,1,,,
2026-04-13 09:56:38.387,T,6848.75,1,,,
2026-04-13 09:56:38.387,T,6848.75,1,,,
2026-04-13 09:56:38.388,Q,,,,6848.75,6849.0
2026-04-13 09:56:38.571,Q,,,,6848.5,6848.75
2026-04-13 09:56:38.572,T,6848.75,3,,,
2026-04-13 09:56:38.572,T,6848.75,2,,,
2026-04-13 09:56:38.572,T,6848.75,1,,,
2026-04-13 09:56:38.572,T,6848.75,1,,,
2026-04-13 09:56:38.572,T,6848.75,1,,,
2026-04-13 09:56:38.582,Q,,,,6848.5,6849.0
2026-04-13 09:56:38.777,Q,,,,6848.5,6848.75
2026-04-13 09:56:38.777,T,6848.75,1,,,
2026-04-13 09:56:38.777,T,6848.75,2,,,
2026-04-13 09:56:38.779,T,6848.75,1,,,
2026-04-13 09:56:38.779,T,6848.75,3,,,
2026-04-13 09:56:38.890,T,6848.5,2,,,
2026-04-13 09:56:39.003,T,6848.5,1,,,
2026-04-13 09:56:39.003,T,6848.5,1,,,
2026-04-13 09:56:39.032,T,6848.75,1,,,
2026-04-13 09:56:39.032,T,6848.75,3,,,
2026-04-13 09:56:39.032,T,6848.75,1,,,
2026-04-13 09:56:39.032,T,6848.75,1,,,
2026-04-13 09:56:39.032,T,6848.75,1,,,
2026-04-13 09:56:39.032,T,6848.75,1,,,
2026-04-13 09:56:39.032,T,6848.75,1,,,
2026-04-13 09:56:39.032,T,6848.75,1,,,
2026-04-13 09:56:39.032,T,6848.75,5,,,
2026-04-13 09:56:39.032,T,6848.75,1,,,
2026-04-13 09:56:39.032,T,6848.75,1,,,
2026-04-13 09:56:39.032,T,6848.75,1,,,
2026-04-13 09:56:39.032,T,6848.75,1,,,
2026-04-13 09:56:39.032,T,6848.75,1,,,
2026-04-13 09:56:39.032,T,6848.75,1,,,
2026-04-13 09:56:39.032,T,6848.75,1,,,
2026-04-13 09:56:39.032,T,6848.75,2,,,
2026-04-13 09:56:39.032,T,6848.75,1,,,
2026-04-13 09:56:39.032,T,6848.75,1,,,
2026-04-13 09:56:39.034,Q,,,,6848.75,6849.0
2026-04-13 09:56:39.345,T,6848.75,1,,,
2026-04-13 09:56:39.440,T,6848.75,1,,,
2026-04-13 09:56:39.441,Q,,,,6848.5,6848.75
2026-04-13 09:56:39.441,Q,,,,6848.5,6849.0
2026-04-13 09:56:39.441,T,6848.75,1,,,
2026-04-13 09:56:39.441,T,6848.75,1,,,
2026-04-13 09:56:39.441,T,6848.75,1,,,
2026-04-13 09:56:39.441,T,6848.75,3,,,
2026-04-13 09:56:39.441,T,6848.75,1,,,
2026-04-13 09:56:39.441,T,6848.75,1,,,
2026-04-13 09:56:39.441,T,6848.75,1,,,
2026-04-13 09:56:39.441,T,6848.75,1,,,
2026-04-13 09:56:39.574,Q,,,,6848.5,6848.75
2026-04-13 09:56:39.575,T,6848.75,1,,,
2026-04-13 09:56:39.575,T,6848.75,1,,,
2026-04-13 09:56:39.575,T,6848.75,1,,,
2026-04-13 09:56:39.575,Q,,,,6848.75,6849.0
2026-04-13 09:56:39.580,T,6848.75,1,,,
2026-04-13 09:56:39.580,T,6848.75,1,,,
2026-04-13 09:56:39.580,T,6848.75,2,,,
2026-04-13 09:56:39.580,T,6848.75,1,,,
2026-04-13 09:56:39.580,T,6848.75,2,,,
2026-04-13 09:56:39.580,T,6848.75,1,,,
2026-04-13 09:56:39.580,T,6848.75,1,,,
2026-04-13 09:56:39.581,Q,,,,6848.5,6848.75
2026-04-13 09:56:39.819,Q,,,,6848.5,6849.0
2026-04-13 09:56:39.819,Q,,,,6848.5,6848.75
2026-04-13 09:56:39.943,Q,,,,6848.25,6848.75
2026-04-13 09:56:39.943,T,6848.5,2,,,
2026-04-13 09:56:39.943,T,6848.5,1,,,
2026-04-13 09:56:39.943,T,6848.5,1,,,
2026-04-13 09:56:39.943,T,6848.5,1,,,
2026-04-13 09:56:39.943,T,6848.5,1,,,
2026-04-13 09:56:39.943,T,6848.5,1,,,
2026-04-13 09:56:39.943,T,6848.5,1,,,
2026-04-13 09:56:39.943,T,6848.5,1,,,
2026-04-13 09:56:39.943,T,6848.5,2,,,
2026-04-13 09:56:39.943,T,6848.5,1,,,
2026-04-13 09:56:39.943,T,6848.5,1,,,
2026-04-13 09:56:39.943,T,6848.5,1,,,
2026-04-13 09:56:39.943,T,6848.5,1,,,
2026-04-13 09:56:39.943,T,6848.5,1,,,
2026-04-13 09:56:39.943,T,6848.5,1,,,
2026-04-13 09:56:39.945,Q,,,,6848.25,6848.5
2026-04-13 09:56:39.945,T,6848.5,1,,,
2026-04-13 09:56:39.980,T,6848.5,1,,,
2026-04-13 09:56:39.980,T,6848.5,1,,,
2026-04-13 09:56:39.980,T,6848.75,1,,,
2026-04-13 09:56:39.980,T,6848.75,1,,,
2026-04-13 09:56:39.980,T,6848.75,3,,,
2026-04-13 09:56:39.980,T,6848.75,1,,,
2026-04-13 09:56:39.980,T,6848.75,1,,,
2026-04-13 09:56:39.980,T,6848.75,1,,,
2026-04-13 09:56:39.980,T,6848.75,1,,,
2026-04-13 09:56:39.980,T,6848.75,2,,,
2026-04-13 09:56:39.980,T,6848.75,1,,,
2026-04-13 09:56:39.980,T,6848.75,1,,,
2026-04-13 09:56:39.980,T,6848.75,2,,,
2026-04-13 09:56:39.980,T,6848.75,1,,,
2026-04-13 09:56:39.980,T,6848.75,1,,,
2026-04-13 09:56:39.980,T,6848.75,2,,,
2026-04-13 09:56:39.980,T,6848.75,1,,,
2026-04-13 09:56:39.981,Q,,,,6848.5,6848.75
2026-04-13 09:56:40.176,T,6848.5,2,,,
2026-04-13 09:56:40.176,T,6848.5,1,,,
2026-04-13 09:56:40.179,T,6848.5,1,,,
2026-04-13 09:56:40.179,T,6848.5,1,,,
2026-04-13 09:56:40.179,T,6848.5,1,,,
2026-04-13 09:56:40.179,T,6848.5,1,,,
2026-04-13 09:56:40.179,T,6848.5,1,,,
2026-04-13 09:56:40.180,Q,,,,6848.25,6848.75
2026-04-13 09:56:40.300,Q,,,,6848.25,6848.5
2026-04-13 09:56:40.393,Q,,,,6848.25,6848.75
2026-04-13 09:56:40.393,T,6848.5,3,,,
2026-04-13 09:56:40.393,T,6848.5,1,,,
2026-04-13 09:56:40.393,T,6848.5,1,,,
2026-04-13 09:56:40.393,T,6848.5,1,,,
2026-04-13 09:56:40.393,T,6848.5,1,,,
2026-04-13 09:56:40.393,T,6848.5,1,,,
2026-04-13 09:56:40.393,T,6848.5,2,,,
2026-04-13 09:56:40.393,T,6848.5,1,,,
2026-04-13 09:56:40.393,T,6848.5,1,,,
2026-04-13 09:56:40.393,T,6848.5,1,,,
2026-04-13 09:56:40.393,T,6848.5,1,,,
2026-04-13 09:56:40.393,T,6848.5,1,,,
2026-04-13 09:56:40.393,T,6848.5,1,,,
2026-04-13 09:56:40.393,T,6848.5,1,,,
2026-04-13 09:56:40.393,T,6848.5,1,,,
2026-04-13 09:56:40.393,T,6848.5,1,,,
2026-04-13 09:56:40.697,T,6848.25,1,,,
2026-04-13 09:56:40.697,T,6848.25,1,,,
2026-04-13 09:56:40.697,T,6848.25,1,,,
2026-04-13 09:56:40.697,T,6848.25,1,,,
2026-04-13 09:56:40.697,T,6848.25,1,,,
2026-04-13 09:56:40.697,T,6848.25,1,,,
2026-04-13 09:56:40.697,T,6848.25,1,,,
2026-04-13 09:56:40.697,T,6848.25,2,,,
2026-04-13 09:56:40.697,T,6848.25,1,,,
2026-04-13 09:56:40.697,T,6848.25,1,,,
2026-04-13 09:56:40.697,T,6848.25,1,,,
2026-04-13 09:56:40.697,T,6848.25,1,,,
2026-04-13 09:56:40.697,T,6848.25,1,,,
2026-04-13 09:56:40.697,T,6848.25,3,,,
2026-04-13 09:56:40.697,T,6848.25,2,,,
2026-04-13 09:56:40.699,Q,,,,6848.25,6848.5
2026-04-13 09:56:40.732,T,6848.25,1,,,
2026-04-13 09:56:40.931,T,6848.25,1,,,
2026-04-13 09:56:41.031,T,6848.25,2,,,
2026-04-13 09:56:41.031,T,6848.25,1,,,
2026-04-13 09:56:41.031,T,6848.25,1,,,
2026-04-13 09:56:41.031,T,6848.25,1,,,
2026-04-13 09:56:41.031,T,6848.25,1,,,
2026-04-13 09:56:41.031,T,6848.25,1,,,
2026-04-13 09:56:41.031,T,6848.25,1,,,
2026-04-13 09:56:41.032,Q,,,,6848.0,6848.25
2026-04-13 09:56:41.481,T,6848.0,2,,,
2026-04-13 09:56:41.481,T,6848.0,1,,,
2026-04-13 09:56:41.481,T,6848.0,1,,,
2026-04-13 09:56:41.481,T,6848.0,1,,,
2026-04-13 09:56:41.481,T,6848.0,1,,,
2026-04-13 09:56:41.481,T,6848.0,1,,,
2026-04-13 09:56:41.481,T,6848.0,1,,,
2026-04-13 09:56:41.481,T,6848.0,1,,,
2026-04-13 09:56:41.481,T,6848.0,1,,,
2026-04-13 09:56:41.481,T,6848.0,1,,,
2026-04-13 09:56:41.481,T,6848.0,1,,,
2026-04-13 09:56:41.481,T,6848.0,1,,,
2026-04-13 09:56:41.481,T,6848.0,1,,,
2026-04-13 09:56:41.481,T,6848.0,1,,,
2026-04-13 09:56:41.482,Q,,,,6847.75,6848.25
2026-04-13 09:56:41.536,Q,,,,6848.0,6848.25
2026-04-13 09:56:41.726,T,6848.25,1,,,
2026-04-13 09:56:42.128,T,6848.0,1,,,
2026-04-13 09:56:42.128,T,6848.0,1,,,
2026-04-13 09:56:42.128,T,6848.0,1,,,
2026-04-13 09:56:42.128,T,6848.25,1,,,
2026-04-13 09:56:42.129,Q,,,,6847.75,6848.0
2026-04-13 09:56:42.129,T,6848.0,3,,,
2026-04-13 09:56:42.129,T,6848.0,1,,,
2026-04-13 09:56:42.129,T,6848.0,1,,,
2026-04-13 09:56:42.129,T,6848.0,1,,,
2026-04-13 09:56:42.129,T,6848.0,1,,,
2026-04-13 09:56:42.129,T,6848.0,1,,,
2026-04-13 09:56:42.129,T,6848.0,1,,,
2026-04-13 09:56:42.129,T,6848.0,1,,,
2026-04-13 09:56:42.129,Q,,,,6847.75,6848.25
2026-04-13 09:56:42.130,Q,,,,6847.75,6848.0
2026-04-13 09:56:42.130,T,6848.0,1,,,
2026-04-13 09:56:42.130,T,6848.0,1,,,
2026-04-13 09:56:42.130,T,6848.0,1,,,
2026-04-13 09:56:42.130,T,6848.0,1,,,
2026-04-13 09:56:42.130,T,6848.0,1,,,
2026-04-13 09:56:42.130,T,6848.0,1,,,
2026-04-13 09:56:42.130,T,6848.0,1,,,
2026-04-13 09:56:42.130,T,6848.0,1,,,
2026-04-13 09:56:42.130,T,6848.0,1,,,
2026-04-13 09:56:42.130,T,6848.0,1,,,
2026-04-13 09:56:42.130,T,6848.0,2,,,
2026-04-13 09:56:42.130,T,6848.0,3,,,
2026-04-13 09:56:42.130,T,6848.0,1,,,
2026-04-13 09:56:42.130,T,6848.0,1,,,
2026-04-13 09:56:42.130,T,6848.0,1,,,
2026-04-13 09:56:42.130,T,6848.0,2,,,
2026-04-13 09:56:42.130,T,6848.25,1,,,
2026-04-13 09:56:42.130,T,6848.25,1,,,
2026-04-13 09:56:42.131,Q,,,,6848.0,6848.25
2026-04-13 09:56:42.880,Q,,,,6847.75,6848.0
2026-04-13 09:56:42.880,T,6848.0,1,,,
2026-04-13 09:56:42.880,T,6848.0,1,,,
2026-04-13 09:56:42.880,T,6848.0,1,,,
2026-04-13 09:56:42.880,T,6848.0,1,,,
2026-04-13 09:56:42.880,T,6848.0,1,,,
2026-04-13 09:56:42.880,T,6848.0,1,,,
2026-04-13 09:56:42.880,T,6848.0,1,,,
2026-04-13 09:56:42.880,T,6848.0,1,,,
2026-04-13 09:56:42.880,T,6848.0,2,,,
2026-04-13 09:56:42.880,T,6848.0,1,,,
2026-04-13 09:56:42.880,T,6848.0,1,,,
2026-04-13 09:56:42.880,T,6847.75,1,,,
2026-04-13 09:56:42.880,T,6847.75,1,,,
2026-04-13 09:56:43.022,T,6848.0,1,,,
2026-04-13 09:56:43.022,T,6847.75,2,,,
2026-04-13 09:56:43.022,T,6847.75,1,,,
2026-04-13 09:56:43.022,T,6847.75,1,,,
2026-04-13 09:56:43.022,T,6847.75,1,,,
2026-04-13 09:56:43.022,T,6847.75,1,,,
2026-04-13 09:56:43.022,T,6847.75,1,,,
2026-04-13 09:56:43.022,T,6847.75,1,,,
2026-04-13 09:56:43.022,T,6847.75,1,,,
2026-04-13 09:56:43.022,T,6847.75,1,,,
2026-04-13 09:56:43.022,T,6847.75,2,,,
2026-04-13 09:56:43.022,T,6847.75,1,,,
2026-04-13 09:56:43.022,T,6847.75,1,,,
2026-04-13 09:56:43.022,T,6847.75,1,,,
2026-04-13 09:56:43.022,T,6847.75,1,,,
2026-04-13 09:56:43.022,T,6847.75,2,,,
2026-04-13 09:56:43.022,T,6847.75,1,,,
2026-04-13 09:56:43.022,T,6847.75,1,,,
2026-04-13 09:56:43.022,T,6847.75,1,,,
2026-04-13 09:56:43.022,T,6847.75,1,,,
2026-04-13 09:56:43.022,T,6847.75,4,,,
2026-04-13 09:56:43.022,T,6847.75,1,,,
2026-04-13 09:56:43.022,T,6847.75,1,,,
2026-04-13 09:56:43.022,T,6847.75,2,,,
2026-04-13 09:56:43.022,T,6847.75,1,,,
2026-04-13 09:56:43.034,T,6847.75,1,,,
2026-04-13 09:56:43.034,T,6848.0,1,,,
2026-04-13 09:56:43.202,T,6848.0,1,,,
2026-04-13 09:56:43.202,T,6848.0,1,,,
2026-04-13 09:56:43.202,T,6848.0,1,,,
2026-04-13 09:56:43.377,T,6848.0,1,,,
2026-04-13 09:56:43.377,T,6848.0,1,,,
2026-04-13 09:56:43.377,T,6848.25,1,,,
2026-04-13 09:56:43.377,T,6848.25,1,,,
2026-04-13 09:56:43.377,T,6848.25,1,,,
2026-04-13 09:56:43.377,T,6848.25,2,,,
2026-04-13 09:56:43.377,T,6848.25,1,,,
2026-04-13 09:56:43.377,T,6848.25,1,,,
2026-04-13 09:56:43.377,T,6848.25,1,,,
2026-04-13 09:56:43.377,T,6848.25,1,,,
2026-04-13 09:56:43.377,T,6848.25,1,,,
2026-04-13 09:56:43.377,T,6848.25,1,,,
2026-04-13 09:56:43.377,T,6848.25,1,,,
2026-04-13 09:56:43.377,T,6848.25,1,,,
2026-04-13 09:56:43.377,T,6848.25,1,,,
2026-04-13 09:56:43.378,Q,,,,6848.25,6848.5
2026-04-13 09:56:43.382,T,6848.25,3,,,
2026-04-13 09:56:43.382,T,6848.25,1,,,
2026-04-13 09:56:43.382,T,6848.25,1,,,
2026-04-13 09:56:43.382,T,6848.25,1,,,
2026-04-13 09:56:43.382,T,6848.25,1,,,
2026-04-13 09:56:43.382,T,6848.25,1,,,
2026-04-13 09:56:43.382,T,6848.25,1,,,
2026-04-13 09:56:43.566,T,6848.25,1,,,
2026-04-13 09:56:43.678,T,6848.5,1,,,
2026-04-13 09:56:43.880,T,6848.25,1,,,
2026-04-13 09:56:43.880,T,6848.25,1,,,
2026-04-13 09:56:43.880,T,6848.25,1,,,
2026-04-13 09:56:43.880,T,6848.25,1,,,
2026-04-13 09:56:43.880,T,6848.25,1,,,
2026-04-13 09:56:43.880,T,6848.25,1,,,
2026-04-13 09:56:43.880,T,6848.25,1,,,
2026-04-13 09:56:43.882,Q,,,,6848.0,6848.5
2026-04-13 09:56:44.053,T,6848.25,2,,,
2026-04-13 09:56:44.053,T,6848.25,1,,,
2026-04-13 09:56:44.053,T,6848.25,2,,,
2026-04-13 09:56:44.053,T,6848.25,1,,,
2026-04-13 09:56:44.053,T,6848.25,1,,,
2026-04-13 09:56:44.053,T,6848.25,2,,,
2026-04-13 09:56:44.053,T,6848.25,1,,,
2026-04-13 09:56:44.053,T,6848.25,3,,,
2026-04-13 09:56:44.053,T,6848.25,1,,,
2026-04-13 09:56:44.055,Q,,,,6848.25,6848.5
2026-04-13 09:56:44.055,T,6848.25,3,,,
2026-04-13 09:56:44.055,T,6848.25,1,,,
2026-04-13 09:56:44.055,T,6848.25,1,,,
2026-04-13 09:56:44.081,T,6848.25,1,,,
2026-04-13 09:56:44.081,T,6848.25,1,,,
2026-04-13 09:56:44.081,T,6848.25,2,,,
2026-04-13 09:56:44.081,T,6848.25,1,,,
2026-04-13 09:56:44.081,T,6848.25,1,,,
2026-04-13 09:56:44.081,T,6848.25,2,,,
2026-04-13 09:56:44.082,Q,,,,6848.0,6848.25
2026-04-13 09:56:44.227,T,6848.0,1,,,
2026-04-13 09:56:44.227,T,6848.0,2,,,
2026-04-13 09:56:44.227,T,6848.0,3,,,
2026-04-13 09:56:44.227,T,6848.0,1,,,
2026-04-13 09:56:44.227,T,6848.0,1,,,
2026-04-13 09:56:44.227,T,6848.0,1,,,
2026-04-13 09:56:44.227,T,6848.0,1,,,
2026-04-13 09:56:44.227,T,6848.0,1,,,
2026-04-13 09:56:44.227,T,6848.0,1,,,
2026-04-13 09:56:44.227,T,6848.0,3,,,
2026-04-13 09:56:44.227,T,6848.0,1,,,
2026-04-13 09:56:44.301,T,6848.25,1,,,
2026-04-13 09:56:44.337,Q,,,,6847.75,6848.25
2026-04-13 09:56:44.337,T,6848.0,1,,,
2026-04-13 09:56:44.337,T,6848.0,1,,,
2026-04-13 09:56:44.337,T,6848.0,1,,,
2026-04-13 09:56:44.337,T,6848.0,1,,,
2026-04-13 09:56:44.505,T,6848.25,1,,,
2026-04-13 09:56:44.506,Q,,,,6847.75,6848.0
2026-04-13 09:56:44.506,T,6848.0,1,,,
2026-04-13 09:56:44.506,T,6848.0,1,,,
2026-04-13 09:56:44.506,Q,,,,6848.0,6848.25
2026-04-13 09:56:44.531,Q,,,,6847.75,6848.0
2026-04-13 09:56:44.531,T,6848.0,3,,,
2026-04-13 09:56:44.714,T,6848.0,1,,,
2026-04-13 09:56:44.714,T,6848.0,3,,,
2026-04-13 09:56:44.714,T,6848.0,1,,,
2026-04-13 09:56:44.714,T,6848.0,1,,,
2026-04-13 09:56:44.714,T,6848.0,1,,,
2026-04-13 09:56:44.715,Q,,,,6848.0,6848.25
2026-04-13 09:56:44.933,T,6848.0,1,,,
2026-04-13 09:56:44.933,T,6848.0,3,,,
2026-04-13 09:56:44.933,T,6848.0,1,,,
2026-04-13 09:56:44.933,T,6848.0,1,,,
2026-04-13 09:56:44.933,T,6848.0,1,,,
2026-04-13 09:56:44.933,T,6848.0,1,,,
2026-04-13 09:56:44.933,T,6848.0,5,,,
2026-04-13 09:56:44.933,T,6848.0,5,,,
2026-04-13 09:56:44.933,T,6848.0,1,,,
2026-04-13 09:56:44.933,T,6848.0,1,,,
2026-04-13 09:56:44.933,T,6848.0,1,,,
2026-04-13 09:56:44.934,Q,,,,6847.75,6848.0
2026-04-13 09:56:45.029,T,6848.0,2,,,
2026-04-13 09:56:45.157,T,6847.75,1,,,
2026-04-13 09:56:45.157,T,6847.75,1,,,
2026-04-13 09:56:45.157,T,6847.75,1,,,
2026-04-13 09:56:45.157,T,6847.75,1,,,
2026-04-13 09:56:45.157,T,6847.75,1,,,
2026-04-13 09:56:45.157,T,6847.75,5,,,
2026-04-13 09:56:45.158,Q,,,,6847.5,6847.75
2026-04-13 09:56:45.183,T,6847.75,1,,,
2026-04-13 09:56:45.183,T,6847.75,1,,,
2026-04-13 09:56:45.183,T,6847.75,1,,,
2026-04-13 09:56:45.280,T,6847.75,1,,,
2026-04-13 09:56:45.280,T,6847.75,1,,,
2026-04-13 09:56:45.280,T,6847.75,1,,,
2026-04-13 09:56:45.280,T,6847.75,1,,,
2026-04-13 09:56:45.280,T,6847.75,1,,,
2026-04-13 09:56:45.280,T,6847.75,1,,,
2026-04-13 09:56:45.281,Q,,,,6847.75,6848.0
2026-04-13 09:56:45.412,T,6847.75,1,,,
2026-04-13 09:56:45.412,T,6847.75,1,,,
2026-04-13 09:56:45.412,T,6847.75,1,,,
2026-04-13 09:56:45.859,T,6848.0,1,,,
2026-04-13 09:56:46.141,Q,,,,6848.0,6848.25
2026-04-13 09:56:46.141,T,6848.0,1,,,
2026-04-13 09:56:46.141,T,6848.0,1,,,
2026-04-13 09:56:46.141,T,6848.0,1,,,
2026-04-13 09:56:46.141,T,6848.0,1,,,
2026-04-13 09:56:46.141,T,6848.0,1,,,
2026-04-13 09:56:46.141,T,6848.0,1,,,
2026-04-13 09:56:46.141,T,6848.0,1,,,
2026-04-13 09:56:46.279,T,6848.0,1,,,
2026-04-13 09:56:46.280,Q,,,,6847.75,6848.0
2026-04-13 09:56:46.461,Q,,,,6848.0,6848.25
2026-04-13 09:56:46.462,T,6848.0,1,,,
2026-04-13 09:56:46.462,T,6848.0,1,,,
2026-04-13 09:56:46.462,T,6848.0,3,,,
2026-04-13 09:56:46.462,T,6848.0,1,,,
2026-04-13 09:56:46.462,T,6848.0,1,,,
2026-04-13 09:56:46.462,T,6848.0,1,,,
2026-04-13 09:56:46.463,Q,,,,6847.75,6848.0
2026-04-13 09:56:46.463,T,6848.0,1,,,
2026-04-13 09:56:46.577,Q,,,,6848.25,6848.5
2026-04-13 09:56:46.578,T,6848.0,1,,,
2026-04-13 09:56:46.578,T,6848.25,1,,,
2026-04-13 09:56:46.578,T,6848.25,1,,,
2026-04-13 09:56:46.578,T,6848.25,3,,,
2026-04-13 09:56:46.578,T,6848.25,1,,,
2026-04-13 09:56:46.578,T,6848.25,1,,,
2026-04-13 09:56:46.578,T,6848.25,1,,,
2026-04-13 09:56:46.578,T,6848.25,1,,,
2026-04-13 09:56:46.578,T,6848.25,1,,,
2026-04-13 09:56:46.578,T,6848.25,1,,,
2026-04-13 09:56:46.578,T,6848.25,3,,,
2026-04-13 09:56:46.578,T,6848.25,1,,,
2026-04-13 09:56:46.578,T,6848.25,1,,,
2026-04-13 09:56:46.578,T,6848.25,3,,,
2026-04-13 09:56:46.578,T,6848.25,1,,,
2026-04-13 09:56:46.578,T,6848.25,1,,,
2026-04-13 09:56:46.578,T,6848.25,1,,,
2026-04-13 09:56:46.578,T,6848.25,2,,,
2026-04-13 09:56:46.578,T,6848.25,3,,,
2026-04-13 09:56:46.578,T,6848.25,1,,,
2026-04-13 09:56:46.578,T,6848.25,3,,,
2026-04-13 09:56:46.578,T,6848.25,1,,,
2026-04-13 09:56:46.578,T,6848.25,1,,,
2026-04-13 09:56:46.578,T,6848.25,2,,,
2026-04-13 09:56:46.578,T,6848.5,1,,,
2026-04-13 09:56:46.578,T,6848.5,2,,,
2026-04-13 09:56:46.578,T,6848.5,2,,,
2026-04-13 09:56:46.578,T,6848.5,1,,,
2026-04-13 09:56:46.578,T,6848.5,1,,,
2026-04-13 09:56:46.578,T,6848.5,1,,,
2026-04-13 09:56:46.578,T,6848.5,1,,,
2026-04-13 09:56:46.578,T,6848.5,1,,,
2026-04-13 09:56:46.578,T,6848.5,1,,,
2026-04-13 09:56:46.578,T,6848.5,1,,,
2026-04-13 09:56:46.578,T,6848.5,2,,,
2026-04-13 09:56:46.578,T,6848.5,2,,,
2026-04-13 09:56:46.578,T,6848.5,1,,,
2026-04-13 09:56:46.578,T,6848.5,1,,,
2026-04-13 09:56:46.578,T,6848.5,1,,,
2026-04-13 09:56:46.578,T,6848.5,1,,,
2026-04-13 09:56:46.578,T,6848.5,1,,,
2026-04-13 09:56:46.578,T,6848.5,1,,,
2026-04-13 09:56:46.578,T,6848.5,1,,,
2026-04-13 09:56:46.578,T,6848.5,1,,,
2026-04-13 09:56:46.578,T,6848.5,3,,,
2026-04-13 09:56:46.578,T,6848.5,1,,,
2026-04-13 09:56:46.578,T,6848.5,1,,,
2026-04-13 09:56:46.578,T,6848.5,1,,,
2026-04-13 09:56:46.578,T,6848.5,2,,,
2026-04-13 09:56:46.578,T,6848.5,1,,,
2026-04-13 09:56:46.578,T,6848.5,1,,,
2026-04-13 09:56:46.578,T,6848.5,1,,,
2026-04-13 09:56:46.578,T,6848.5,1,,,
2026-04-13 09:56:46.578,T,6848.5,1,,,
2026-04-13 09:56:46.578,T,6848.5,1,,,
2026-04-13 09:56:46.578,T,6848.5,4,,,
2026-04-13 09:56:46.578,T,6848.5,3,,,
2026-04-13 09:56:46.578,T,6848.75,1,,,
2026-04-13 09:56:46.578,T,6848.75,1,,,
2026-04-13 09:56:46.578,T,6848.75,1,,,
2026-04-13 09:56:46.578,T,6848.75,1,,,
2026-04-13 09:56:46.578,T,6848.75,1,,,
2026-04-13 09:56:46.578,T,6848.75,1,,,
2026-04-13 09:56:46.578,T,6848.75,1,,,
2026-04-13 09:56:46.578,T,6848.75,1,,,
2026-04-13 09:56:46.578,T,6848.75,1,,,
2026-04-13 09:56:46.578,T,6848.75,1,,,
2026-04-13 09:56:46.578,T,6848.5,1,,,
2026-04-13 09:56:46.578,T,6848.5,1,,,
2026-04-13 09:56:46.692,Q,,,,6848.5,6848.75
2026-04-13 09:56:46.692,T,6848.5,3,,,
2026-04-13 09:56:46.692,T,6848.5,1,,,
2026-04-13 09:56:46.692,T,6848.5,1,,,
2026-04-13 09:56:46.692,T,6848.5,1,,,
2026-04-13 09:56:46.692,T,6848.5,1,,,
2026-04-13 09:56:46.692,T,6848.5,1,,,
2026-04-13 09:56:46.692,T,6848.5,1,,,
2026-04-13 09:56:46.692,T,6848.5,1,,,
2026-04-13 09:56:46.692,T,6848.5,1,,,
2026-04-13 09:56:46.692,T,6848.5,1,,,
2026-04-13 09:56:46.862,T,6848.5,1,,,
2026-04-13 09:56:46.862,T,6848.5,1,,,
2026-04-13 09:56:46.862,T,6848.5,2,,,
2026-04-13 09:56:46.862,T,6848.5,1,,,
2026-04-13 09:56:46.862,T,6848.5,1,,,
2026-04-13 09:56:47.223,Q,,,,6848.25,6848.5
2026-04-13 09:56:47.223,T,6848.5,1,,,
2026-04-13 09:56:47.224,Q,,,,6848.5,6848.75
2026-04-13 09:56:47.224,T,6848.5,1,,,
2026-04-13 09:56:47.224,T,6848.5,1,,,
2026-04-13 09:56:47.224,T,6848.5,1,,,
2026-04-13 09:56:47.224,T,6848.5,1,,,
2026-04-13 09:56:47.224,T,6848.5,3,,,
2026-04-13 09:56:47.224,Q,,,,6848.25,6848.5
2026-04-13 09:56:47.397,T,6848.25,1,,,
2026-04-13 09:56:47.397,T,6848.25,1,,,
2026-04-13 09:56:47.397,T,6848.25,1,,,
2026-04-13 09:56:47.397,T,6848.25,1,,,
2026-04-13 09:56:47.397,T,6848.25,1,,,
2026-04-13 09:56:47.398,Q,,,,6848.0,6848.25
2026-04-13 09:56:47.398,Q,,,,6848.0,6848.5
2026-04-13 09:56:47.398,T,6848.25,1,,,
2026-04-13 09:56:47.398,T,6848.25,2,,,
2026-04-13 09:56:47.430,Q,,,,6848.0,6848.25
2026-04-13 09:56:47.577,Q,,,,6848.0,6848.5
2026-04-13 09:56:47.582,T,6848.25,3,,,
2026-04-13 09:56:47.582,Q,,,,6848.25,6848.5
2026-04-13 09:56:47.910,Q,,,,6848.5,6848.75
2026-04-13 09:56:47.910,T,6848.5,1,,,
2026-04-13 09:56:47.910,T,6848.5,1,,,
2026-04-13 09:56:47.910,T,6848.5,1,,,
2026-04-13 09:56:47.910,T,6848.5,1,,,
2026-04-13 09:56:47.910,T,6848.5,1,,,
2026-04-13 09:56:47.910,T,6848.5,2,,,
2026-04-13 09:56:47.910,T,6848.5,1,,,
2026-04-13 09:56:47.910,T,6848.5,1,,,
2026-04-13 09:56:47.910,T,6848.5,1,,,
2026-04-13 09:56:47.910,T,6848.5,1,,,
2026-04-13 09:56:47.910,T,6848.5,1,,,
2026-04-13 09:56:47.910,T,6848.5,1,,,
2026-04-13 09:56:47.910,T,6848.5,2,,,
2026-04-13 09:56:47.910,T,6848.5,1,,,
2026-04-13 09:56:47.910,T,6848.5,1,,,
2026-04-13 09:56:47.910,T,6848.5,1,,,
2026-04-13 09:56:47.910,T,6848.5,1,,,
2026-04-13 09:56:47.910,T,6848.5,1,,,
2026-04-13 09:56:47.910,T,6848.5,1,,,
2026-04-13 09:56:47.984,Q,,,,6848.25,6848.5
2026-04-13 09:56:47.985,T,6848.5,1,,,
2026-04-13 09:56:47.985,T,6848.5,1,,,
2026-04-13 09:56:47.985,T,6848.5,1,,,
2026-04-13 09:56:47.985,T,6848.5,1,,,
2026-04-13 09:56:47.985,T,6848.5,1,,,
2026-04-13 09:56:48.317,T,6848.5,3,,,
2026-04-13 09:56:48.317,T,6848.5,1,,,
2026-04-13 09:56:48.317,T,6848.5,1,,,
2026-04-13 09:56:48.317,T,6848.5,1,,,
2026-04-13 09:56:48.317,T,6848.5,1,,,
2026-04-13 09:56:48.317,T,6848.5,1,,,
2026-04-13 09:56:48.530,T,6848.5,1,,,
2026-04-13 09:56:48.741,T,6848.5,1,,,
2026-04-13 09:56:48.741,T,6848.25,3,,,
2026-04-13 09:56:48.741,T,6848.25,1,,,
2026-04-13 09:56:48.968,T,6848.25,1,,,
2026-04-13 09:56:48.968,T,6848.25,1,,,
2026-04-13 09:56:48.968,T,6848.25,1,,,
2026-04-13 09:56:48.968,T,6848.25,3,,,
2026-04-13 09:56:48.968,T,6848.25,1,,,
2026-04-13 09:56:48.968,T,6848.25,1,,,
2026-04-13 09:56:48.968,T,6848.25,1,,,
2026-04-13 09:56:48.968,T,6848.25,1,,,
2026-04-13 09:56:48.968,T,6848.25,1,,,
2026-04-13 09:56:48.968,T,6848.25,1,,,
2026-04-13 09:56:48.968,T,6848.25,1,,,
2026-04-13 09:56:48.969,Q,,,,6848.0,6848.25
2026-04-13 09:56:48.986,T,6848.0,2,,,
2026-04-13 09:56:48.986,T,6848.0,1,,,
2026-04-13 09:56:48.986,T,6848.0,1,,,
2026-04-13 09:56:48.986,T,6848.0,1,,,
2026-04-13 09:56:48.986,T,6848.0,1,,,
2026-04-13 09:56:48.986,T,6848.0,1,,,
2026-04-13 09:56:48.986,T,6848.0,1,,,
2026-04-13 09:56:48.986,T,6848.0,1,,,
2026-04-13 09:56:49.112,T,6848.0,1,,,
2026-04-13 09:56:49.112,T,6848.0,1,,,
2026-04-13 09:56:49.112,T,6848.0,2,,,
2026-04-13 09:56:49.112,T,6847.75,1,,,
2026-04-13 09:56:49.112,T,6848.0,1,,,
2026-04-13 09:56:49.488,Q,,,,6848.25,6848.5
2026-04-13 09:56:49.488,T,6848.25,1,,,
2026-04-13 09:56:49.488,T,6848.25,1,,,
2026-04-13 09:56:49.488,T,6848.25,1,,,
2026-04-13 09:56:49.488,T,6848.25,1,,,
2026-04-13 09:56:49.488,T,6848.25,1,,,
2026-04-13 09:56:49.488,T,6848.25,2,,,
2026-04-13 09:56:49.488,T,6848.25,1,,,
2026-04-13 09:56:49.730,Q,,,,6848.0,6848.25
2026-04-13 09:56:49.730,T,6848.25,2,,,
2026-04-13 09:56:49.730,T,6848.25,1,,,
2026-04-13 09:56:49.730,T,6848.25,3,,,
2026-04-13 09:56:49.730,T,6848.25,1,,,
2026-04-13 09:56:49.730,T,6848.25,1,,,
2026-04-13 09:56:49.730,T,6848.25,1,,,
2026-04-13 09:56:49.730,T,6848.25,1,,,
2026-04-13 09:56:49.730,T,6848.25,1,,,
2026-04-13 09:56:49.730,T,6848.25,1,,,
2026-04-13 09:56:49.730,T,6848.25,1,,,
2026-04-13 09:56:49.730,T,6848.25,1,,,
2026-04-13 09:56:49.730,T,6848.25,1,,,
2026-04-13 09:56:49.730,T,6848.0,2,,,
2026-04-13 09:56:49.730,T,6848.0,1,,,
2026-04-13 09:56:49.730,T,6848.0,1,,,
2026-04-13 09:56:49.730,T,6848.0,1,,,
2026-04-13 09:56:49.730,T,6848.0,1,,,
2026-04-13 09:56:49.730,T,6848.0,3,,,
2026-04-13 09:56:49.730,T,6848.0,1,,,
2026-04-13 09:56:49.730,T,6848.0,1,,,
2026-04-13 09:56:49.730,T,6848.0,1,,,
2026-04-13 09:56:49.730,T,6848.0,1,,,
2026-04-13 09:56:49.730,T,6848.0,1,,,
2026-04-13 09:56:49.730,T,6848.0,1,,,
2026-04-13 09:56:49.933,T,6848.25,1,,,
2026-04-13 09:56:49.933,T,6848.25,3,,,
2026-04-13 09:56:49.933,T,6848.25,1,,,
2026-04-13 09:56:49.933,T,6848.25,1,,,
2026-04-13 09:56:49.933,T,6848.25,1,,,
2026-04-13 09:56:49.933,T,6848.25,1,,,
2026-04-13 09:56:49.933,T,6848.25,1,,,
2026-04-13 09:56:49.933,T,6848.25,1,,,
2026-04-13 09:56:49.933,T,6848.25,1,,,
2026-04-13 09:56:49.933,T,6848.25,1,,,
2026-04-13 09:56:49.933,T,6848.25,1,,,
2026-04-13 09:56:49.933,T,6848.25,1,,,
2026-04-13 09:56:49.933,T,6848.25,1,,,
2026-04-13 09:56:49.933,T,6848.5,1,,,
2026-04-13 09:56:49.933,T,6848.25,1,,,
2026-04-13 09:56:49.979,T,6848.25,1,,,
2026-04-13 09:56:49.979,T,6848.25,2,,,
2026-04-13 09:56:49.979,T,6848.25,1,,,
2026-04-13 09:56:49.980,Q,,,,6848.0,6848.5
2026-04-13 09:56:50.131,Q,,,,6848.25,6848.5
2026-04-13 09:56:50.282,T,6848.25,1,,,
2026-04-13 09:56:50.282,T,6848.5,1,,,
2026-04-13 09:56:50.282,T,6848.5,1,,,
2026-04-13 09:56:50.282,T,6848.5,1,,,
2026-04-13 09:56:50.282,T,6848.5,1,,,
2026-04-13 09:56:50.282,T,6848.5,1,,,
2026-04-13 09:56:50.282,T,6848.5,1,,,
2026-04-13 09:56:50.431,T,6848.25,1,,,
2026-04-13 09:56:50.532,T,6848.25,1,,,
2026-04-13 09:56:51.081,T,6848.25,1,,,
2026-04-13 09:56:51.181,T,6848.5,1,,,
2026-04-13 09:56:51.632,T,6848.25,1,,,
2026-04-13 09:56:51.632,T,6848.25,1,,,
2026-04-13 09:56:51.632,T,6848.25,1,,,
2026-04-13 09:56:51.632,T,6848.25,1,,,
2026-04-13 09:56:51.632,T,6848.25,1,,,
2026-04-13 09:56:51.632,T,6848.25,2,,,
2026-04-13 09:56:51.632,T,6848.25,1,,,
2026-04-13 09:56:51.632,T,6848.25,1,,,
2026-04-13 09:56:51.632,T,6848.25,1,,,
2026-04-13 09:56:51.632,T,6848.25,2,,,
2026-04-13 09:56:51.632,T,6848.25,1,,,
2026-04-13 09:56:51.632,T,6848.25,4,,,
2026-04-13 09:56:51.632,T,6848.25,1,,,
2026-04-13 09:56:51.632,T,6848.25,1,,,
2026-04-13 09:56:51.632,T,6848.25,2,,,
2026-04-13 09:56:51.632,T,6848.25,1,,,
2026-04-13 09:56:51.632,T,6848.25,1,,,
2026-04-13 09:56:51.632,T,6848.25,1,,,
2026-04-13 09:56:51.632,T,6848.25,1,,,
2026-04-13 09:56:51.632,T,6848.25,2,,,
2026-04-13 09:56:51.632,T,6848.25,1,,,
2026-04-13 09:56:51.681,Q,,,,6848.0,6848.25
2026-04-13 09:56:51.681,T,6848.25,1,,,
2026-04-13 09:56:51.681,T,6848.25,1,,,
2026-04-13 09:56:51.681,T,6848.25,1,,,
2026-04-13 09:56:51.681,T,6848.25,1,,,
2026-04-13 09:56:51.681,T,6848.25,1,,,
2026-04-13 09:56:51.883,T,6848.0,1,,,
2026-04-13 09:56:51.883,T,6848.25,1,,,
2026-04-13 09:56:51.883,T,6848.25,1,,,
2026-04-13 09:56:51.883,T,6848.25,1,,,
2026-04-13 09:56:51.883,T,6848.25,1,,,
2026-04-13 09:56:51.981,Q,,,,6848.25,6848.5
2026-04-13 09:56:51.981,T,6848.25,1,,,
2026-04-13 09:56:51.981,T,6848.25,1,,,
2026-04-13 09:56:51.981,T,6848.25,1,,,
2026-04-13 09:56:51.981,Q,,,,6848.0,6848.5
2026-04-13 09:56:51.981,Q,,,,6848.25,6848.5
2026-04-13 09:56:52.135,Q,,,,6848.0,6848.25
2026-04-13 09:56:52.135,T,6848.25,1,,,
2026-04-13 09:56:52.135,T,6848.25,3,,,
2026-04-13 09:56:52.135,T,6848.25,1,,,
2026-04-13 09:56:52.135,T,6848.25,1,,,
2026-04-13 09:56:52.135,T,6848.25,1,,,
2026-04-13 09:56:52.135,T,6848.25,1,,,
2026-04-13 09:56:52.135,T,6848.25,1,,,
2026-04-13 09:56:52.135,T,6848.25,1,,,
2026-04-13 09:56:52.135,T,6848.25,1,,,
2026-04-13 09:56:52.135,T,6848.25,1,,,
2026-04-13 09:56:52.135,T,6848.25,1,,,
2026-04-13 09:56:52.135,T,6848.25,2,,,
2026-04-13 09:56:52.135,T,6848.25,1,,,
2026-04-13 09:56:52.184,Q,,,,6848.25,6848.5
2026-04-13 09:56:52.184,T,6848.25,1,,,
2026-04-13 09:56:52.184,T,6848.25,1,,,
2026-04-13 09:56:52.184,T,6848.25,1,,,
2026-04-13 09:56:52.184,T,6848.25,1,,,
2026-04-13 09:56:52.184,T,6848.25,1,,,
2026-04-13 09:56:52.483,T,6848.25,1,,,
2026-04-13 09:56:52.582,T,6848.5,1,,,
2026-04-13 09:56:52.582,T,6848.5,1,,,
2026-04-13 09:56:52.582,T,6848.5,1,,,
2026-04-13 09:56:52.582,T,6848.5,1,,,
2026-04-13 09:56:52.582,T,6848.5,1,,,
2026-04-13 09:56:52.582,T,6848.5,1,,,
2026-04-13 09:56:52.582,T,6848.5,5,,,
2026-04-13 09:56:52.582,T,6848.5,1,,,
2026-04-13 09:56:52.582,T,6848.5,1,,,
2026-04-13 09:56:52.582,T,6848.5,1,,,
2026-04-13 09:56:52.582,T,6848.5,1,,,
2026-04-13 09:56:52.582,T,6848.5,1,,,
2026-04-13 09:56:52.630,T,6848.5,1,,,
2026-04-13 09:56:52.630,T,6848.5,1,,,
2026-04-13 09:56:52.631,Q,,,,6848.5,6848.75
2026-04-13 09:56:52.880,T,6848.5,1,,,
2026-04-13 09:56:53.438,Q,,,,6848.75,6849.0
2026-04-13 09:56:53.438,T,6848.75,2,,,
2026-04-13 09:56:53.438,T,6848.75,1,,,
2026-04-13 09:56:53.438,T,6848.75,2,,,
2026-04-13 09:56:53.438,T,6848.75,1,,,
2026-04-13 09:56:53.438,T,6848.75,1,,,
2026-04-13 09:56:53.438,T,6848.75,1,,,
2026-04-13 09:56:53.438,T,6848.75,1,,,
2026-04-13 09:56:53.438,T,6848.75,1,,,
2026-04-13 09:56:53.438,T,6848.75,1,,,
2026-04-13 09:56:53.438,T,6848.75,1,,,
2026-04-13 09:56:53.438,T,6848.75,1,,,
2026-04-13 09:56:53.438,T,6848.75,1,,,
2026-04-13 09:56:53.438,T,6848.75,1,,,
2026-04-13 09:56:53.438,T,6848.75,2,,,
2026-04-13 09:56:53.438,T,6848.75,1,,,
2026-04-13 09:56:53.438,T,6848.75,1,,,
2026-04-13 09:56:53.582,T,6849.0,1,,,
2026-04-13 09:56:53.582,T,6849.0,1,,,
2026-04-13 09:56:53.631,T,6848.75,1,,,
2026-04-13 09:56:53.631,T,6848.75,1,,,
2026-04-13 09:56:53.631,T,6848.75,1,,,
2026-04-13 09:56:53.631,T,6848.75,3,,,
2026-04-13 09:56:53.631,T,6848.75,1,,,
2026-04-13 09:56:53.631,T,6848.75,1,,,
2026-04-13 09:56:53.631,T,6848.75,1,,,
2026-04-13 09:56:53.631,T,6848.75,1,,,
2026-04-13 09:56:53.631,T,6848.75,1,,,
2026-04-13 09:56:53.631,T,6848.75,1,,,
2026-04-13 09:56:53.631,T,6848.75,1,,,
2026-04-13 09:56:53.631,T,6848.75,1,,,
2026-04-13 09:56:53.631,T,6848.75,1,,,
2026-04-13 09:56:53.631,T,6848.75,1,,,
2026-04-13 09:56:53.631,T,6848.75,1,,,
2026-04-13 09:56:53.730,Q,,,,6848.5,6849.0
2026-04-13 09:56:53.734,T,6848.75,3,,,
2026-04-13 09:56:53.780,T,6848.75,1,,,
2026-04-13 09:56:53.780,T,6848.75,1,,,
2026-04-13 09:56:53.780,T,6848.75,1,,,
2026-04-13 09:56:53.780,T,6848.75,1,,,
2026-04-13 09:56:53.780,T,6848.75,1,,,
2026-04-13 09:56:53.780,T,6848.75,1,,,
2026-04-13 09:56:53.780,T,6848.75,1,,,
2026-04-13 09:56:53.780,T,6848.75,1,,,
2026-04-13 09:56:53.780,T,6848.75,1,,,
2026-04-13 09:56:53.780,T,6848.75,1,,,
2026-04-13 09:56:53.781,Q,,,,6848.75,6849.0
2026-04-13 09:56:53.832,Q,,,,6848.5,6848.75
2026-04-13 09:56:53.833,T,6848.75,1,,,
2026-04-13 09:56:53.833,T,6848.75,3,,,
2026-04-13 09:56:53.833,T,6848.75,1,,,
2026-04-13 09:56:53.833,T,6848.75,1,,,
2026-04-13 09:56:53.833,T,6848.75,1,,,
2026-04-13 09:56:53.833,T,6848.75,1,,,
2026-04-13 09:56:53.833,T,6848.75,1,,,
2026-04-13 09:56:54.032,T,6848.5,1,,,
2026-04-13 09:56:54.080,T,6848.5,1,,,
2026-04-13 09:56:54.080,T,6848.5,1,,,
2026-04-13 09:56:54.080,T,6848.5,1,,,
2026-04-13 09:56:54.080,T,6848.5,1,,,
2026-04-13 09:56:54.080,T,6848.5,1,,,
2026-04-13 09:56:54.080,T,6848.5,1,,,
2026-04-13 09:56:54.080,T,6848.5,1,,,
2026-04-13 09:56:54.080,T,6848.5,1,,,
2026-04-13 09:56:54.080,T,6848.5,1,,,
2026-04-13 09:56:54.084,Q,,,,6848.25,6848.5
2026-04-13 09:56:54.138,T,6848.5,1,,,
2026-04-13 09:56:54.138,Q,,,,6848.25,6848.75
2026-04-13 09:56:54.283,T,6848.5,1,,,
2026-04-13 09:56:54.283,T,6848.5,1,,,
2026-04-13 09:56:54.381,Q,,,,6848.5,6848.75
2026-04-13 09:56:54.680,T,6848.75,1,,,
2026-04-13 09:56:54.680,T,6848.75,1,,,
2026-04-13 09:56:54.680,T,6848.75,1,,,
2026-04-13 09:56:54.680,T,6848.75,1,,,
2026-04-13 09:56:54.680,T,6848.75,1,,,
2026-04-13 09:56:54.680,T,6848.75,1,,,
2026-04-13 09:56:54.680,T,6848.75,1,,,
2026-04-13 09:56:54.732,Q,,,,6849.0,6849.25
2026-04-13 09:56:54.734,T,6849.0,1,,,
2026-04-13 09:56:54.734,T,6849.0,1,,,
2026-04-13 09:56:54.734,T,6849.0,1,,,
2026-04-13 09:56:54.734,T,6849.0,1,,,
2026-04-13 09:56:54.734,T,6849.0,1,,,
2026-04-13 09:56:54.734,T,6849.0,1,,,
2026-04-13 09:56:54.734,T,6849.0,1,,,
2026-04-13 09:56:54.734,T,6849.0,2,,,
2026-04-13 09:56:54.734,T,6849.0,1,,,
2026-04-13 09:56:54.734,T,6849.0,1,,,
2026-04-13 09:56:54.734,T,6849.0,1,,,
2026-04-13 09:56:54.734,T,6849.0,2,,,
2026-04-13 09:56:54.734,T,6849.0,1,,,
2026-04-13 09:56:54.734,T,6849.0,2,,,
2026-04-13 09:56:54.734,T,6849.0,1,,,
2026-04-13 09:56:54.830,T,6849.0,1,,,
2026-04-13 09:56:54.830,T,6849.0,1,,,
2026-04-13 09:56:54.830,T,6849.0,2,,,
2026-04-13 09:56:54.882,T,6849.0,1,,,
2026-04-13 09:56:54.932,T,6849.0,1,,,
2026-04-13 09:56:54.932,T,6849.0,1,,,
2026-04-13 09:56:55.032,T,6849.0,1,,,
2026-04-13 09:56:55.186,T,6849.25,3,,,
2026-04-13 09:56:55.186,T,6849.25,1,,,
2026-04-13 09:56:55.186,T,6849.25,1,,,
2026-04-13 09:56:55.186,T,6849.25,1,,,
2026-04-13 09:56:55.186,T,6849.25,1,,,
2026-04-13 09:56:55.186,T,6849.25,1,,,
2026-04-13 09:56:55.186,T,6849.25,1,,,
2026-04-13 09:56:55.186,T,6849.25,4,,,
2026-04-13 09:56:55.186,T,6849.25,1,,,
2026-04-13 09:56:55.186,T,6849.25,1,,,
2026-04-13 09:56:55.186,T,6849.25,1,,,
2026-04-13 09:56:55.186,T,6849.25,1,,,
2026-04-13 09:56:55.186,T,6849.25,1,,,
2026-04-13 09:56:55.186,T,6849.25,1,,,
2026-04-13 09:56:55.186,T,6849.25,1,,,
2026-04-13 09:56:55.186,T,6849.25,1,,,
2026-04-13 09:56:55.186,T,6849.25,1,,,
2026-04-13 09:56:55.186,T,6849.25,1,,,
2026-04-13 09:56:55.186,T,6849.25,1,,,
2026-04-13 09:56:55.186,T,6849.25,1,,,
2026-04-13 09:56:55.186,T,6849.25,1,,,
2026-04-13 09:56:55.186,T,6849.25,1,,,
2026-04-13 09:56:55.186,T,6849.25,1,,,
2026-04-13 09:56:55.186,T,6849.25,1,,,
2026-04-13 09:56:55.186,T,6849.25,1,,,
2026-04-13 09:56:55.186,T,6849.25,1,,,
2026-04-13 09:56:55.186,T,6849.25,1,,,
2026-04-13 09:56:55.186,T,6849.25,1,,,
2026-04-13 09:56:55.186,T,6849.25,1,,,
2026-04-13 09:56:55.186,T,6849.25,1,,,
2026-04-13 09:56:55.186,T,6849.25,1,,,
2026-04-13 09:56:55.186,T,6849.25,1,,,
2026-04-13 09:56:55.281,T,6849.25,3,,,
2026-04-13 09:56:55.281,T,6849.25,1,,,
2026-04-13 09:56:55.281,T,6849.25,2,,,
2026-04-13 09:56:55.281,T,6849.25,1,,,
2026-04-13 09:56:55.281,T,6849.25,1,,,
2026-04-13 09:56:55.281,T,6849.25,1,,,
2026-04-13 09:56:55.281,T,6849.25,1,,,
2026-04-13 09:56:55.281,T,6849.25,1,,,
2026-04-13 09:56:55.281,T,6849.25,1,,,
2026-04-13 09:56:55.330,T,6849.25,1,,,
2026-04-13 09:56:55.484,Q,,,,6849.25,6849.5
2026-04-13 09:56:55.485,T,6849.25,1,,,
2026-04-13 09:56:55.485,T,6849.25,1,,,
2026-04-13 09:56:55.485,T,6849.25,1,,,
2026-04-13 09:56:55.485,T,6849.25,1,,,
2026-04-13 09:56:55.485,T,6849.25,1,,,
2026-04-13 09:56:55.485,T,6849.25,1,,,
2026-04-13 09:56:55.485,T,6849.25,1,,,
2026-04-13 09:56:55.485,T,6849.25,1,,,
2026-04-13 09:56:55.485,T,6849.25,2,,,
2026-04-13 09:56:55.485,T,6849.25,1,,,
2026-04-13 09:56:55.485,T,6849.25,3,,,
2026-04-13 09:56:55.485,T,6849.25,5,,,
2026-04-13 09:56:55.485,T,6849.25,1,,,
2026-04-13 09:56:55.580,Q,,,,6849.0,6849.25
2026-04-13 09:56:55.581,T,6849.25,1,,,
2026-04-13 09:56:55.581,T,6849.25,1,,,
2026-04-13 09:56:55.581,T,6849.25,1,,,
2026-04-13 09:56:55.581,T,6849.25,1,,,
2026-04-13 09:56:55.581,T,6849.25,1,,,
2026-04-13 09:56:55.632,T,6849.25,1,,,
2026-04-13 09:56:55.831,T,6849.25,1,,,
2026-04-13 09:56:55.831,T,6849.25,1,,,
2026-04-13 09:56:55.831,T,6849.25,1,,,
2026-04-13 09:56:55.831,T,6849.5,1,,,
2026-04-13 09:56:55.831,T,6849.5,1,,,
2026-04-13 09:56:55.831,T,6849.5,1,,,
2026-04-13 09:56:55.831,T,6849.5,1,,,
2026-04-13 09:56:55.831,T,6849.5,2,,,
2026-04-13 09:56:55.831,T,6849.5,1,,,
2026-04-13 09:56:55.831,T,6849.5,1,,,
2026-04-13 09:56:55.831,T,6849.5,1,,,
2026-04-13 09:56:55.831,T,6849.5,1,,,
2026-04-13 09:56:55.831,T,6849.25,1,,,
2026-04-13 09:56:55.831,T,6849.25,1,,,
2026-04-13 09:56:55.831,T,6849.25,1,,,
2026-04-13 09:56:55.831,T,6849.25,1,,,
2026-04-13 09:56:55.831,T,6849.25,1,,,
2026-04-13 09:56:55.894,Q,,,,6849.0,6849.5
2026-04-13 09:56:55.931,T,6849.25,1,,,
2026-04-13 09:56:55.932,Q,,,,6849.25,6849.5
2026-04-13 09:56:55.980,T,6849.5,1,,,
2026-04-13 09:56:56.130,T,6849.5,1,,,
2026-04-13 09:56:56.785,T,6849.25,2,,,
2026-04-13 09:56:56.785,T,6849.25,1,,,
2026-04-13 09:56:56.785,T,6849.25,1,,,
2026-04-13 09:56:56.785,T,6849.25,1,,,
2026-04-13 09:56:56.785,T,6849.25,1,,,
2026-04-13 09:56:56.785,T,6849.25,1,,,
2026-04-13 09:56:56.785,T,6849.25,1,,,
2026-04-13 09:56:56.785,T,6849.25,1,,,
2026-04-13 09:56:56.785,T,6849.25,1,,,
2026-04-13 09:56:56.785,T,6849.25,1,,,
2026-04-13 09:56:56.785,T,6849.25,1,,,
2026-04-13 09:56:56.785,T,6849.25,2,,,
2026-04-13 09:56:56.785,T,6849.25,1,,,
2026-04-13 09:56:56.785,T,6849.25,3,,,
2026-04-13 09:56:56.785,T,6849.25,1,,,
2026-04-13 09:56:56.785,T,6849.25,1,,,
2026-04-13 09:56:56.785,T,6849.25,1,,,
2026-04-13 09:56:56.785,T,6849.25,1,,,
2026-04-13 09:56:56.831,T,6849.25,1,,,
2026-04-13 09:56:56.831,T,6849.25,1,,,
2026-04-13 09:56:56.831,T,6849.25,1,,,
2026-04-13 09:56:56.832,Q,,,,6849.0,6849.25
2026-04-13 09:56:56.881,Q,,,,6849.0,6849.5
2026-04-13 09:56:56.882,T,6849.25,1,,,
2026-04-13 09:56:56.931,Q,,,,6849.0,6849.25
2026-04-13 09:56:56.981,Q,,,,6849.25,6849.5
2026-04-13 09:56:56.981,T,6849.25,1,,,
2026-04-13 09:56:56.981,T,6849.25,1,,,
2026-04-13 09:56:56.981,T,6849.25,1,,,
2026-04-13 09:56:56.981,T,6849.25,1,,,
2026-04-13 09:56:56.981,T,6849.25,1,,,
2026-04-13 09:56:57.208,Q,,,,6849.0,6849.25
2026-04-13 09:56:57.209,T,6849.25,1,,,
2026-04-13 09:56:57.209,T,6849.25,1,,,
2026-04-13 09:56:57.209,Q,,,,6849.0,6849.5
2026-04-13 09:56:57.281,Q,,,,6849.0,6849.25
2026-04-13 09:56:57.331,T,6849.25,1,,,
2026-04-13 09:56:57.386,T,6849.25,1,,,
2026-04-13 09:56:57.386,T,6849.25,1,,,
2026-04-13 09:56:57.631,T,6849.25,1,,,
2026-04-13 09:56:57.631,T,6849.25,1,,,
2026-04-13 09:56:57.631,T,6849.25,1,,,
2026-04-13 09:56:57.632,Q,,,,6849.25,6849.5
2026-04-13 09:56:57.704,T,6849.25,1,,,
2026-04-13 09:56:57.834,T,6849.5,2,,,
2026-04-13 09:56:57.834,T,6849.5,2,,,
2026-04-13 09:56:57.834,T,6849.5,1,,,
2026-04-13 09:56:57.834,T,6849.5,1,,,
2026-04-13 09:56:57.834,T,6849.5,1,,,
2026-04-13 09:56:57.834,T,6849.5,1,,,
2026-04-13 09:56:57.834,T,6849.5,1,,,
2026-04-13 09:56:57.834,T,6849.5,1,,,
2026-04-13 09:56:57.834,T,6849.5,1,,,
2026-04-13 09:56:57.834,T,6849.5,2,,,
2026-04-13 09:56:57.834,T,6849.5,1,,,
2026-04-13 09:56:57.834,T,6849.5,1,,,
2026-04-13 09:56:57.834,T,6849.5,1,,,
2026-04-13 09:56:57.834,T,6849.5,1,,,
2026-04-13 09:56:57.834,T,6849.5,2,,,
2026-04-13 09:56:57.834,T,6849.5,1,,,
2026-04-13 09:56:57.834,T,6849.5,1,,,
2026-04-13 09:56:57.834,T,6849.5,3,,,
2026-04-13 09:56:57.834,T,6849.5,1,,,
2026-04-13 09:56:57.834,T,6849.5,1,,,
2026-04-13 09:56:57.836,Q,,,,6849.5,6849.75
2026-04-13 09:56:57.885,T,6849.75,1,,,
2026-04-13 09:56:57.885,T,6849.75,1,,,
2026-04-13 09:56:57.885,T,6849.75,1,,,
2026-04-13 09:56:57.885,T,6849.75,1,,,
2026-04-13 09:56:57.885,T,6849.75,1,,,
2026-04-13 09:56:57.885,T,6849.75,4,,,
2026-04-13 09:56:57.885,T,6849.75,1,,,
2026-04-13 09:56:57.885,T,6849.75,1,,,
2026-04-13 09:56:57.885,T,6849.75,1,,,
2026-04-13 09:56:57.885,T,6849.75,1,,,
2026-04-13 09:56:57.885,T,6849.75,1,,,
2026-04-13 09:56:57.885,T,6849.75,1,,,
2026-04-13 09:56:57.885,T,6849.75,1,,,
2026-04-13 09:56:57.885,T,6849.75,1,,,
2026-04-13 09:56:57.885,T,6849.75,2,,,
2026-04-13 09:56:57.885,T,6849.75,1,,,
2026-04-13 09:56:57.885,T,6849.75,1,,,
2026-04-13 09:56:57.885,T,6849.75,4,,,
2026-04-13 09:56:57.885,T,6849.75,1,,,
2026-04-13 09:56:57.885,T,6849.75,1,,,
2026-04-13 09:56:57.885,T,6849.75,1,,,
2026-04-13 09:56:57.885,T,6849.75,3,,,
2026-04-13 09:56:57.885,T,6849.75,1,,,
2026-04-13 09:56:57.885,T,6849.75,1,,,
2026-04-13 09:56:57.885,T,6849.75,1,,,
2026-04-13 09:56:57.885,T,6849.75,1,,,
2026-04-13 09:56:58.032,Q,,,,6849.75,6850.0
2026-04-13 09:56:58.032,T,6849.75,1,,,
2026-04-13 09:56:58.032,T,6849.75,1,,,
2026-04-13 09:56:58.032,T,6849.75,1,,,
2026-04-13 09:56:58.032,T,6849.75,1,,,
2026-04-13 09:56:58.032,T,6849.75,1,,,
2026-04-13 09:56:58.032,T,6849.75,2,,,
2026-04-13 09:56:58.032,T,6849.75,1,,,
2026-04-13 09:56:58.032,T,6849.75,1,,,
2026-04-13 09:56:58.080,T,6849.75,1,,,
2026-04-13 09:56:58.080,T,6849.75,3,,,
2026-04-13 09:56:58.080,T,6849.75,1,,,
2026-04-13 09:56:58.080,T,6849.75,1,,,
2026-04-13 09:56:58.080,T,6849.5,1,,,
2026-04-13 09:56:58.080,T,6849.5,1,,,
2026-04-13 09:56:58.080,T,6849.5,1,,,
2026-04-13 09:56:58.080,T,6849.5,1,,,
2026-04-13 09:56:58.080,T,6849.5,1,,,
2026-04-13 09:56:58.080,T,6849.5,3,,,
2026-04-13 09:56:58.080,T,6849.5,1,,,
2026-04-13 09:56:58.080,T,6849.5,1,,,
2026-04-13 09:56:58.080,T,6849.5,1,,,
2026-04-13 09:56:58.081,Q,,,,6849.5,6849.75
2026-04-13 09:56:58.280,T,6849.5,1,,,
2026-04-13 09:56:58.280,T,6849.5,1,,,
2026-04-13 09:56:58.280,T,6849.5,1,,,
2026-04-13 09:56:58.280,T,6849.5,1,,,
2026-04-13 09:56:58.431,T,6849.5,2,,,
2026-04-13 09:56:58.431,T,6849.75,1,,,
2026-04-13 09:56:58.431,T,6849.75,1,,,
2026-04-13 09:56:58.483,T,6849.5,1,,,
2026-04-13 09:56:58.531,T,6849.5,1,,,
2026-04-13 09:56:58.531,T,6849.5,1,,,
2026-04-13 09:56:58.531,T,6849.5,1,,,
2026-04-13 09:56:58.531,T,6849.5,1,,,
2026-04-13 09:56:58.531,T,6849.5,1,,,
2026-04-13 09:56:58.531,T,6849.5,1,,,
2026-04-13 09:56:58.531,T,6849.5,1,,,
2026-04-13 09:56:58.531,T,6849.5,5,,,
2026-04-13 09:56:58.531,T,6849.5,1,,,
2026-04-13 09:56:58.531,T,6849.5,2,,,
2026-04-13 09:56:58.531,T,6849.5,1,,,
2026-04-13 09:56:58.531,T,6849.5,1,,,
2026-04-13 09:56:58.531,T,6849.5,1,,,
2026-04-13 09:56:58.635,T,6849.75,1,,,
2026-04-13 09:56:58.735,Q,,,,6849.25,6849.5
2026-04-13 09:56:58.735,T,6849.5,1,,,
2026-04-13 09:56:58.735,T,6849.5,1,,,
2026-04-13 09:56:58.735,T,6849.5,2,,,
2026-04-13 09:56:58.735,T,6849.5,1,,,
2026-04-13 09:56:58.786,T,6849.25,1,,,
2026-04-13 09:56:58.786,T,6849.25,1,,,
2026-04-13 09:56:58.882,T,6849.25,1,,,
2026-04-13 09:56:58.882,T,6849.25,1,,,
2026-04-13 09:56:59.081,T,6849.25,1,,,
2026-04-13 09:56:59.081,T,6849.25,1,,,
2026-04-13 09:56:59.081,T,6849.25,1,,,
2026-04-13 09:56:59.081,T,6849.25,1,,,
2026-04-13 09:56:59.081,T,6849.25,1,,,
2026-04-13 09:56:59.081,T,6849.25,1,,,
2026-04-13 09:56:59.081,T,6849.25,1,,,
2026-04-13 09:56:59.130,Q,,,,6849.0,6849.5
2026-04-13 09:56:59.130,T,6849.25,2,,,
2026-04-13 09:56:59.130,T,6849.25,2,,,
2026-04-13 09:56:59.130,T,6849.25,1,,,
2026-04-13 09:56:59.130,T,6849.25,1,,,
2026-04-13 09:56:59.130,T,6849.25,1,,,
2026-04-13 09:56:59.130,T,6849.25,1,,,
2026-04-13 09:56:59.283,Q,,,,6849.0,6849.25
2026-04-13 09:56:59.283,T,6849.5,1,,,
2026-04-13 09:56:59.283,T,6849.0,1,,,
2026-04-13 09:56:59.283,T,6849.0,1,,,
2026-04-13 09:56:59.283,T,6849.0,1,,,
2026-04-13 09:56:59.283,T,6849.0,1,,,
2026-04-13 09:56:59.283,T,6849.0,1,,,
2026-04-13 09:56:59.283,T,6849.0,1,,,
2026-04-13 09:56:59.283,T,6849.0,1,,,
2026-04-13 09:56:59.283,T,6849.0,1,,,
2026-04-13 09:56:59.332,T,6849.25,1,,,
2026-04-13 09:56:59.332,T,6849.25,1,,,
2026-04-13 09:56:59.383,T,6849.25,2,,,
2026-04-13 09:56:59.383,T,6849.25,1,,,
2026-04-13 09:56:59.383,Q,,,,6849.25,6849.5
2026-04-13 09:56:59.531,Q,,,,6849.0,6849.25
2026-04-13 09:56:59.531,T,6849.25,1,,,
2026-04-13 09:56:59.531,T,6849.25,1,,,
2026-04-13 09:56:59.681,T,6849.0,1,,,
2026-04-13 09:56:59.681,T,6849.0,1,,,
2026-04-13 09:56:59.781,Q,,,,6849.25,6849.5
2026-04-13 09:56:59.781,T,6849.25,1,,,
2026-04-13 09:56:59.781,T,6849.25,1,,,
2026-04-13 09:56:59.882,Q,,,,6849.0,6849.25
2026-04-13 09:56:59.882,T,6849.25,1,,,
2026-04-13 09:56:59.882,T,6849.25,1,,,
2026-04-13 09:56:59.882,T,6849.25,1,,,
2026-04-13 09:56:59.931,T,6849.0,1,,,
2026-04-13 09:57:00.331,T,6849.25,1,,,
2026-04-13 09:57:00.331,T,6849.25,3,,,
2026-04-13 09:57:00.331,T,6849.25,1,,,
2026-04-13 09:57:00.331,T,6849.25,1,,,
2026-04-13 09:57:00.331,T,6849.25,1,,,
2026-04-13 09:57:00.331,T,6849.25,1,,,
2026-04-13 09:57:00.331,T,6849.25,1,,,
2026-04-13 09:57:00.331,T,6849.25,1,,,
2026-04-13 09:57:00.331,T,6849.25,1,,,
2026-04-13 09:57:00.331,T,6849.25,1,,,
2026-04-13 09:57:00.331,T,6849.25,2,,,
2026-04-13 09:57:00.331,T,6849.25,1,,,
2026-04-13 09:57:00.332,Q,,,,6849.0,6849.5
2026-04-13 09:57:00.380,Q,,,,6849.25,6849.5
2026-04-13 09:57:00.380,T,6849.25,1,,,
2026-04-13 09:57:00.380,T,6849.25,1,,,
2026-04-13 09:57:00.380,T,6849.5,1,,,
2026-04-13 09:57:00.484,T,6849.25,1,,,
2026-04-13 09:57:00.484,T,6849.25,1,,,
2026-04-13 09:57:00.488,Q,,,,6849.0,6849.25
2026-04-13 09:57:00.530,Q,,,,6849.25,6849.5
2026-04-13 09:57:00.530,T,6849.5,1,,,
2026-04-13 09:57:00.530,T,6849.5,1,,,
2026-04-13 09:57:00.730,T,6849.25,2,,,
2026-04-13 09:57:00.835,T,6849.5,1,,,
2026-04-13 09:57:00.835,T,6849.5,1,,,
2026-04-13 09:57:00.835,T,6849.5,1,,,
2026-04-13 09:57:00.835,T,6849.5,1,,,
2026-04-13 09:57:00.835,T,6849.5,1,,,
2026-04-13 09:57:00.835,T,6849.5,1,,,
2026-04-13 09:57:00.835,T,6849.5,1,,,
2026-04-13 09:57:00.835,T,6849.5,1,,,
2026-04-13 09:57:00.835,T,6849.5,2,,,
2026-04-13 09:57:00.835,T,6849.5,1,,,
2026-04-13 09:57:00.835,T,6849.5,1,,,
2026-04-13 09:57:00.835,T,6849.5,2,,,
2026-04-13 09:57:00.835,T,6849.5,1,,,
2026-04-13 09:57:00.835,T,6849.5,1,,,
2026-04-13 09:57:00.835,T,6849.5,1,,,
2026-04-13 09:57:00.835,T,6849.5,1,,,
2026-04-13 09:57:00.835,T,6849.5,1,,,
2026-04-13 09:57:00.835,T,6849.5,1,,,
2026-04-13 09:57:00.835,T,6849.5,1,,,
2026-04-13 09:57:00.835,T,6849.5,1,,,
2026-04-13 09:57:00.835,T,6849.75,2,,,
2026-04-13 09:57:00.835,T,6849.75,1,,,
2026-04-13 09:57:00.835,T,6849.75,1,,,
2026-04-13 09:57:00.835,T,6849.75,1,,,
2026-04-13 09:57:00.835,T,6849.75,1,,,
2026-04-13 09:57:00.835,T,6849.75,1,,,
2026-04-13 09:57:00.835,T,6849.75,1,,,
2026-04-13 09:57:00.835,T,6849.75,1,,,
2026-04-13 09:57:00.835,T,6849.75,1,,,
2026-04-13 09:57:00.835,T,6849.75,1,,,
2026-04-13 09:57:00.835,T,6849.75,1,,,
2026-04-13 09:57:00.835,T,6849.75,1,,,
2026-04-13 09:57:00.835,T,6849.75,1,,,
2026-04-13 09:57:00.837,Q,,,,6849.5,6850.0
2026-04-13 09:57:00.882,Q,,,,6849.75,6850.0
2026-04-13 09:57:00.882,T,6849.75,2,,,
2026-04-13 09:57:00.882,T,6849.75,1,,,
2026-04-13 09:57:00.882,T,6849.75,1,,,
2026-04-13 09:57:00.882,T,6849.75,1,,,
2026-04-13 09:57:00.882,T,6849.75,1,,,
2026-04-13 09:57:00.930,T,6849.75,1,,,
2026-04-13 09:57:00.930,T,6849.75,3,,,
2026-04-13 09:57:00.930,T,6849.75,1,,,
2026-04-13 09:57:00.930,T,6849.75,2,,,
2026-04-13 09:57:00.930,T,6849.75,1,,,
2026-04-13 09:57:00.930,T,6849.75,1,,,
2026-04-13 09:57:00.930,T,6849.75,1,,,
2026-04-13 09:57:00.930,T,6849.75,1,,,
2026-04-13 09:57:00.930,T,6849.75,1,,,
2026-04-13 09:57:00.930,T,6849.75,2,,,
2026-04-13 09:57:00.930,T,6849.75,1,,,
2026-04-13 09:57:00.930,T,6849.75,1,,,
2026-04-13 09:57:00.930,T,6849.75,1,,,
2026-04-13 09:57:00.930,T,6849.75,1,,,
2026-04-13 09:57:00.930,T,6849.75,1,,,
2026-04-13 09:57:00.982,T,6850.0,1,,,
2026-04-13 09:57:00.982,T,6850.0,1,,,
2026-04-13 09:57:00.982,T,6850.0,2,,,
2026-04-13 09:57:00.982,T,6850.0,1,,,
2026-04-13 09:57:00.982,T,6850.0,1,,,
2026-04-13 09:57:00.982,T,6850.0,1,,,
2026-04-13 09:57:00.982,T,6850.0,2,,,
2026-04-13 09:57:00.982,T,6850.0,1,,,
2026-04-13 09:57:00.982,T,6850.0,1,,,
2026-04-13 09:57:00.982,T,6850.0,1,,,
2026-04-13 09:57:00.982,T,6849.75,3,,,
2026-04-13 09:57:00.982,T,6849.75,1,,,
2026-04-13 09:57:00.982,T,6849.75,1,,,
2026-04-13 09:57:00.982,T,6849.75,2,,,
2026-04-13 09:57:00.982,T,6849.75,1,,,
2026-04-13 09:57:00.982,T,6849.75,1,,,
2026-04-13 09:57:00.982,T,6849.75,1,,,
2026-04-13 09:57:00.982,T,6849.75,1,,,
2026-04-13 09:57:00.982,T,6849.75,1,,,
2026-04-13 09:57:00.982,T,6849.75,1,,,
2026-04-13 09:57:00.982,T,6849.75,1,,,
2026-04-13 09:57:00.982,T,6849.75,2,,,
2026-04-13 09:57:00.982,T,6849.75,1,,,
2026-04-13 09:57:00.985,Q,,,,6849.5,6849.75
2026-04-13 09:57:01.031,Q,,,,6849.75,6850.0
2026-04-13 09:57:01.032,T,6849.75,1,,,
2026-04-13 09:57:01.032,T,6849.75,1,,,
2026-04-13 09:57:01.032,T,6849.75,2,,,
2026-04-13 09:57:01.032,T,6849.75,1,,,
2026-04-13 09:57:01.032,T,6849.75,1,,,
2026-04-13 09:57:01.032,T,6849.75,1,,,
2026-04-13 09:57:01.032,T,6849.75,1,,,
2026-04-13 09:57:01.032,T,6849.75,1,,,
2026-04-13 09:57:01.032,T,6849.75,3,,,
2026-04-13 09:57:01.130,T,6849.75,1,,,
2026-04-13 09:57:01.130,T,6849.75,1,,,
2026-04-13 09:57:01.130,T,6849.75,1,,,
2026-04-13 09:57:01.132,Q,,,,6849.5,6849.75
2026-04-13 09:57:01.681,T,6849.75,1,,,
2026-04-13 09:57:01.681,T,6849.75,1,,,
2026-04-13 09:57:01.681,T,6849.75,1,,,
2026-04-13 09:57:01.681,T,6849.75,2,,,
2026-04-13 09:57:01.681,T,6849.75,1,,,
2026-04-13 09:57:01.881,T,6849.75,1,,,
2026-04-13 09:57:02.029,T,6849.75,1,,,
2026-04-13 09:57:02.129,Q,,,,6849.25,6849.5
2026-04-13 09:57:02.129,T,6849.5,1,,,
2026-04-13 09:57:02.129,T,6849.5,1,,,
2026-04-13 09:57:02.129,T,6849.5,1,,,
2026-04-13 09:57:02.129,T,6849.5,1,,,
2026-04-13 09:57:02.129,T,6849.5,1,,,
2026-04-13 09:57:02.129,T,6849.5,1,,,
2026-04-13 09:57:02.129,T,6849.5,1,,,
2026-04-13 09:57:02.129,T,6849.5,1,,,
2026-04-13 09:57:02.129,T,6849.5,1,,,
2026-04-13 09:57:02.129,T,6849.5,1,,,
2026-04-13 09:57:02.129,T,6849.5,1,,,
2026-04-13 09:57:02.129,T,6849.5,1,,,
2026-04-13 09:57:02.129,T,6849.5,1,,,
2026-04-13 09:57:02.182,T,6849.25,1,,,
2026-04-13 09:57:02.182,T,6849.25,1,,,
2026-04-13 09:57:02.182,T,6849.25,1,,,
2026-04-13 09:57:02.182,T,6849.25,1,,,
2026-04-13 09:57:02.182,T,6849.25,1,,,
2026-04-13 09:57:02.182,T,6849.25,1,,,
2026-04-13 09:57:02.182,T,6849.25,2,,,
2026-04-13 09:57:02.182,T,6849.25,1,,,
2026-04-13 09:57:02.182,T,6849.25,1,,,
2026-04-13 09:57:02.182,T,6849.25,1,,,
2026-04-13 09:57:02.182,T,6849.25,1,,,
2026-04-13 09:57:02.182,T,6849.25,1,,,
2026-04-13 09:57:02.182,T,6849.25,1,,,
2026-04-13 09:57:02.182,T,6849.25,1,,,
2026-04-13 09:57:02.184,Q,,,,6849.0,6849.25
2026-04-13 09:57:02.282,T,6849.0,1,,,
2026-04-13 09:57:02.282,T,6849.0,1,,,
2026-04-13 09:57:02.282,T,6849.0,6,,,
2026-04-13 09:57:02.282,T,6849.0,1,,,
2026-04-13 09:57:02.282,T,6849.0,2,,,
2026-04-13 09:57:02.282,T,6849.0,1,,,
2026-04-13 09:57:02.282,T,6849.0,1,,,
2026-04-13 09:57:02.282,T,6849.0,1,,,
2026-04-13 09:57:02.282,T,6849.0,1,,,
2026-04-13 09:57:02.282,T,6849.0,1,,,
2026-04-13 09:57:02.282,T,6849.0,1,,,
2026-04-13 09:57:02.282,T,6849.0,1,,,
2026-04-13 09:57:02.282,T,6849.0,1,,,
2026-04-13 09:57:02.282,T,6849.0,1,,,
2026-04-13 09:57:02.282,T,6849.0,1,,,
2026-04-13 09:57:02.333,T,6849.0,1,,,
2026-04-13 09:57:02.333,T,6849.0,1,,,
2026-04-13 09:57:02.333,T,6849.0,2,,,
2026-04-13 09:57:02.333,T,6849.0,1,,,
2026-04-13 09:57:02.333,T,6849.0,1,,,
2026-04-13 09:57:02.333,T,6849.0,1,,,
2026-04-13 09:57:02.333,Q,,,,6848.75,6849.0
2026-04-13 09:57:02.382,Q,,,,6848.5,6848.75
2026-04-13 09:57:02.382,T,6848.75,2,,,
2026-04-13 09:57:02.382,T,6848.75,1,,,
2026-04-13 09:57:02.382,T,6848.75,1,,,
2026-04-13 09:57:02.382,T,6848.75,1,,,
2026-04-13 09:57:02.382,T,6848.75,1,,,
2026-04-13 09:57:02.382,T,6848.75,1,,,
2026-04-13 09:57:02.382,T,6848.75,1,,,
2026-04-13 09:57:02.382,T,6848.75,1,,,
2026-04-13 09:57:02.382,T,6848.75,3,,,
2026-04-13 09:57:02.382,T,6848.75,2,,,
2026-04-13 09:57:02.582,Q,,,,6848.75,6849.0
2026-04-13 09:57:02.582,T,6848.75,1,,,
2026-04-13 09:57:02.629,T,6848.75,3,,,
2026-04-13 09:57:02.629,T,6848.75,1,,,
2026-04-13 09:57:02.629,T,6848.75,1,,,
2026-04-13 09:57:02.629,T,6848.75,1,,,
2026-04-13 09:57:02.629,T,6848.75,1,,,
2026-04-13 09:57:02.629,T,6848.75,2,,,
2026-04-13 09:57:02.629,T,6848.75,1,,,
2026-04-13 09:57:02.629,T,6848.75,1,,,
2026-04-13 09:57:02.629,T,6848.75,1,,,
2026-04-13 09:57:02.629,T,6848.75,1,,,
2026-04-13 09:57:02.629,T,6848.75,1,,,
2026-04-13 09:57:02.629,T,6848.75,1,,,
2026-04-13 09:57:02.629,T,6848.75,1,,,
2026-04-13 09:57:02.689,T,6848.75,1,,,
2026-04-13 09:57:02.934,Q,,,,6849.0,6849.25
2026-04-13 09:57:02.934,T,6849.0,1,,,
2026-04-13 09:57:02.934,T,6849.0,1,,,
2026-04-13 09:57:02.934,T,6849.0,1,,,
2026-04-13 09:57:02.934,T,6849.0,2,,,
2026-04-13 09:57:02.934,T,6849.0,1,,,
2026-04-13 09:57:02.934,T,6849.0,2,,,
2026-04-13 09:57:02.934,T,6849.0,1,,,
2026-04-13 09:57:02.934,T,6849.0,1,,,
2026-04-13 09:57:02.934,T,6849.0,1,,,
2026-04-13 09:57:02.934,T,6849.0,3,,,
2026-04-13 09:57:02.934,T,6849.0,1,,,
2026-04-13 09:57:02.934,T,6849.0,1,,,
2026-04-13 09:57:02.934,T,6849.0,2,,,
2026-04-13 09:57:02.934,T,6849.0,1,,,
2026-04-13 09:57:02.934,T,6849.0,1,,,
2026-04-13 09:57:02.934,T,6849.0,1,,,
2026-04-13 09:57:02.934,T,6849.0,1,,,
2026-04-13 09:57:02.934,T,6849.0,1,,,
2026-04-13 09:57:02.934,T,6849.0,1,,,
2026-04-13 10:15:48.445,Q,,,,6848.25,6848.5
2026-04-13 10:15:48.584,T,6848.25,1,,,
2026-04-13 10:15:48.584,T,6848.25,1,,,
2026-04-13 10:15:48.584,T,6848.25,1,,,
2026-04-13 10:15:48.584,T,6848.25,1,,,
2026-04-13 10:15:48.584,T,6848.25,1,,,
2026-04-13 10:15:48.584,T,6848.25,1,,,
2026-04-13 10:15:48.584,T,6848.25,2,,,
2026-04-13 10:15:48.584,T,6848.25,1,,,
2026-04-13 10:15:48.584,T,6848.25,1,,,
2026-04-13 10:15:48.584,T,6848.25,1,,,
2026-04-13 10:15:48.584,T,6848.25,1,,,
2026-04-13 10:15:48.584,T,6848.25,1,,,
2026-04-13 10:15:48.584,T,6848.25,1,,,
2026-04-13 10:15:48.872,Q,,,,6848.0,6848.25
2026-04-13 10:15:48.872,T,6848.0,1,,,
2026-04-13 10:15:48.872,T,6848.0,1,,,
2026-04-13 10:15:48.872,T,6848.0,1,,,
2026-04-13 10:15:48.873,T,6848.0,1,,,
2026-04-13 10:15:48.873,T,6848.25,1,,,
2026-04-13 10:15:48.876,T,6848.25,2,,,
2026-04-13 10:15:48.876,T,6848.25,2,,,
2026-04-13 10:15:48.876,T,6848.25,1,,,
2026-04-13 10:15:48.876,T,6848.25,1,,,
2026-04-13 10:15:48.876,T,6848.25,1,,,
2026-04-13 10:15:48.876,T,6848.25,1,,,
2026-04-13 10:15:48.876,T,6848.25,1,,,
2026-04-13 10:15:48.876,T,6848.25,1,,,
2026-04-13 10:15:48.876,T,6848.25,1,,,
2026-04-13 10:15:48.876,T,6848.25,1,,,
2026-04-13 10:15:48.876,T,6848.25,3,,,
2026-04-13 10:15:48.876,T,6848.25,2,,,
2026-04-13 10:15:48.876,T,6848.25,2,,,
2026-04-13 10:15:48.876,T,6848.25,2,,,
2026-04-13 10:15:48.876,T,6848.25,1,,,
2026-04-13 10:15:48.876,T,6848.25,1,,,
2026-04-13 10:15:48.876,T,6848.25,1,,,
2026-04-13 10:15:48.933,T,6848.25,1,,,
2026-04-13 10:15:48.933,T,6848.25,2,,,
2026-04-13 10:15:48.980,Q,,,,6848.0,6848.5
2026-04-13 10:15:49.109,Q,,,,6848.25,6848.5
2026-04-13 10:15:49.110,T,6848.25,1,,,
2026-04-13 10:15:49.134,T,6848.25,1,,,
2026-04-13 10:15:49.134,T,6848.25,1,,,
2026-04-13 10:15:49.381,T,6848.25,1,,,
2026-04-13 10:15:49.431,T,6848.5,1,,,
2026-04-13 10:15:49.431,T,6848.5,1,,,
2026-04-13 10:15:49.431,T,6848.5,1,,,
2026-04-13 10:15:49.431,T,6848.5,1,,,
2026-04-13 10:15:49.431,T,6848.5,1,,,
2026-04-13 10:15:49.431,T,6848.5,3,,,
2026-04-13 10:15:49.431,T,6848.5,1,,,
2026-04-13 10:15:49.431,T,6848.5,1,,,
2026-04-13 10:15:49.431,T,6848.5,1,,,
2026-04-13 10:15:49.477,T,6848.5,1,,,
2026-04-13 10:15:49.477,T,6848.5,1,,,
2026-04-13 10:15:49.477,T,6848.5,1,,,
2026-04-13 10:15:49.477,T,6848.75,1,,,
2026-04-13 10:15:49.480,Q,,,,6848.5,6848.75
2026-04-13 10:15:49.529,Q,,,,6848.25,6848.5
2026-04-13 10:15:49.529,T,6848.5,1,,,
2026-04-13 10:15:49.529,T,6848.5,1,,,
2026-04-13 10:15:49.529,T,6848.5,1,,,
2026-04-13 10:15:49.529,T,6848.5,1,,,
2026-04-13 10:15:49.529,T,6848.5,1,,,
2026-04-13 10:15:49.529,T,6848.5,1,,,
2026-04-13 10:15:49.529,T,6848.5,2,,,
2026-04-13 10:15:49.635,T,6848.5,1,,,
2026-04-13 10:15:49.635,T,6848.5,1,,,
2026-04-13 10:15:49.635,T,6848.5,1,,,
2026-04-13 10:15:49.635,T,6848.5,1,,,
2026-04-13 10:15:49.635,T,6848.5,1,,,
2026-04-13 10:15:49.681,T,6848.5,1,,,
2026-04-13 10:15:49.681,T,6848.5,1,,,
2026-04-13 10:15:49.681,T,6848.5,1,,,
2026-04-13 10:15:49.927,T,6848.5,1,,,
2026-04-13 10:15:49.927,T,6848.5,1,,,
2026-04-13 10:15:49.927,T,6848.5,1,,,
2026-04-13 10:15:49.927,T,6848.5,1,,,
2026-04-13 10:15:49.927,T,6848.5,1,,,
2026-04-13 10:15:49.927,T,6848.5,1,,,
2026-04-13 10:15:49.927,T,6848.5,2,,,
2026-04-13 10:15:49.927,T,6848.5,1,,,
2026-04-13 10:15:49.927,T,6848.5,1,,,
2026-04-13 10:15:49.927,T,6848.5,1,,,
2026-04-13 10:15:49.927,T,6848.5,1,,,
2026-04-13 10:15:49.927,T,6848.5,1,,,
2026-04-13 10:15:49.927,T,6848.5,1,,,
2026-04-13 10:15:49.927,T,6848.5,1,,,
2026-04-13 10:15:49.927,T,6848.5,2,,,
2026-04-13 10:15:49.976,T,6848.25,1,,,
2026-04-13 10:15:50.160,Q,,,,6848.25,6848.75
2026-04-13 10:15:50.161,T,6848.5,1,,,
2026-04-13 10:15:50.161,T,6848.5,1,,,
2026-04-13 10:15:50.161,T,6848.5,1,,,
2026-04-13 10:15:50.161,T,6848.5,1,,,
2026-04-13 10:15:50.161,T,6848.5,1,,,
2026-04-13 10:15:50.161,T,6848.5,1,,,
2026-04-13 10:15:50.161,T,6848.5,1,,,
2026-04-13 10:15:50.161,T,6848.5,1,,,
2026-04-13 10:15:50.161,T,6848.5,1,,,
2026-04-13 10:15:50.161,T,6848.5,1,,,
2026-04-13 10:15:50.161,T,6848.5,1,,,
2026-04-13 10:15:50.161,T,6848.5,1,,,
2026-04-13 10:15:50.161,T,6848.5,1,,,
2026-04-13 10:15:50.161,T,6848.5,1,,,
2026-04-13 10:15:50.163,Q,,,,6848.25,6848.5
2026-04-13 10:15:50.355,Q,,,,6848.5,6848.75
2026-04-13 10:15:50.356,T,6848.5,1,,,
2026-04-13 10:15:50.356,T,6848.5,1,,,
2026-04-13 10:15:50.356,T,6848.5,1,,,
2026-04-13 10:15:50.356,T,6848.5,1,,,
2026-04-13 10:15:50.356,T,6848.5,3,,,
2026-04-13 10:15:50.584,T,6848.5,1,,,
2026-04-13 10:15:50.584,T,6848.5,1,,,
2026-04-13 10:15:50.584,T,6848.5,1,,,
2026-04-13 10:15:50.584,T,6848.5,1,,,
2026-04-13 10:15:50.584,T,6848.5,1,,,
2026-04-13 10:15:50.679,T,6848.75,1,,,
2026-04-13 10:15:50.879,T,6848.5,1,,,
2026-04-13 10:15:50.879,T,6848.5,1,,,
2026-04-13 10:15:50.879,T,6848.5,1,,,
2026-04-13 10:15:50.879,T,6848.5,1,,,
2026-04-13 10:15:50.879,T,6848.5,1,,,
2026-04-13 10:15:50.879,T,6848.5,1,,,
2026-04-13 10:15:51.207,T,6848.5,2,,,
2026-04-13 10:15:51.207,T,6848.5,1,,,
2026-04-13 10:15:51.207,T,6848.5,1,,,
2026-04-13 10:15:51.207,T,6848.5,1,,,
2026-04-13 10:15:51.207,T,6848.5,1,,,
2026-04-13 10:15:51.207,T,6848.5,1,,,
2026-04-13 10:15:51.207,T,6848.5,1,,,
2026-04-13 10:15:51.207,T,6848.5,1,,,
2026-04-13 10:15:51.208,Q,,,,6848.25,6848.5
2026-04-13 10:15:51.928,Q,,,,6848.0,6848.25
2026-04-13 10:15:51.929,T,6848.25,1,,,
2026-04-13 10:15:51.929,T,6848.25,1,,,
2026-04-13 10:15:51.929,T,6848.25,1,,,
2026-04-13 10:15:51.929,T,6848.25,1,,,
2026-04-13 10:15:51.929,T,6848.25,2,,,
2026-04-13 10:15:51.929,T,6848.25,1,,,
2026-04-13 10:15:51.929,T,6848.25,1,,,
2026-04-13 10:15:51.929,T,6848.25,1,,,
2026-04-13 10:15:51.929,T,6848.25,1,,,
2026-04-13 10:15:51.929,T,6848.25,1,,,
2026-04-13 10:15:51.929,T,6848.25,1,,,
2026-04-13 10:15:51.929,T,6848.25,1,,,
2026-04-13 10:15:51.929,T,6848.25,2,,,
2026-04-13 10:15:51.929,T,6848.25,1,,,
2026-04-13 10:15:51.929,T,6848.25,1,,,
2026-04-13 10:15:51.930,Q,,,,6848.0,6848.5
2026-04-13 10:15:51.930,T,6848.25,2,,,
2026-04-13 10:15:51.930,T,6848.25,3,,,
2026-04-13 10:15:51.930,T,6848.25,1,,,
2026-04-13 10:15:51.982,Q,,,,6848.0,6848.25
2026-04-13 10:15:52.079,T,6848.25,1,,,
2026-04-13 10:15:52.127,T,6848.25,1,,,
2026-04-13 10:15:52.127,T,6848.25,1,,,
2026-04-13 10:15:52.251,Q,,,,6848.25,6848.5
2026-04-13 10:15:52.251,T,6848.25,1,,,
2026-04-13 10:15:52.251,T,6848.25,1,,,
2026-04-13 10:15:52.251,T,6848.25,1,,,
2026-04-13 10:15:52.252,Q,,,,6848.0,6848.5
2026-04-13 10:15:52.253,T,6848.25,1,,,
2026-04-13 10:15:52.253,T,6848.25,1,,,
2026-04-13 10:15:52.253,T,6848.25,1,,,
2026-04-13 10:15:52.279,T,6848.25,1,,,
2026-04-13 10:15:52.280,Q,,,,6848.25,6848.5
2026-04-13 10:15:52.326,T,6848.25,1,,,
2026-04-13 10:15:52.326,T,6848.25,1,,,
2026-04-13 10:15:52.326,T,6848.25,1,,,
2026-04-13 10:15:52.326,T,6848.25,1,,,
2026-04-13 10:15:52.326,T,6848.25,1,,,
2026-04-13 10:15:52.327,Q,,,,6848.0,6848.25
2026-04-13 10:15:52.449,T,6848.25,1,,,
2026-04-13 10:15:52.449,T,6848.25,1,,,
2026-04-13 10:15:52.449,T,6848.25,1,,,
2026-04-13 10:15:52.449,T,6848.25,2,,,
2026-04-13 10:15:52.449,T,6848.25,1,,,
2026-04-13 10:15:52.449,T,6848.25,1,,,
2026-04-13 10:15:52.531,T,6848.0,1,,,
2026-04-13 10:15:52.827,T,6848.25,1,,,
2026-04-13 10:15:52.976,T,6848.0,1,,,
2026-04-13 10:15:53.127,Q,,,,6848.25,6848.5
2026-04-13 10:15:53.127,T,6848.25,1,,,
2026-04-13 10:15:53.127,T,6848.25,1,,,
2026-04-13 10:15:53.127,T,6848.25,1,,,
2026-04-13 10:15:53.127,T,6848.25,1,,,
2026-04-13 10:15:53.127,T,6848.25,1,,,
2026-04-13 10:15:53.127,T,6848.25,1,,,
2026-04-13 10:15:53.127,T,6848.25,1,,,
2026-04-13 10:15:53.127,T,6848.25,1,,,
2026-04-13 10:15:53.127,T,6848.25,1,,,
2026-04-13 10:15:53.127,T,6848.25,2,,,
2026-04-13 10:15:53.381,T,6848.25,1,,,
2026-04-13 10:15:53.381,T,6848.25,4,,,
2026-04-13 10:15:53.381,T,6848.25,1,,,
2026-04-13 10:15:53.381,T,6848.25,1,,,
2026-04-13 10:15:53.381,T,6848.25,1,,,
2026-04-13 10:15:53.381,T,6848.25,1,,,
2026-04-13 10:15:53.381,T,6848.25,1,,,
2026-04-13 10:15:53.527,Q,,,,6848.0,6848.25
2026-04-13 10:15:53.527,T,6848.25,1,,,
2026-04-13 10:15:53.527,T,6848.25,1,,,
2026-04-13 10:15:53.527,T,6848.25,1,,,
2026-04-13 10:15:53.527,T,6848.25,1,,,
2026-04-13 10:15:53.527,T,6848.25,1,,,
2026-04-13 10:15:53.527,T,6848.25,2,,,
2026-04-13 10:15:53.586,T,6848.25,2,,,
2026-04-13 10:15:53.586,T,6848.25,1,,,
2026-04-13 10:15:53.586,T,6848.25,1,,,
2026-04-13 10:15:53.586,T,6848.25,1,,,
2026-04-13 10:15:53.586,T,6848.0,1,,,
2026-04-13 10:15:53.586,T,6848.0,1,,,
2026-04-13 10:15:53.586,T,6848.0,1,,,
2026-04-13 10:15:53.586,T,6848.0,2,,,
2026-04-13 10:15:53.586,T,6848.0,2,,,
2026-04-13 10:15:53.586,T,6848.0,3,,,
2026-04-13 10:15:53.931,T,6848.25,1,,,
2026-04-13 10:15:53.931,T,6848.25,3,,,
2026-04-13 10:15:53.931,T,6848.25,1,,,
2026-04-13 10:15:53.931,T,6848.25,1,,,
2026-04-13 10:15:53.931,T,6848.25,1,,,
2026-04-13 10:15:53.931,T,6848.25,1,,,
2026-04-13 10:15:54.019,T,6848.25,1,,,
2026-04-13 10:15:54.019,T,6848.25,1,,,
2026-04-13 10:15:54.019,T,6848.25,1,,,
2026-04-13 10:15:54.032,T,6848.0,6,,,
2026-04-13 10:15:54.078,T,6848.0,1,,,
2026-04-13 10:15:54.732,Q,,,,6847.75,6848.0
2026-04-13 10:15:54.732,T,6848.0,1,,,
2026-04-13 10:15:54.732,T,6848.0,2,,,
2026-04-13 10:15:54.732,T,6848.0,1,,,
2026-04-13 10:15:54.732,T,6848.0,1,,,
2026-04-13 10:15:54.732,T,6848.0,5,,,
2026-04-13 10:15:54.732,T,6848.0,1,,,
2026-04-13 10:15:54.732,T,6848.0,1,,,
2026-04-13 10:15:54.732,T,6848.0,1,,,
2026-04-13 10:15:54.732,T,6848.0,2,,,
2026-04-13 10:15:54.732,T,6848.0,1,,,
2026-04-13 10:15:54.732,T,6848.0,1,,,
2026-04-13 10:15:54.732,T,6848.0,1,,,
2026-04-13 10:15:54.732,T,6848.0,1,,,
2026-04-13 10:15:54.732,T,6848.0,2,,,
2026-04-13 10:15:54.732,T,6848.0,1,,,
2026-04-13 10:15:54.732,T,6848.0,1,,,
2026-04-13 10:15:54.732,T,6848.0,2,,,
2026-04-13 10:15:54.732,T,6848.0,1,,,
2026-04-13 10:15:54.732,T,6848.0,1,,,
2026-04-13 10:15:54.732,T,6848.0,5,,,
2026-04-13 10:15:54.732,T,6848.0,1,,,
2026-04-13 10:15:54.732,T,6848.0,1,,,
2026-04-13 10:15:54.732,T,6848.0,2,,,
2026-04-13 10:15:54.732,T,6848.0,1,,,
2026-04-13 10:15:54.732,T,6848.0,1,,,
2026-04-13 10:15:54.732,T,6848.0,2,,,
2026-04-13 10:15:54.732,T,6848.0,2,,,
2026-04-13 10:15:54.732,T,6848.0,1,,,
2026-04-13 10:15:54.732,T,6848.0,3,,,
2026-04-13 10:15:54.732,T,6848.0,1,,,
2026-04-13 10:15:54.732,T,6848.0,1,,,
2026-04-13 10:15:54.732,T,6848.0,3,,,
2026-04-13 10:15:54.732,T,6848.0,1,,,
2026-04-13 10:15:54.732,T,6848.0,1,,,
2026-04-13 10:15:54.732,T,6848.0,1,,,
2026-04-13 10:15:54.732,T,6848.0,1,,,
2026-04-13 10:15:54.779,T,6848.0,1,,,
2026-04-13 10:15:54.931,T,6847.75,1,,,
2026-04-13 10:15:54.931,T,6847.75,1,,,
2026-04-13 10:15:54.931,T,6847.75,1,,,
2026-04-13 10:15:55.283,T,6847.75,1,,,
2026-04-13 10:15:55.283,T,6848.0,1,,,
2026-04-13 10:15:55.283,T,6848.0,1,,,
2026-04-13 10:15:55.283,T,6848.0,1,,,
2026-04-13 10:15:55.283,T,6848.0,1,,,
2026-04-13 10:15:55.283,T,6848.0,1,,,
2026-04-13 10:15:55.404,T,6847.75,1,,,
2026-04-13 10:15:55.435,T,6847.75,2,,,
2026-04-13 10:15:55.435,T,6847.75,1,,,
2026-04-13 10:15:55.435,T,6847.75,1,,,
2026-04-13 10:15:55.435,T,6847.75,1,,,
2026-04-13 10:15:55.435,T,6847.75,1,,,
2026-04-13 10:15:55.435,T,6847.75,1,,,
2026-04-13 10:15:55.435,T,6847.75,1,,,
2026-04-13 10:15:55.435,T,6847.75,1,,,
2026-04-13 10:15:55.435,T,6847.75,1,,,
2026-04-13 10:15:55.693,T,6847.75,1,,,
2026-04-13 10:15:55.693,T,6847.75,1,,,
2026-04-13 10:15:55.921,T,6848.0,1,,,
2026-04-13 10:15:56.118,T,6847.75,1,,,
2026-04-13 10:15:56.448,T,6848.0,1,,,
2026-04-13 10:15:56.644,T,6847.75,1,,,
2026-04-13 10:15:56.644,T,6847.75,1,,,
2026-04-13 10:15:56.644,T,6847.75,1,,,
2026-04-13 10:15:56.644,T,6847.75,1,,,
2026-04-13 10:15:56.644,T,6847.75,1,,,
2026-04-13 10:15:56.644,T,6848.0,1,,,
2026-04-13 10:15:56.644,T,6848.0,1,,,
2026-04-13 10:15:56.644,T,6848.0,1,,,
2026-04-13 10:15:56.644,T,6848.0,1,,,
2026-04-13 10:15:56.644,T,6848.0,1,,,
2026-04-13 10:15:56.644,T,6848.0,1,,,
2026-04-13 10:15:56.644,T,6848.0,1,,,
2026-04-13 10:15:56.644,T,6848.0,1,,,
2026-04-13 10:15:56.644,T,6848.0,1,,,
2026-04-13 10:15:56.644,T,6848.0,1,,,
2026-04-13 10:15:56.644,T,6848.0,1,,,
2026-04-13 10:15:56.644,T,6848.0,1,,,
2026-04-13 10:15:56.644,T,6848.0,1,,,
2026-04-13 10:15:56.644,T,6848.0,1,,,
2026-04-13 10:15:56.644,T,6848.0,2,,,
2026-04-13 10:15:56.644,T,6848.0,1,,,
2026-04-13 10:15:56.644,T,6848.0,1,,,
2026-04-13 10:15:56.644,T,6848.0,1,,,
2026-04-13 10:15:56.644,T,6848.0,1,,,
2026-04-13 10:15:56.644,T,6848.0,1,,,
2026-04-13 10:15:56.644,T,6848.0,1,,,
2026-04-13 10:15:56.644,T,6848.0,1,,,
2026-04-13 10:15:56.644,T,6848.0,1,,,
2026-04-13 10:15:56.644,T,6848.0,1,,,
2026-04-13 10:15:56.644,T,6848.0,1,,,
2026-04-13 10:15:56.644,T,6847.75,1,,,
2026-04-13 10:15:56.644,T,6847.75,1,,,
2026-04-13 10:15:56.682,T,6848.0,1,,,
2026-04-13 10:15:56.682,T,6848.0,1,,,
2026-04-13 10:15:56.682,T,6847.75,1,,,
2026-04-13 10:15:56.682,T,6847.75,1,,,
2026-04-13 10:15:56.732,T,6848.0,1,,,
2026-04-13 10:15:56.732,T,6848.0,1,,,
2026-04-13 10:15:56.732,T,6848.0,1,,,
2026-04-13 10:15:56.732,T,6848.0,1,,,
2026-04-13 10:15:56.732,T,6848.0,1,,,
2026-04-13 10:15:56.732,T,6848.0,1,,,
2026-04-13 10:15:56.732,T,6848.0,1,,,
2026-04-13 10:15:56.732,T,6848.0,1,,,
2026-04-13 10:15:56.732,T,6848.0,1,,,
2026-04-13 10:15:56.732,T,6848.0,2,,,
2026-04-13 10:15:56.732,T,6848.0,1,,,
2026-04-13 10:15:56.732,T,6848.0,1,,,
2026-04-13 10:15:56.733,Q,,,,6848.0,6848.25
2026-04-13 10:15:56.832,T,6848.25,1,,,
2026-04-13 10:15:56.832,T,6848.25,1,,,
2026-04-13 10:15:56.832,T,6848.25,1,,,
2026-04-13 10:15:56.832,T,6848.25,1,,,
2026-04-13 10:15:56.832,T,6848.25,1,,,
2026-04-13 10:15:56.832,T,6848.25,1,,,
2026-04-13 10:15:56.832,T,6848.25,1,,,
2026-04-13 10:15:56.832,T,6848.25,3,,,
2026-04-13 10:15:56.832,T,6848.25,1,,,
2026-04-13 10:15:56.832,T,6848.25,1,,,
2026-04-13 10:15:56.832,T,6848.25,1,,,
2026-04-13 10:15:56.832,T,6848.25,1,,,
2026-04-13 10:15:56.832,T,6848.25,1,,,
2026-04-13 10:15:56.832,T,6848.25,2,,,
2026-04-13 10:15:56.832,T,6848.25,1,,,
2026-04-13 10:15:56.832,T,6848.25,1,,,
2026-04-13 10:15:56.973,T,6848.25,1,,,
2026-04-13 10:15:56.973,T,6848.25,1,,,
2026-04-13 10:15:56.973,T,6848.25,1,,,
2026-04-13 10:15:56.973,T,6848.25,1,,,
2026-04-13 10:15:56.974,Q,,,,6848.0,6848.5
2026-04-13 10:15:56.974,T,6848.25,1,,,
2026-04-13 10:15:56.974,T,6848.25,1,,,
2026-04-13 10:15:56.974,T,6848.25,1,,,
2026-04-13 10:15:56.974,T,6848.25,1,,,
2026-04-13 10:15:57.029,Q,,,,6848.25,6848.5
2026-04-13 10:15:57.029,T,6848.25,1,,,
2026-04-13 10:15:57.029,T,6848.25,2,,,
2026-04-13 10:15:57.501,T,6848.5,2,,,
2026-04-13 10:15:57.501,T,6848.25,1,,,
2026-04-13 10:15:57.501,T,6848.25,1,,,
2026-04-13 10:15:57.501,T,6848.25,1,,,
2026-04-13 10:15:57.501,T,6848.25,1,,,
2026-04-13 10:15:57.501,T,6848.25,1,,,
2026-04-13 10:15:57.501,T,6848.25,1,,,
2026-04-13 10:15:57.501,T,6848.25,1,,,
2026-04-13 10:15:57.501,T,6848.25,1,,,
2026-04-13 10:15:57.501,T,6848.25,1,,,
2026-04-13 10:15:57.501,T,6848.25,1,,,
2026-04-13 10:15:57.501,T,6848.25,1,,,
2026-04-13 10:15:57.501,T,6848.25,3,,,
2026-04-13 10:15:57.501,T,6848.25,1,,,
2026-04-13 10:15:57.501,T,6848.25,1,,,
2026-04-13 10:15:57.501,T,6848.25,1,,,
2026-04-13 10:15:57.501,T,6848.25,1,,,
2026-04-13 10:15:57.501,T,6848.25,1,,,
2026-04-13 10:15:57.501,T,6848.25,1,,,
2026-04-13 10:15:57.532,T,6848.25,2,,,
2026-04-13 10:15:57.726,T,6848.25,1,,,
2026-04-13 10:15:57.831,T,6848.5,1,,,
2026-04-13 10:15:57.831,T,6848.5,1,,,
2026-04-13 10:15:57.831,T,6848.5,1,,,
2026-04-13 10:15:58.081,T,6848.5,1,,,
2026-04-13 10:15:58.547,T,6848.25,2,,,
2026-04-13 10:15:58.547,T,6848.25,1,,,
2026-04-13 10:15:58.548,T,6848.25,1,,,
2026-04-13 10:15:58.824,Q,,,,6848.5,6848.75
2026-04-13 10:15:58.825,T,6848.5,1,,,
2026-04-13 10:15:58.825,T,6848.5,3,,,
2026-04-13 10:15:58.825,T,6848.5,1,,,
2026-04-13 10:15:58.825,T,6848.5,1,,,
2026-04-13 10:15:58.825,T,6848.5,1,,,
2026-04-13 10:15:58.825,T,6848.5,1,,,
2026-04-13 10:15:58.825,T,6848.5,1,,,
2026-04-13 10:15:58.825,T,6848.5,2,,,
2026-04-13 10:15:58.825,T,6848.5,1,,,
2026-04-13 10:15:58.825,T,6848.5,1,,,
2026-04-13 10:15:58.825,T,6848.5,1,,,
2026-04-13 10:15:58.825,T,6848.5,1,,,
2026-04-13 10:15:58.825,T,6848.5,1,,,
2026-04-13 10:15:58.825,T,6848.5,1,,,
2026-04-13 10:15:58.825,T,6848.5,3,,,
2026-04-13 10:15:58.825,T,6848.5,1,,,
2026-04-13 10:15:58.825,T,6848.5,1,,,
2026-04-13 10:15:58.825,T,6848.5,1,,,
2026-04-13 10:15:58.825,T,6848.5,1,,,
2026-04-13 10:15:58.825,T,6848.5,1,,,
2026-04-13 10:15:58.825,T,6848.5,3,,,
2026-04-13 10:15:58.825,T,6848.5,1,,,
2026-04-13 10:15:58.825,T,6848.5,1,,,
2026-04-13 10:15:58.825,T,6848.5,1,,,
2026-04-13 10:15:58.825,T,6848.5,1,,,
2026-04-13 10:15:58.825,T,6848.5,1,,,
2026-04-13 10:15:58.825,T,6848.5,1,,,
2026-04-13 10:15:58.825,T,6848.5,1,,,
2026-04-13 10:15:58.825,T,6848.5,1,,,
2026-04-13 10:15:59.380,T,6848.5,1,,,
2026-04-13 10:15:59.599,T,6848.5,1,,,
2026-04-13 10:15:59.599,T,6848.75,1,,,
2026-04-13 10:15:59.599,T,6848.75,1,,,
2026-04-13 10:15:59.599,T,6848.75,1,,,
2026-04-13 10:15:59.599,T,6848.75,1,,,
2026-04-13 10:15:59.599,T,6848.75,1,,,
2026-04-13 10:15:59.629,T,6848.5,1,,,
2026-04-13 10:15:59.990,T,6848.75,1,,,
2026-04-13 10:15:59.991,T,6848.5,1,,,
2026-04-13 10:15:59.991,T,6848.5,1,,,
2026-04-13 10:16:00.118,T,6848.5,1,,,
2026-04-13 10:16:00.118,T,6848.5,2,,,
2026-04-13 10:16:00.118,T,6848.5,1,,,
2026-04-13 10:16:00.118,T,6848.5,1,,,
2026-04-13 10:16:00.118,T,6848.5,1,,,
2026-04-13 10:16:00.118,T,6848.5,1,,,
2026-04-13 10:16:00.118,T,6848.5,1,,,
2026-04-13 10:16:00.118,T,6848.5,1,,,
2026-04-13 10:16:00.118,T,6848.5,1,,,
2026-04-13 10:16:00.118,T,6848.5,1,,,
2026-04-13 10:16:00.118,T,6848.5,1,,,
2026-04-13 10:16:00.118,T,6848.5,1,,,
2026-04-13 10:16:00.118,T,6848.5,1,,,
2026-04-13 10:16:00.118,T,6848.5,2,,,
2026-04-13 10:16:00.118,T,6848.5,1,,,
2026-04-13 10:16:00.118,T,6848.5,1,,,
2026-04-13 10:16:00.118,T,6848.5,1,,,
2026-04-13 10:16:00.118,T,6848.25,1,,,
2026-04-13 10:16:00.118,T,6848.5,2,,,
2026-04-13 10:16:00.164,Q,,,,6848.25,6848.5
2026-04-13 10:16:00.298,T,6848.25,1,,,
2026-04-13 10:16:00.299,T,6848.5,1,,,
2026-04-13 10:16:00.336,T,6848.25,1,,,
2026-04-13 10:16:00.336,T,6848.25,1,,,
2026-04-13 10:16:00.336,T,6848.25,1,,,
2026-04-13 10:16:00.474,T,6848.5,1,,,
2026-04-13 10:16:00.474,T,6848.5,1,,,
2026-04-13 10:16:00.534,T,6848.25,1,,,
2026-04-13 10:16:00.821,Q,,,,6848.5,6848.75
2026-04-13 10:16:00.821,T,6848.5,1,,,
2026-04-13 10:16:00.821,T,6848.5,1,,,
2026-04-13 10:16:00.821,T,6848.5,2,,,
2026-04-13 10:16:00.821,T,6848.5,1,,,
2026-04-13 10:16:00.821,T,6848.5,1,,,
2026-04-13 10:16:00.821,T,6848.5,1,,,
2026-04-13 10:16:00.821,T,6848.5,1,,,
2026-04-13 10:16:00.821,T,6848.5,2,,,
2026-04-13 10:16:00.821,T,6848.5,3,,,
2026-04-13 10:16:00.822,T,6848.5,1,,,
2026-04-13 10:16:00.822,T,6848.5,1,,,
2026-04-13 10:16:00.822,T,6848.5,1,,,
2026-04-13 10:16:00.822,T,6848.5,1,,,
2026-04-13 10:16:00.822,T,6848.5,1,,,
2026-04-13 10:16:00.822,T,6848.5,1,,,
2026-04-13 10:16:00.822,T,6848.5,2,,,
2026-04-13 10:16:00.822,T,6848.5,1,,,
2026-04-13 10:16:00.822,T,6848.5,1,,,
2026-04-13 10:16:00.822,T,6848.5,1,,,
2026-04-13 10:16:01.000,T,6848.5,1,,,
2026-04-13 10:16:01.001,T,6848.5,1,,,
2026-04-13 10:16:01.166,T,6848.75,1,,,
2026-04-13 10:16:01.166,T,6848.75,1,,,
2026-04-13 10:16:01.166,T,6848.75,1,,,
2026-04-13 10:16:01.166,T,6848.75,1,,,
2026-04-13 10:16:01.166,T,6848.75,1,,,
2026-04-13 10:16:01.166,T,6848.75,1,,,
2026-04-13 10:16:01.166,T,6848.75,1,,,
2026-04-13 10:16:01.166,T,6848.75,10,,,
2026-04-13 10:16:01.166,T,6848.75,5,,,
2026-04-13 10:16:01.166,T,6848.75,1,,,
2026-04-13 10:16:01.166,T,6848.75,1,,,
2026-04-13 10:16:01.166,T,6848.75,1,,,
2026-04-13 10:16:01.166,T,6848.75,1,,,
2026-04-13 10:16:01.166,T,6848.75,1,,,
2026-04-13 10:16:01.166,T,6848.75,1,,,
2026-04-13 10:16:01.166,T,6848.75,1,,,
2026-04-13 10:16:01.166,T,6848.75,4,,,
2026-04-13 10:16:01.166,T,6848.75,3,,,
2026-04-13 10:16:01.166,T,6848.75,1,,,
2026-04-13 10:16:01.166,T,6848.75,1,,,
2026-04-13 10:16:01.166,T,6848.75,1,,,
2026-04-13 10:16:01.166,T,6848.75,1,,,
2026-04-13 10:16:01.166,T,6848.75,1,,,
2026-04-13 10:16:01.166,T,6848.75,1,,,
2026-04-13 10:16:01.166,T,6848.75,1,,,
2026-04-13 10:16:01.169,Q,,,,6848.5,6849.0
2026-04-13 10:16:01.169,Q,,,,6848.75,6849.0
2026-04-13 10:16:01.345,T,6848.75,4,,,
2026-04-13 10:16:01.345,T,6848.75,1,,,
2026-04-13 10:16:01.345,T,6848.75,4,,,
2026-04-13 10:16:01.345,T,6848.75,1,,,
2026-04-13 10:16:01.345,T,6848.75,1,,,
2026-04-13 10:16:01.345,T,6848.75,1,,,
2026-04-13 10:16:01.345,T,6848.75,1,,,
2026-04-13 10:16:01.345,T,6848.75,1,,,
2026-04-13 10:16:01.345,T,6848.75,1,,,
2026-04-13 10:16:01.346,Q,,,,6848.5,6849.0
2026-04-13 10:16:01.346,Q,,,,6848.5,6848.75
2026-04-13 10:16:01.526,T,6848.75,1,,,
2026-04-13 10:16:01.530,T,6848.5,1,,,
2026-04-13 10:16:01.691,T,6848.5,1,,,
2026-04-13 10:16:01.692,Q,,,,6848.75,6849.0
2026-04-13 10:16:01.692,T,6848.75,1,,,
2026-04-13 10:16:01.692,T,6848.75,1,,,
2026-04-13 10:16:01.692,T,6848.75,1,,,
2026-04-13 10:16:01.692,T,6848.75,1,,,
2026-04-13 10:16:01.692,T,6848.75,1,,,
2026-04-13 10:16:01.817,T,6848.75,1,,,
2026-04-13 10:16:01.817,T,6848.75,1,,,
2026-04-13 10:16:01.817,T,6848.75,3,,,
2026-04-13 10:16:01.817,T,6848.75,1,,,
2026-04-13 10:16:01.817,T,6848.75,1,,,
2026-04-13 10:16:01.817,T,6848.75,1,,,
2026-04-13 10:16:01.817,T,6848.75,1,,,
2026-04-13 10:16:01.817,T,6848.75,1,,,
2026-04-13 10:16:01.817,Q,,,,6848.5,6848.75
2026-04-13 10:16:01.833,T,6848.5,1,,,
2026-04-13 10:16:01.833,T,6848.5,1,,,
2026-04-13 10:16:02.033,T,6848.75,1,,,
2026-04-13 10:16:02.220,T,6848.75,2,,,
2026-04-13 10:16:02.220,T,6848.75,1,,,
2026-04-13 10:16:02.224,T,6848.5,1,,,
2026-04-13 10:16:02.224,T,6848.5,1,,,
2026-04-13 10:16:02.224,T,6848.5,3,,,
2026-04-13 10:16:02.224,T,6848.5,1,,,
2026-04-13 10:16:02.224,T,6848.5,1,,,
2026-04-13 10:16:02.224,T,6848.5,1,,,
2026-04-13 10:16:02.224,T,6848.5,1,,,
2026-04-13 10:16:02.224,T,6848.5,1,,,
2026-04-13 10:16:02.224,T,6848.5,1,,,
2026-04-13 10:16:02.224,T,6848.5,1,,,
2026-04-13 10:16:02.224,T,6848.5,1,,,
2026-04-13 10:16:02.224,T,6848.5,1,,,
2026-04-13 10:16:02.224,T,6848.5,1,,,
2026-04-13 10:16:02.224,T,6848.5,1,,,
2026-04-13 10:16:02.224,T,6848.5,1,,,
2026-04-13 10:16:02.224,T,6848.5,1,,,
2026-04-13 10:16:02.224,T,6848.5,1,,,
2026-04-13 10:16:02.224,T,6848.5,2,,,
2026-04-13 10:16:02.224,T,6848.5,1,,,
2026-04-13 10:16:02.224,T,6848.5,1,,,
2026-04-13 10:16:02.224,T,6848.5,1,,,
2026-04-13 10:16:02.224,T,6848.5,1,,,
2026-04-13 10:16:02.232,T,6848.5,1,,,
2026-04-13 10:16:02.232,T,6848.5,1,,,
2026-04-13 10:16:02.232,T,6848.5,1,,,
2026-04-13 10:16:02.232,T,6848.5,3,,,
2026-04-13 10:16:02.232,T,6848.5,1,,,
2026-04-13 10:16:02.232,T,6848.5,1,,,
2026-04-13 10:16:02.232,T,6848.5,1,,,
2026-04-13 10:16:02.234,Q,,,,6848.25,6848.5
2026-04-13 10:16:02.406,T,6848.5,1,,,
2026-04-13 10:16:02.406,T,6848.5,1,,,
2026-04-13 10:16:02.406,T,6848.5,1,,,
2026-04-13 10:16:02.406,T,6848.5,1,,,
2026-04-13 10:16:02.406,T,6848.5,1,,,
2026-04-13 10:16:02.406,T,6848.5,1,,,
2026-04-13 10:16:02.406,T,6848.5,1,,,
2026-04-13 10:16:02.406,T,6848.5,2,,,
2026-04-13 10:16:02.406,T,6848.5,1,,,
2026-04-13 10:16:02.407,Q,,,,6848.25,6848.75
2026-04-13 10:16:02.408,Q,,,,6848.25,6848.5
2026-04-13 10:16:02.431,T,6848.5,4,,,
2026-04-13 10:16:02.431,T,6848.5,1,,,
2026-04-13 10:16:02.573,Q,,,,6848.5,6848.75
2026-04-13 10:16:02.573,T,6848.5,1,,,
2026-04-13 10:16:02.573,T,6848.5,1,,,
2026-04-13 10:16:02.573,T,6848.5,1,,,
2026-04-13 10:16:02.573,T,6848.5,1,,,
2026-04-13 10:16:02.579,Q,,,,6848.25,6848.5
2026-04-13 10:16:02.580,T,6848.5,1,,,
2026-04-13 10:16:02.580,T,6848.5,1,,,
2026-04-13 10:16:02.580,T,6848.5,1,,,
2026-04-13 10:16:02.580,T,6848.5,1,,,
2026-04-13 10:16:02.580,T,6848.5,2,,,
2026-04-13 10:16:02.580,T,6848.5,1,,,
2026-04-13 10:16:02.580,T,6848.5,1,,,
2026-04-13 10:16:02.580,T,6848.5,1,,,
2026-04-13 10:16:02.580,T,6848.5,1,,,
2026-04-13 10:16:02.628,T,6848.5,5,,,
2026-04-13 10:16:02.628,T,6848.5,1,,,
2026-04-13 10:16:02.628,T,6848.5,1,,,
2026-04-13 10:16:02.628,T,6848.5,3,,,
2026-04-13 10:16:02.628,T,6848.5,1,,,
2026-04-13 10:16:02.628,T,6848.5,1,,,
2026-04-13 10:16:02.628,T,6848.5,1,,,
2026-04-13 10:16:02.628,T,6848.5,1,,,
2026-04-13 10:16:02.628,T,6848.5,1,,,
2026-04-13 10:16:02.628,T,6848.5,1,,,
2026-04-13 10:16:02.629,Q,,,,6848.5,6848.75
2026-04-13 10:16:02.900,T,6848.75,2,,,
2026-04-13 10:16:02.900,T,6848.5,3,,,
2026-04-13 10:16:02.900,T,6848.5,1,,,
2026-04-13 10:16:02.900,T,6848.75,1,,,
2026-04-13 10:16:02.980,T,6848.75,1,,,
2026-04-13 10:16:02.980,T,6848.75,1,,,
2026-04-13 10:16:02.980,T,6848.75,1,,,
2026-04-13 10:16:02.980,T,6848.75,1,,,
2026-04-13 10:16:02.980,T,6848.75,1,,,
2026-04-13 10:16:02.980,T,6848.75,1,,,
2026-04-13 10:16:02.980,T,6848.75,2,,,
2026-04-13 10:16:02.980,T,6848.75,1,,,
2026-04-13 10:16:02.980,T,6848.75,1,,,
2026-04-13 10:16:02.980,T,6848.75,1,,,
2026-04-13 10:16:02.980,T,6848.75,1,,,
2026-04-13 10:16:02.980,T,6848.75,1,,,
2026-04-13 10:16:02.981,Q,,,,6848.75,6849.0
2026-04-13 10:16:03.117,T,6848.75,1,,,
2026-04-13 10:16:03.117,T,6848.75,1,,,
2026-04-13 10:16:03.117,T,6848.75,1,,,
2026-04-13 10:16:03.117,T,6848.75,1,,,
2026-04-13 10:16:03.117,T,6848.75,1,,,
2026-04-13 10:16:03.117,T,6848.75,1,,,
2026-04-13 10:16:03.117,T,6848.75,1,,,
2026-04-13 10:16:03.631,T,6849.0,1,,,
2026-04-13 10:16:03.631,T,6849.0,1,,,
2026-04-13 10:16:03.631,T,6849.0,1,,,
2026-04-13 10:16:03.631,T,6849.0,1,,,
2026-04-13 10:16:03.631,T,6849.0,1,,,
2026-04-13 10:16:03.631,T,6849.0,1,,,
2026-04-13 10:16:03.631,T,6849.0,4,,,
2026-04-13 10:16:03.631,T,6849.0,1,,,
2026-04-13 10:16:03.631,T,6849.0,1,,,
2026-04-13 10:16:03.631,T,6849.0,1,,,
2026-04-13 10:16:03.631,T,6849.0,1,,,
2026-04-13 10:16:03.631,T,6849.0,1,,,
2026-04-13 10:16:03.631,T,6849.0,1,,,
2026-04-13 10:16:03.631,T,6849.0,1,,,
2026-04-13 10:16:03.631,T,6849.0,1,,,
2026-04-13 10:16:03.631,T,6849.0,4,,,
2026-04-13 10:16:03.631,T,6849.0,1,,,
2026-04-13 10:16:03.631,T,6849.0,1,,,
2026-04-13 10:16:03.631,T,6849.0,1,,,
2026-04-13 10:16:04.086,T,6849.0,1,,,
2026-04-13 10:16:04.086,T,6849.0,1,,,
2026-04-13 10:16:04.086,T,6849.0,1,,,
2026-04-13 10:16:04.086,T,6849.0,1,,,
2026-04-13 10:16:04.086,T,6849.0,1,,,
2026-04-13 10:16:04.086,T,6849.0,1,,,
2026-04-13 10:16:04.086,T,6849.0,1,,,
2026-04-13 10:16:04.086,T,6849.0,1,,,
2026-04-13 10:16:04.086,T,6849.0,1,,,
2026-04-13 10:16:04.086,T,6849.0,1,,,
2026-04-13 10:16:04.086,T,6849.0,1,,,
2026-04-13 10:16:04.086,T,6849.0,1,,,
2026-04-13 10:16:04.086,T,6849.0,2,,,
2026-04-13 10:16:04.086,T,6849.0,1,,,
2026-04-13 10:16:04.086,T,6849.0,1,,,
2026-04-13 10:16:04.086,T,6849.0,2,,,
2026-04-13 10:16:04.086,T,6849.0,1,,,
2026-04-13 10:16:04.439,Q,,,,6849.0,6849.25
2026-04-13 10:16:04.440,T,6849.25,1,,,
2026-04-13 10:16:04.440,T,6849.25,1,,,
2026-04-13 10:16:04.440,T,6849.25,1,,,
2026-04-13 10:16:04.440,T,6849.25,1,,,
2026-04-13 10:16:04.440,T,6849.25,1,,,
2026-04-13 10:16:04.440,T,6849.25,1,,,
2026-04-13 10:16:04.440,T,6849.25,1,,,
2026-04-13 10:16:04.440,T,6849.25,1,,,
2026-04-13 10:16:04.440,T,6849.25,1,,,
2026-04-13 10:16:04.440,T,6849.25,2,,,
2026-04-13 10:16:04.440,T,6849.25,1,,,
2026-04-13 10:16:04.440,T,6849.25,1,,,
2026-04-13 10:16:04.440,T,6849.25,2,,,
2026-04-13 10:16:04.440,T,6849.25,1,,,
2026-04-13 10:16:04.440,T,6849.25,1,,,
2026-04-13 10:16:04.440,T,6849.25,2,,,
2026-04-13 10:16:04.440,T,6849.25,1,,,
2026-04-13 10:16:04.440,T,6849.25,1,,,
2026-04-13 10:16:04.440,T,6849.25,3,,,
2026-04-13 10:16:04.440,T,6849.25,1,,,
2026-04-13 10:16:04.440,T,6849.25,1,,,
2026-04-13 10:16:04.441,Q,,,,6849.25,6849.5
2026-04-13 10:16:04.441,T,6849.25,1,,,
2026-04-13 10:16:04.441,T,6849.25,1,,,
2026-04-13 10:16:04.441,T,6849.25,1,,,
2026-04-13 10:16:04.441,T,6849.25,1,,,
2026-04-13 10:16:04.441,T,6849.25,1,,,
2026-04-13 10:16:04.441,T,6849.25,1,,,
2026-04-13 10:16:04.441,T,6849.25,1,,,
2026-04-13 10:16:04.441,T,6849.25,1,,,
2026-04-13 10:16:04.441,T,6849.25,1,,,
2026-04-13 10:16:04.441,T,6849.25,1,,,
2026-04-13 10:16:04.441,T,6849.25,4,,,
2026-04-13 10:16:04.441,T,6849.25,1,,,
2026-04-13 10:16:04.442,T,6849.5,1,,,
2026-04-13 10:16:04.442,T,6849.5,1,,,
2026-04-13 10:16:04.442,T,6849.5,1,,,
2026-04-13 10:16:04.443,T,6849.5,1,,,
2026-04-13 10:16:04.443,T,6849.5,1,,,
2026-04-13 10:16:04.443,T,6849.5,1,,,
2026-04-13 10:16:04.443,T,6849.5,1,,,
2026-04-13 10:16:04.443,T,6849.5,1,,,
2026-04-13 10:16:04.443,T,6849.5,1,,,
2026-04-13 10:16:04.443,T,6849.5,1,,,
2026-04-13 10:16:04.443,T,6849.5,1,,,
2026-04-13 10:16:04.443,T,6849.5,1,,,
2026-04-13 10:16:04.443,T,6849.5,1,,,
2026-04-13 10:16:04.443,T,6849.5,1,,,
2026-04-13 10:16:04.443,T,6849.5,1,,,
2026-04-13 10:16:04.443,T,6849.5,1,,,
2026-04-13 10:16:04.443,T,6849.5,1,,,
2026-04-13 10:16:04.443,T,6849.5,1,,,
2026-04-13 10:16:04.443,T,6849.5,1,,,
2026-04-13 10:16:04.443,T,6849.5,1,,,
2026-04-13 10:16:04.443,T,6849.5,2,,,
2026-04-13 10:16:04.443,T,6849.5,1,,,
2026-04-13 10:16:04.443,T,6849.5,1,,,
2026-04-13 10:16:04.443,T,6849.5,1,,,
2026-04-13 10:16:04.443,T,6849.5,1,,,
2026-04-13 10:16:04.443,T,6849.5,1,,,
2026-04-13 10:16:04.443,T,6849.5,1,,,
2026-04-13 10:16:04.443,T,6849.5,1,,,
2026-04-13 10:16:04.677,T,6849.5,1,,,
2026-04-13 10:16:04.838,T,6849.5,1,,,
2026-04-13 10:16:04.839,T,6849.5,1,,,
2026-04-13 10:16:04.839,T,6849.5,1,,,
2026-04-13 10:16:04.839,T,6849.5,1,,,
2026-04-13 10:16:04.839,T,6849.5,1,,,
2026-04-13 10:16:04.839,T,6849.5,1,,,
2026-04-13 10:16:04.839,T,6849.5,1,,,
2026-04-13 10:16:04.839,T,6849.5,3,,,
2026-04-13 10:16:04.839,T,6849.5,2,,,
2026-04-13 10:16:04.839,T,6849.5,1,,,
2026-04-13 10:16:04.839,T,6849.5,1,,,
2026-04-13 10:16:04.839,T,6849.5,1,,,
2026-04-13 10:16:04.839,T,6849.5,2,,,
2026-04-13 10:16:04.962,Q,,,,6849.5,6849.75
2026-04-13 10:16:04.962,T,6849.5,1,,,
2026-04-13 10:16:04.962,T,6849.5,1,,,
2026-04-13 10:16:04.962,T,6849.5,1,,,
2026-04-13 10:16:04.962,T,6849.5,1,,,
2026-04-13 10:16:04.962,T,6849.5,2,,,
2026-04-13 10:16:04.962,T,6849.5,1,,,
2026-04-13 10:16:04.962,T,6849.5,1,,,
2026-04-13 10:16:04.962,T,6849.5,1,,,
2026-04-13 10:16:04.962,T,6849.5,1,,,
2026-04-13 10:16:04.962,T,6849.5,1,,,
2026-04-13 10:16:04.962,T,6849.5,1,,,
2026-04-13 10:16:04.962,T,6849.5,1,,,
2026-04-13 10:16:04.962,T,6849.5,1,,,
2026-04-13 10:16:04.981,T,6849.75,1,,,
2026-04-13 10:16:04.981,T,6849.75,1,,,
2026-04-13 10:16:04.981,T,6849.75,1,,,
2026-04-13 10:16:04.981,T,6849.5,1,,,
2026-04-13 10:16:04.981,T,6849.5,1,,,
2026-04-13 10:16:04.981,T,6849.5,1,,,
2026-04-13 10:16:04.981,T,6849.5,1,,,
2026-04-13 10:16:04.981,T,6849.5,1,,,
2026-04-13 10:16:04.981,T,6849.5,1,,,
2026-04-13 10:16:04.981,T,6849.5,1,,,
2026-04-13 10:16:04.981,T,6849.5,1,,,
2026-04-13 10:16:04.981,T,6849.5,1,,,
2026-04-13 10:16:04.982,Q,,,,6849.25,6849.5
2026-04-13 10:16:05.362,Q,,,,6849.5,6849.75
2026-04-13 10:16:05.362,T,6849.5,1,,,
2026-04-13 10:16:05.362,T,6849.5,1,,,
2026-04-13 10:16:05.362,T,6849.5,1,,,
2026-04-13 10:16:05.432,T,6849.75,1,,,
2026-04-13 10:16:05.678,T,6849.75,1,,,
2026-04-13 10:16:05.932,T,6849.75,1,,,
2026-04-13 10:16:05.932,T,6849.75,2,,,
2026-04-13 10:16:05.932,T,6849.75,1,,,
2026-04-13 10:16:05.980,T,6849.5,1,,,
2026-04-13 10:16:06.030,T,6849.5,2,,,
2026-04-13 10:16:06.030,T,6849.5,1,,,
2026-04-13 10:16:06.030,T,6849.5,1,,,
2026-04-13 10:16:06.030,T,6849.5,2,,,
2026-04-13 10:16:06.030,T,6849.5,1,,,
2026-04-13 10:16:06.030,T,6849.5,1,,,
2026-04-13 10:16:06.030,T,6849.5,2,,,
2026-04-13 10:16:06.434,T,6849.75,2,,,
2026-04-13 10:16:06.434,T,6849.75,1,,,
2026-04-13 10:16:06.434,T,6849.75,1,,,
2026-04-13 10:16:06.434,T,6849.75,1,,,
2026-04-13 10:16:06.434,T,6849.75,1,,,
2026-04-13 10:16:06.434,T,6849.75,1,,,
2026-04-13 10:16:06.434,T,6849.75,1,,,
2026-04-13 10:16:06.434,T,6849.75,1,,,
2026-04-13 10:16:06.434,T,6849.75,1,,,
2026-04-13 10:16:06.434,T,6849.75,1,,,
2026-04-13 10:16:06.434,T,6849.75,1,,,
2026-04-13 10:16:06.434,T,6849.75,2,,,
2026-04-13 10:16:06.434,T,6849.75,1,,,
2026-04-13 10:16:06.434,T,6849.75,1,,,
2026-04-13 10:16:06.434,T,6849.75,1,,,
2026-04-13 10:16:06.434,T,6849.75,4,,,
2026-04-13 10:16:06.434,T,6849.75,1,,,
2026-04-13 10:16:06.434,T,6849.75,1,,,
2026-04-13 10:16:06.533,Q,,,,6849.75,6850.0
2026-04-13 10:16:06.534,T,6849.75,4,,,
2026-04-13 10:16:06.534,T,6849.75,1,,,
2026-04-13 10:16:06.534,T,6849.75,1,,,
2026-04-13 10:16:06.534,T,6849.75,1,,,
2026-04-13 10:16:06.534,T,6849.75,1,,,
2026-04-13 10:16:06.534,T,6849.75,2,,,
2026-04-13 10:16:06.534,T,6849.75,1,,,
2026-04-13 10:16:06.534,T,6849.75,2,,,
2026-04-13 10:16:06.534,T,6849.75,1,,,
2026-04-13 10:16:06.534,T,6849.75,1,,,
2026-04-13 10:16:06.534,T,6849.75,1,,,
2026-04-13 10:16:06.534,T,6849.75,1,,,
2026-04-13 10:16:06.534,T,6849.75,2,,,
2026-04-13 10:16:06.534,T,6849.75,1,,,
2026-04-13 10:16:06.534,T,6849.75,2,,,
2026-04-13 10:16:06.534,T,6849.75,1,,,
2026-04-13 10:16:06.534,T,6849.75,1,,,
2026-04-13 10:16:06.534,T,6849.75,2,,,
2026-04-13 10:16:06.534,T,6849.75,1,,,
2026-04-13 10:16:06.534,T,6849.75,1,,,
2026-04-13 10:16:06.534,T,6850.0,1,,,
2026-04-13 10:16:06.534,T,6850.0,1,,,
2026-04-13 10:16:06.534,T,6850.0,1,,,
2026-04-13 10:16:06.534,T,6850.0,1,,,
2026-04-13 10:16:06.534,T,6850.0,1,,,
2026-04-13 10:16:06.534,T,6850.0,1,,,
2026-04-13 10:16:06.534,T,6850.0,1,,,
2026-04-13 10:16:06.636,T,6850.0,1,,,
2026-04-13 10:16:06.636,T,6850.0,1,,,
2026-04-13 10:16:06.636,T,6850.0,1,,,
2026-04-13 10:16:06.636,T,6850.0,1,,,
2026-04-13 10:16:06.636,T,6850.0,1,,,
2026-04-13 10:16:06.636,T,6850.0,1,,,
2026-04-13 10:16:06.636,T,6850.0,1,,,
2026-04-13 10:16:06.636,T,6850.0,2,,,
2026-04-13 10:16:06.636,T,6850.0,1,,,
2026-04-13 10:16:06.636,T,6850.0,1,,,
2026-04-13 10:16:06.636,T,6850.0,1,,,
2026-04-13 10:16:06.636,T,6850.0,1,,,
2026-04-13 10:16:06.636,T,6850.0,5,,,
2026-04-13 10:16:06.636,T,6850.0,5,,,
2026-04-13 10:16:06.636,T,6850.0,13,,,
2026-04-13 10:16:06.636,T,6850.0,2,,,
2026-04-13 10:16:06.636,T,6850.0,1,,,
2026-04-13 10:16:06.636,T,6850.0,3,,,
2026-04-13 10:16:06.636,T,6850.0,1,,,
2026-04-13 10:16:06.636,T,6850.0,1,,,
2026-04-13 10:16:06.636,T,6850.0,1,,,
2026-04-13 10:16:06.636,T,6850.0,1,,,
2026-04-13 10:16:06.636,T,6850.0,1,,,
2026-04-13 10:16:06.636,T,6850.0,1,,,
2026-04-13 10:16:06.636,T,6850.0,1,,,
2026-04-13 10:16:06.636,T,6850.0,2,,,
2026-04-13 10:16:06.636,T,6850.0,1,,,
2026-04-13 10:16:06.636,T,6850.0,3,,,
2026-04-13 10:16:06.636,T,6850.0,1,,,
2026-04-13 10:16:06.636,T,6850.0,2,,,
2026-04-13 10:16:06.636,T,6850.0,1,,,
2026-04-13 10:16:06.636,T,6850.0,1,,,
2026-04-13 10:16:06.636,T,6850.0,1,,,
2026-04-13 10:16:06.636,T,6850.0,1,,,
2026-04-13 10:16:06.636,T,6850.0,1,,,
2026-04-13 10:16:06.636,T,6850.0,1,,,
2026-04-13 10:16:06.636,T,6850.0,1,,,
2026-04-13 10:16:06.636,T,6850.0,1,,,
2026-04-13 10:16:06.984,T,6850.0,2,,,
2026-04-13 10:16:07.033,T,6850.0,1,,,
2026-04-13 10:16:07.033,T,6850.0,1,,,
2026-04-13 10:16:07.529,T,6850.0,4,,,
2026-04-13 10:16:07.529,T,6850.0,1,,,
2026-04-13 10:16:07.529,T,6850.0,1,,,
2026-04-13 10:16:07.529,T,6850.0,1,,,
2026-04-13 10:16:07.529,T,6850.0,1,,,
2026-04-13 10:16:07.529,T,6850.0,3,,,
2026-04-13 10:16:07.529,T,6850.0,1,,,
2026-04-13 10:16:07.529,T,6850.0,1,,,
2026-04-13 10:16:07.529,T,6850.0,1,,,
2026-04-13 10:16:07.529,T,6850.0,1,,,
2026-04-13 10:16:07.578,Q,,,,6850.0,6850.25
2026-04-13 10:16:07.579,T,6850.0,1,,,
2026-04-13 10:16:07.579,T,6850.0,1,,,
2026-04-13 10:16:07.579,T,6850.0,1,,,
2026-04-13 10:16:07.579,T,6850.0,1,,,
2026-04-13 10:16:07.579,T,6850.0,1,,,
2026-04-13 10:16:07.579,T,6850.0,1,,,
2026-04-13 10:16:07.579,T,6850.0,2,,,
2026-04-13 10:16:07.579,T,6850.0,2,,,
2026-04-13 10:16:07.579,T,6850.0,1,,,
2026-04-13 10:16:07.579,T,6850.0,1,,,
2026-04-13 10:16:07.579,T,6850.0,1,,,
2026-04-13 10:16:07.579,T,6850.0,1,,,
2026-04-13 10:16:07.579,T,6850.0,1,,,
2026-04-13 10:16:07.579,T,6850.0,1,,,
2026-04-13 10:16:07.579,T,6850.0,2,,,
2026-04-13 10:16:07.579,T,6850.0,2,,,
2026-04-13 10:16:07.579,T,6850.0,1,,,
2026-04-13 10:16:07.579,T,6850.0,1,,,
2026-04-13 10:16:07.579,T,6850.0,1,,,
2026-04-13 10:16:07.579,T,6850.0,1,,,
2026-04-13 10:16:07.579,T,6850.0,4,,,
2026-04-13 10:16:07.579,T,6850.0,1,,,
2026-04-13 10:16:07.579,T,6850.0,1,,,
2026-04-13 10:16:07.579,T,6850.0,2,,,
2026-04-13 10:16:07.579,T,6850.0,1,,,
2026-04-13 10:16:07.579,T,6850.0,1,,,
2026-04-13 10:16:07.579,T,6850.0,1,,,
2026-04-13 10:16:07.579,T,6850.0,1,,,
2026-04-13 10:16:07.579,T,6850.0,1,,,
2026-04-13 10:16:07.579,T,6850.0,1,,,
2026-04-13 10:16:07.579,T,6850.0,1,,,
2026-04-13 10:16:07.579,T,6850.0,3,,,
2026-04-13 10:16:07.579,T,6850.0,1,,,
2026-04-13 10:16:07.579,T,6850.0,4,,,
2026-04-13 10:16:07.579,T,6850.0,1,,,
2026-04-13 10:16:07.579,T,6850.0,1,,,
2026-04-13 10:16:07.579,T,6850.0,1,,,
2026-04-13 10:16:07.731,T,6850.0,1,,,
2026-04-13 10:16:07.731,T,6850.0,1,,,
2026-04-13 10:16:07.731,T,6850.0,1,,,
2026-04-13 10:16:07.731,T,6850.0,1,,,
2026-04-13 10:16:07.731,T,6850.0,1,,,
2026-04-13 10:16:07.731,T,6850.0,1,,,
2026-04-13 10:16:07.731,T,6850.0,1,,,
2026-04-13 10:16:07.731,T,6850.0,1,,,
2026-04-13 10:16:07.731,T,6850.0,4,,,
2026-04-13 10:16:07.731,T,6850.0,1,,,
2026-04-13 10:16:07.731,T,6850.0,4,,,
2026-04-13 10:16:07.731,T,6850.0,1,,,
2026-04-13 10:16:07.778,T,6850.0,2,,,
2026-04-13 10:16:07.834,T,6850.25,1,,,
2026-04-13 10:16:07.834,T,6850.25,2,,,
2026-04-13 10:16:07.834,T,6850.25,1,,,
2026-04-13 10:16:07.884,T,6850.25,1,,,
2026-04-13 10:16:07.884,T,6850.25,3,,,
2026-04-13 10:16:07.884,T,6850.25,1,,,
2026-04-13 10:16:07.884,T,6850.25,1,,,
2026-04-13 10:16:07.884,T,6850.25,1,,,
2026-04-13 10:16:07.884,T,6850.25,1,,,
2026-04-13 10:16:07.884,T,6850.25,1,,,
2026-04-13 10:16:07.884,T,6850.25,1,,,
2026-04-13 10:16:08.031,T,6850.0,2,,,
2026-04-13 10:16:08.078,T,6850.25,1,,,
2026-04-13 10:16:08.078,T,6850.25,1,,,
2026-04-13 10:16:08.183,T,6850.0,1,,,
2026-04-13 10:16:08.508,Q,,,,6849.75,6850.0
2026-04-13 10:16:08.508,T,6850.0,1,,,
2026-04-13 10:16:08.508,T,6850.0,1,,,
2026-04-13 10:16:08.508,T,6850.0,1,,,
2026-04-13 10:16:08.508,T,6850.0,1,,,
2026-04-13 10:16:08.508,T,6850.0,1,,,
2026-04-13 10:16:08.508,T,6850.0,1,,,
2026-04-13 10:16:08.508,T,6850.0,1,,,
2026-04-13 10:16:08.508,T,6850.0,1,,,
2026-04-13 10:16:08.508,T,6850.0,1,,,
2026-04-13 10:16:08.508,T,6850.0,1,,,
2026-04-13 10:16:08.508,T,6850.0,1,,,
2026-04-13 10:16:08.730,Q,,,,6850.0,6850.25
2026-04-13 10:16:08.731,T,6850.0,1,,,
2026-04-13 10:16:08.731,T,6850.0,4,,,
2026-04-13 10:16:08.731,T,6850.0,1,,,
2026-04-13 10:16:08.731,T,6850.0,1,,,
2026-04-13 10:16:08.731,T,6850.0,1,,,
2026-04-13 10:16:08.731,T,6850.0,1,,,
2026-04-13 10:16:08.831,T,6850.25,1,,,
2026-04-13 10:16:08.879,T,6850.0,1,,,
2026-04-13 10:16:08.879,T,6850.0,1,,,
2026-04-13 10:16:08.879,T,6850.0,2,,,
2026-04-13 10:16:08.879,T,6850.0,1,,,
2026-04-13 10:16:08.879,T,6850.0,1,,,
2026-04-13 10:16:08.879,T,6850.0,1,,,
2026-04-13 10:16:08.879,T,6850.0,1,,,
2026-04-13 10:16:08.879,T,6850.0,1,,,
2026-04-13 10:16:08.879,T,6850.0,1,,,
2026-04-13 10:16:08.879,T,6850.0,6,,,
2026-04-13 10:16:08.879,T,6850.0,5,,,
2026-04-13 10:16:08.879,T,6850.0,5,,,
2026-04-13 10:16:08.879,T,6850.0,1,,,
2026-04-13 10:16:08.879,T,6850.0,1,,,
2026-04-13 10:16:08.879,T,6850.0,1,,,
2026-04-13 10:16:08.879,T,6850.0,1,,,
2026-04-13 10:16:08.879,T,6850.0,4,,,
2026-04-13 10:16:08.879,T,6850.0,1,,,
2026-04-13 10:16:09.555,T,6850.0,1,,,
2026-04-13 10:16:09.783,T,6850.0,2,,,
2026-04-13 10:16:09.783,T,6850.0,2,,,
2026-04-13 10:16:09.783,T,6850.0,1,,,
2026-04-13 10:16:09.783,T,6850.0,1,,,
2026-04-13 10:16:09.783,T,6850.0,1,,,
2026-04-13 10:16:09.783,T,6850.0,1,,,
2026-04-13 10:16:09.783,T,6850.0,2,,,
2026-04-13 10:16:09.783,T,6850.0,1,,,
2026-04-13 10:16:09.783,T,6850.0,1,,,
2026-04-13 10:16:09.783,T,6850.0,1,,,
2026-04-13 10:16:09.783,T,6850.0,1,,,
2026-04-13 10:16:09.783,T,6850.0,1,,,
2026-04-13 10:16:09.783,T,6850.0,1,,,
2026-04-13 10:16:09.783,T,6850.0,1,,,
2026-04-13 10:16:09.785,Q,,,,6849.75,6850.0
2026-04-13 10:16:09.785,T,6850.0,1,,,
2026-04-13 10:16:09.834,Q,,,,6849.75,6850.25
2026-04-13 10:16:09.834,T,6850.0,1,,,
2026-04-13 10:16:09.834,T,6850.0,1,,,
2026-04-13 10:16:09.834,T,6850.0,1,,,
2026-04-13 10:16:09.834,T,6850.0,1,,,
2026-04-13 10:16:09.834,T,6850.0,2,,,
2026-04-13 10:16:09.882,T,6850.25,1,,,
2026-04-13 10:16:09.883,Q,,,,6849.75,6850.0
2026-04-13 10:16:09.975,T,6849.75,1,,,
2026-04-13 10:16:10.391,T,6850.0,1,,,
2026-04-13 10:16:10.391,T,6850.0,1,,,
2026-04-13 10:16:10.391,T,6850.0,1,,,
2026-04-13 10:16:10.391,T,6850.0,1,,,
2026-04-13 10:16:10.780,T,6849.75,8,,,
2026-04-13 10:16:10.780,T,6849.75,13,,,
2026-04-13 10:16:10.780,T,6849.75,1,,,
2026-04-13 10:16:10.780,T,6849.75,1,,,
2026-04-13 10:16:10.780,T,6849.75,1,,,
2026-04-13 10:16:10.780,T,6849.75,1,,,
2026-04-13 10:16:10.780,T,6849.75,1,,,
2026-04-13 10:16:10.780,T,6849.75,2,,,
2026-04-13 10:16:10.780,T,6849.75,1,,,
2026-04-13 10:16:10.780,T,6849.75,1,,,
2026-04-13 10:16:10.780,T,6849.75,1,,,
2026-04-13 10:16:10.780,T,6849.75,1,,,
2026-04-13 10:16:10.780,T,6849.75,1,,,
2026-04-13 10:16:10.780,T,6849.75,2,,,
2026-04-13 10:16:10.780,T,6849.75,1,,,
2026-04-13 10:16:10.780,T,6849.75,1,,,
2026-04-13 10:16:10.780,T,6849.75,1,,,
2026-04-13 10:16:10.780,T,6849.75,1,,,
2026-04-13 10:16:10.780,T,6849.75,1,,,
2026-04-13 10:16:10.780,T,6849.75,1,,,
2026-04-13 10:16:10.780,T,6849.75,1,,,
2026-04-13 10:16:11.130,T,6849.75,1,,,
2026-04-13 10:16:11.130,T,6849.75,1,,,
2026-04-13 10:16:11.130,T,6849.75,1,,,
2026-04-13 10:16:11.130,T,6849.75,1,,,
2026-04-13 10:16:11.184,T,6849.75,1,,,
2026-04-13 10:16:11.340,T,6850.0,1,,,
2026-04-13 10:16:11.340,T,6850.0,1,,,
2026-04-13 10:16:11.340,T,6850.0,1,,,
2026-04-13 10:16:11.340,T,6850.0,2,,,
2026-04-13 10:16:11.340,T,6850.0,1,,,
2026-04-13 10:16:11.340,T,6850.0,1,,,
2026-04-13 10:16:11.340,T,6850.0,1,,,
2026-04-13 10:16:11.340,T,6850.0,1,,,
2026-04-13 10:16:11.340,T,6850.0,1,,,
2026-04-13 10:16:11.340,T,6850.0,1,,,
2026-04-13 10:16:11.340,T,6850.0,2,,,
2026-04-13 10:16:11.340,T,6850.0,3,,,
2026-04-13 10:16:11.340,T,6850.0,1,,,
2026-04-13 10:16:11.340,T,6850.0,2,,,
2026-04-13 10:16:11.340,T,6850.0,1,,,
2026-04-13 10:16:11.340,T,6850.0,1,,,
2026-04-13 10:16:11.340,T,6850.0,1,,,
2026-04-13 10:16:11.833,Q,,,,6849.5,6849.75
2026-04-13 10:16:11.833,T,6849.75,1,,,
2026-04-13 10:16:11.833,T,6849.75,4,,,
2026-04-13 10:16:11.833,T,6849.75,1,,,
2026-04-13 10:16:11.833,T,6849.75,1,,,
2026-04-13 10:16:11.833,T,6849.75,1,,,
2026-04-13 10:16:11.833,T,6849.75,1,,,
2026-04-13 10:16:11.833,T,6849.75,1,,,
2026-04-13 10:16:11.833,T,6849.75,1,,,
2026-04-13 10:16:11.833,T,6849.75,2,,,
2026-04-13 10:16:11.833,T,6849.75,1,,,
2026-04-13 10:16:11.833,T,6849.75,1,,,
2026-04-13 10:16:11.833,T,6849.75,1,,,
2026-04-13 10:16:11.833,T,6849.75,1,,,
2026-04-13 10:16:11.928,T,6849.5,1,,,
2026-04-13 10:16:11.928,T,6849.5,1,,,
2026-04-13 10:16:11.928,T,6849.5,1,,,
2026-04-13 10:16:11.928,T,6849.5,1,,,
2026-04-13 10:16:11.928,T,6849.5,1,,,
2026-04-13 10:16:11.928,T,6849.5,1,,,
2026-04-13 10:16:11.928,T,6849.5,1,,,
2026-04-13 10:16:11.928,T,6849.5,1,,,
2026-04-13 10:16:11.928,T,6849.5,1,,,
2026-04-13 10:16:11.928,T,6849.5,1,,,
2026-04-13 10:16:11.928,T,6849.5,1,,,
2026-04-13 10:16:11.928,T,6849.5,1,,,
2026-04-13 10:16:11.928,T,6849.5,1,,,
2026-04-13 10:16:11.928,T,6849.5,1,,,
2026-04-13 10:16:11.928,T,6849.5,1,,,
2026-04-13 10:16:11.928,T,6849.5,1,,,
2026-04-13 10:16:11.928,T,6849.5,1,,,
2026-04-13 10:16:11.928,T,6849.5,1,,,
2026-04-13 10:16:11.928,T,6849.5,1,,,
2026-04-13 10:16:11.928,T,6849.5,1,,,
2026-04-13 10:16:11.928,T,6849.5,1,,,
2026-04-13 10:16:11.928,T,6849.5,1,,,
2026-04-13 10:16:11.928,T,6849.5,1,,,
2026-04-13 10:16:11.931,Q,,,,6849.25,6849.5
2026-04-13 10:16:11.975,T,6849.5,1,,,
2026-04-13 10:16:12.036,T,6849.5,1,,,
2026-04-13 10:16:12.036,T,6849.5,1,,,
2026-04-13 10:16:12.036,T,6849.5,1,,,
2026-04-13 10:16:12.036,T,6849.5,1,,,
2026-04-13 10:16:12.036,T,6849.5,1,,,
2026-04-13 10:16:12.036,T,6849.5,1,,,
2026-04-13 10:16:12.036,T,6849.5,1,,,
2026-04-13 10:16:12.036,T,6849.5,1,,,
2026-04-13 10:16:12.036,T,6849.5,1,,,
2026-04-13 10:16:12.181,T,6849.5,1,,,
2026-04-13 10:16:12.280,T,6849.25,1,,,
2026-04-13 10:16:12.280,T,6849.25,1,,,
2026-04-13 10:16:12.534,T,6849.5,1,,,
2026-04-13 10:16:12.534,T,6849.5,1,,,
2026-04-13 10:16:12.534,T,6849.5,1,,,
2026-04-13 10:16:12.534,T,6849.5,1,,,
2026-04-13 10:16:12.534,T,6849.5,1,,,
2026-04-13 10:16:12.534,T,6849.5,1,,,
2026-04-13 10:16:12.534,T,6849.5,1,,,
2026-04-13 10:16:12.534,T,6849.5,2,,,
2026-04-13 10:16:12.534,T,6849.5,1,,,
2026-04-13 10:16:12.534,T,6849.5,1,,,
2026-04-13 10:16:12.534,T,6849.5,1,,,
2026-04-13 10:16:12.535,Q,,,,6849.5,6849.75
2026-04-13 10:16:12.779,T,6849.5,1,,,
2026-04-13 10:16:12.829,T,6849.5,1,,,
2026-04-13 10:16:12.932,T,6849.5,1,,,
2026-04-13 10:16:12.932,T,6849.5,1,,,
2026-04-13 10:16:12.932,T,6849.5,1,,,
2026-04-13 10:16:12.932,T,6849.5,1,,,
2026-04-13 10:16:12.932,T,6849.5,2,,,
2026-04-13 10:16:12.932,T,6849.5,1,,,
2026-04-13 10:16:12.932,T,6849.5,1,,,
2026-04-13 10:16:12.932,T,6849.5,1,,,
2026-04-13 10:16:12.932,T,6849.5,1,,,
2026-04-13 10:16:12.932,T,6849.5,2,,,
2026-04-13 10:16:12.932,T,6849.5,1,,,
2026-04-13 10:16:12.932,T,6849.5,1,,,
2026-04-13 10:16:12.932,T,6849.5,1,,,
2026-04-13 10:16:13.333,Q,,,,6849.75,6850.0
2026-04-13 10:16:13.334,T,6849.75,1,,,
2026-04-13 10:16:13.334,T,6849.75,1,,,
2026-04-13 10:16:13.334,T,6849.75,1,,,
2026-04-13 10:16:13.334,T,6849.75,1,,,
2026-04-13 10:16:13.334,T,6849.75,1,,,
2026-04-13 10:16:13.334,T,6849.75,1,,,
2026-04-13 10:16:13.334,T,6849.75,1,,,
2026-04-13 10:16:13.334,T,6849.75,1,,,
2026-04-13 10:16:13.334,T,6849.75,1,,,
2026-04-13 10:16:13.334,T,6849.75,1,,,
2026-04-13 10:16:13.334,T,6849.75,1,,,
2026-04-13 10:16:13.334,T,6849.75,1,,,
2026-04-13 10:16:13.334,T,6849.75,1,,,
2026-04-13 10:16:13.430,Q,,,,6849.5,6849.75
2026-04-13 10:16:13.430,T,6849.75,1,,,
2026-04-13 10:16:13.430,T,6849.75,1,,,
2026-04-13 10:16:13.430,T,6849.75,1,,,
2026-04-13 10:16:13.430,T,6849.75,1,,,
2026-04-13 10:16:13.430,T,6849.75,1,,,
2026-04-13 10:16:13.430,T,6849.75,2,,,
2026-04-13 10:16:13.631,T,6849.5,1,,,
2026-04-13 10:16:13.879,T,6849.75,1,,,
2026-04-13 10:16:14.038,T,6849.5,1,,,
2026-04-13 10:16:14.038,T,6849.5,1,,,
2026-04-13 10:16:14.038,T,6849.5,1,,,
2026-04-13 10:16:14.038,T,6849.5,2,,,
2026-04-13 10:16:14.038,T,6849.5,1,,,
2026-04-13 10:16:14.038,T,6849.5,1,,,
2026-04-13 10:16:14.038,T,6849.5,1,,,
2026-04-13 10:16:14.038,T,6849.5,2,,,
2026-04-13 10:16:14.038,T,6849.5,1,,,
2026-04-13 10:16:14.038,T,6849.5,1,,,
2026-04-13 10:16:14.038,T,6849.5,1,,,
2026-04-13 10:16:14.038,T,6849.5,1,,,
2026-04-13 10:16:14.038,T,6849.5,1,,,
2026-04-13 10:16:14.038,T,6849.5,1,,,
2026-04-13 10:16:14.179,Q,,,,6849.25,6849.5
2026-04-13 10:16:14.179,T,6849.5,1,,,
2026-04-13 10:16:14.179,T,6849.5,1,,,
2026-04-13 10:16:14.179,T,6849.5,1,,,
2026-04-13 10:16:14.179,T,6849.5,1,,,
2026-04-13 10:16:14.179,T,6849.5,1,,,
2026-04-13 10:16:14.228,T,6849.5,1,,,
2026-04-13 10:16:14.228,T,6849.5,2,,,
2026-04-13 10:16:14.228,T,6849.5,1,,,
2026-04-13 10:16:14.228,T,6849.5,1,,,
2026-04-13 10:16:14.228,T,6849.5,1,,,
2026-04-13 10:16:14.228,T,6849.5,1,,,
2026-04-13 10:16:14.229,Q,,,,6849.5,6849.75
2026-04-13 10:16:14.603,Q,,,,6849.75,6850.0
2026-04-13 10:16:14.615,T,6849.75,3,,,
2026-04-13 10:16:14.615,T,6849.75,1,,,
2026-04-13 10:16:14.615,T,6849.75,1,,,
2026-04-13 10:16:14.615,T,6849.75,1,,,
2026-04-13 10:16:14.615,T,6849.75,1,,,
2026-04-13 10:16:14.615,T,6849.75,1,,,
2026-04-13 10:16:14.615,T,6849.75,3,,,
2026-04-13 10:16:14.615,T,6849.75,1,,,
2026-04-13 10:16:14.615,T,6849.75,1,,,
2026-04-13 10:16:14.615,T,6849.75,1,,,
2026-04-13 10:16:14.615,T,6849.75,3,,,
2026-04-13 10:16:14.615,T,6849.75,1,,,
2026-04-13 10:16:14.615,T,6849.75,1,,,
2026-04-13 10:16:14.615,T,6849.75,4,,,
2026-04-13 10:16:14.615,T,6849.75,1,,,
2026-04-13 10:16:14.615,T,6849.75,1,,,
2026-04-13 10:16:14.827,Q,,,,6849.5,6849.75
2026-04-13 10:16:14.839,T,6849.75,4,,,
2026-04-13 10:16:14.839,T,6849.75,1,,,
2026-04-13 10:16:14.839,T,6849.75,1,,,
2026-04-13 10:16:14.839,T,6849.75,1,,,
2026-04-13 10:16:14.839,T,6849.75,1,,,
2026-04-13 10:16:14.839,T,6849.75,1,,,
2026-04-13 10:16:14.839,T,6849.75,1,,,
2026-04-13 10:16:14.839,T,6849.75,1,,,
2026-04-13 10:16:14.839,T,6849.75,1,,,
2026-04-13 10:16:14.881,Q,,,,6849.75,6850.0
2026-04-13 10:16:14.892,T,6849.75,1,,,
2026-04-13 10:16:14.892,T,6849.75,3,,,
2026-04-13 10:16:14.892,T,6849.75,1,,,
2026-04-13 10:16:14.892,T,6849.75,1,,,
2026-04-13 10:16:14.892,T,6849.75,1,,,
2026-04-13 10:16:14.892,T,6849.75,1,,,
2026-04-13 10:16:14.892,T,6849.75,1,,,
2026-04-13 10:16:14.892,T,6849.75,4,,,
2026-04-13 10:16:14.892,T,6849.75,1,,,
2026-04-13 10:16:14.892,T,6849.75,1,,,
2026-04-13 10:16:14.892,T,6849.75,1,,,
2026-04-13 10:16:14.892,T,6849.75,1,,,
2026-04-13 10:16:14.927,Q,,,,6850.0,6850.25
2026-04-13 10:16:14.928,T,6850.0,3,,,
2026-04-13 10:16:14.928,T,6850.0,2,,,
2026-04-13 10:16:14.928,T,6850.0,1,,,
2026-04-13 10:16:14.928,T,6850.0,3,,,
2026-04-13 10:16:14.928,T,6850.0,1,,,
2026-04-13 10:16:14.928,T,6850.0,1,,,
2026-04-13 10:16:14.928,T,6850.0,1,,,
2026-04-13 10:16:14.928,T,6850.0,1,,,
2026-04-13 10:16:14.928,T,6850.0,1,,,
2026-04-13 10:16:14.928,T,6850.0,1,,,
2026-04-13 10:16:14.928,T,6850.0,1,,,
2026-04-13 10:16:14.928,T,6850.0,2,,,
2026-04-13 10:16:14.928,T,6850.0,1,,,
2026-04-13 10:16:14.928,T,6850.0,1,,,
2026-04-13 10:16:14.928,T,6850.0,1,,,
2026-04-13 10:16:14.928,T,6850.0,1,,,
2026-04-13 10:16:14.928,T,6850.0,3,,,
2026-04-13 10:16:14.928,T,6850.0,1,,,
2026-04-13 10:16:14.928,T,6850.0,1,,,
2026-04-13 10:16:14.928,T,6850.0,1,,,
2026-04-13 10:16:14.928,T,6850.0,1,,,
2026-04-13 10:16:14.928,T,6850.0,3,,,
2026-04-13 10:16:14.928,T,6850.0,2,,,
2026-04-13 10:16:14.928,T,6850.0,4,,,
2026-04-13 10:16:14.928,T,6850.0,1,,,
2026-04-13 10:16:14.928,T,6850.0,2,,,
2026-04-13 10:16:14.928,T,6850.0,2,,,
2026-04-13 10:16:15.049,Q,,,,6849.75,6850.0
2026-04-13 10:16:15.049,T,6850.0,1,,,
2026-04-13 10:16:15.049,T,6850.0,1,,,
2026-04-13 10:16:15.049,T,6850.0,1,,,
2026-04-13 10:16:15.049,T,6850.0,1,,,
2026-04-13 10:16:15.049,T,6850.0,1,,,
2026-04-13 10:16:15.049,T,6850.0,1,,,
2026-04-13 10:16:15.049,T,6850.0,1,,,
2026-04-13 10:16:15.049,T,6850.0,1,,,
2026-04-13 10:16:15.257,T,6849.75,1,,,
2026-04-13 10:16:15.257,T,6849.75,1,,,
2026-04-13 10:16:15.257,T,6849.75,1,,,
2026-04-13 10:16:15.257,T,6849.75,1,,,
2026-04-13 10:16:15.257,T,6849.75,1,,,
2026-04-13 10:16:15.257,T,6849.75,1,,,
2026-04-13 10:16:15.257,T,6849.75,1,,,
2026-04-13 10:16:15.257,T,6849.75,1,,,
2026-04-13 10:16:15.257,T,6849.75,8,,,
2026-04-13 10:16:15.257,T,6849.75,1,,,
2026-04-13 10:16:15.257,T,6849.75,11,,,
2026-04-13 10:16:15.257,T,6849.75,1,,,
2026-04-13 10:16:15.257,T,6849.75,2,,,
2026-04-13 10:16:15.337,T,6849.75,1,,,
2026-04-13 10:16:15.402,Q,,,,6849.5,6849.75
2026-04-13 10:16:15.409,T,6849.75,3,,,
2026-04-13 10:16:15.409,T,6849.75,4,,,
2026-04-13 10:16:15.409,T,6849.75,3,,,
2026-04-13 10:16:15.409,T,6849.75,5,,,
2026-04-13 10:16:15.409,T,6849.75,1,,,
2026-04-13 10:16:15.409,T,6849.75,4,,,
2026-04-13 10:16:15.409,T,6849.75,6,,,
2026-04-13 10:16:15.409,T,6849.75,1,,,
2026-04-13 10:16:15.409,T,6849.75,1,,,
2026-04-13 10:16:15.409,T,6849.75,1,,,
2026-04-13 10:16:15.409,T,6849.75,2,,,
2026-04-13 10:16:15.409,T,6849.75,1,,,
2026-04-13 10:16:15.545,T,6849.75,2,,,
2026-04-13 10:16:15.845,T,6849.75,1,,,
2026-04-13 10:16:16.329,T,6849.5,1,,,
2026-04-13 10:16:16.329,T,6849.5,2,,,
2026-04-13 10:16:16.329,T,6849.5,1,,,
2026-04-13 10:16:16.329,T,6849.5,1,,,
2026-04-13 10:16:16.329,T,6849.5,1,,,
2026-04-13 10:16:16.329,T,6849.5,2,,,
2026-04-13 10:16:16.329,T,6849.5,1,,,
2026-04-13 10:16:16.329,T,6849.5,1,,,
2026-04-13 10:16:16.329,T,6849.5,1,,,
2026-04-13 10:16:16.329,T,6849.5,1,,,
2026-04-13 10:16:16.329,T,6849.5,1,,,
2026-04-13 10:16:16.329,T,6849.5,1,,,
2026-04-13 10:16:16.329,T,6849.5,1,,,
2026-04-13 10:16:16.428,T,6849.5,1,,,
2026-04-13 10:16:16.428,T,6849.5,1,,,
2026-04-13 10:16:16.428,T,6849.5,2,,,
2026-04-13 10:16:16.428,T,6849.5,1,,,
2026-04-13 10:16:16.428,T,6849.5,1,,,
2026-04-13 10:16:16.428,T,6849.5,1,,,
2026-04-13 10:16:16.428,T,6849.5,2,,,
2026-04-13 10:16:16.428,T,6849.5,2,,,
2026-04-13 10:16:16.428,T,6849.5,1,,,
2026-04-13 10:16:16.428,T,6849.5,1,,,
2026-04-13 10:16:16.428,T,6849.5,1,,,
2026-04-13 10:16:16.428,T,6849.5,1,,,
2026-04-13 10:16:16.428,T,6849.5,2,,,
2026-04-13 10:16:16.428,T,6849.5,1,,,
2026-04-13 10:16:16.428,T,6849.5,1,,,
2026-04-13 10:16:16.428,T,6849.5,1,,,
2026-04-13 10:16:16.428,T,6849.5,3,,,
2026-04-13 10:16:16.428,T,6849.5,3,,,
2026-04-13 10:16:16.428,T,6849.5,1,,,
2026-04-13 10:16:16.428,T,6849.5,1,,,
2026-04-13 10:16:16.428,T,6849.5,1,,,
2026-04-13 10:16:16.428,T,6849.5,1,,,
2026-04-13 10:16:16.475,Q,,,,6849.25,6849.75
2026-04-13 10:16:16.475,T,6849.5,1,,,
2026-04-13 10:16:16.534,T,6849.75,1,,,
2026-04-13 10:16:16.534,T,6849.5,1,,,
2026-04-13 10:16:16.579,Q,,,,6849.25,6849.5
2026-04-13 10:16:16.680,T,6849.5,1,,,
2026-04-13 10:16:16.680,T,6849.5,1,,,
2026-04-13 10:16:16.680,T,6849.5,1,,,
2026-04-13 10:16:16.680,T,6849.5,1,,,
2026-04-13 10:16:16.680,T,6849.5,1,,,
2026-04-13 10:16:16.681,Q,,,,6849.5,6849.75
2026-04-13 10:16:17.530,T,6849.75,1,,,
2026-04-13 10:16:17.530,T,6849.75,1,,,
2026-04-13 10:16:17.530,T,6849.75,1,,,
2026-04-13 10:16:17.876,Q,,,,6849.75,6850.0
2026-04-13 10:16:17.876,T,6849.75,1,,,
2026-04-13 10:16:17.876,T,6849.75,1,,,
2026-04-13 10:16:17.876,T,6849.75,1,,,
2026-04-13 10:16:17.876,T,6849.75,1,,,
2026-04-13 10:16:17.876,T,6849.75,1,,,
2026-04-13 10:16:17.876,T,6849.75,1,,,
2026-04-13 10:16:17.931,T,6849.75,1,,,
2026-04-13 10:16:17.931,T,6849.75,1,,,
2026-04-13 10:16:17.931,T,6849.75,2,,,
2026-04-13 10:16:17.931,T,6849.75,1,,,
2026-04-13 10:16:17.931,T,6849.75,1,,,
2026-04-13 10:16:17.931,T,6849.75,1,,,
2026-04-13 10:16:17.931,T,6849.75,1,,,
2026-04-13 10:16:17.931,T,6849.75,1,,,
2026-04-13 10:16:17.931,T,6849.75,1,,,
2026-04-13 10:16:18.181,T,6849.75,1,,,
2026-04-13 10:16:18.282,T,6850.0,4,,,
2026-04-13 10:16:18.282,T,6850.0,1,,,
2026-04-13 10:16:18.282,T,6850.0,1,,,
2026-04-13 10:16:18.282,T,6850.0,1,,,
2026-04-13 10:16:18.282,T,6850.0,1,,,
2026-04-13 10:16:18.282,T,6850.0,1,,,
2026-04-13 10:16:18.282,T,6850.0,1,,,
2026-04-13 10:16:18.282,T,6850.0,1,,,
2026-04-13 10:16:18.282,T,6850.0,5,,,
2026-04-13 10:16:18.282,T,6850.0,2,,,
2026-04-13 10:16:18.282,T,6850.0,1,,,
2026-04-13 10:16:18.282,T,6850.0,1,,,
2026-04-13 10:16:18.283,Q,,,,6850.0,6850.25
2026-04-13 10:16:18.327,T,6850.0,1,,,
2026-04-13 10:16:18.327,T,6850.0,1,,,
2026-04-13 10:16:18.327,T,6850.0,1,,,
2026-04-13 10:16:18.327,T,6850.0,1,,,
2026-04-13 10:16:18.327,T,6850.0,1,,,
2026-04-13 10:16:18.327,T,6850.0,1,,,
2026-04-13 10:16:18.327,T,6850.0,1,,,
2026-04-13 10:16:18.327,T,6850.0,1,,,
2026-04-13 10:16:18.327,T,6850.0,1,,,
2026-04-13 10:16:18.327,T,6850.0,2,,,
2026-04-13 10:16:18.327,T,6850.0,1,,,
2026-04-13 10:16:18.327,T,6850.0,1,,,
2026-04-13 10:16:18.327,T,6850.0,1,,,
2026-04-13 10:16:18.327,T,6850.0,1,,,
2026-04-13 10:16:18.391,T,6850.0,1,,,
2026-04-13 10:16:18.391,Q,,,,6849.75,6850.0
2026-04-13 10:16:18.431,T,6850.0,1,,,
2026-04-13 10:16:18.477,T,6850.0,1,,,
2026-04-13 10:16:18.477,T,6850.0,1,,,
2026-04-13 10:16:18.477,T,6850.0,1,,,
2026-04-13 10:16:18.477,T,6850.0,1,,,
2026-04-13 10:16:19.434,Q,,,,6850.0,6850.25
2026-04-13 10:16:19.435,T,6850.0,1,,,
2026-04-13 10:16:19.435,T,6850.0,1,,,
2026-04-13 10:16:19.435,T,6850.0,1,,,
2026-04-13 10:16:19.435,T,6850.0,1,,,
2026-04-13 10:16:19.435,T,6850.0,2,,,
2026-04-13 10:16:19.435,T,6850.0,1,,,
2026-04-13 10:16:19.435,T,6850.0,1,,,
2026-04-13 10:16:19.435,T,6850.0,1,,,
2026-04-13 10:16:20.195,T,6850.0,1,,,
2026-04-13 10:16:20.195,T,6850.0,1,,,
2026-04-13 10:16:20.195,T,6850.0,2,,,
2026-04-13 10:16:20.195,T,6850.0,1,,,
2026-04-13 10:16:20.195,T,6850.0,1,,,
2026-04-13 10:16:20.195,T,6850.0,1,,,
2026-04-13 10:16:20.195,T,6850.0,1,,,
2026-04-13 10:16:20.195,T,6850.0,2,,,
2026-04-13 10:16:20.195,T,6850.0,2,,,
2026-04-13 10:16:20.195,T,6850.0,1,,,
2026-04-13 10:16:20.583,Q,,,,6849.75,6850.0
2026-04-13 10:16:20.583,T,6850.0,1,,,
2026-04-13 10:16:20.583,T,6850.0,1,,,
2026-04-13 10:16:20.583,T,6850.0,1,,,
2026-04-13 10:16:20.583,T,6850.0,1,,,
2026-04-13 10:16:20.583,T,6850.0,1,,,
2026-04-13 10:16:20.584,T,6850.0,1,,,
2026-04-13 10:16:20.584,T,6850.0,1,,,
2026-04-13 10:16:20.584,T,6850.0,1,,,
2026-04-13 10:16:20.584,T,6850.0,1,,,
2026-04-13 10:16:20.584,T,6850.0,1,,,
2026-04-13 10:16:20.584,T,6850.0,1,,,
2026-04-13 10:16:20.584,T,6850.0,1,,,
2026-04-13 10:16:20.584,T,6850.0,1,,,
2026-04-13 10:16:20.585,T,6849.75,1,,,
2026-04-13 10:16:20.585,T,6849.75,1,,,
2026-04-13 10:16:20.585,T,6849.75,1,,,
2026-04-13 10:16:20.585,T,6849.75,1,,,
2026-04-13 10:16:20.585,T,6849.75,1,,,
2026-04-13 10:16:20.585,T,6849.75,1,,,
2026-04-13 10:16:20.585,T,6849.75,1,,,
2026-04-13 10:16:20.585,T,6849.75,1,,,
2026-04-13 10:16:20.585,T,6849.75,1,,,
2026-04-13 10:16:20.586,Q,,,,6849.5,6849.75
2026-04-13 10:16:20.586,T,6849.75,1,,,
2026-04-13 10:16:20.586,T,6849.75,1,,,
2026-04-13 10:16:20.703,T,6849.75,1,,,
2026-04-13 10:16:20.703,T,6849.75,1,,,
2026-04-13 10:16:20.703,T,6849.75,1,,,
2026-04-13 10:16:20.703,T,6849.75,1,,,
2026-04-13 10:16:20.703,T,6849.75,1,,,
2026-04-13 10:16:20.703,T,6849.75,1,,,
2026-04-13 10:16:20.703,T,6849.75,2,,,
2026-04-13 10:16:20.703,T,6849.75,2,,,
2026-04-13 10:16:20.703,T,6849.75,1,,,
2026-04-13 10:16:20.703,T,6849.75,1,,,
2026-04-13 10:16:20.703,T,6849.75,1,,,
2026-04-13 10:16:20.703,T,6849.75,1,,,
2026-04-13 10:16:21.112,T,6849.5,2,,,
2026-04-13 10:16:21.213,T,6849.75,2,,,
2026-04-13 10:16:21.213,T,6849.75,1,,,
2026-04-13 10:16:21.213,T,6849.75,1,,,
2026-04-13 10:16:21.213,T,6849.75,1,,,
2026-04-13 10:16:21.213,T,6849.75,1,,,
2026-04-13 10:16:21.213,T,6849.75,1,,,
2026-04-13 10:16:21.213,T,6849.75,1,,,
2026-04-13 10:16:21.213,T,6849.75,1,,,
2026-04-13 10:16:21.213,T,6849.75,1,,,
2026-04-13 10:16:21.213,T,6849.75,1,,,
2026-04-13 10:16:21.213,T,6849.75,2,,,
2026-04-13 10:16:21.213,T,6849.75,2,,,
2026-04-13 10:16:21.213,T,6849.75,3,,,
2026-04-13 10:16:21.213,T,6849.75,1,,,
2026-04-13 10:16:21.213,T,6849.75,1,,,
2026-04-13 10:16:21.213,T,6849.75,1,,,
2026-04-13 10:16:21.213,T,6849.75,4,,,
2026-04-13 10:16:21.213,T,6849.75,1,,,
2026-04-13 10:16:21.393,Q,,,,6849.75,6850.0
2026-04-13 10:16:21.393,T,6849.75,1,,,
2026-04-13 10:16:21.393,T,6849.75,1,,,
2026-04-13 10:16:21.394,T,6850.0,1,,,
2026-04-13 10:16:21.669,T,6849.75,4,,,
2026-04-13 10:16:21.669,T,6849.75,1,,,
2026-04-13 10:16:21.669,T,6849.75,1,,,
2026-04-13 10:16:21.669,T,6849.75,1,,,
2026-04-13 10:16:21.669,T,6849.75,1,,,
2026-04-13 10:16:21.669,T,6849.75,1,,,
2026-04-13 10:16:21.848,Q,,,,6849.5,6849.75
2026-04-13 10:16:21.848,T,6849.75,1,,,
2026-04-13 10:16:21.848,T,6849.75,1,,,
2026-04-13 10:16:21.848,T,6849.75,4,,,
2026-04-13 10:16:21.848,T,6849.75,1,,,
2026-04-13 10:16:21.848,T,6849.75,1,,,
2026-04-13 10:16:21.848,T,6849.75,1,,,
2026-04-13 10:16:21.848,T,6849.75,1,,,
2026-04-13 10:16:21.848,T,6849.75,2,,,
2026-04-13 10:16:22.028,Q,,,,6849.75,6850.0
2026-04-13 10:16:22.029,T,6849.75,3,,,
2026-04-13 10:16:22.029,T,6849.75,1,,,
2026-04-13 10:16:22.029,T,6849.75,1,,,
2026-04-13 10:16:22.029,T,6849.75,1,,,
2026-04-13 10:16:22.029,T,6849.75,1,,,
2026-04-13 10:16:22.029,T,6849.75,1,,,
2026-04-13 10:16:22.029,T,6849.75,1,,,
2026-04-13 10:16:22.029,T,6849.75,1,,,
2026-04-13 10:16:22.029,T,6849.75,1,,,
2026-04-13 10:16:22.029,T,6849.75,1,,,
2026-04-13 10:16:22.029,T,6849.75,1,,,
2026-04-13 10:16:22.029,T,6849.75,1,,,
2026-04-13 10:16:22.029,T,6849.75,1,,,
2026-04-13 10:16:22.029,T,6849.75,1,,,
2026-04-13 10:16:22.374,T,6849.75,1,,,
2026-04-13 10:16:22.374,T,6849.75,1,,,
2026-04-13 10:16:22.374,T,6849.75,1,,,
2026-04-13 10:16:22.374,T,6849.75,1,,,
2026-04-13 10:16:22.374,T,6849.75,1,,,
2026-04-13 10:16:22.374,T,6849.75,1,,,
2026-04-13 10:16:22.374,T,6849.75,1,,,
2026-04-13 10:16:22.374,T,6849.75,2,,,
2026-04-13 10:16:22.374,T,6849.75,1,,,
2026-04-13 10:16:22.375,Q,,,,6849.5,6849.75
2026-04-13 10:16:23.061,T,6849.75,1,,,
2026-04-13 10:16:24.229,Q,,,,6849.25,6849.5
2026-04-13 10:16:24.230,T,6849.5,1,,,
2026-04-13 10:16:24.230,T,6849.5,1,,,
2026-04-13 10:16:24.230,T,6849.5,1,,,
2026-04-13 10:16:24.230,T,6849.5,1,,,
2026-04-13 10:16:24.230,T,6849.5,1,,,
2026-04-13 10:16:24.230,T,6849.5,1,,,
2026-04-13 10:16:24.230,T,6849.5,1,,,
2026-04-13 10:16:24.230,T,6849.5,3,,,
2026-04-13 10:16:24.230,T,6849.5,1,,,
2026-04-13 10:16:24.230,T,6849.5,1,,,
2026-04-13 10:16:24.230,T,6849.5,1,,,
2026-04-13 10:16:24.230,T,6849.5,1,,,
2026-04-13 10:16:24.230,T,6849.5,1,,,
2026-04-13 10:16:24.230,T,6849.5,1,,,
2026-04-13 10:16:24.230,T,6849.5,1,,,
2026-04-13 10:16:24.230,T,6849.5,1,,,
2026-04-13 10:16:24.230,T,6849.5,3,,,
2026-04-13 10:16:24.230,T,6849.5,1,,,
2026-04-13 10:16:24.323,T,6849.5,1,,,
2026-04-13 10:16:24.323,T,6849.5,1,,,
2026-04-13 10:16:24.323,T,6849.5,1,,,
2026-04-13 10:16:24.323,T,6849.5,1,,,
2026-04-13 10:16:24.323,T,6849.5,5,,,
2026-04-13 10:16:24.323,T,6849.5,1,,,
2026-04-13 10:16:24.325,Q,,,,6849.5,6849.75
2026-04-13 10:16:24.433,T,6849.75,1,,,
2026-04-13 10:16:24.433,Q,,,,6849.75,6850.0
2026-04-13 10:16:24.433,T,6849.75,1,,,
2026-04-13 10:16:24.433,T,6849.75,1,,,
2026-04-13 10:16:24.433,T,6849.75,1,,,
2026-04-13 10:16:24.433,T,6849.75,1,,,
2026-04-13 10:16:24.433,T,6849.75,1,,,
2026-04-13 10:16:24.433,T,6849.75,1,,,
2026-04-13 10:16:24.433,T,6849.75,1,,,
2026-04-13 10:16:24.433,T,6849.75,1,,,
2026-04-13 10:16:24.433,T,6849.75,1,,,
2026-04-13 10:16:25.003,Q,,,,6849.5,6849.75
2026-04-13 10:16:25.003,T,6849.75,1,,,
2026-04-13 10:16:25.003,T,6849.75,1,,,
2026-04-13 10:16:25.003,T,6849.75,1,,,
2026-04-13 10:16:25.003,T,6849.75,1,,,
2026-04-13 10:16:25.003,T,6849.75,1,,,
2026-04-13 10:16:25.003,T,6849.75,1,,,
2026-04-13 10:16:25.142,T,6849.5,1,,,
2026-04-13 10:16:25.590,T,6849.75,3,,,
2026-04-13 10:16:25.590,T,6849.75,1,,,
2026-04-13 10:16:25.590,T,6849.75,1,,,
2026-04-13 10:16:25.590,T,6849.75,1,,,
2026-04-13 10:16:25.590,T,6849.75,1,,,
2026-04-13 10:16:25.590,T,6849.75,1,,,
2026-04-13 10:16:25.590,T,6849.75,1,,,
2026-04-13 10:16:25.590,T,6849.75,1,,,
2026-04-13 10:16:25.590,T,6849.75,1,,,
2026-04-13 10:16:25.590,T,6849.75,1,,,
2026-04-13 10:16:25.590,T,6849.75,1,,,
2026-04-13 10:16:25.590,T,6849.75,1,,,
2026-04-13 10:16:25.590,T,6849.75,1,,,
2026-04-13 10:16:25.590,T,6849.75,1,,,
2026-04-13 10:16:25.590,T,6849.75,1,,,
2026-04-13 10:16:25.590,T,6849.75,2,,,
2026-04-13 10:16:25.590,T,6849.75,4,,,
2026-04-13 10:16:25.590,T,6849.75,1,,,
2026-04-13 10:16:25.590,T,6849.75,1,,,
2026-04-13 10:16:25.590,T,6849.75,1,,,
2026-04-13 10:16:25.590,T,6849.75,1,,,
2026-04-13 10:16:26.356,T,6849.75,1,,,
2026-04-13 10:16:26.356,T,6849.75,1,,,
2026-04-13 10:16:26.356,T,6849.75,1,,,
2026-04-13 10:16:26.356,T,6849.75,1,,,
2026-04-13 10:16:26.356,T,6849.75,1,,,
2026-04-13 10:16:26.356,T,6849.75,1,,,
2026-04-13 10:16:26.356,T,6849.75,1,,,
2026-04-13 10:16:26.356,T,6849.75,1,,,
2026-04-13 10:16:26.356,T,6849.75,1,,,
2026-04-13 10:16:26.363,T,6849.75,1,,,
2026-04-13 10:16:26.363,T,6849.75,1,,,
2026-04-13 10:16:26.363,T,6849.75,1,,,
2026-04-13 10:16:26.363,T,6849.75,1,,,
2026-04-13 10:16:26.364,Q,,,,6849.75,6850.0
2026-04-13 10:16:26.364,Q,,,,6849.5,6849.75
2026-04-13 10:16:26.364,T,6849.75,1,,,
2026-04-13 10:16:26.364,T,6849.75,1,,,
2026-04-13 10:16:26.364,T,6849.75,1,,,
2026-04-13 10:16:26.364,T,6849.75,2,,,
2026-04-13 10:16:26.364,T,6849.75,1,,,
2026-04-13 10:16:26.364,T,6849.75,1,,,
2026-04-13 10:16:26.364,T,6849.75,1,,,
2026-04-13 10:16:26.364,T,6849.75,1,,,
2026-04-13 10:16:26.365,T,6849.75,1,,,
2026-04-13 10:16:26.365,Q,,,,6849.75,6850.0
2026-04-13 10:16:26.365,Q,,,,6849.5,6849.75
2026-04-13 10:16:26.365,T,6849.75,1,,,
2026-04-13 10:16:26.365,T,6849.75,1,,,
2026-04-13 10:16:26.365,T,6849.75,1,,,
2026-04-13 10:16:26.365,T,6849.75,1,,,
2026-04-13 10:16:26.365,T,6849.75,1,,,
2026-04-13 10:16:26.365,T,6849.75,1,,,
2026-04-13 10:16:26.534,T,6849.5,1,,,
2026-04-13 10:16:26.534,T,6849.5,1,,,
2026-04-13 10:16:26.534,T,6849.5,1,,,
2026-04-13 10:16:26.534,T,6849.5,1,,,
2026-04-13 10:16:26.534,T,6849.5,1,,,
2026-04-13 10:16:26.534,T,6849.5,1,,,
2026-04-13 10:16:26.534,T,6849.5,1,,,
2026-04-13 10:16:26.534,T,6849.5,1,,,
2026-04-13 10:16:26.534,T,6849.5,1,,,
2026-04-13 10:16:26.536,Q,,,,6849.25,6849.5
2026-04-13 10:16:27.231,T,6849.5,1,,,
2026-04-13 10:16:27.775,T,6849.25,1,,,
2026-04-13 10:16:27.775,T,6849.25,1,,,
2026-04-13 10:16:27.775,T,6849.25,1,,,
2026-04-13 10:16:27.775,T,6849.25,1,,,
2026-04-13 10:16:27.775,T,6849.25,1,,,
2026-04-13 10:16:27.775,T,6849.25,1,,,
2026-04-13 10:16:27.775,T,6849.25,2,,,
2026-04-13 10:16:27.775,T,6849.25,1,,,
2026-04-13 10:16:27.775,T,6849.25,1,,,
2026-04-13 10:16:27.775,T,6849.25,1,,,
2026-04-13 10:16:27.775,T,6849.25,1,,,
2026-04-13 10:16:27.775,T,6849.25,1,,,
2026-04-13 10:16:27.775,T,6849.25,1,,,
2026-04-13 10:16:27.775,T,6849.25,1,,,
2026-04-13 10:16:27.775,T,6849.25,1,,,
2026-04-13 10:16:27.775,T,6849.25,1,,,
2026-04-13 10:16:27.775,T,6849.25,1,,,
2026-04-13 10:16:27.775,T,6849.25,1,,,
2026-04-13 10:16:27.775,T,6849.25,1,,,
2026-04-13 10:16:27.882,T,6849.25,1,,,
2026-04-13 10:16:27.882,T,6849.25,1,,,
2026-04-13 10:16:27.882,T,6849.25,1,,,
2026-04-13 10:16:27.882,T,6849.25,1,,,
2026-04-13 10:16:27.882,T,6849.25,1,,,
2026-04-13 10:16:27.882,T,6849.25,1,,,
2026-04-13 10:16:27.882,T,6849.25,1,,,
2026-04-13 10:16:27.882,T,6849.25,1,,,
2026-04-13 10:16:27.882,T,6849.25,1,,,
2026-04-13 10:16:27.882,T,6849.25,1,,,
2026-04-13 10:16:27.882,T,6849.25,1,,,
2026-04-13 10:16:27.882,T,6849.25,1,,,
2026-04-13 10:16:27.884,Q,,,,6849.0,6849.25
2026-04-13 10:16:27.953,T,6849.25,1,,,
2026-04-13 10:16:27.978,T,6849.25,1,,,
2026-04-13 10:16:27.978,T,6849.25,1,,,
2026-04-13 10:16:27.978,T,6849.25,1,,,
2026-04-13 10:16:27.978,T,6849.25,1,,,
2026-04-13 10:16:27.978,T,6849.25,1,,,
2026-04-13 10:16:27.978,T,6849.25,1,,,
2026-04-13 10:16:27.978,T,6849.25,1,,,
2026-04-13 10:16:27.978,T,6849.25,1,,,
2026-04-13 10:16:27.978,T,6849.25,1,,,
2026-04-13 10:16:27.978,T,6849.25,1,,,
2026-04-13 10:16:27.978,T,6849.25,1,,,
2026-04-13 10:16:28.082,T,6849.25,1,,,
2026-04-13 10:16:28.082,T,6849.25,2,,,
2026-04-13 10:16:28.082,T,6849.25,1,,,
2026-04-13 10:16:28.083,Q,,,,6849.25,6849.5
2026-04-13 10:16:28.181,T,6849.25,1,,,
2026-04-13 10:16:28.181,T,6849.25,1,,,
2026-04-13 10:16:28.181,T,6849.25,1,,,
2026-04-13 10:16:28.181,T,6849.25,1,,,
2026-04-13 10:16:28.181,T,6849.25,1,,,
2026-04-13 10:16:28.181,T,6849.25,2,,,
2026-04-13 10:16:28.181,T,6849.25,1,,,
2026-04-13 10:16:28.181,T,6849.25,1,,,
2026-04-13 10:16:28.181,T,6849.25,1,,,
2026-04-13 10:16:28.184,T,6849.25,2,,,
2026-04-13 10:16:28.184,T,6849.25,1,,,
2026-04-13 10:16:28.184,T,6849.25,1,,,
2026-04-13 10:16:28.184,T,6849.25,1,,,
2026-04-13 10:16:28.185,Q,,,,6849.0,6849.25
2026-04-13 10:16:28.766,T,6849.0,1,,,
2026-04-13 10:16:28.985,T,6849.0,1,,,
2026-04-13 10:16:29.103,Q,,,,6849.25,6849.5
2026-04-13 10:16:29.103,T,6849.25,1,,,
2026-04-13 10:16:29.103,T,6849.25,1,,,
2026-04-13 10:16:29.103,T,6849.25,1,,,
2026-04-13 10:16:29.103,T,6849.25,1,,,
2026-04-13 10:16:29.103,T,6849.25,1,,,
2026-04-13 10:16:29.330,T,6849.25,1,,,
2026-04-13 10:16:29.581,T,6849.25,1,,,
2026-04-13 10:16:29.828,T,6849.25,1,,,
2026-04-13 10:16:29.828,T,6849.25,2,,,
2026-04-13 10:16:29.828,T,6849.25,1,,,
2026-04-13 10:16:29.828,T,6849.25,1,,,
2026-04-13 10:16:29.828,T,6849.25,1,,,
2026-04-13 10:16:29.828,T,6849.25,1,,,
2026-04-13 10:16:29.828,T,6849.25,1,,,
2026-04-13 10:16:29.828,T,6849.25,2,,,
2026-04-13 10:16:29.978,T,6849.5,1,,,
2026-04-13 10:16:29.978,T,6849.5,1,,,
2026-04-13 10:16:29.978,T,6849.5,1,,,
2026-04-13 10:16:29.978,T,6849.5,1,,,
2026-04-13 10:16:29.978,T,6849.5,1,,,
2026-04-13 10:16:29.978,T,6849.5,1,,,
2026-04-13 10:16:29.978,T,6849.5,1,,,
2026-04-13 10:16:29.978,T,6849.5,1,,,
2026-04-13 10:16:29.978,T,6849.5,9,,,
2026-04-13 10:16:29.978,T,6849.5,1,,,
2026-04-13 10:16:29.978,T,6849.5,1,,,
2026-04-13 10:16:29.979,Q,,,,6849.5,6849.75
2026-04-13 10:16:30.035,T,6849.5,1,,,
2026-04-13 10:16:30.035,T,6849.5,1,,,
2026-04-13 10:16:30.035,T,6849.5,1,,,
2026-04-13 10:16:30.036,Q,,,,6849.25,6849.5
2026-04-13 10:16:30.082,T,6849.25,1,,,
2026-04-13 10:16:30.082,T,6849.5,1,,,
2026-04-13 10:16:30.082,T,6849.5,1,,,
2026-04-13 10:16:30.082,T,6849.5,1,,,
2026-04-13 10:16:30.083,Q,,,,6849.5,6849.75
2026-04-13 10:16:30.330,T,6849.75,1,,,
2026-04-13 10:16:30.330,T,6849.75,1,,,
2026-04-13 10:16:30.330,T,6849.75,1,,,
2026-04-13 10:16:30.728,T,6849.75,1,,,
2026-04-13 10:16:30.728,T,6849.75,1,,,
2026-04-13 10:16:31.683,Q,,,,6849.75,6850.0
2026-04-13 10:16:31.683,T,6849.75,1,,,
2026-04-13 10:16:31.683,T,6849.75,1,,,
2026-04-13 10:16:31.683,T,6849.75,1,,,
2026-04-13 10:16:31.683,T,6849.75,1,,,
2026-04-13 10:16:31.683,T,6849.75,1,,,
2026-04-13 10:16:31.683,T,6849.75,1,,,
2026-04-13 10:16:31.683,T,6849.75,1,,,
2026-04-13 10:16:31.683,T,6849.75,1,,,
2026-04-13 10:16:31.683,T,6849.75,3,,,
2026-04-13 10:16:31.683,T,6849.75,1,,,
2026-04-13 10:16:31.683,T,6849.75,1,,,
2026-04-13 10:16:31.776,T,6849.75,1,,,
2026-04-13 10:16:31.776,T,6849.75,1,,,
2026-04-13 10:16:31.776,T,6849.75,1,,,
2026-04-13 10:16:31.776,T,6849.75,1,,,
2026-04-13 10:16:31.776,T,6849.75,2,,,
2026-04-13 10:16:31.776,T,6849.75,1,,,
2026-04-13 10:16:31.776,T,6849.75,1,,,
2026-04-13 10:16:31.776,T,6849.75,1,,,
2026-04-13 10:16:31.776,T,6849.75,1,,,
2026-04-13 10:16:31.776,T,6849.75,1,,,
2026-04-13 10:16:31.776,T,6849.75,1,,,
2026-04-13 10:16:31.776,T,6849.75,1,,,
2026-04-13 10:16:31.776,T,6849.75,1,,,
2026-04-13 10:16:31.776,T,6849.75,1,,,
2026-04-13 10:16:31.776,T,6849.75,1,,,
2026-04-13 10:16:31.882,T,6849.75,1,,,
2026-04-13 10:16:31.932,T,6849.75,1,,,
2026-04-13 10:16:31.932,T,6849.75,1,,,
2026-04-13 10:16:31.932,T,6849.75,1,,,
2026-04-13 10:16:31.932,T,6849.75,1,,,
2026-04-13 10:16:31.932,T,6849.75,1,,,
2026-04-13 10:16:31.932,Q,,,,6849.5,6849.75
2026-04-13 10:16:32.488,Q,,,,6849.75,6850.0
2026-04-13 10:16:32.488,T,6849.75,2,,,
2026-04-13 10:16:32.488,T,6849.75,2,,,
2026-04-13 10:16:32.488,T,6849.75,1,,,
2026-04-13 10:16:32.488,T,6849.75,1,,,
2026-04-13 10:16:32.488,T,6849.75,1,,,
2026-04-13 10:16:32.488,T,6849.75,1,,,
2026-04-13 10:16:32.488,T,6849.75,1,,,
2026-04-13 10:16:32.488,T,6849.75,1,,,
2026-04-13 10:16:32.628,T,6849.75,1,,,
2026-04-13 10:16:32.628,T,6849.75,1,,,
2026-04-13 10:16:32.628,T,6849.75,1,,,
2026-04-13 10:16:32.628,T,6849.75,2,,,
2026-04-13 10:16:32.628,T,6849.75,1,,,
2026-04-13 10:16:32.629,Q,,,,6849.5,6849.75
2026-04-13 10:16:32.776,T,6849.75,1,,,
2026-04-13 10:16:32.776,T,6849.75,1,,,
2026-04-13 10:16:32.776,T,6849.75,1,,,
2026-04-13 10:16:32.776,T,6849.75,1,,,
2026-04-13 10:16:32.776,T,6849.75,1,,,
2026-04-13 10:16:32.777,Q,,,,6849.75,6850.0
2026-04-13 10:16:33.182,T,6850.0,1,,,
2026-04-13 10:16:33.182,T,6850.0,2,,,
2026-04-13 10:16:33.182,T,6850.0,1,,,
2026-04-13 10:16:33.577,Q,,,,6849.5,6849.75
2026-04-13 10:16:33.578,T,6849.75,1,,,
2026-04-13 10:16:33.578,T,6849.75,1,,,
2026-04-13 10:16:33.578,T,6849.75,1,,,
2026-04-13 10:16:33.578,T,6849.75,1,,,
2026-04-13 10:16:33.578,T,6849.75,1,,,
2026-04-13 10:16:33.578,T,6849.75,1,,,
2026-04-13 10:16:33.578,T,6849.75,2,,,
2026-04-13 10:16:33.578,T,6849.75,1,,,
2026-04-13 10:16:33.578,T,6849.75,1,,,
2026-04-13 10:16:33.578,T,6849.75,1,,,
2026-04-13 10:16:33.578,T,6849.75,1,,,
2026-04-13 10:16:33.578,T,6849.75,1,,,
2026-04-13 10:16:34.132,T,6849.5,1,,,
2026-04-13 10:16:34.132,T,6849.5,1,,,
2026-04-13 10:16:34.132,T,6849.5,1,,,
2026-04-13 10:16:34.132,T,6849.5,1,,,
2026-04-13 10:16:34.132,T,6849.5,1,,,
2026-04-13 10:16:34.132,T,6849.5,1,,,
2026-04-13 10:16:34.132,T,6849.5,2,,,
2026-04-13 10:16:34.132,T,6849.5,1,,,
2026-04-13 10:16:34.175,T,6849.5,2,,,
2026-04-13 10:16:34.175,T,6849.5,2,,,
2026-04-13 10:16:34.175,T,6849.5,1,,,
2026-04-13 10:16:34.175,T,6849.5,1,,,
2026-04-13 10:16:34.175,T,6849.5,1,,,
2026-04-13 10:16:34.175,T,6849.5,1,,,
2026-04-13 10:16:34.175,T,6849.5,3,,,
2026-04-13 10:16:34.175,T,6849.5,1,,,
2026-04-13 10:16:34.175,T,6849.5,1,,,
2026-04-13 10:16:34.175,T,6849.5,1,,,
2026-04-13 10:16:34.177,Q,,,,6849.25,6849.5
2026-04-13 10:16:34.279,T,6849.5,1,,,
2026-04-13 10:16:34.279,T,6849.5,1,,,
2026-04-13 10:16:34.279,T,6849.5,1,,,
2026-04-13 10:16:34.279,T,6849.5,1,,,
2026-04-13 10:16:34.279,T,6849.5,1,,,
2026-04-13 10:16:34.280,Q,,,,6849.5,6849.75
2026-04-13 10:16:34.585,T,6849.5,2,,,
2026-04-13 10:16:34.585,T,6849.5,1,,,
2026-04-13 10:16:34.585,T,6849.5,1,,,
2026-04-13 10:16:34.585,T,6849.5,1,,,
2026-04-13 10:16:34.585,T,6849.5,1,,,
2026-04-13 10:16:34.585,T,6849.5,3,,,
2026-04-13 10:16:34.585,T,6849.5,1,,,
2026-04-13 10:16:34.629,T,6849.5,1,,,
2026-04-13 10:16:34.629,T,6849.5,1,,,
2026-04-13 10:16:34.629,T,6849.5,2,,,
2026-04-13 10:16:34.629,T,6849.5,1,,,
2026-04-13 10:16:34.629,T,6849.5,1,,,
2026-04-13 10:16:34.630,Q,,,,6849.25,6849.5
2026-04-13 10:16:35.181,T,6849.5,4,,,
2026-04-13 10:16:35.334,T,6849.5,1,,,
2026-04-13 10:16:35.334,T,6849.5,1,,,
2026-04-13 10:16:35.334,T,6849.5,1,,,
2026-04-13 10:16:35.334,T,6849.5,1,,,
2026-04-13 10:16:35.334,T,6849.5,1,,,
2026-04-13 10:16:35.336,Q,,,,6849.5,6849.75
2026-04-13 10:16:35.380,T,6849.5,1,,,
2026-04-13 10:16:35.380,T,6849.5,1,,,
2026-04-13 10:16:35.380,T,6849.5,1,,,
2026-04-13 10:16:35.380,T,6849.5,1,,,
2026-04-13 10:16:35.380,T,6849.5,1,,,
2026-04-13 10:16:35.380,T,6849.5,1,,,
2026-04-13 10:16:35.380,T,6849.5,2,,,
2026-04-13 10:16:35.380,T,6849.5,1,,,
2026-04-13 10:16:35.380,T,6849.5,1,,,
2026-04-13 10:16:35.380,T,6849.5,3,,,
2026-04-13 10:16:35.380,T,6849.5,1,,,
2026-04-13 10:16:35.380,T,6849.5,1,,,
2026-04-13 10:16:35.380,T,6849.5,1,,,
2026-04-13 10:16:35.382,Q,,,,6849.25,6849.75
2026-04-13 10:16:35.476,T,6849.5,1,,,
2026-04-13 10:16:35.476,T,6849.5,1,,,
2026-04-13 10:16:35.476,T,6849.5,1,,,
2026-04-13 10:16:35.477,Q,,,,6849.5,6849.75
2026-04-13 10:16:35.888,T,6849.5,11,,,
2026-04-13 10:16:35.888,T,6849.5,2,,,
2026-04-13 10:16:36.213,Q,,,,6849.25,6849.5
2026-04-13 10:16:36.213,T,6849.5,4,,,
2026-04-13 10:16:36.213,T,6849.5,1,,,
2026-04-13 10:16:36.213,T,6849.5,1,,,
2026-04-13 10:16:36.213,T,6849.5,1,,,
2026-04-13 10:16:36.213,T,6849.5,3,,,
2026-04-13 10:16:36.213,T,6849.5,1,,,
2026-04-13 10:16:36.213,T,6849.5,1,,,
2026-04-13 10:16:36.213,T,6849.5,1,,,
2026-04-13 10:16:36.213,T,6849.5,1,,,
2026-04-13 10:16:36.213,T,6849.5,1,,,
2026-04-13 10:16:36.231,T,6849.5,1,,,
2026-04-13 10:16:36.231,T,6849.5,1,,,
2026-04-13 10:16:36.231,T,6849.5,2,,,
2026-04-13 10:16:36.231,T,6849.5,1,,,
2026-04-13 10:16:36.231,T,6849.5,1,,,
2026-04-13 10:16:36.231,T,6849.5,1,,,
2026-04-13 10:16:36.231,T,6849.5,1,,,
2026-04-13 10:16:36.231,T,6849.5,1,,,
2026-04-13 10:16:36.231,T,6849.5,1,,,
2026-04-13 10:16:36.231,T,6849.5,1,,,
2026-04-13 10:16:36.231,T,6849.5,1,,,
2026-04-13 10:16:36.231,T,6849.5,1,,,
2026-04-13 10:16:36.231,T,6849.5,1,,,
2026-04-13 10:16:36.231,T,6849.5,1,,,
2026-04-13 10:16:36.231,T,6849.5,1,,,
2026-04-13 10:16:36.231,T,6849.5,1,,,
2026-04-13 10:16:36.231,T,6849.5,1,,,
2026-04-13 10:16:36.231,T,6849.5,1,,,
2026-04-13 10:16:36.231,T,6849.5,1,,,
2026-04-13 10:16:36.579,Q,,,,6849.0,6849.25
2026-04-13 10:16:36.579,T,6849.25,1,,,
2026-04-13 10:16:36.579,T,6849.25,1,,,
2026-04-13 10:16:36.579,T,6849.25,1,,,
2026-04-13 10:16:36.579,T,6849.25,1,,,
2026-04-13 10:16:36.579,T,6849.25,2,,,
2026-04-13 10:16:36.579,T,6849.25,1,,,
2026-04-13 10:16:36.692,T,6849.25,1,,,
2026-04-13 10:16:36.692,T,6849.25,1,,,
2026-04-13 10:16:36.692,T,6849.25,1,,,
2026-04-13 10:16:36.692,T,6849.25,1,,,
2026-04-13 10:16:36.692,T,6849.25,1,,,
2026-04-13 10:16:36.692,T,6849.25,2,,,
2026-04-13 10:16:36.692,T,6849.25,1,,,
2026-04-13 10:16:36.692,T,6849.25,1,,,
2026-04-13 10:16:36.692,T,6849.25,1,,,
2026-04-13 10:16:36.692,T,6849.25,1,,,
2026-04-13 10:16:36.692,T,6849.25,1,,,
2026-04-13 10:16:36.692,T,6849.25,1,,,
2026-04-13 10:16:36.881,T,6849.25,1,,,
2026-04-13 10:16:36.881,T,6849.25,1,,,
2026-04-13 10:16:36.881,T,6849.25,1,,,
2026-04-13 10:16:36.881,T,6849.25,1,,,
2026-04-13 10:16:36.881,T,6849.25,1,,,
2026-04-13 10:16:36.881,Q,,,,6849.25,6849.5
2026-04-13 10:16:36.983,T,6849.25,1,,,
2026-04-13 10:16:36.983,T,6849.25,1,,,
2026-04-13 10:16:36.983,T,6849.25,1,,,
2026-04-13 10:16:36.983,T,6849.25,1,,,
2026-04-13 10:16:36.983,T,6849.25,1,,,
2026-04-13 10:16:36.983,T,6849.25,1,,,
2026-04-13 10:16:36.983,T,6849.25,1,,,
2026-04-13 10:16:36.983,T,6849.25,2,,,
2026-04-13 10:16:36.983,T,6849.25,1,,,
2026-04-13 10:16:37.025,Q,,,,6849.0,6849.25
2026-04-13 10:16:37.025,T,6849.25,1,,,
2026-04-13 10:16:37.025,T,6849.25,1,,,
2026-04-13 10:16:37.025,T,6849.25,1,,,
2026-04-13 10:16:37.025,T,6849.25,1,,,
2026-04-13 10:16:37.025,T,6849.25,3,,,
2026-04-13 10:16:37.432,T,6849.25,1,,,
2026-04-13 10:16:37.432,T,6849.25,1,,,
2026-04-13 10:16:37.432,T,6849.25,1,,,
2026-04-13 10:16:37.432,T,6849.25,1,,,
2026-04-13 10:16:37.432,T,6849.25,1,,,
2026-04-13 10:16:37.432,T,6849.25,1,,,
2026-04-13 10:16:37.432,T,6849.25,1,,,
2026-04-13 10:16:37.432,T,6849.25,1,,,
2026-04-13 10:16:37.432,T,6849.25,3,,,
2026-04-13 10:16:37.981,T,6849.25,1,,,
2026-04-13 10:16:37.981,T,6849.25,1,,,
2026-04-13 10:16:37.981,T,6849.25,1,,,
2026-04-13 10:16:37.981,T,6849.25,1,,,
2026-04-13 10:16:37.981,T,6849.25,1,,,
2026-04-13 10:16:37.981,T,6849.25,1,,,
2026-04-13 10:16:37.981,T,6849.25,3,,,
2026-04-13 10:16:37.981,T,6849.25,2,,,
2026-04-13 10:16:37.981,T,6849.25,1,,,
2026-04-13 10:16:37.981,T,6849.25,1,,,
2026-04-13 10:16:37.981,T,6849.25,1,,,
2026-04-13 10:16:37.981,T,6849.25,1,,,
2026-04-13 10:16:37.981,T,6849.25,3,,,
2026-04-13 10:16:37.981,T,6849.25,1,,,
2026-04-13 10:16:37.981,T,6849.25,1,,,
2026-04-13 10:16:37.981,T,6849.25,1,,,
2026-04-13 10:16:38.136,T,6849.25,1,,,
2026-04-13 10:16:38.832,T,6849.0,1,,,
2026-04-13 10:16:38.878,T,6849.25,1,,,
2026-04-13 10:16:38.878,T,6849.25,1,,,
2026-04-13 10:16:38.878,T,6849.25,1,,,
2026-04-13 10:16:38.878,T,6849.25,1,,,
2026-04-13 10:16:38.878,T,6849.25,1,,,
2026-04-13 10:16:38.878,T,6849.25,1,,,
2026-04-13 10:16:38.878,T,6849.25,5,,,
2026-04-13 10:16:38.878,T,6849.25,3,,,
2026-04-13 10:16:38.878,T,6849.25,1,,,
2026-04-13 10:16:38.878,T,6849.25,4,,,
2026-04-13 10:16:38.878,T,6849.25,3,,,
2026-04-13 10:16:38.878,T,6849.25,1,,,
2026-04-13 10:16:38.878,T,6849.25,4,,,
2026-04-13 10:16:38.878,T,6849.25,2,,,
2026-04-13 10:16:38.878,T,6849.25,2,,,
2026-04-13 10:16:38.878,T,6849.25,1,,,
2026-04-13 10:16:38.878,T,6849.25,1,,,
2026-04-13 10:16:38.878,T,6849.25,1,,,
2026-04-13 10:16:38.878,T,6849.25,1,,,
2026-04-13 10:16:38.878,T,6849.25,1,,,
2026-04-13 10:16:38.878,T,6849.25,1,,,
2026-04-13 10:16:38.878,T,6849.25,1,,,
2026-04-13 10:16:38.878,T,6849.25,1,,,
2026-04-13 10:16:38.878,T,6849.25,1,,,
2026-04-13 10:16:38.878,T,6849.25,1,,,
2026-04-13 10:16:38.878,T,6849.25,1,,,
2026-04-13 10:16:38.878,T,6849.5,4,,,
2026-04-13 10:16:38.878,T,6849.5,1,,,
2026-04-13 10:16:38.878,T,6849.5,1,,,
2026-04-13 10:16:38.878,T,6849.5,1,,,
2026-04-13 10:16:38.878,T,6849.5,1,,,
2026-04-13 10:16:38.878,T,6849.5,1,,,
2026-04-13 10:16:38.881,Q,,,,6849.25,6849.5
2026-04-13 10:16:38.934,T,6849.25,1,,,
2026-04-13 10:16:38.934,T,6849.25,1,,,
2026-04-13 10:16:38.934,T,6849.25,3,,,
2026-04-13 10:16:38.934,T,6849.25,1,,,
2026-04-13 10:16:38.934,T,6849.25,1,,,
2026-04-13 10:16:38.934,T,6849.25,1,,,
2026-04-13 10:16:38.934,T,6849.25,1,,,
2026-04-13 10:16:38.934,T,6849.25,1,,,
2026-04-13 10:16:38.934,T,6849.25,1,,,
2026-04-13 10:16:38.934,T,6849.25,1,,,
2026-04-13 10:16:38.934,T,6849.25,1,,,
2026-04-13 10:16:38.934,T,6849.25,1,,,
2026-04-13 10:16:38.934,T,6849.25,1,,,
2026-04-13 10:16:38.934,T,6849.25,1,,,
2026-04-13 10:16:38.934,T,6849.25,1,,,
2026-04-13 10:16:38.934,T,6849.25,1,,,
2026-04-13 10:16:38.934,T,6849.25,1,,,
2026-04-13 10:16:38.934,T,6849.25,1,,,
2026-04-13 10:16:38.934,T,6849.25,1,,,
2026-04-13 10:16:39.027,T,6849.25,1,,,
2026-04-13 10:16:39.428,T,6849.25,1,,,
2026-04-13 10:16:39.581,T,6849.25,1,,,
2026-04-13 10:16:39.581,T,6849.25,1,,,
2026-04-13 10:16:39.581,T,6849.25,1,,,
2026-04-13 10:16:39.581,T,6849.25,4,,,
2026-04-13 10:16:39.581,T,6849.25,1,,,
2026-04-13 10:16:39.581,T,6849.25,3,,,
2026-04-13 10:16:39.581,T,6849.25,1,,,
2026-04-13 10:16:39.581,T,6849.25,1,,,
2026-04-13 10:16:39.581,T,6849.25,2,,,
2026-04-13 10:16:39.581,T,6849.25,1,,,
2026-04-13 10:16:39.581,T,6849.25,2,,,
2026-04-13 10:16:39.581,T,6849.25,1,,,
2026-04-13 10:16:39.581,T,6849.25,1,,,
2026-04-13 10:16:39.581,T,6849.25,3,,,
2026-04-13 10:16:39.581,T,6849.25,1,,,
2026-04-13 10:16:39.581,T,6849.25,1,,,
2026-04-13 10:16:39.626,T,6849.25,1,,,
2026-04-13 10:16:39.626,T,6849.25,1,,,
2026-04-13 10:16:39.626,T,6849.25,1,,,
2026-04-13 10:16:39.626,T,6849.25,1,,,
2026-04-13 10:16:39.626,T,6849.25,1,,,
2026-04-13 10:16:39.628,Q,,,,6849.0,6849.25
2026-04-13 10:16:39.934,T,6849.25,1,,,
2026-04-13 10:16:39.934,T,6849.25,1,,,
2026-04-13 10:16:39.934,T,6849.25,1,,,
2026-04-13 10:16:39.934,T,6849.25,1,,,
2026-04-13 10:16:39.934,T,6849.25,1,,,
2026-04-13 10:16:39.934,T,6849.25,1,,,
2026-04-13 10:16:39.934,T,6849.25,1,,,
2026-04-13 10:16:39.934,T,6849.25,2,,,
2026-04-13 10:16:39.934,T,6849.25,1,,,
2026-04-13 10:16:39.934,T,6849.25,1,,,
2026-04-13 10:16:39.934,T,6849.25,1,,,
2026-04-13 10:16:40.078,Q,,,,6849.0,6849.5
2026-04-13 10:16:40.078,T,6849.25,1,,,
2026-04-13 10:16:40.078,T,6849.25,1,,,
2026-04-13 10:16:40.078,T,6849.25,1,,,
2026-04-13 10:16:40.078,T,6849.25,1,,,
2026-04-13 10:16:40.078,T,6849.25,1,,,
2026-04-13 10:16:40.078,T,6849.25,1,,,
2026-04-13 10:16:40.162,T,6849.25,1,,,
2026-04-13 10:16:40.162,T,6849.25,1,,,
2026-04-13 10:16:40.162,T,6849.25,1,,,
2026-04-13 10:16:40.162,T,6849.25,1,,,
2026-04-13 10:16:40.163,Q,,,,6849.0,6849.25
2026-04-13 10:16:40.690,T,6849.0,1,,,
2026-04-13 10:16:40.690,T,6849.0,1,,,
2026-04-13 10:16:40.690,T,6849.0,1,,,
2026-04-13 10:16:40.690,T,6849.0,1,,,
2026-04-13 10:16:40.690,T,6849.0,1,,,
2026-04-13 10:16:40.690,T,6849.0,1,,,
2026-04-13 10:16:40.690,T,6849.0,1,,,
2026-04-13 10:16:40.690,T,6849.0,1,,,
2026-04-13 10:16:40.690,T,6849.0,1,,,
2026-04-13 10:16:40.690,T,6849.0,3,,,
2026-04-13 10:16:40.690,T,6849.0,1,,,
2026-04-13 10:16:40.690,T,6849.0,1,,,
2026-04-13 10:16:40.690,T,6849.0,1,,,
2026-04-13 10:16:40.690,T,6849.0,1,,,
2026-04-13 10:16:40.690,T,6849.0,1,,,
2026-04-13 10:16:40.690,T,6849.0,3,,,
2026-04-13 10:16:40.690,T,6849.0,1,,,
2026-04-13 10:16:40.690,T,6849.0,3,,,
2026-04-13 10:16:40.690,T,6849.0,1,,,
2026-04-13 10:16:40.690,T,6849.0,1,,,
2026-04-13 10:16:40.690,T,6849.0,1,,,
2026-04-13 10:16:40.690,T,6849.0,1,,,
2026-04-13 10:16:40.690,T,6849.0,1,,,
2026-04-13 10:16:40.690,T,6849.0,1,,,
2026-04-13 10:16:40.690,T,6849.0,1,,,
2026-04-13 10:16:40.690,T,6849.0,1,,,
2026-04-13 10:16:40.690,T,6849.0,2,,,
2026-04-13 10:16:40.690,T,6849.0,1,,,
2026-04-13 10:16:40.690,T,6849.0,1,,,
2026-04-13 10:16:40.690,T,6849.0,1,,,
2026-04-13 10:16:40.690,T,6849.0,1,,,
2026-04-13 10:16:40.690,T,6849.0,1,,,
2026-04-13 10:16:40.690,T,6849.0,1,,,
2026-04-13 10:16:40.690,T,6849.0,1,,,
2026-04-13 10:16:40.690,T,6849.0,1,,,
2026-04-13 10:16:40.690,T,6849.0,1,,,
2026-04-13 10:16:40.728,T,6849.0,1,,,
2026-04-13 10:16:40.782,T,6849.0,1,,,
2026-04-13 10:16:40.782,T,6849.0,1,,,
2026-04-13 10:16:40.782,T,6849.0,1,,,
2026-04-13 10:16:40.782,T,6849.0,1,,,
2026-04-13 10:16:40.782,T,6849.0,1,,,
2026-04-13 10:16:40.782,T,6849.0,2,,,
2026-04-13 10:16:40.782,T,6849.0,1,,,
2026-04-13 10:16:40.782,T,6849.0,1,,,
2026-04-13 10:16:40.782,T,6849.0,1,,,
2026-04-13 10:16:40.782,T,6849.0,1,,,
2026-04-13 10:16:40.782,T,6849.0,1,,,
2026-04-13 10:16:40.782,T,6849.0,1,,,
2026-04-13 10:16:40.782,T,6849.0,1,,,
2026-04-13 10:16:40.782,T,6849.0,4,,,
2026-04-13 10:16:40.782,T,6849.0,2,,,
2026-04-13 10:16:40.782,T,6848.75,2,,,
2026-04-13 10:16:40.782,T,6848.75,2,,,
2026-04-13 10:16:40.782,T,6848.75,1,,,
2026-04-13 10:16:40.782,T,6849.0,1,,,
2026-04-13 10:16:40.782,T,6849.0,1,,,
2026-04-13 10:16:40.782,T,6849.0,1,,,
2026-04-13 10:16:40.782,T,6849.0,1,,,
2026-04-13 10:16:41.695,Q,,,,6848.75,6849.0
2026-04-13 10:16:41.695,T,6849.0,1,,,
2026-04-13 10:16:41.695,T,6849.0,2,,,
2026-04-13 10:16:41.695,T,6849.0,1,,,
2026-04-13 10:16:41.695,T,6849.0,1,,,
2026-04-13 10:16:41.695,T,6849.0,1,,,
2026-04-13 10:16:41.695,T,6849.0,2,,,
2026-04-13 10:16:41.695,T,6849.0,1,,,
2026-04-13 10:16:41.695,T,6849.0,1,,,
2026-04-13 10:16:41.695,T,6849.0,1,,,
2026-04-13 10:16:41.695,T,6849.0,2,,,
2026-04-13 10:16:41.695,T,6849.0,1,,,
2026-04-13 10:16:41.695,T,6849.0,2,,,
2026-04-13 10:16:41.695,T,6849.0,1,,,
2026-04-13 10:16:41.695,T,6849.0,1,,,
2026-04-13 10:16:41.695,T,6849.0,1,,,
2026-04-13 10:16:41.695,T,6849.0,2,,,
2026-04-13 10:16:41.695,T,6849.0,1,,,
2026-04-13 10:16:41.695,T,6849.0,1,,,
2026-04-13 10:16:41.695,T,6848.75,1,,,
2026-04-13 10:16:41.695,T,6848.75,1,,,
2026-04-13 10:16:41.695,T,6848.75,4,,,
2026-04-13 10:16:41.695,T,6848.75,1,,,
2026-04-13 10:16:41.695,T,6848.75,1,,,
2026-04-13 10:16:41.695,T,6848.75,1,,,
2026-04-13 10:16:41.695,T,6848.75,1,,,
2026-04-13 10:16:41.695,T,6848.75,1,,,
2026-04-13 10:16:41.695,T,6848.75,1,,,
2026-04-13 10:16:41.695,T,6848.75,2,,,
2026-04-13 10:16:41.695,T,6848.75,1,,,
2026-04-13 10:16:41.695,T,6848.75,1,,,
2026-04-13 10:16:41.695,T,6848.75,2,,,
2026-04-13 10:16:41.695,T,6848.75,4,,,
2026-04-13 10:16:41.695,T,6848.75,1,,,
2026-04-13 10:16:41.695,T,6848.75,1,,,
2026-04-13 10:16:41.695,T,6848.75,1,,,
2026-04-13 10:16:41.695,T,6848.75,3,,,
2026-04-13 10:16:41.695,T,6848.75,1,,,
2026-04-13 10:16:41.695,T,6848.75,1,,,
2026-04-13 10:16:41.695,T,6848.75,1,,,
2026-04-13 10:16:41.695,T,6848.75,5,,,
2026-04-13 10:16:41.695,T,6848.75,1,,,
2026-04-13 10:16:42.211,T,6848.75,1,,,
2026-04-13 10:16:42.211,T,6848.75,5,,,
2026-04-13 10:16:42.211,T,6848.75,99,,,
2026-04-13 10:16:42.211,T,6848.75,1,,,
2026-04-13 10:16:42.211,T,6848.75,1,,,
2026-04-13 10:16:42.211,T,6848.75,1,,,
2026-04-13 10:16:42.211,T,6848.5,1,,,
2026-04-13 10:16:42.211,T,6848.5,1,,,
2026-04-13 10:16:42.211,T,6848.5,1,,,
2026-04-13 10:16:42.211,T,6848.5,1,,,
2026-04-13 10:16:42.211,T,6848.5,1,,,
2026-04-13 10:16:42.211,T,6848.5,4,,,
2026-04-13 10:16:42.211,T,6848.5,1,,,
2026-04-13 10:16:42.211,T,6848.5,1,,,
2026-04-13 10:16:42.211,T,6848.5,1,,,
2026-04-13 10:16:42.211,T,6848.5,1,,,
2026-04-13 10:16:42.211,T,6848.5,1,,,
2026-04-13 10:16:42.211,T,6848.5,1,,,
2026-04-13 10:16:42.211,T,6848.5,1,,,
2026-04-13 10:16:42.211,T,6848.5,1,,,
2026-04-13 10:16:42.211,T,6848.5,1,,,
2026-04-13 10:16:42.211,T,6848.5,1,,,
2026-04-13 10:16:42.211,T,6848.5,1,,,
2026-04-13 10:16:42.211,T,6848.5,2,,,
2026-04-13 10:16:42.211,T,6848.5,2,,,
2026-04-13 10:16:42.211,T,6848.5,1,,,
2026-04-13 10:16:42.211,T,6848.5,1,,,
2026-04-13 10:16:42.211,T,6848.5,2,,,
2026-04-13 10:16:42.211,T,6848.5,1,,,
2026-04-13 10:16:42.211,T,6848.5,1,,,
2026-04-13 10:16:42.211,T,6848.5,1,,,
2026-04-13 10:16:42.211,T,6848.5,1,,,
2026-04-13 10:16:42.211,T,6848.5,2,,,
2026-04-13 10:16:42.211,T,6848.5,1,,,
2026-04-13 10:16:42.211,T,6848.5,1,,,
2026-04-13 10:16:42.211,T,6848.5,1,,,
2026-04-13 10:16:42.211,T,6848.5,3,,,
2026-04-13 10:16:42.211,T,6848.5,1,,,
2026-04-13 10:16:42.211,T,6848.5,1,,,
2026-04-13 10:16:42.211,T,6848.5,1,,,
2026-04-13 10:16:42.211,T,6848.5,1,,,
2026-04-13 10:16:42.211,T,6848.5,1,,,
2026-04-13 10:16:42.211,T,6848.5,1,,,
2026-04-13 10:16:42.211,T,6848.5,1,,,
2026-04-13 10:16:42.211,T,6848.5,1,,,
2026-04-13 10:16:42.211,T,6848.5,1,,,
2026-04-13 10:16:42.211,T,6848.5,1,,,
2026-04-13 10:16:42.213,Q,,,,6848.5,6848.75
2026-04-13 10:16:42.213,Q,,,,6848.75,6849.0
2026-04-13 10:16:42.213,T,6848.75,1,,,
2026-04-13 10:16:42.213,T,6848.75,1,,,
2026-04-13 10:16:42.213,T,6848.75,1,,,
2026-04-13 10:16:42.213,T,6848.75,1,,,
2026-04-13 10:16:42.213,T,6848.75,1,,,
2026-04-13 10:16:42.213,T,6848.75,1,,,
2026-04-13 10:16:42.213,T,6848.75,1,,,
2026-04-13 10:16:42.214,T,6848.75,1,,,
2026-04-13 10:16:42.214,T,6849.0,1,,,
2026-04-13 10:16:42.214,T,6848.75,1,,,
2026-04-13 10:16:42.214,T,6848.75,1,,,
2026-04-13 10:16:42.214,T,6848.75,1,,,
2026-04-13 10:16:42.214,T,6848.75,1,,,
2026-04-13 10:16:42.214,T,6848.75,1,,,
2026-04-13 10:16:42.214,T,6848.75,1,,,
2026-04-13 10:16:42.214,T,6848.75,1,,,
2026-04-13 10:16:42.215,Q,,,,6848.5,6848.75
2026-04-13 10:16:42.306,T,6848.75,1,,,
2026-04-13 10:16:42.306,T,6848.5,1,,,
2026-04-13 10:16:42.768,T,6848.75,1,,,
2026-04-13 10:16:42.769,T,6848.5,1,,,
2026-04-13 10:16:42.769,T,6848.5,1,,,
2026-04-13 10:16:42.769,T,6848.5,1,,,
2026-04-13 10:16:43.121,T,6848.5,1,,,
2026-04-13 10:16:43.121,T,6848.5,1,,,
2026-04-13 10:16:43.121,T,6848.5,2,,,
2026-04-13 10:16:43.121,T,6848.5,1,,,
2026-04-13 10:16:43.121,T,6848.5,1,,,
2026-04-13 10:16:43.121,T,6848.5,1,,,
2026-04-13 10:16:43.121,T,6848.5,1,,,
2026-04-13 10:16:43.121,T,6848.5,1,,,
2026-04-13 10:16:43.121,T,6848.5,1,,,
2026-04-13 10:16:43.121,T,6848.5,1,,,
2026-04-13 10:16:43.121,T,6848.5,1,,,
2026-04-13 10:16:43.121,T,6848.5,1,,,
2026-04-13 10:16:43.123,Q,,,,6848.25,6848.5
2026-04-13 10:16:43.123,Q,,,,6848.5,6848.75
2026-04-13 10:16:43.123,T,6848.5,1,,,
2026-04-13 10:16:43.123,T,6848.5,1,,,
2026-04-13 10:16:43.123,T,6848.5,1,,,
2026-04-13 10:16:43.123,T,6848.5,1,,,
2026-04-13 10:16:43.123,T,6848.5,1,,,
2026-04-13 10:16:43.123,T,6848.5,1,,,
2026-04-13 10:16:43.468,T,6848.5,1,,,
2026-04-13 10:16:43.469,T,6848.5,1,,,
2026-04-13 10:16:44.098,T,6848.5,1,,,
2026-04-13 10:16:44.100,Q,,,,6848.25,6848.5
2026-04-13 10:16:44.101,T,6848.5,3,,,
2026-04-13 10:16:44.101,T,6848.5,1,,,
2026-04-13 10:16:44.101,T,6848.5,1,,,
2026-04-13 10:16:44.101,T,6848.5,2,,,
2026-04-13 10:16:44.101,T,6848.5,1,,,
2026-04-13 10:16:44.101,T,6848.5,1,,,
2026-04-13 10:16:44.101,T,6848.5,1,,,
2026-04-13 10:16:44.101,T,6848.5,1,,,
2026-04-13 10:16:44.265,T,6848.5,1,,,
2026-04-13 10:16:44.265,T,6848.5,1,,,
2026-04-13 10:16:44.265,T,6848.5,1,,,
2026-04-13 10:16:44.265,T,6848.5,3,,,
2026-04-13 10:16:44.265,T,6848.5,1,,,
2026-04-13 10:16:44.265,T,6848.5,1,,,
2026-04-13 10:16:44.265,T,6848.5,1,,,
2026-04-13 10:16:44.265,T,6848.5,1,,,
2026-04-13 10:16:44.265,T,6848.5,1,,,
2026-04-13 10:16:44.265,T,6848.5,1,,,
2026-04-13 10:16:44.265,T,6848.5,1,,,
2026-04-13 10:16:44.265,T,6848.5,1,,,
2026-04-13 10:16:44.266,Q,,,,6848.0,6848.25
2026-04-13 10:16:44.267,T,6848.25,1,,,
2026-04-13 10:16:44.267,T,6848.25,1,,,
2026-04-13 10:16:44.267,T,6848.25,1,,,
2026-04-13 10:16:44.267,T,6848.25,1,,,
2026-04-13 10:16:44.267,T,6848.25,1,,,
2026-04-13 10:16:44.278,T,6848.25,1,,,
2026-04-13 10:16:44.278,T,6848.25,1,,,
2026-04-13 10:16:44.278,T,6848.25,1,,,
2026-04-13 10:16:44.278,T,6848.25,1,,,
2026-04-13 10:16:44.278,T,6848.25,1,,,
2026-04-13 10:16:44.278,T,6848.25,1,,,
2026-04-13 10:16:44.278,T,6848.25,1,,,
2026-04-13 10:16:44.278,Q,,,,6848.25,6848.5
2026-04-13 10:16:44.476,T,6848.5,1,,,
2026-04-13 10:16:44.476,T,6848.5,1,,,
2026-04-13 10:16:44.476,T,6848.5,1,,,
2026-04-13 10:16:44.476,T,6848.5,1,,,
2026-04-13 10:16:44.476,T,6848.5,1,,,
2026-04-13 10:16:44.476,T,6848.5,1,,,
2026-04-13 10:16:44.476,T,6848.5,1,,,
2026-04-13 10:16:44.477,Q,,,,6848.5,6848.75
2026-04-13 10:16:44.629,Q,,,,6848.75,6849.0
2026-04-13 10:16:44.630,T,6848.75,1,,,
2026-04-13 10:16:44.630,T,6848.75,1,,,
2026-04-13 10:16:44.630,T,6848.75,1,,,
2026-04-13 10:16:44.630,T,6848.75,1,,,
2026-04-13 10:16:44.630,T,6848.75,1,,,
2026-04-13 10:16:44.630,T,6848.75,1,,,
2026-04-13 10:16:44.630,T,6848.75,2,,,
2026-04-13 10:16:44.630,T,6848.75,1,,,
2026-04-13 10:16:44.630,T,6848.75,1,,,
2026-04-13 10:16:44.630,T,6848.75,4,,,
2026-04-13 10:16:44.630,T,6848.75,1,,,
2026-04-13 10:16:44.630,T,6848.75,1,,,
2026-04-13 10:16:44.630,T,6848.75,2,,,
2026-04-13 10:16:44.630,T,6848.75,2,,,
2026-04-13 10:16:44.630,T,6848.75,1,,,
2026-04-13 10:16:44.630,T,6848.75,1,,,
2026-04-13 10:16:44.630,T,6848.75,1,,,
2026-04-13 10:16:44.630,T,6848.75,1,,,
2026-04-13 10:16:44.630,T,6848.75,2,,,
2026-04-13 10:16:44.630,T,6848.75,1,,,
2026-04-13 10:16:44.630,T,6848.75,1,,,
2026-04-13 10:16:44.630,T,6848.75,4,,,
2026-04-13 10:16:44.630,T,6848.75,1,,,
2026-04-13 10:16:44.630,T,6848.75,1,,,
2026-04-13 10:16:44.801,T,6848.75,1,,,
2026-04-13 10:16:44.803,T,6849.0,1,,,
2026-04-13 10:16:44.803,T,6849.0,1,,,
2026-04-13 10:16:44.803,T,6849.0,4,,,
2026-04-13 10:16:44.803,T,6849.0,1,,,
2026-04-13 10:16:44.803,T,6849.0,1,,,
2026-04-13 10:16:44.803,T,6849.0,1,,,
2026-04-13 10:16:44.803,T,6849.0,1,,,
2026-04-13 10:16:44.803,T,6849.0,1,,,
2026-04-13 10:16:44.803,T,6849.0,1,,,
2026-04-13 10:16:44.803,T,6849.0,1,,,
2026-04-13 10:16:44.803,T,6849.0,1,,,
2026-04-13 10:16:44.803,T,6849.0,1,,,
2026-04-13 10:16:44.803,T,6849.0,2,,,
2026-04-13 10:16:44.803,T,6849.0,1,,,
2026-04-13 10:16:44.803,T,6849.0,1,,,
2026-04-13 10:16:44.803,T,6849.0,1,,,
2026-04-13 10:16:44.803,T,6849.0,1,,,
2026-04-13 10:16:44.803,T,6849.0,1,,,
2026-04-13 10:16:44.803,T,6849.0,6,,,
2026-04-13 10:16:44.930,T,6848.75,4,,,
2026-04-13 10:16:44.930,T,6848.75,1,,,
2026-04-13 10:16:44.930,T,6848.75,1,,,
2026-04-13 10:16:45.079,T,6848.75,1,,,
2026-04-13 10:16:45.256,T,6848.75,2,,,
2026-04-13 10:16:45.256,T,6848.75,1,,,
2026-04-13 10:16:45.483,T,6848.75,1,,,
2026-04-13 10:16:45.841,T,6849.0,1,,,
2026-04-13 10:16:45.841,T,6849.0,1,,,
2026-04-13 10:16:45.841,T,6849.0,2,,,
2026-04-13 10:16:45.841,T,6849.0,1,,,
2026-04-13 10:16:45.841,T,6849.0,1,,,
2026-04-13 10:16:45.841,T,6849.0,1,,,
2026-04-13 10:16:45.841,T,6849.0,1,,,
2026-04-13 10:16:45.841,T,6849.0,1,,,
2026-04-13 10:16:45.841,T,6849.0,1,,,
2026-04-13 10:16:45.841,T,6849.0,4,,,
2026-04-13 10:16:45.841,T,6849.0,2,,,
2026-04-13 10:16:45.841,T,6849.0,3,,,
2026-04-13 10:16:45.841,T,6849.0,1,,,
2026-04-13 10:16:45.841,T,6849.0,2,,,
2026-04-13 10:16:45.841,T,6849.0,1,,,
2026-04-13 10:16:45.841,T,6849.0,3,,,
2026-04-13 10:16:45.841,T,6849.0,3,,,
2026-04-13 10:16:45.841,T,6849.0,2,,,
2026-04-13 10:16:45.841,T,6849.0,1,,,
2026-04-13 10:16:45.841,T,6849.0,1,,,
2026-04-13 10:16:45.841,T,6849.0,1,,,
2026-04-13 10:16:45.841,T,6849.0,1,,,
2026-04-13 10:16:45.841,T,6849.0,1,,,
2026-04-13 10:16:45.841,T,6849.0,2,,,
2026-04-13 10:16:45.841,T,6849.0,1,,,
2026-04-13 10:16:45.841,T,6849.0,2,,,
2026-04-13 10:16:45.841,T,6849.0,1,,,
2026-04-13 10:16:45.841,T,6849.0,1,,,
2026-04-13 10:16:45.841,T,6849.0,2,,,
2026-04-13 10:16:45.841,T,6849.0,1,,,
2026-04-13 10:16:45.841,T,6849.0,3,,,
2026-04-13 10:16:45.841,T,6849.0,2,,,
2026-04-13 10:16:45.841,T,6849.0,1,,,
2026-04-13 10:16:45.841,T,6849.0,1,,,
2026-04-13 10:16:45.841,T,6849.0,1,,,
2026-04-13 10:16:45.841,T,6849.0,1,,,
2026-04-13 10:16:45.841,T,6849.0,1,,,
2026-04-13 10:16:45.841,T,6849.0,1,,,
2026-04-13 10:16:45.841,T,6849.0,1,,,
2026-04-13 10:16:45.841,T,6849.0,2,,,
2026-04-13 10:16:45.841,T,6849.0,1,,,
2026-04-13 10:16:45.841,T,6849.0,1,,,
2026-04-13 10:16:45.841,T,6849.0,1,,,
2026-04-13 10:16:45.841,T,6849.0,1,,,
2026-04-13 10:16:45.841,T,6849.0,1,,,
2026-04-13 10:16:45.841,T,6849.0,1,,,
2026-04-13 10:16:45.844,T,6849.0,1,,,
2026-04-13 10:16:45.844,T,6849.0,1,,,
2026-04-13 10:16:45.844,T,6849.0,1,,,
2026-04-13 10:16:45.844,T,6849.0,1,,,
2026-04-13 10:16:45.844,T,6849.0,4,,,
2026-04-13 10:16:45.844,T,6849.0,1,,,
2026-04-13 10:16:45.844,T,6849.0,1,,,
2026-04-13 10:16:45.844,T,6849.0,4,,,
2026-04-13 10:16:45.844,T,6849.0,1,,,
2026-04-13 10:16:45.844,T,6849.0,1,,,
2026-04-13 10:16:45.844,T,6849.0,3,,,
2026-04-13 10:16:45.844,T,6849.0,1,,,
2026-04-13 10:16:45.954,T,6849.0,1,,,
2026-04-13 10:16:45.954,T,6849.0,4,,,
2026-04-13 10:16:45.954,T,6849.0,1,,,
2026-04-13 10:16:45.954,T,6849.0,1,,,
2026-04-13 10:16:45.954,T,6849.0,4,,,
2026-04-13 10:16:45.954,T,6849.0,1,,,
2026-04-13 10:16:45.954,T,6849.0,3,,,
2026-04-13 10:16:45.954,T,6849.0,1,,,
2026-04-13 10:16:45.954,T,6849.0,1,,,
2026-04-13 10:16:45.954,T,6849.0,1,,,
2026-04-13 10:16:45.954,T,6849.0,1,,,
2026-04-13 10:16:45.954,T,6849.0,1,,,
2026-04-13 10:16:45.954,T,6849.0,1,,,
2026-04-13 10:16:45.954,T,6849.0,4,,,
2026-04-13 10:16:45.954,T,6849.0,1,,,
2026-04-13 10:16:45.954,T,6849.0,1,,,
2026-04-13 10:16:45.954,T,6849.0,1,,,
2026-04-13 10:16:45.954,T,6849.0,1,,,
2026-04-13 10:16:45.954,T,6849.0,1,,,
2026-04-13 10:16:45.954,T,6849.0,1,,,
2026-04-13 10:16:45.954,T,6849.0,1,,,
2026-04-13 10:16:46.127,Q,,,,6848.5,6848.75
2026-04-13 10:16:46.127,T,6848.75,4,,,
2026-04-13 10:16:46.127,T,6848.75,1,,,
2026-04-13 10:16:46.127,T,6848.75,1,,,
2026-04-13 10:16:46.127,T,6848.75,1,,,
2026-04-13 10:16:46.127,T,6848.75,2,,,
2026-04-13 10:16:46.127,T,6848.75,1,,,
2026-04-13 10:16:46.127,T,6848.75,1,,,
2026-04-13 10:16:46.127,T,6848.75,1,,,
2026-04-13 10:16:46.127,T,6848.75,1,,,
2026-04-13 10:16:46.320,Q,,,,6848.75,6849.0
2026-04-13 10:16:46.321,T,6848.75,1,,,
2026-04-13 10:16:46.321,T,6848.75,1,,,
2026-04-13 10:16:46.321,T,6848.75,1,,,
2026-04-13 10:16:46.321,T,6848.75,1,,,
2026-04-13 10:16:46.321,T,6848.75,1,,,
2026-04-13 10:16:46.321,T,6848.75,1,,,
2026-04-13 10:16:46.321,T,6848.75,1,,,
2026-04-13 10:16:46.321,T,6848.75,1,,,
2026-04-13 10:16:46.650,T,6849.0,1,,,
2026-04-13 10:16:47.046,T,6849.0,1,,,
2026-04-13 10:16:47.046,T,6849.0,4,,,
2026-04-13 10:16:47.046,T,6849.0,1,,,
2026-04-13 10:16:47.046,T,6849.0,1,,,
2026-04-13 10:16:47.046,T,6849.0,1,,,
2026-04-13 10:16:47.046,T,6849.0,1,,,
2026-04-13 10:16:47.046,T,6849.0,2,,,
2026-04-13 10:16:47.046,T,6849.0,1,,,
2026-04-13 10:16:47.046,T,6849.0,1,,,
2026-04-13 10:16:47.046,T,6849.0,1,,,
2026-04-13 10:16:47.046,T,6849.0,1,,,
2026-04-13 10:16:47.046,T,6849.0,1,,,
2026-04-13 10:16:47.046,T,6849.0,1,,,
2026-04-13 10:16:47.046,T,6849.0,2,,,
2026-04-13 10:16:47.046,T,6849.0,1,,,
2026-04-13 10:16:47.194,T,6849.0,1,,,
2026-04-13 10:16:47.194,T,6849.0,1,,,
2026-04-13 10:16:47.194,T,6849.0,1,,,
2026-04-13 10:16:47.194,T,6849.0,1,,,
2026-04-13 10:16:47.194,T,6849.0,2,,,
2026-04-13 10:16:47.194,T,6849.0,1,,,
2026-04-13 10:16:47.194,T,6849.0,1,,,
2026-04-13 10:16:47.194,T,6849.0,2,,,
2026-04-13 10:16:47.194,T,6849.0,1,,,
2026-04-13 10:16:47.194,T,6849.0,1,,,
2026-04-13 10:16:47.194,T,6849.0,1,,,
2026-04-13 10:16:47.194,T,6849.0,2,,,
2026-04-13 10:16:47.194,T,6849.0,4,,,
2026-04-13 10:16:47.194,T,6849.0,1,,,
2026-04-13 10:16:47.194,T,6849.0,1,,,
2026-04-13 10:16:47.194,T,6849.0,1,,,
2026-04-13 10:16:47.195,Q,,,,6849.0,6849.25
2026-04-13 10:16:47.282,T,6849.25,1,,,
2026-04-13 10:16:47.282,T,6849.25,1,,,
2026-04-13 10:16:47.282,T,6849.25,1,,,
2026-04-13 10:16:47.375,Q,,,,6848.75,6849.0
2026-04-13 10:16:47.376,T,6849.0,1,,,
2026-04-13 10:16:47.376,T,6849.0,3,,,
2026-04-13 10:16:47.376,T,6849.0,1,,,
2026-04-13 10:16:47.376,T,6849.0,2,,,
2026-04-13 10:16:47.376,T,6849.0,1,,,
2026-04-13 10:16:47.376,T,6849.0,1,,,
2026-04-13 10:16:47.376,T,6849.0,1,,,
2026-04-13 10:16:47.376,T,6849.0,1,,,
2026-04-13 10:16:47.376,T,6849.0,1,,,
2026-04-13 10:16:47.376,T,6849.0,1,,,
2026-04-13 10:16:47.376,T,6849.0,1,,,
2026-04-13 10:16:47.376,T,6849.0,1,,,
2026-04-13 10:16:47.376,T,6849.0,1,,,
2026-04-13 10:16:47.432,T,6849.0,1,,,
2026-04-13 10:16:47.432,T,6849.0,1,,,
2026-04-13 10:16:47.432,T,6849.0,1,,,
2026-04-13 10:16:47.432,T,6849.0,1,,,
2026-04-13 10:16:47.432,T,6849.0,4,,,
2026-04-13 10:16:47.432,T,6849.0,1,,,
2026-04-13 10:16:47.432,T,6849.0,1,,,
2026-04-13 10:16:47.432,T,6849.0,1,,,
2026-04-13 10:16:47.432,T,6849.0,1,,,
2026-04-13 10:16:47.432,T,6849.0,1,,,
2026-04-13 10:16:47.632,T,6848.75,1,,,
2026-04-13 10:16:47.734,Q,,,,6849.0,6849.25
2026-04-13 10:16:47.735,T,6849.0,3,,,
2026-04-13 10:16:47.735,T,6849.0,1,,,
2026-04-13 10:16:47.735,T,6849.0,2,,,
2026-04-13 10:16:47.735,T,6849.0,1,,,
2026-04-13 10:16:47.735,T,6849.0,1,,,
2026-04-13 10:16:47.735,T,6849.0,1,,,
2026-04-13 10:16:47.735,T,6849.0,1,,,
2026-04-13 10:16:47.735,T,6849.0,1,,,
2026-04-13 10:16:47.735,T,6849.0,1,,,
2026-04-13 10:16:47.735,T,6849.0,1,,,
2026-04-13 10:16:47.735,T,6849.0,1,,,
2026-04-13 10:16:47.735,T,6849.0,1,,,
2026-04-13 10:16:47.735,T,6849.0,2,,,
2026-04-13 10:16:47.735,T,6849.0,1,,,
2026-04-13 10:16:47.735,T,6849.0,1,,,
2026-04-13 10:16:47.735,T,6849.0,1,,,
2026-04-13 10:16:47.735,T,6849.0,1,,,
2026-04-13 10:16:47.735,T,6849.0,1,,,
2026-04-13 10:16:47.735,T,6849.0,1,,,
2026-04-13 10:16:47.735,T,6849.0,1,,,
2026-04-13 10:16:47.735,T,6849.0,1,,,
2026-04-13 10:16:47.775,T,6849.0,1,,,
2026-04-13 10:16:47.776,Q,,,,6848.75,6849.25
2026-04-13 10:16:47.832,Q,,,,6849.0,6849.25
2026-04-13 10:16:48.028,Q,,,,6848.75,6849.25
2026-04-13 10:16:48.029,T,6849.0,1,,,
2026-04-13 10:16:48.029,T,6849.0,1,,,
2026-04-13 10:16:48.029,T,6849.0,1,,,
2026-04-13 10:16:48.029,T,6849.0,1,,,
2026-04-13 10:16:48.075,Q,,,,6848.75,6849.0
2026-04-13 10:16:48.075,T,6849.0,1,,,
2026-04-13 10:16:48.075,T,6849.0,1,,,
2026-04-13 10:16:48.132,T,6849.0,1,,,
2026-04-13 10:16:48.132,T,6849.0,2,,,
2026-04-13 10:16:48.132,T,6849.0,1,,,
2026-04-13 10:16:48.132,T,6849.0,1,,,
2026-04-13 10:16:48.132,T,6849.0,1,,,
2026-04-13 10:16:48.133,Q,,,,6849.0,6849.25
2026-04-13 10:16:48.584,T,6849.25,1,,,
2026-04-13 10:16:48.584,T,6849.25,1,,,
2026-04-13 10:16:48.584,T,6849.25,1,,,
2026-04-13 10:16:48.787,Q,,,,6849.0,6849.5
2026-04-13 10:16:48.788,T,6849.25,1,,,
2026-04-13 10:16:48.788,T,6849.25,1,,,
2026-04-13 10:16:48.788,T,6849.25,1,,,
2026-04-13 10:16:48.788,T,6849.25,1,,,
2026-04-13 10:16:48.788,T,6849.25,2,,,
2026-04-13 10:16:48.788,T,6849.25,1,,,
2026-04-13 10:16:48.788,T,6849.25,1,,,
2026-04-13 10:16:48.788,T,6849.25,1,,,
2026-04-13 10:16:48.788,T,6849.25,1,,,
2026-04-13 10:16:48.788,T,6849.25,1,,,
2026-04-13 10:16:48.788,T,6849.25,1,,,
2026-04-13 10:16:48.788,T,6849.25,1,,,
2026-04-13 10:16:48.788,T,6849.25,1,,,
2026-04-13 10:16:48.788,T,6849.25,1,,,
2026-04-13 10:16:48.788,T,6849.25,1,,,
2026-04-13 10:16:48.788,T,6849.25,1,,,
2026-04-13 10:16:48.788,T,6849.25,1,,,
2026-04-13 10:16:48.788,T,6849.25,1,,,
2026-04-13 10:16:48.830,Q,,,,6849.0,6849.25
2026-04-13 10:16:48.879,Q,,,,6849.25,6849.5
2026-04-13 10:16:48.880,T,6849.25,2,,,
2026-04-13 10:16:48.880,T,6849.25,2,,,
2026-04-13 10:16:48.880,T,6849.25,1,,,
2026-04-13 10:16:48.880,T,6849.25,1,,,
2026-04-13 10:16:48.880,T,6849.25,1,,,
2026-04-13 10:16:48.880,T,6849.25,2,,,
2026-04-13 10:16:48.880,T,6849.25,1,,,
2026-04-13 10:16:48.880,T,6849.25,1,,,
2026-04-13 10:16:48.880,T,6849.5,1,,,
2026-04-13 10:16:48.880,T,6849.5,1,,,
2026-04-13 10:16:48.880,T,6849.5,2,,,
2026-04-13 10:16:48.880,T,6849.5,2,,,
2026-04-13 10:16:48.880,T,6849.5,1,,,
2026-04-13 10:16:48.880,T,6849.5,1,,,
2026-04-13 10:16:48.880,T,6849.5,1,,,
2026-04-13 10:16:48.880,T,6849.5,1,,,
2026-04-13 10:16:48.880,T,6849.5,2,,,
2026-04-13 10:16:48.931,T,6849.5,1,,,
2026-04-13 10:16:48.931,T,6849.25,1,,,
2026-04-13 10:16:48.931,T,6849.25,1,,,
2026-04-13 10:16:48.931,T,6849.25,1,,,
2026-04-13 10:16:48.931,T,6849.25,1,,,
2026-04-13 10:16:48.931,T,6849.25,1,,,
2026-04-13 10:16:48.931,T,6849.25,1,,,
2026-04-13 10:16:48.931,T,6849.25,1,,,
2026-04-13 10:16:48.982,Q,,,,6849.0,6849.25
2026-04-13 10:16:48.983,T,6849.25,1,,,
2026-04-13 10:16:48.983,T,6849.25,1,,,
2026-04-13 10:16:48.983,T,6849.25,1,,,
2026-04-13 10:16:48.983,T,6849.25,1,,,
2026-04-13 10:16:48.983,T,6849.25,1,,,
2026-04-13 10:16:48.983,T,6849.25,1,,,
2026-04-13 10:16:48.983,T,6849.25,1,,,
2026-04-13 10:16:48.983,T,6849.25,1,,,
2026-04-13 10:16:48.983,T,6849.25,2,,,
2026-04-13 10:16:48.983,T,6849.25,1,,,
2026-04-13 10:16:48.983,T,6849.25,1,,,
2026-04-13 10:16:48.983,T,6849.25,1,,,
2026-04-13 10:16:48.983,T,6849.25,1,,,
2026-04-13 10:16:48.983,T,6849.25,1,,,
2026-04-13 10:16:48.983,T,6849.25,1,,,
2026-04-13 10:16:49.581,T,6849.0,1,,,
2026-04-13 10:16:49.581,T,6849.0,1,,,
2026-04-13 10:16:49.581,T,6849.0,2,,,
2026-04-13 10:16:49.581,T,6849.0,1,,,
2026-04-13 10:16:49.581,T,6849.0,1,,,
2026-04-13 10:16:49.581,T,6849.0,1,,,
2026-04-13 10:16:49.581,T,6849.0,1,,,
2026-04-13 10:16:49.581,T,6849.0,1,,,
2026-04-13 10:16:49.581,T,6849.0,1,,,
2026-04-13 10:16:49.581,T,6849.0,1,,,
2026-04-13 10:16:49.581,T,6849.0,1,,,
2026-04-13 10:16:49.581,T,6849.0,1,,,
2026-04-13 10:16:49.581,T,6849.0,1,,,
2026-04-13 10:16:49.581,T,6849.0,1,,,
2026-04-13 10:16:49.581,T,6849.0,2,,,
2026-04-13 10:16:49.581,T,6849.0,1,,,
2026-04-13 10:16:49.581,T,6849.0,2,,,
2026-04-13 10:16:49.581,T,6849.0,1,,,
2026-04-13 10:16:49.581,T,6849.0,1,,,
2026-04-13 10:16:49.581,T,6849.0,1,,,
2026-04-13 10:16:49.581,T,6849.0,1,,,
2026-04-13 10:16:49.581,T,6849.0,1,,,
2026-04-13 10:16:49.581,T,6849.0,2,,,
2026-04-13 10:16:49.581,T,6849.0,1,,,
2026-04-13 10:16:49.581,T,6849.0,1,,,
2026-04-13 10:16:49.581,T,6849.0,1,,,
2026-04-13 10:16:49.581,T,6849.0,1,,,
2026-04-13 10:16:49.581,T,6849.0,1,,,
2026-04-13 10:16:49.581,T,6849.0,1,,,
2026-04-13 10:16:49.581,T,6849.0,1,,,
2026-04-13 10:16:49.581,T,6849.0,2,,,
2026-04-13 10:16:49.581,T,6849.0,1,,,
2026-04-13 10:16:49.581,T,6849.0,1,,,
2026-04-13 10:16:49.581,T,6849.0,1,,,
2026-04-13 10:16:49.581,T,6849.0,1,,,
2026-04-13 10:16:49.581,T,6849.0,1,,,
2026-04-13 10:16:49.581,T,6849.0,3,,,
2026-04-13 10:16:49.581,T,6849.0,1,,,
2026-04-13 10:16:49.581,T,6849.0,1,,,
2026-04-13 10:16:49.581,T,6849.0,1,,,
2026-04-13 10:16:49.581,T,6849.0,3,,,
2026-04-13 10:16:49.581,T,6849.0,2,,,
2026-04-13 10:16:49.581,T,6849.0,1,,,
2026-04-13 10:16:49.581,T,6849.0,1,,,
2026-04-13 10:16:49.581,T,6849.0,1,,,
2026-04-13 10:16:49.581,T,6849.0,2,,,
2026-04-13 10:16:49.626,T,6849.0,1,,,
2026-04-13 10:16:49.626,T,6849.0,2,,,
2026-04-13 10:16:49.626,T,6849.0,1,,,
2026-04-13 10:16:49.626,T,6849.0,1,,,
2026-04-13 10:16:49.626,T,6849.0,1,,,
2026-04-13 10:16:50.027,T,6849.25,1,,,
2026-04-13 10:16:50.183,Q,,,,6848.75,6849.0
2026-04-13 10:16:50.183,T,6849.0,1,,,
2026-04-13 10:16:50.183,T,6849.0,1,,,
2026-04-13 10:16:50.183,T,6849.0,1,,,
2026-04-13 10:16:50.183,T,6849.0,1,,,
2026-04-13 10:16:50.183,T,6849.0,1,,,
2026-04-13 10:16:50.183,T,6849.0,1,,,
2026-04-13 10:16:50.183,T,6849.0,1,,,
2026-04-13 10:16:50.229,Q,,,,6848.5,6848.75
2026-04-13 10:16:50.230,T,6848.75,1,,,
2026-04-13 10:16:50.230,T,6848.75,1,,,
2026-04-13 10:16:50.230,T,6848.75,1,,,
2026-04-13 10:16:50.230,T,6848.75,1,,,
2026-04-13 10:16:50.230,T,6848.75,1,,,
2026-04-13 10:16:50.230,T,6848.75,1,,,
2026-04-13 10:16:50.230,T,6848.75,1,,,
2026-04-13 10:16:50.230,T,6848.75,1,,,
2026-04-13 10:16:50.230,T,6848.75,1,,,
2026-04-13 10:16:50.230,T,6848.75,1,,,
2026-04-13 10:16:50.230,T,6848.75,1,,,
2026-04-13 10:16:50.230,T,6848.75,1,,,
2026-04-13 10:16:50.230,T,6848.75,1,,,
2026-04-13 10:16:50.230,T,6848.75,1,,,
2026-04-13 10:16:50.230,T,6848.75,1,,,
2026-04-13 10:16:50.230,T,6848.75,1,,,
2026-04-13 10:16:50.578,T,6848.75,1,,,
2026-04-13 10:16:50.578,T,6848.75,1,,,
2026-04-13 10:16:50.578,T,6848.75,1,,,
2026-04-13 10:16:50.578,T,6848.75,1,,,
2026-04-13 10:16:50.578,T,6848.75,1,,,
2026-04-13 10:16:50.578,T,6848.75,1,,,
2026-04-13 10:16:50.578,T,6848.75,1,,,
2026-04-13 10:16:50.578,T,6848.75,1,,,
2026-04-13 10:16:50.578,T,6848.75,1,,,
2026-04-13 10:16:50.578,T,6848.75,1,,,
2026-04-13 10:16:50.578,T,6848.75,1,,,
2026-04-13 10:16:50.578,T,6848.75,1,,,
2026-04-13 10:16:50.578,T,6848.75,1,,,
2026-04-13 10:16:50.578,T,6849.0,1,,,
2026-04-13 10:16:50.578,T,6848.75,1,,,
2026-04-13 10:16:50.578,T,6848.75,1,,,
2026-04-13 10:16:50.578,T,6848.75,1,,,
2026-04-13 10:16:50.578,T,6848.75,1,,,
2026-04-13 10:48:47.525,Q,,,,6857.5,6857.75
2026-04-13 10:48:47.587,T,6857.75,1,,,
2026-04-13 10:48:47.808,Q,,,,6857.75,6858.0
2026-04-13 10:48:47.809,Q,,,,6857.5,6857.75
2026-04-13 10:48:47.809,T,6857.75,1,,,
2026-04-13 10:48:47.809,T,6857.75,1,,,
2026-04-13 10:48:47.809,T,6857.75,1,,,
2026-04-13 10:48:47.809,T,6857.75,1,,,
2026-04-13 10:48:47.809,T,6857.75,3,,,
2026-04-13 10:48:47.809,T,6857.75,1,,,
2026-04-13 10:48:47.809,T,6857.75,1,,,
2026-04-13 10:48:47.809,T,6857.75,1,,,
2026-04-13 10:48:48.285,T,6857.75,1,,,
2026-04-13 10:48:48.486,T,6857.5,1,,,
2026-04-13 10:48:48.486,T,6857.5,1,,,
2026-04-13 10:48:48.583,T,6857.5,1,,,
2026-04-13 10:48:49.139,T,6857.75,1,,,
2026-04-13 10:48:49.139,T,6857.75,1,,,
2026-04-13 10:48:49.139,T,6857.75,1,,,
2026-04-13 10:48:49.139,T,6857.75,1,,,
2026-04-13 10:48:49.139,T,6857.75,1,,,
2026-04-13 10:48:49.141,Q,,,,6857.75,6858.0
2026-04-13 10:48:49.187,T,6857.75,1,,,
2026-04-13 10:48:49.187,T,6857.75,1,,,
2026-04-13 10:48:49.187,T,6857.75,1,,,
2026-04-13 10:48:49.187,T,6857.75,1,,,
2026-04-13 10:48:49.187,T,6857.75,1,,,
2026-04-13 10:48:49.187,T,6857.75,1,,,
2026-04-13 10:48:49.187,Q,,,,6857.5,6857.75
2026-04-13 10:48:50.095,Q,,,,6857.75,6858.0
2026-04-13 10:48:50.095,T,6857.75,1,,,
2026-04-13 10:48:50.095,T,6857.75,1,,,
2026-04-13 10:48:50.095,T,6857.75,1,,,
2026-04-13 10:48:50.095,T,6857.75,1,,,
2026-04-13 10:48:50.095,T,6857.75,1,,,
2026-04-13 10:48:50.289,T,6857.75,4,,,
2026-04-13 10:48:50.289,T,6857.75,1,,,
2026-04-13 10:48:50.289,T,6857.75,1,,,
2026-04-13 10:48:50.289,T,6857.75,1,,,
2026-04-13 10:48:50.289,T,6857.75,1,,,
2026-04-13 10:48:50.289,T,6857.75,1,,,
2026-04-13 10:48:50.289,T,6857.75,5,,,
2026-04-13 10:48:50.289,T,6857.75,1,,,
2026-04-13 10:48:50.289,T,6857.75,1,,,
2026-04-13 10:48:50.290,Q,,,,6857.5,6857.75
2026-04-13 10:48:50.432,T,6857.5,1,,,
2026-04-13 10:48:50.432,T,6857.5,1,,,
2026-04-13 10:48:50.432,T,6857.5,1,,,
2026-04-13 10:48:50.432,T,6857.5,1,,,
2026-04-13 10:48:50.432,T,6857.5,1,,,
2026-04-13 10:48:50.432,T,6857.5,1,,,
2026-04-13 10:48:50.432,T,6857.5,1,,,
2026-04-13 10:48:50.432,T,6857.5,1,,,
2026-04-13 10:48:50.432,T,6857.5,1,,,
2026-04-13 10:48:50.432,T,6857.5,1,,,
2026-04-13 10:48:50.432,T,6857.5,1,,,
2026-04-13 10:48:50.432,T,6857.5,1,,,
2026-04-13 10:48:50.434,Q,,,,6857.25,6857.5
2026-04-13 10:48:50.686,T,6857.25,1,,,
2026-04-13 10:48:50.686,T,6857.25,1,,,
2026-04-13 10:48:50.686,T,6857.25,1,,,
2026-04-13 10:48:50.686,T,6857.25,1,,,
2026-04-13 10:48:50.686,T,6857.25,1,,,
2026-04-13 10:48:50.686,T,6857.25,1,,,
2026-04-13 10:48:50.686,T,6857.25,1,,,
2026-04-13 10:48:50.686,T,6857.25,1,,,
2026-04-13 10:48:50.686,T,6857.25,3,,,
2026-04-13 10:48:50.686,T,6857.25,2,,,
2026-04-13 10:48:50.686,T,6857.25,1,,,
2026-04-13 10:48:50.686,T,6857.25,1,,,
2026-04-13 10:48:50.824,T,6857.25,1,,,
2026-04-13 10:48:50.824,T,6857.25,1,,,
2026-04-13 10:48:50.824,T,6857.25,1,,,
2026-04-13 10:48:50.824,T,6857.25,1,,,
2026-04-13 10:48:50.824,T,6857.25,1,,,
2026-04-13 10:48:50.824,T,6857.25,1,,,
2026-04-13 10:48:50.824,T,6857.25,3,,,
2026-04-13 10:48:50.824,T,6857.25,1,,,
2026-04-13 10:48:50.824,T,6857.25,1,,,
2026-04-13 10:48:50.824,T,6857.25,1,,,
2026-04-13 10:48:50.824,T,6857.25,1,,,
2026-04-13 10:48:50.824,T,6857.25,1,,,
2026-04-13 10:48:50.824,T,6857.25,1,,,
2026-04-13 10:48:50.824,T,6857.25,1,,,
2026-04-13 10:48:50.916,Q,,,,6857.0,6857.25
2026-04-13 10:48:50.916,T,6857.25,1,,,
2026-04-13 10:48:50.916,T,6857.25,1,,,
2026-04-13 10:48:50.916,T,6857.25,1,,,
2026-04-13 10:48:50.916,T,6857.25,1,,,
2026-04-13 10:48:50.916,T,6857.25,1,,,
2026-04-13 10:48:50.916,T,6857.25,1,,,
2026-04-13 10:48:50.916,T,6857.25,1,,,
2026-04-13 10:48:50.916,T,6857.25,1,,,
2026-04-13 10:48:50.916,T,6857.25,2,,,
2026-04-13 10:48:50.916,T,6857.25,1,,,
2026-04-13 10:48:50.916,T,6857.25,1,,,
2026-04-13 10:48:50.916,T,6857.25,1,,,
2026-04-13 10:48:50.916,T,6857.25,1,,,
2026-04-13 10:48:50.916,T,6857.25,1,,,
2026-04-13 10:48:50.916,T,6857.25,1,,,
2026-04-13 10:48:50.916,T,6857.25,1,,,
2026-04-13 10:48:50.935,T,6857.25,1,,,
2026-04-13 10:48:50.935,T,6857.25,1,,,
2026-04-13 10:48:50.935,T,6857.25,1,,,
2026-04-13 10:48:50.936,Q,,,,6857.25,6857.5
2026-04-13 10:48:51.379,T,6857.5,1,,,
2026-04-13 10:48:51.379,T,6857.5,1,,,
2026-04-13 10:48:51.901,T,6857.5,1,,,
2026-04-13 10:48:51.901,T,6857.5,1,,,
2026-04-13 10:48:51.901,T,6857.5,1,,,
2026-04-13 10:48:51.901,T,6857.5,1,,,
2026-04-13 10:48:52.080,T,6857.5,1,,,
2026-04-13 10:48:52.080,T,6857.5,1,,,
2026-04-13 10:48:52.080,T,6857.5,1,,,
2026-04-13 10:48:52.081,Q,,,,6857.5,6857.75
2026-04-13 10:48:52.219,T,6857.5,1,,,
2026-04-13 10:48:52.446,T,6857.75,1,,,
2026-04-13 10:48:52.446,T,6857.75,1,,,
2026-04-13 10:48:52.446,T,6857.75,1,,,
2026-04-13 10:48:52.446,T,6857.75,1,,,
2026-04-13 10:48:52.446,T,6857.75,2,,,
2026-04-13 10:48:52.446,T,6857.75,1,,,
2026-04-13 10:48:52.446,T,6857.75,1,,,
2026-04-13 10:48:52.446,T,6857.75,1,,,
2026-04-13 10:48:52.446,T,6857.75,1,,,
2026-04-13 10:48:52.771,T,6857.5,1,,,
2026-04-13 10:48:52.771,T,6857.5,1,,,
2026-04-13 10:48:52.771,T,6857.5,1,,,
2026-04-13 10:48:52.771,T,6857.5,1,,,
2026-04-13 10:48:52.771,T,6857.5,1,,,
2026-04-13 10:48:53.262,T,6857.5,1,,,
2026-04-13 10:48:53.262,T,6857.5,1,,,
2026-04-13 10:48:53.262,T,6857.5,1,,,
2026-04-13 10:48:53.262,T,6857.5,1,,,
2026-04-13 10:48:53.262,T,6857.5,1,,,
2026-04-13 10:48:53.262,T,6857.5,1,,,
2026-04-13 10:48:53.262,T,6857.5,1,,,
2026-04-13 10:48:53.262,Q,,,,6857.25,6857.75
2026-04-13 10:48:53.262,Q,,,,6857.25,6857.5
2026-04-13 10:48:53.378,T,6857.5,1,,,
2026-04-13 10:48:53.378,T,6857.5,1,,,
2026-04-13 10:48:53.378,T,6857.5,1,,,
2026-04-13 10:48:53.378,T,6857.5,1,,,
2026-04-13 10:48:53.378,T,6857.5,1,,,
2026-04-13 10:48:53.378,T,6857.5,1,,,
2026-04-13 10:48:53.384,Q,,,,6857.5,6857.75
2026-04-13 10:48:53.385,T,6857.5,1,,,
2026-04-13 10:48:53.385,T,6857.5,4,,,
2026-04-13 10:48:53.385,T,6857.5,1,,,
2026-04-13 10:48:53.700,T,6857.5,1,,,
2026-04-13 10:48:53.700,T,6857.5,1,,,
2026-04-13 10:48:53.700,T,6857.5,1,,,
2026-04-13 10:48:53.700,T,6857.5,1,,,
2026-04-13 10:48:53.700,T,6857.5,1,,,
2026-04-13 10:48:53.700,T,6857.5,1,,,
2026-04-13 10:48:53.700,T,6857.5,3,,,
2026-04-13 10:48:53.700,T,6857.5,1,,,
2026-04-13 10:48:53.700,T,6857.5,1,,,
2026-04-13 10:48:53.835,T,6857.5,1,,,
2026-04-13 10:48:53.835,T,6857.5,1,,,
2026-04-13 10:48:53.835,T,6857.5,1,,,
2026-04-13 10:48:53.836,Q,,,,6857.25,6857.5
2026-04-13 10:48:53.922,T,6857.5,4,,,
2026-04-13 10:48:53.922,T,6857.5,1,,,
2026-04-13 10:48:53.922,T,6857.5,1,,,
2026-04-13 10:48:53.924,Q,,,,6857.5,6857.75
2026-04-13 10:48:54.007,T,6857.5,1,,,
2026-04-13 10:48:54.207,T,6857.5,1,,,
2026-04-13 10:48:54.207,T,6857.5,1,,,
2026-04-13 10:48:54.207,T,6857.5,1,,,
2026-04-13 10:48:54.207,T,6857.5,1,,,
2026-04-13 10:48:54.207,T,6857.5,1,,,
2026-04-13 10:48:54.207,T,6857.5,1,,,
2026-04-13 10:48:54.207,T,6857.5,1,,,
2026-04-13 10:48:54.207,T,6857.5,1,,,
2026-04-13 10:48:54.207,T,6857.5,1,,,
2026-04-13 10:48:54.207,T,6857.5,2,,,
2026-04-13 10:48:54.207,T,6857.5,2,,,
2026-04-13 10:48:54.207,T,6857.5,1,,,
2026-04-13 10:48:54.207,T,6857.5,1,,,
2026-04-13 10:48:54.207,T,6857.5,1,,,
2026-04-13 10:48:54.207,T,6857.25,1,,,
2026-04-13 10:48:54.207,T,6857.25,1,,,
2026-04-13 10:48:54.207,T,6857.25,1,,,
2026-04-13 10:48:54.207,T,6857.25,1,,,
2026-04-13 10:48:54.207,T,6857.25,1,,,
2026-04-13 10:48:54.207,T,6857.25,1,,,
2026-04-13 10:48:54.207,T,6857.5,1,,,
2026-04-13 10:48:54.207,T,6857.5,1,,,
2026-04-13 10:48:54.207,T,6857.5,1,,,
2026-04-13 10:48:54.207,T,6857.5,2,,,
2026-04-13 10:48:54.207,T,6857.5,1,,,
2026-04-13 10:48:54.207,T,6857.5,1,,,
2026-04-13 10:48:54.207,T,6857.5,1,,,
2026-04-13 10:48:54.207,T,6857.5,1,,,
2026-04-13 10:48:54.207,T,6857.5,1,,,
2026-04-13 10:48:54.207,T,6857.5,1,,,
2026-04-13 10:48:54.207,T,6857.5,1,,,
2026-04-13 10:48:54.207,T,6857.5,1,,,
2026-04-13 10:48:54.209,Q,,,,6857.25,6857.5
2026-04-13 10:48:54.359,T,6857.5,1,,,
2026-04-13 10:48:54.359,T,6857.5,1,,,
2026-04-13 10:48:54.359,T,6857.5,1,,,
2026-04-13 10:48:54.359,T,6857.5,1,,,
2026-04-13 10:48:54.359,T,6857.5,1,,,
2026-04-13 10:48:54.359,T,6857.5,1,,,
2026-04-13 10:48:54.598,T,6857.5,1,,,
2026-04-13 10:48:54.598,T,6857.5,1,,,
2026-04-13 10:48:54.598,T,6857.5,1,,,
2026-04-13 10:48:54.599,Q,,,,6857.5,6857.75
2026-04-13 10:48:54.635,Q,,,,6857.25,6857.5
2026-04-13 10:48:55.120,T,6857.25,1,,,
2026-04-13 10:48:55.120,T,6857.25,1,,,
2026-04-13 10:48:55.120,T,6857.25,1,,,
2026-04-13 10:48:55.120,T,6857.25,1,,,
2026-04-13 10:48:55.756,T,6857.25,1,,,
2026-04-13 10:48:55.756,T,6857.25,1,,,
2026-04-13 10:48:55.756,T,6857.25,1,,,
2026-04-13 10:48:55.756,T,6857.25,1,,,
2026-04-13 10:48:55.756,T,6857.25,2,,,
2026-04-13 10:48:55.756,T,6857.25,1,,,
2026-04-13 10:48:55.756,T,6857.25,1,,,
2026-04-13 10:48:55.756,T,6857.25,1,,,
2026-04-13 10:48:55.756,T,6857.25,1,,,
2026-04-13 10:48:55.756,T,6857.25,1,,,
2026-04-13 10:48:55.756,T,6857.25,1,,,
2026-04-13 10:48:55.756,T,6857.25,1,,,
2026-04-13 10:48:55.756,T,6857.25,1,,,
2026-04-13 10:48:55.756,T,6857.25,1,,,
2026-04-13 10:48:55.756,T,6857.25,1,,,
2026-04-13 10:48:55.756,T,6857.25,4,,,
2026-04-13 10:48:55.756,T,6857.25,1,,,
2026-04-13 10:48:55.756,T,6857.25,1,,,
2026-04-13 10:48:55.756,T,6857.25,1,,,
2026-04-13 10:48:55.756,T,6857.25,1,,,
2026-04-13 10:48:55.756,T,6857.25,1,,,
2026-04-13 10:48:55.756,T,6857.25,1,,,
2026-04-13 10:48:55.931,Q,,,,6857.0,6857.25
2026-04-13 10:48:55.931,T,6857.25,1,,,
2026-04-13 10:48:55.931,T,6857.25,1,,,
2026-04-13 10:48:55.931,T,6857.25,1,,,
2026-04-13 10:48:55.931,T,6857.25,1,,,
2026-04-13 10:48:55.931,T,6857.25,1,,,
2026-04-13 10:48:55.931,T,6857.25,1,,,
2026-04-13 10:48:56.600,T,6857.25,2,,,
2026-04-13 10:48:56.600,T,6857.25,2,,,
2026-04-13 10:48:56.600,T,6857.25,2,,,
2026-04-13 10:48:56.600,T,6857.25,1,,,
2026-04-13 10:48:56.600,T,6857.25,1,,,
2026-04-13 10:48:56.600,T,6857.25,1,,,
2026-04-13 10:48:56.600,T,6857.25,1,,,
2026-04-13 10:48:56.600,T,6857.25,1,,,
2026-04-13 10:48:56.600,T,6857.25,1,,,
2026-04-13 10:48:56.600,T,6857.25,1,,,
2026-04-13 10:48:56.600,T,6857.25,1,,,
2026-04-13 10:48:56.883,T,6857.25,1,,,
2026-04-13 10:48:57.234,T,6857.25,1,,,
2026-04-13 10:48:57.234,T,6857.25,1,,,
2026-04-13 10:48:57.234,T,6857.25,1,,,
2026-04-13 10:48:57.234,T,6857.25,1,,,
2026-04-13 10:48:57.234,T,6857.25,1,,,
2026-04-13 10:48:57.234,T,6857.25,1,,,
2026-04-13 10:48:57.234,T,6857.25,1,,,
2026-04-13 10:48:57.234,T,6857.25,1,,,
2026-04-13 10:48:57.382,T,6857.25,1,,,
2026-04-13 10:48:57.382,T,6857.25,1,,,
2026-04-13 10:48:57.382,T,6857.25,1,,,
2026-04-13 10:48:57.382,T,6857.25,5,,,
2026-04-13 10:48:57.382,T,6857.25,1,,,
2026-04-13 10:48:57.382,T,6857.25,2,,,
2026-04-13 10:48:57.382,T,6857.25,2,,,
2026-04-13 10:48:57.382,T,6857.25,1,,,
2026-04-13 10:48:57.382,T,6857.25,2,,,
2026-04-13 10:48:57.382,T,6857.25,1,,,
2026-04-13 10:48:57.382,T,6857.25,1,,,
2026-04-13 10:48:57.384,Q,,,,6857.25,6857.5
2026-04-13 10:48:57.497,Q,,,,6857.0,6857.25
2026-04-13 10:48:57.497,T,6857.25,3,,,
2026-04-13 10:48:57.497,T,6857.25,3,,,
2026-04-13 10:48:57.497,T,6857.25,1,,,
2026-04-13 10:48:57.497,T,6857.25,1,,,
2026-04-13 10:48:57.497,T,6857.25,1,,,
2026-04-13 10:48:57.497,T,6857.25,1,,,
2026-04-13 10:48:57.497,T,6857.25,1,,,
2026-04-13 10:48:57.497,T,6857.25,1,,,
2026-04-13 10:48:57.636,T,6857.0,1,,,
2026-04-13 10:48:57.636,T,6857.25,1,,,
2026-04-13 10:48:57.636,T,6857.25,1,,,
2026-04-13 10:48:57.984,T,6857.0,1,,,
2026-04-13 10:48:58.248,T,6857.25,1,,,
2026-04-13 10:48:58.249,Q,,,,6857.25,6857.5
2026-04-13 10:48:58.249,T,6857.25,1,,,
2026-04-13 10:48:58.249,T,6857.25,1,,,
2026-04-13 10:48:58.249,T,6857.25,1,,,
2026-04-13 10:48:58.249,T,6857.25,1,,,
2026-04-13 10:48:58.249,T,6857.25,1,,,
2026-04-13 10:48:58.250,Q,,,,6857.0,6857.25
2026-04-13 10:48:58.384,T,6857.25,1,,,
2026-04-13 10:48:58.384,T,6857.25,1,,,
2026-04-13 10:48:58.384,T,6857.25,1,,,
2026-04-13 10:48:58.384,T,6857.25,1,,,
2026-04-13 10:48:58.384,T,6857.25,1,,,
2026-04-13 10:48:58.384,T,6857.25,1,,,
2026-04-13 10:48:58.384,T,6857.25,1,,,
2026-04-13 10:48:58.384,T,6857.25,1,,,
2026-04-13 10:48:58.384,T,6857.25,1,,,
2026-04-13 10:48:58.384,T,6857.25,2,,,
2026-04-13 10:48:58.384,T,6857.25,2,,,
2026-04-13 10:48:58.384,T,6857.25,1,,,
2026-04-13 10:48:58.434,T,6857.25,1,,,
2026-04-13 10:48:58.435,Q,,,,6857.25,6857.5
2026-04-13 10:48:58.483,T,6857.25,1,,,
2026-04-13 10:48:58.483,T,6857.25,1,,,
2026-04-13 10:48:58.483,T,6857.25,1,,,
2026-04-13 10:48:58.485,Q,,,,6857.0,6857.25
2026-04-13 10:48:58.583,Q,,,,6857.0,6857.5
2026-04-13 10:48:58.634,T,6857.0,1,,,
2026-04-13 10:48:58.682,Q,,,,6857.0,6857.25
2026-04-13 10:48:58.785,T,6857.0,1,,,
2026-04-13 10:48:59.236,T,6857.25,1,,,
2026-04-13 10:48:59.236,T,6857.25,1,,,
2026-04-13 10:48:59.236,T,6857.25,1,,,
2026-04-13 10:48:59.236,T,6857.25,1,,,
2026-04-13 10:48:59.236,T,6857.25,1,,,
2026-04-13 10:48:59.236,T,6857.25,1,,,
2026-04-13 10:48:59.236,T,6857.25,3,,,
2026-04-13 10:48:59.236,T,6857.25,1,,,
2026-04-13 10:48:59.236,T,6857.0,1,,,
2026-04-13 10:48:59.237,Q,,,,6857.0,6857.5
2026-04-13 10:48:59.334,Q,,,,6857.0,6857.25
2026-04-13 10:48:59.435,T,6857.25,1,,,
2026-04-13 10:48:59.435,T,6857.25,1,,,
2026-04-13 10:48:59.436,Q,,,,6857.25,6857.5
2026-04-13 10:48:59.535,T,6857.5,1,,,
2026-04-13 10:48:59.535,T,6857.25,1,,,
2026-04-13 10:48:59.786,T,6857.25,1,,,
2026-04-13 10:49:00.253,T,6857.5,1,,,
2026-04-13 10:49:00.253,T,6857.5,1,,,
2026-04-13 10:49:00.253,T,6857.5,1,,,
2026-04-13 10:49:00.253,T,6857.5,1,,,
2026-04-13 10:49:00.253,T,6857.5,1,,,
2026-04-13 10:49:00.262,Q,,,,6857.5,6857.75
2026-04-13 10:49:00.285,T,6857.75,1,,,
2026-04-13 10:49:00.285,T,6857.75,1,,,
2026-04-13 10:49:00.285,T,6857.75,1,,,
2026-04-13 10:49:00.285,T,6857.75,1,,,
2026-04-13 10:49:00.285,T,6857.75,1,,,
2026-04-13 10:49:00.285,T,6857.75,4,,,
2026-04-13 10:49:00.285,T,6857.75,1,,,
2026-04-13 10:49:00.285,T,6857.75,1,,,
2026-04-13 10:49:00.285,T,6857.75,1,,,
2026-04-13 10:49:00.285,T,6857.75,1,,,
2026-04-13 10:49:00.285,T,6857.75,4,,,
2026-04-13 10:49:00.285,T,6857.75,1,,,
2026-04-13 10:49:00.287,Q,,,,6857.75,6858.0
2026-04-13 10:49:00.335,T,6858.0,1,,,
2026-04-13 10:49:00.335,T,6858.0,1,,,
2026-04-13 10:49:00.783,T,6857.75,2,,,
2026-04-13 10:49:00.783,T,6857.75,1,,,
2026-04-13 10:49:00.783,T,6857.75,1,,,
2026-04-13 10:49:01.338,T,6857.75,1,,,
2026-04-13 10:49:01.338,T,6857.75,1,,,
2026-04-13 10:49:01.338,T,6857.75,4,,,
2026-04-13 10:49:01.338,T,6857.75,1,,,
2026-04-13 10:49:01.338,T,6857.75,1,,,
2026-04-13 10:49:01.338,T,6857.75,1,,,
2026-04-13 10:49:01.338,T,6857.75,2,,,
2026-04-13 10:49:01.338,T,6857.75,1,,,
2026-04-13 10:49:01.338,T,6857.75,2,,,
2026-04-13 10:49:01.338,T,6857.75,1,,,
2026-04-13 10:49:01.338,T,6857.75,2,,,
2026-04-13 10:49:01.338,T,6857.75,1,,,
2026-04-13 10:49:01.338,T,6857.75,1,,,
2026-04-13 10:49:01.338,T,6857.75,1,,,
2026-04-13 10:49:01.338,T,6857.75,2,,,
2026-04-13 10:49:01.338,T,6857.75,1,,,
2026-04-13 10:49:01.338,T,6857.75,1,,,
2026-04-13 10:49:01.338,T,6857.75,1,,,
2026-04-13 10:49:01.342,Q,,,,6857.5,6857.75
2026-04-13 10:49:01.786,T,6857.5,1,,,
2026-04-13 10:49:01.786,T,6857.5,1,,,
2026-04-13 10:49:01.786,T,6857.5,1,,,
2026-04-13 10:49:01.786,T,6857.5,2,,,
2026-04-13 10:49:01.885,T,6857.5,1,,,
2026-04-13 10:49:01.885,T,6857.5,1,,,
2026-04-13 10:49:01.885,T,6857.5,2,,,
2026-04-13 10:49:01.885,T,6857.5,1,,,
2026-04-13 10:49:02.187,T,6857.5,1,,,
2026-04-13 10:49:02.187,T,6857.5,1,,,
2026-04-13 10:49:02.187,T,6857.5,1,,,
2026-04-13 10:49:02.187,T,6857.5,4,,,
2026-04-13 10:49:02.187,T,6857.5,1,,,
2026-04-13 10:49:02.187,T,6857.5,1,,,
2026-04-13 10:49:02.187,T,6857.5,1,,,
2026-04-13 10:49:02.187,T,6857.25,1,,,
2026-04-13 10:49:02.187,T,6857.25,3,,,
2026-04-13 10:49:02.187,T,6857.25,1,,,
2026-04-13 10:49:02.187,T,6857.25,1,,,
2026-04-13 10:49:02.187,T,6857.25,1,,,
2026-04-13 10:49:02.187,T,6857.25,1,,,
2026-04-13 10:49:02.187,T,6857.25,1,,,
2026-04-13 10:49:02.187,T,6857.25,1,,,
2026-04-13 10:49:02.187,T,6857.25,1,,,
2026-04-13 10:49:02.187,T,6857.25,1,,,
2026-04-13 10:49:02.187,T,6857.25,2,,,
2026-04-13 10:49:02.187,T,6857.25,1,,,
2026-04-13 10:49:02.187,T,6857.25,1,,,
2026-04-13 10:49:02.187,T,6857.25,1,,,
2026-04-13 10:49:02.187,T,6857.25,1,,,
2026-04-13 10:49:02.187,T,6857.25,1,,,
2026-04-13 10:49:02.187,T,6857.25,1,,,
2026-04-13 10:49:02.189,Q,,,,6857.0,6857.25
2026-04-13 10:49:02.233,T,6857.25,1,,,
2026-04-13 10:49:02.233,T,6857.25,1,,,
2026-04-13 10:49:02.233,T,6857.25,1,,,
2026-04-13 10:49:02.233,T,6857.25,1,,,
2026-04-13 10:49:02.233,T,6857.25,1,,,
2026-04-13 10:49:02.383,T,6857.25,2,,,
2026-04-13 10:49:02.383,T,6857.25,1,,,
2026-04-13 10:49:02.383,T,6857.25,1,,,
2026-04-13 10:49:02.383,T,6857.25,1,,,
2026-04-13 10:49:02.383,T,6857.25,1,,,
2026-04-13 10:49:02.383,T,6857.25,1,,,
2026-04-13 10:49:02.383,T,6857.25,1,,,
2026-04-13 10:49:02.383,T,6857.25,1,,,
2026-04-13 10:49:02.782,T,6857.25,1,,,
2026-04-13 10:49:02.782,T,6857.25,1,,,
2026-04-13 10:49:02.782,T,6857.25,1,,,
2026-04-13 10:49:02.782,T,6857.25,1,,,
2026-04-13 10:49:02.782,T,6857.25,1,,,
2026-04-13 10:49:02.782,T,6857.25,1,,,
2026-04-13 10:49:02.782,T,6857.25,1,,,
2026-04-13 10:49:02.783,Q,,,,6857.25,6857.5
2026-04-13 10:49:03.990,T,6857.5,1,,,
2026-04-13 10:49:03.990,T,6857.5,1,,,
2026-04-13 10:49:03.990,T,6857.5,1,,,
2026-04-13 10:49:03.990,T,6857.5,1,,,
2026-04-13 10:49:03.990,T,6857.5,1,,,
2026-04-13 10:49:03.990,T,6857.5,1,,,
2026-04-13 10:49:03.990,T,6857.5,1,,,
2026-04-13 10:49:03.990,T,6857.5,1,,,
2026-04-13 10:49:03.990,T,6857.5,1,,,
2026-04-13 10:49:03.990,T,6857.5,1,,,
2026-04-13 10:49:03.990,T,6857.5,1,,,
2026-04-13 10:49:03.990,T,6857.5,1,,,
2026-04-13 10:49:03.990,T,6857.5,1,,,
2026-04-13 10:49:04.231,T,6857.5,1,,,
2026-04-13 10:49:04.231,T,6857.5,1,,,
2026-04-13 10:49:04.231,T,6857.5,1,,,
2026-04-13 10:49:04.233,Q,,,,6857.5,6857.75
2026-04-13 10:49:05.039,T,6857.5,1,,,
2026-04-13 10:49:05.039,T,6857.5,1,,,
2026-04-13 10:49:05.039,T,6857.5,1,,,
2026-04-13 10:49:05.039,T,6857.5,1,,,
2026-04-13 10:49:05.039,T,6857.5,1,,,
2026-04-13 10:49:05.039,T,6857.5,1,,,
2026-04-13 10:49:05.039,T,6857.5,1,,,
2026-04-13 10:49:05.039,T,6857.5,1,,,
2026-04-13 10:49:05.039,T,6857.5,1,,,
2026-04-13 10:49:05.039,T,6857.5,1,,,
2026-04-13 10:49:05.039,T,6857.5,1,,,
2026-04-13 10:49:05.489,Q,,,,6857.75,6858.0
2026-04-13 10:49:05.489,T,6857.75,1,,,
2026-04-13 10:49:05.489,T,6857.75,2,,,
2026-04-13 10:49:05.489,T,6857.75,1,,,
2026-04-13 10:49:05.489,T,6857.75,1,,,
2026-04-13 10:49:05.489,T,6857.75,1,,,
2026-04-13 10:49:05.489,T,6857.75,1,,,
2026-04-13 10:49:05.489,T,6857.75,1,,,
2026-04-13 10:49:05.489,T,6857.75,2,,,
2026-04-13 10:49:05.489,T,6857.75,1,,,
2026-04-13 10:49:05.489,T,6857.75,2,,,
2026-04-13 10:49:05.489,T,6857.75,1,,,
2026-04-13 10:49:05.489,T,6857.75,1,,,
2026-04-13 10:49:05.489,T,6857.75,1,,,
2026-04-13 10:49:05.489,T,6857.75,1,,,
2026-04-13 10:49:05.489,T,6857.75,1,,,
2026-04-13 10:49:05.489,T,6857.75,1,,,
2026-04-13 10:49:05.489,T,6857.75,1,,,
2026-04-13 10:49:05.489,T,6857.75,1,,,
2026-04-13 10:49:05.489,T,6857.75,2,,,
2026-04-13 10:49:05.489,T,6857.75,1,,,
2026-04-13 10:49:05.489,T,6857.75,1,,,
2026-04-13 10:49:05.489,T,6857.75,1,,,
2026-04-13 10:49:05.531,T,6857.75,1,,,
2026-04-13 10:49:05.531,T,6857.75,1,,,
2026-04-13 10:49:05.531,T,6857.75,1,,,
2026-04-13 10:49:05.532,Q,,,,6857.5,6857.75
2026-04-13 10:49:05.634,T,6857.5,1,,,
2026-04-13 10:49:05.955,T,6857.5,1,,,
2026-04-13 10:49:05.955,T,6857.5,1,,,
2026-04-13 10:49:05.955,T,6857.5,1,,,
2026-04-13 10:49:06.148,T,6857.75,1,,,
2026-04-13 10:49:06.148,T,6857.75,1,,,
2026-04-13 10:49:06.185,T,6857.5,1,,,
2026-04-13 10:49:06.185,T,6857.5,1,,,
2026-04-13 10:49:06.185,T,6857.5,1,,,
2026-04-13 10:49:06.185,T,6857.5,1,,,
2026-04-13 10:49:06.185,T,6857.5,1,,,
2026-04-13 10:49:06.185,T,6857.5,1,,,
2026-04-13 10:49:06.185,T,6857.5,1,,,
2026-04-13 10:49:06.185,T,6857.5,1,,,
2026-04-13 10:49:06.185,T,6857.5,2,,,
2026-04-13 10:49:06.186,Q,,,,6857.25,6857.5
2026-04-13 10:49:06.687,T,6857.25,1,,,
2026-04-13 10:49:06.687,T,6857.25,4,,,
2026-04-13 10:49:06.687,T,6857.25,2,,,
2026-04-13 10:49:06.687,T,6857.25,1,,,
2026-04-13 10:49:06.687,T,6857.25,1,,,
2026-04-13 10:49:06.687,T,6857.25,1,,,
2026-04-13 10:49:06.833,T,6857.5,1,,,
2026-04-13 10:49:07.086,T,6857.5,1,,,
2026-04-13 10:49:07.433,T,6857.25,1,,,
2026-04-13 10:49:07.748,T,6857.5,1,,,
2026-04-13 10:49:07.748,T,6857.5,1,,,
2026-04-13 10:49:07.748,T,6857.5,1,,,
2026-04-13 10:49:07.748,T,6857.5,2,,,
2026-04-13 10:49:07.748,T,6857.5,1,,,
2026-04-13 10:49:07.748,T,6857.5,1,,,
2026-04-13 10:49:07.748,T,6857.5,1,,,
2026-04-13 10:49:07.748,T,6857.5,1,,,
2026-04-13 10:49:07.748,T,6857.5,1,,,
2026-04-13 10:49:07.748,T,6857.5,1,,,
2026-04-13 10:49:07.748,T,6857.5,1,,,
2026-04-13 10:49:07.748,T,6857.5,1,,,
2026-04-13 10:49:07.748,T,6857.5,1,,,
2026-04-13 10:49:07.748,T,6857.5,1,,,
2026-04-13 10:49:07.748,T,6857.5,1,,,
2026-04-13 10:49:07.748,T,6857.5,1,,,
2026-04-13 10:49:07.748,T,6857.5,1,,,
2026-04-13 10:49:07.748,T,6857.5,1,,,
2026-04-13 10:49:07.748,T,6857.5,1,,,
2026-04-13 10:49:08.306,T,6857.25,1,,,
2026-04-13 10:49:08.306,T,6857.25,1,,,
2026-04-13 10:49:08.306,T,6857.25,1,,,
2026-04-13 10:49:08.306,T,6857.25,1,,,
2026-04-13 10:49:08.306,T,6857.25,1,,,
2026-04-13 10:49:08.306,T,6857.25,1,,,
2026-04-13 10:49:08.306,T,6857.25,1,,,
2026-04-13 10:49:08.306,T,6857.25,1,,,
2026-04-13 10:49:08.306,T,6857.25,1,,,
2026-04-13 10:49:08.306,T,6857.25,1,,,
2026-04-13 10:49:08.306,T,6857.25,1,,,
2026-04-13 10:49:08.306,T,6857.25,1,,,
2026-04-13 10:49:08.306,T,6857.25,1,,,
2026-04-13 10:49:08.306,T,6857.25,1,,,
2026-04-13 10:49:08.306,T,6857.25,1,,,
2026-04-13 10:49:08.594,Q,,,,6857.0,6857.25
2026-04-13 10:49:08.594,T,6857.25,1,,,
2026-04-13 10:49:08.594,T,6857.25,1,,,
2026-04-13 10:49:08.594,T,6857.25,1,,,
2026-04-13 10:49:08.594,T,6857.25,1,,,
2026-04-13 10:49:08.655,Q,,,,6857.0,6857.5
2026-04-13 10:49:08.690,Q,,,,6857.0,6857.25
2026-04-13 10:49:08.799,Q,,,,6857.0,6857.5
2026-04-13 10:49:08.833,T,6857.0,1,,,
2026-04-13 10:49:08.833,Q,,,,6857.0,6857.25
2026-04-13 10:49:08.938,Q,,,,6857.0,6857.5
2026-04-13 10:49:09.104,Q,,,,6857.25,6857.5
2026-04-13 10:49:09.245,T,6857.5,1,,,
2026-04-13 10:49:09.556,T,6857.5,1,,,
2026-04-13 10:49:09.556,T,6857.5,1,,,
2026-04-13 10:49:09.556,T,6857.5,1,,,
2026-04-13 10:49:09.556,T,6857.5,1,,,
2026-04-13 10:49:09.556,T,6857.5,1,,,
2026-04-13 10:49:09.556,T,6857.5,2,,,
2026-04-13 10:49:09.556,T,6857.5,1,,,
2026-04-13 10:49:09.556,T,6857.5,1,,,
2026-04-13 10:49:09.556,T,6857.5,1,,,
2026-04-13 10:49:09.556,T,6857.5,1,,,
2026-04-13 10:49:09.556,T,6857.5,1,,,
2026-04-13 10:49:09.556,T,6857.5,1,,,
2026-04-13 10:49:09.556,T,6857.5,1,,,
2026-04-13 10:49:09.556,T,6857.5,1,,,
2026-04-13 10:49:09.556,T,6857.5,1,,,
2026-04-13 10:49:09.556,T,6857.5,1,,,
2026-04-13 10:49:09.557,Q,,,,6857.5,6857.75
2026-04-13 10:49:09.558,T,6857.5,1,,,
2026-04-13 10:49:09.558,T,6857.5,1,,,
2026-04-13 10:49:09.558,T,6857.5,1,,,
2026-04-13 10:49:09.634,T,6857.5,1,,,
2026-04-13 10:49:09.634,T,6857.5,1,,,
2026-04-13 10:49:09.634,T,6857.5,1,,,
2026-04-13 10:49:09.683,T,6857.5,1,,,
2026-04-13 10:49:09.684,Q,,,,6857.25,6857.5
2026-04-13 10:49:09.783,Q,,,,6857.25,6857.75
2026-04-13 10:49:09.840,Q,,,,6857.5,6857.75
2026-04-13 10:49:09.885,Q,,,,6857.25,6857.75
2026-04-13 10:49:09.885,T,6857.5,1,,,
2026-04-13 10:49:09.885,T,6857.5,1,,,
2026-04-13 10:49:09.885,T,6857.5,1,,,
2026-04-13 10:49:09.934,T,6857.5,1,,,
2026-04-13 10:49:10.095,Q,,,,6857.5,6857.75
2026-04-13 10:49:10.435,Q,,,,6857.25,6857.5
2026-04-13 10:49:10.436,T,6857.5,1,,,
2026-04-13 10:49:10.436,T,6857.5,1,,,
2026-04-13 10:49:10.436,T,6857.5,1,,,
2026-04-13 10:49:10.436,T,6857.5,1,,,
2026-04-13 10:49:10.436,T,6857.5,1,,,
2026-04-13 10:49:10.436,T,6857.5,1,,,
2026-04-13 10:49:10.436,T,6857.5,1,,,
2026-04-13 10:49:10.436,T,6857.5,1,,,
2026-04-13 10:49:10.436,T,6857.5,1,,,
2026-04-13 10:49:10.436,T,6857.5,1,,,
2026-04-13 10:49:11.083,T,6857.25,1,,,
2026-04-13 10:49:11.635,T,6857.25,1,,,
2026-04-13 10:49:11.685,Q,,,,6857.5,6857.75
2026-04-13 10:49:11.685,T,6857.5,3,,,
2026-04-13 10:49:11.685,T,6857.5,1,,,
2026-04-13 10:49:11.685,T,6857.5,1,,,
2026-04-13 10:49:11.685,T,6857.5,1,,,
2026-04-13 10:49:11.685,T,6857.5,1,,,
2026-04-13 10:49:11.685,T,6857.5,1,,,
2026-04-13 10:49:11.685,T,6857.5,1,,,
2026-04-13 10:49:11.685,T,6857.5,1,,,
2026-04-13 10:49:11.685,T,6857.5,1,,,
2026-04-13 10:49:11.685,T,6857.5,1,,,
2026-04-13 10:49:11.685,T,6857.5,2,,,
2026-04-13 10:49:11.685,T,6857.5,1,,,
2026-04-13 10:49:11.685,T,6857.5,1,,,
2026-04-13 10:49:11.685,T,6857.5,1,,,
2026-04-13 10:49:11.733,T,6857.5,1,,,
2026-04-13 10:49:11.733,T,6857.5,1,,,
2026-04-13 10:49:11.733,T,6857.5,1,,,
2026-04-13 10:49:11.733,T,6857.5,1,,,
2026-04-13 10:49:11.733,T,6857.5,1,,,
2026-04-13 10:49:11.735,Q,,,,6857.25,6857.5
2026-04-13 10:49:12.132,T,6857.25,1,,,
2026-04-13 10:49:12.540,Q,,,,6857.5,6857.75
2026-04-13 10:49:12.540,T,6857.5,1,,,
2026-04-13 10:49:12.540,T,6857.5,1,,,
2026-04-13 10:49:12.540,T,6857.5,1,,,
2026-04-13 10:49:12.540,T,6857.5,1,,,
2026-04-13 10:49:12.540,T,6857.5,1,,,
2026-04-13 10:49:12.540,T,6857.5,4,,,
2026-04-13 10:49:12.540,T,6857.5,1,,,
2026-04-13 10:49:13.036,T,6857.5,4,,,
2026-04-13 10:49:13.036,T,6857.5,1,,,
2026-04-13 10:49:13.183,T,6857.5,3,,,
2026-04-13 10:49:13.183,T,6857.5,1,,,
2026-04-13 10:49:13.183,T,6857.5,1,,,
2026-04-13 10:49:13.183,T,6857.5,1,,,
2026-04-13 10:49:13.183,T,6857.5,1,,,
2026-04-13 10:49:13.183,T,6857.5,1,,,
2026-04-13 10:49:13.183,T,6857.5,1,,,
2026-04-13 10:49:13.183,T,6857.5,1,,,
2026-04-13 10:49:13.183,T,6857.5,1,,,
2026-04-13 10:49:13.183,T,6857.5,1,,,
2026-04-13 10:49:13.390,Q,,,,6857.5,6858.0
2026-04-13 10:49:13.390,T,6857.75,1,,,
2026-04-13 10:49:13.390,T,6857.75,1,,,
2026-04-13 10:49:13.390,T,6857.75,1,,,
2026-04-13 10:49:13.390,T,6857.75,1,,,
2026-04-13 10:49:13.390,T,6857.75,1,,,
2026-04-13 10:49:13.390,T,6857.75,1,,,
2026-04-13 10:49:13.390,T,6857.75,1,,,
2026-04-13 10:49:13.390,T,6857.75,1,,,
2026-04-13 10:49:13.390,T,6857.75,1,,,
2026-04-13 10:49:13.390,T,6857.75,2,,,
2026-04-13 10:49:13.390,T,6857.75,1,,,
2026-04-13 10:49:13.390,T,6857.75,1,,,
2026-04-13 10:49:13.390,T,6857.75,1,,,
2026-04-13 10:49:13.390,T,6857.75,1,,,
2026-04-13 10:49:13.483,Q,,,,6857.75,6858.0
2026-04-13 10:49:13.534,T,6857.75,1,,,
2026-04-13 10:49:13.534,T,6857.75,1,,,
2026-04-13 10:49:13.534,T,6857.75,1,,,
2026-04-13 10:49:13.837,T,6857.75,1,,,
2026-04-13 10:49:13.837,T,6857.75,1,,,
2026-04-13 10:49:13.837,T,6857.75,1,,,
2026-04-13 10:49:13.838,Q,,,,6857.5,6857.75
2026-04-13 10:49:13.936,T,6857.75,1,,,
2026-04-13 10:49:13.936,T,6857.75,1,,,
2026-04-13 10:49:13.937,Q,,,,6857.75,6858.0
2026-04-13 10:49:14.183,T,6857.75,1,,,
2026-04-13 10:49:14.638,T,6857.75,2,,,
2026-04-13 10:49:14.638,T,6857.75,1,,,
2026-04-13 10:49:14.638,T,6857.75,1,,,
2026-04-13 10:49:14.638,T,6857.75,1,,,
2026-04-13 10:49:14.638,T,6857.75,1,,,
2026-04-13 10:49:14.638,T,6857.75,1,,,
2026-04-13 10:49:14.638,T,6857.75,1,,,
2026-04-13 10:49:14.969,T,6857.75,3,,,
2026-04-13 10:49:14.969,T,6857.75,1,,,
2026-04-13 10:49:14.969,T,6857.75,1,,,
2026-04-13 10:49:14.969,T,6857.75,1,,,
2026-04-13 10:49:14.969,T,6857.75,1,,,
2026-04-13 10:49:14.969,T,6857.75,1,,,
2026-04-13 10:49:14.969,T,6857.75,1,,,
2026-04-13 10:49:14.969,T,6857.75,1,,,
2026-04-13 10:49:14.969,T,6857.75,1,,,
2026-04-13 10:49:14.969,T,6857.75,1,,,
2026-04-13 10:49:14.970,Q,,,,6857.5,6857.75
2026-04-13 10:49:15.084,T,6857.75,1,,,
2026-04-13 10:49:15.084,T,6857.75,2,,,
2026-04-13 10:49:15.131,Q,,,,6857.5,6858.0
2026-04-13 10:49:15.131,T,6857.75,1,,,
2026-04-13 10:49:15.196,Q,,,,6857.75,6858.0
2026-04-13 10:49:15.244,T,6857.75,1,,,
2026-04-13 10:49:15.244,T,6857.75,1,,,
2026-04-13 10:49:15.436,T,6857.75,1,,,
2026-04-13 10:49:15.437,Q,,,,6857.5,6858.0
2026-04-13 10:56:51.171,Q,,,,6862.25,6862.5
2026-04-13 10:56:51.582,Q,,,,6862.0,6862.25
2026-04-13 10:56:51.582,T,6862.25,1,,,
2026-04-13 10:56:51.582,T,6862.25,1,,,
2026-04-13 10:56:51.582,T,6862.25,1,,,
2026-04-13 10:56:51.582,T,6862.25,1,,,
2026-04-13 10:56:51.582,T,6862.25,1,,,
2026-04-13 10:56:51.582,T,6862.25,1,,,
2026-04-13 10:56:51.582,T,6862.25,1,,,
2026-04-13 10:56:51.582,T,6862.25,1,,,
2026-04-13 10:56:51.582,T,6862.25,1,,,
2026-04-13 10:56:51.582,T,6862.0,1,,,
2026-04-13 10:56:51.582,T,6862.0,1,,,
2026-04-13 10:56:51.582,T,6862.0,1,,,
2026-04-13 10:56:51.582,T,6862.0,1,,,
2026-04-13 10:56:51.880,T,6862.0,1,,,
2026-04-13 10:56:52.422,T,6862.0,1,,,
2026-04-13 10:56:53.230,T,6862.0,1,,,
2026-04-13 10:56:53.230,T,6862.0,1,,,
2026-04-13 10:56:53.230,T,6862.0,1,,,
2026-04-13 10:56:53.230,T,6862.0,1,,,
2026-04-13 10:56:53.230,T,6862.0,1,,,
2026-04-13 10:56:53.504,T,6862.0,1,,,
2026-04-13 10:56:54.142,T,6862.0,1,,,
2026-04-13 10:56:54.703,T,6862.25,1,,,
2026-04-13 10:56:54.703,T,6862.25,1,,,
2026-04-13 10:56:54.703,T,6862.25,1,,,
2026-04-13 10:56:54.703,T,6862.25,1,,,
2026-04-13 10:56:54.703,T,6862.25,1,,,
2026-04-13 10:56:54.703,T,6862.25,1,,,
2026-04-13 10:56:54.703,T,6862.25,1,,,
2026-04-13 10:56:54.703,T,6862.25,1,,,
2026-04-13 10:56:54.703,T,6862.25,1,,,
2026-04-13 10:56:54.703,T,6862.25,1,,,
2026-04-13 10:56:54.703,T,6862.25,1,,,
2026-04-13 10:56:54.703,T,6862.25,2,,,
2026-04-13 10:56:54.703,T,6862.25,1,,,
2026-04-13 10:56:54.703,T,6862.25,1,,,
2026-04-13 10:56:54.703,T,6862.25,2,,,
2026-04-13 10:56:54.705,Q,,,,6862.25,6862.5
2026-04-13 10:56:54.882,T,6862.5,1,,,
2026-04-13 10:56:54.882,T,6862.5,2,,,
2026-04-13 10:56:54.882,T,6862.5,1,,,
2026-04-13 10:56:54.882,T,6862.5,1,,,
2026-04-13 10:56:54.882,T,6862.5,1,,,
2026-04-13 10:56:54.882,T,6862.5,1,,,
2026-04-13 10:56:54.882,T,6862.5,1,,,
2026-04-13 10:56:54.882,T,6862.5,1,,,
2026-04-13 10:56:54.882,T,6862.5,1,,,
2026-04-13 10:56:54.882,T,6862.5,1,,,
2026-04-13 10:56:54.882,T,6862.5,1,,,
2026-04-13 10:56:54.882,T,6862.5,1,,,
2026-04-13 10:56:54.882,T,6862.5,6,,,
2026-04-13 10:56:54.882,T,6862.5,1,,,
2026-04-13 10:56:54.882,T,6862.5,1,,,
2026-04-13 10:56:54.882,T,6862.5,1,,,
2026-04-13 10:56:54.882,T,6862.5,1,,,
2026-04-13 10:56:54.882,T,6862.5,1,,,
2026-04-13 10:56:54.885,Q,,,,6862.5,6862.75
2026-04-13 10:56:55.602,Q,,,,6862.25,6862.5
2026-04-13 10:56:55.602,T,6862.5,4,,,
2026-04-13 10:56:55.602,T,6862.5,1,,,
2026-04-13 10:56:55.602,T,6862.5,1,,,
2026-04-13 10:56:55.602,T,6862.5,1,,,
2026-04-13 10:56:55.602,T,6862.5,2,,,
2026-04-13 10:56:55.602,T,6862.5,1,,,
2026-04-13 10:56:55.602,T,6862.5,1,,,
2026-04-13 10:56:55.602,T,6862.5,1,,,
2026-04-13 10:56:55.602,T,6862.5,1,,,
2026-04-13 10:56:55.602,T,6862.5,2,,,
2026-04-13 10:56:55.602,T,6862.5,1,,,
2026-04-13 10:56:55.602,T,6862.5,1,,,
2026-04-13 10:56:55.602,T,6862.5,1,,,
2026-04-13 10:56:56.132,T,6862.5,1,,,
2026-04-13 10:56:56.132,T,6862.5,2,,,
2026-04-13 10:56:56.132,T,6862.5,1,,,
2026-04-13 10:56:56.132,T,6862.5,1,,,
2026-04-13 10:56:56.132,T,6862.5,1,,,
2026-04-13 10:56:56.132,T,6862.5,1,,,
2026-04-13 10:56:56.132,T,6862.5,1,,,
2026-04-13 10:56:56.132,T,6862.5,1,,,
2026-04-13 10:56:56.331,T,6862.5,1,,,
2026-04-13 10:56:56.331,T,6862.5,1,,,
2026-04-13 10:56:56.331,T,6862.5,4,,,
2026-04-13 10:56:56.331,T,6862.5,1,,,
2026-04-13 10:56:56.332,Q,,,,6862.5,6862.75
2026-04-13 10:56:56.780,T,6862.5,1,,,
2026-04-13 10:56:56.780,T,6862.5,1,,,
2026-04-13 10:56:56.780,T,6862.5,1,,,
2026-04-13 10:56:56.780,T,6862.5,1,,,
2026-04-13 10:56:56.780,T,6862.5,1,,,
2026-04-13 10:56:56.780,T,6862.5,1,,,
2026-04-13 10:56:56.780,T,6862.5,1,,,
2026-04-13 10:56:57.051,Q,,,,6862.25,6862.75
2026-04-13 10:56:57.051,Q,,,,6862.5,6862.75
2026-04-13 10:56:57.051,T,6862.75,1,,,
2026-04-13 10:56:57.631,T,6862.5,1,,,
2026-04-13 10:56:58.267,T,6862.75,1,,,
2026-04-13 10:56:58.835,Q,,,,6862.75,6863.0
2026-04-13 10:56:58.835,T,6862.5,2,,,
2026-04-13 10:56:58.835,T,6862.5,2,,,
2026-04-13 10:56:58.835,T,6862.75,1,,,
2026-04-13 10:56:58.835,T,6862.75,1,,,
2026-04-13 10:56:58.835,T,6862.75,1,,,
2026-04-13 10:56:58.835,T,6862.75,1,,,
2026-04-13 10:56:58.835,T,6862.75,1,,,
2026-04-13 10:56:58.835,T,6862.75,1,,,
2026-04-13 10:56:58.835,T,6862.75,1,,,
2026-04-13 10:56:58.835,T,6862.75,1,,,
2026-04-13 10:56:58.835,T,6862.75,1,,,
2026-04-13 10:56:58.835,T,6862.75,3,,,
2026-04-13 10:56:58.835,T,6862.75,1,,,
2026-04-13 10:56:58.835,T,6862.75,1,,,
2026-04-13 10:56:58.835,T,6862.75,1,,,
2026-04-13 10:56:58.835,T,6862.75,1,,,
2026-04-13 10:56:58.928,T,6863.0,1,,,
2026-04-13 10:56:59.783,T,6862.75,2,,,
2026-04-13 10:56:59.783,T,6862.75,2,,,
2026-04-13 10:56:59.783,T,6862.75,1,,,
2026-04-13 10:56:59.783,T,6862.75,1,,,
2026-04-13 10:56:59.783,T,6862.75,1,,,
2026-04-13 10:56:59.783,T,6862.75,1,,,
2026-04-13 10:56:59.783,T,6862.75,2,,,
2026-04-13 10:56:59.783,T,6862.75,1,,,
2026-04-13 10:56:59.783,T,6862.75,1,,,
2026-04-13 10:56:59.783,T,6862.75,1,,,
2026-04-13 10:56:59.783,T,6862.75,1,,,
2026-04-13 10:56:59.783,T,6863.0,1,,,
2026-04-13 10:56:59.783,T,6862.75,1,,,
2026-04-13 10:56:59.783,T,6862.75,1,,,
2026-04-13 10:57:00.040,T,6863.0,1,,,
2026-04-13 10:57:00.154,T,6863.0,1,,,
2026-04-13 10:57:00.154,T,6863.0,1,,,
2026-04-13 10:57:00.154,T,6863.0,1,,,
2026-04-13 10:57:00.154,T,6863.0,1,,,
2026-04-13 10:57:00.154,T,6863.0,1,,,
2026-04-13 10:57:00.154,T,6863.0,1,,,
2026-04-13 10:57:00.154,T,6863.0,1,,,
2026-04-13 10:57:00.154,T,6863.0,1,,,
2026-04-13 10:57:00.154,T,6863.0,1,,,
2026-04-13 10:57:00.154,T,6863.0,1,,,
2026-04-13 10:57:00.154,T,6863.0,1,,,
2026-04-13 10:57:00.154,T,6863.0,1,,,
2026-04-13 10:57:00.154,T,6863.0,2,,,
2026-04-13 10:57:00.154,T,6863.0,1,,,
2026-04-13 10:57:00.154,T,6863.0,1,,,
2026-04-13 10:57:00.154,T,6863.0,1,,,
2026-04-13 10:57:00.154,T,6863.0,1,,,
2026-04-13 10:57:00.154,T,6863.0,1,,,
2026-04-13 10:57:00.154,T,6863.0,1,,,
2026-04-13 10:57:00.154,T,6863.0,3,,,
2026-04-13 10:57:00.154,T,6863.0,1,,,
2026-04-13 10:57:00.156,Q,,,,6863.0,6863.25
2026-04-13 10:57:00.266,T,6863.25,1,,,
2026-04-13 10:57:00.266,T,6863.25,2,,,
2026-04-13 10:57:00.266,T,6863.25,1,,,
2026-04-13 10:57:00.266,T,6863.25,1,,,
2026-04-13 10:57:00.266,T,6863.25,1,,,
2026-04-13 10:57:00.266,T,6863.25,1,,,
2026-04-13 10:57:00.266,T,6863.25,1,,,
2026-04-13 10:57:00.266,T,6863.25,1,,,
2026-04-13 10:57:00.266,T,6863.25,1,,,
2026-04-13 10:57:00.266,T,6863.25,1,,,
2026-04-13 10:57:00.266,T,6863.25,2,,,
2026-04-13 10:57:00.266,T,6863.25,1,,,
2026-04-13 10:57:00.266,T,6863.25,1,,,
2026-04-13 10:57:00.266,T,6863.25,1,,,
2026-04-13 10:57:00.266,T,6863.25,1,,,
2026-04-13 10:57:00.266,T,6863.25,4,,,
2026-04-13 10:57:00.266,T,6863.25,1,,,
2026-04-13 10:57:00.266,T,6863.25,1,,,
2026-04-13 10:57:00.266,T,6863.25,1,,,
2026-04-13 10:57:00.268,Q,,,,6863.25,6863.5
2026-04-13 10:57:00.268,T,6863.25,2,,,
2026-04-13 10:57:00.268,T,6863.25,1,,,
2026-04-13 10:57:00.268,T,6863.25,1,,,
2026-04-13 10:57:00.387,T,6863.5,1,,,
2026-04-13 10:57:00.387,T,6863.5,1,,,
2026-04-13 10:57:00.387,T,6863.5,1,,,
2026-04-13 10:57:00.387,T,6863.5,1,,,
2026-04-13 10:57:00.387,T,6863.5,1,,,
2026-04-13 10:57:00.387,T,6863.5,1,,,
2026-04-13 10:57:00.387,T,6863.5,1,,,
2026-04-13 10:57:00.387,T,6863.5,1,,,
2026-04-13 10:57:00.387,T,6863.5,1,,,
2026-04-13 10:57:00.387,T,6863.5,1,,,
2026-04-13 10:57:00.387,T,6863.5,1,,,
2026-04-13 10:57:00.387,T,6863.5,1,,,
2026-04-13 10:57:00.387,T,6863.5,1,,,
2026-04-13 10:57:00.387,T,6863.5,1,,,
2026-04-13 10:57:00.387,T,6863.5,1,,,
2026-04-13 10:57:00.387,T,6863.5,1,,,
2026-04-13 10:57:00.387,T,6863.5,4,,,
2026-04-13 10:57:00.387,T,6863.5,1,,,
2026-04-13 10:57:00.387,T,6863.5,2,,,
2026-04-13 10:57:00.387,T,6863.5,1,,,
2026-04-13 10:57:00.387,T,6863.5,1,,,
2026-04-13 10:57:00.387,T,6863.5,2,,,
2026-04-13 10:57:00.523,T,6863.5,1,,,
2026-04-13 10:57:00.523,T,6863.5,1,,,
2026-04-13 10:57:00.523,T,6863.5,1,,,
2026-04-13 10:57:00.523,T,6863.5,1,,,
2026-04-13 10:57:00.523,T,6863.5,1,,,
2026-04-13 10:57:00.523,T,6863.5,2,,,
2026-04-13 10:57:00.523,T,6863.5,1,,,
2026-04-13 10:57:00.523,T,6863.5,1,,,
2026-04-13 10:57:00.524,Q,,,,6863.25,6863.75
2026-04-13 10:57:00.524,Q,,,,6863.5,6863.75
2026-04-13 10:57:00.524,T,6863.5,4,,,
2026-04-13 10:57:00.524,T,6863.5,1,,,
2026-04-13 10:57:00.524,T,6863.5,1,,,
2026-04-13 10:57:00.524,T,6863.5,1,,,
2026-04-13 10:57:00.524,T,6863.5,1,,,
2026-04-13 10:57:00.649,T,6863.5,1,,,
2026-04-13 10:57:00.650,T,6863.5,3,,,
2026-04-13 10:57:00.650,T,6863.5,1,,,
2026-04-13 10:57:00.650,T,6863.5,1,,,
2026-04-13 10:57:00.650,T,6863.5,1,,,
2026-04-13 10:57:00.650,T,6863.5,1,,,
2026-04-13 10:57:00.650,T,6863.5,1,,,
2026-04-13 10:57:00.650,T,6863.5,1,,,
2026-04-13 10:57:00.650,T,6863.5,1,,,
2026-04-13 10:57:00.650,T,6863.5,1,,,
2026-04-13 10:57:00.652,Q,,,,6863.25,6863.5
2026-04-13 10:57:00.681,T,6863.5,1,,,
2026-04-13 10:57:00.681,T,6863.5,1,,,
2026-04-13 10:57:00.681,T,6863.5,1,,,
2026-04-13 10:57:00.881,T,6863.5,1,,,
2026-04-13 10:57:00.881,T,6863.25,1,,,
2026-04-13 10:57:00.984,T,6863.25,1,,,
2026-04-13 10:57:01.084,T,6863.25,1,,,
2026-04-13 10:57:01.084,T,6863.25,1,,,
2026-04-13 10:57:01.084,T,6863.25,1,,,
2026-04-13 10:57:01.084,T,6863.25,1,,,
2026-04-13 10:57:01.084,T,6863.25,1,,,
2026-04-13 10:57:01.084,T,6863.25,1,,,
2026-04-13 10:57:01.084,T,6863.25,1,,,
2026-04-13 10:57:01.084,T,6863.25,1,,,
2026-04-13 10:57:01.084,T,6863.25,1,,,
2026-04-13 10:57:01.084,T,6863.25,1,,,
2026-04-13 10:57:01.181,T,6863.25,1,,,
2026-04-13 10:57:01.333,T,6863.5,4,,,
2026-04-13 10:57:01.333,T,6863.5,1,,,
2026-04-13 10:57:01.333,T,6863.5,1,,,
2026-04-13 10:57:01.333,T,6863.5,1,,,
2026-04-13 10:57:01.333,T,6863.5,1,,,
2026-04-13 10:57:01.333,T,6863.5,1,,,
2026-04-13 10:57:01.333,T,6863.5,1,,,
2026-04-13 10:57:01.333,T,6863.5,2,,,
2026-04-13 10:57:01.333,T,6863.5,1,,,
2026-04-13 10:57:01.333,T,6863.5,1,,,
2026-04-13 10:57:01.333,T,6863.5,1,,,
2026-04-13 10:57:01.333,T,6863.5,1,,,
2026-04-13 10:57:01.333,T,6863.5,1,,,
2026-04-13 10:57:01.333,T,6863.5,1,,,
2026-04-13 10:57:01.333,T,6863.5,2,,,
2026-04-13 10:57:01.333,T,6863.5,1,,,
2026-04-13 10:57:01.333,T,6863.5,1,,,
2026-04-13 10:57:01.333,T,6863.5,1,,,
2026-04-13 10:57:01.333,T,6863.5,2,,,
2026-04-13 10:57:01.333,T,6863.5,1,,,
2026-04-13 10:57:01.333,T,6863.5,1,,,
2026-04-13 10:57:01.333,T,6863.5,1,,,
2026-04-13 10:57:01.333,T,6863.5,1,,,
2026-04-13 10:57:01.333,T,6863.5,1,,,
2026-04-13 10:57:01.333,T,6863.5,1,,,
2026-04-13 10:57:01.333,T,6863.5,1,,,
2026-04-13 10:57:01.334,Q,,,,6863.5,6863.75
2026-04-13 10:57:01.681,T,6863.75,1,,,
2026-04-13 10:57:01.681,T,6863.75,1,,,
2026-04-13 10:57:01.681,T,6863.75,1,,,
2026-04-13 10:57:01.731,T,6863.5,1,,,
2026-04-13 10:57:01.881,T,6863.5,1,,,
2026-04-13 10:57:02.483,T,6863.75,1,,,
2026-04-13 11:13:03.509,Q,,,,6863.0,6863.25
2026-04-13 11:13:03.744,T,6863.25,1,,,
2026-04-13 11:13:03.744,T,6863.0,1,,,
2026-04-13 11:13:03.744,T,6863.0,2,,,
2026-04-13 11:13:03.744,T,6863.0,1,,,
2026-04-13 11:13:03.744,T,6863.0,2,,,
2026-04-13 11:13:03.744,T,6863.0,1,,,
2026-04-13 11:13:03.744,T,6863.0,1,,,
2026-04-13 11:13:03.744,T,6863.0,1,,,
2026-04-13 11:13:03.744,T,6863.0,1,,,
2026-04-13 11:13:03.744,T,6863.0,4,,,
2026-04-13 11:13:03.744,T,6863.0,1,,,
2026-04-13 11:13:03.744,T,6863.0,1,,,
2026-04-13 11:13:03.744,T,6863.0,1,,,
2026-04-13 11:13:03.744,T,6863.0,1,,,
2026-04-13 11:13:03.744,T,6863.0,1,,,
2026-04-13 11:13:03.744,T,6863.0,1,,,
2026-04-13 11:13:03.981,Q,,,,6862.75,6863.0
2026-04-13 11:13:03.982,T,6862.75,1,,,
2026-04-13 11:13:03.982,T,6862.75,1,,,
2026-04-13 11:13:04.142,Q,,,,6862.5,6862.75
2026-04-13 11:13:04.143,T,6862.75,1,,,
2026-04-13 11:13:04.143,T,6862.75,1,,,
2026-04-13 11:13:04.143,T,6862.75,1,,,
2026-04-13 11:13:04.143,T,6862.75,1,,,
2026-04-13 11:13:04.143,T,6862.75,1,,,
2026-04-13 11:13:04.143,T,6862.75,1,,,
2026-04-13 11:13:04.143,T,6862.75,1,,,
2026-04-13 11:13:04.143,T,6862.75,1,,,
2026-04-13 11:13:04.143,T,6862.75,1,,,
2026-04-13 11:13:04.143,T,6862.75,1,,,
2026-04-13 11:13:04.143,T,6862.75,3,,,
2026-04-13 11:13:04.143,T,6862.75,1,,,
2026-04-13 11:13:04.143,T,6862.75,9,,,
2026-04-13 11:13:04.143,T,6862.75,1,,,
2026-04-13 11:13:04.143,T,6862.75,3,,,
2026-04-13 11:13:04.143,T,6862.75,1,,,
2026-04-13 11:13:04.143,T,6862.75,1,,,
2026-04-13 11:13:04.143,T,6862.75,5,,,
2026-04-13 11:13:04.143,T,6862.75,1,,,
2026-04-13 11:13:04.143,T,6862.75,1,,,
2026-04-13 11:13:04.143,T,6862.75,1,,,
2026-04-13 11:13:04.143,T,6862.75,1,,,
2026-04-13 11:13:04.143,T,6862.75,1,,,
2026-04-13 11:13:04.143,T,6862.75,1,,,
2026-04-13 11:13:04.143,T,6862.75,2,,,
2026-04-13 11:13:04.143,T,6862.75,1,,,
2026-04-13 11:13:04.143,T,6862.75,1,,,
2026-04-13 11:13:04.143,T,6862.75,1,,,
2026-04-13 11:13:04.143,T,6862.75,1,,,
2026-04-13 11:13:04.143,T,6862.75,1,,,
2026-04-13 11:13:04.143,T,6862.75,1,,,
2026-04-13 11:13:04.143,T,6862.75,1,,,
2026-04-13 11:13:04.143,T,6862.75,1,,,
2026-04-13 11:13:04.143,T,6862.75,1,,,
2026-04-13 11:13:04.143,T,6862.75,1,,,
2026-04-13 11:13:04.143,T,6862.75,1,,,
2026-04-13 11:13:04.191,T,6862.75,1,,,
2026-04-13 11:13:04.191,T,6862.75,1,,,
2026-04-13 11:13:04.191,T,6862.75,1,,,
2026-04-13 11:13:04.191,T,6862.75,1,,,
2026-04-13 11:13:04.191,T,6862.75,1,,,
2026-04-13 11:13:04.191,T,6862.75,1,,,
2026-04-13 11:13:04.191,T,6862.75,1,,,
2026-04-13 11:13:04.191,T,6862.75,1,,,
2026-04-13 11:13:04.191,T,6862.75,1,,,
2026-04-13 11:13:04.191,T,6862.75,1,,,
2026-04-13 11:13:04.191,T,6862.75,1,,,
2026-04-13 11:13:04.191,T,6862.75,1,,,
2026-04-13 11:13:04.210,Q,,,,6862.75,6863.0
2026-04-13 11:13:04.387,T,6863.0,1,,,
2026-04-13 11:13:04.694,T,6862.75,1,,,
2026-04-13 11:13:04.694,T,6862.75,1,,,
2026-04-13 11:13:04.694,T,6862.75,1,,,
2026-04-13 11:13:04.694,T,6862.75,1,,,
2026-04-13 11:13:04.694,T,6862.75,1,,,
2026-04-13 11:13:04.695,Q,,,,6862.5,6862.75
2026-04-13 11:13:04.841,T,6862.75,1,,,
2026-04-13 11:13:04.893,T,6862.75,1,,,
2026-04-13 11:13:04.893,T,6862.75,1,,,
2026-04-13 11:13:04.893,T,6862.75,1,,,
2026-04-13 11:13:04.893,T,6862.75,1,,,
2026-04-13 11:13:04.893,T,6862.75,1,,,
2026-04-13 11:13:04.893,T,6862.75,1,,,
2026-04-13 11:13:04.893,T,6862.75,1,,,
2026-04-13 11:13:04.893,T,6862.75,1,,,
2026-04-13 11:13:04.893,T,6862.75,2,,,
2026-04-13 11:13:04.893,T,6862.75,1,,,
2026-04-13 11:13:04.893,T,6862.75,1,,,
2026-04-13 11:13:04.893,T,6862.75,1,,,
2026-04-13 11:13:04.893,T,6862.75,1,,,
2026-04-13 11:13:04.893,T,6862.75,1,,,
2026-04-13 11:13:04.893,T,6862.75,1,,,
2026-04-13 11:13:04.893,T,6863.0,1,,,
2026-04-13 11:13:04.893,T,6863.0,1,,,
2026-04-13 11:13:04.893,T,6862.75,1,,,
2026-04-13 11:13:04.893,T,6862.75,1,,,
2026-04-13 11:13:04.893,T,6862.75,1,,,
2026-04-13 11:13:05.039,T,6862.75,1,,,
2026-04-13 11:13:05.039,T,6862.75,1,,,
2026-04-13 11:13:05.039,T,6862.75,1,,,
2026-04-13 11:13:05.039,T,6862.75,1,,,
2026-04-13 11:13:05.039,T,6862.75,1,,,
2026-04-13 11:13:05.039,T,6862.75,1,,,
2026-04-13 11:13:05.039,T,6862.75,1,,,
2026-04-13 11:13:05.039,T,6862.75,1,,,
2026-04-13 11:13:05.039,T,6862.75,1,,,
2026-04-13 11:13:05.193,Q,,,,6862.75,6863.0
2026-04-13 11:13:05.193,T,6862.75,1,,,
2026-04-13 11:13:05.193,T,6862.75,1,,,
2026-04-13 11:13:05.193,T,6862.75,1,,,
2026-04-13 11:13:05.193,T,6862.75,1,,,
2026-04-13 11:13:05.193,T,6862.75,1,,,
2026-04-13 11:13:05.193,T,6862.75,1,,,
2026-04-13 11:13:05.290,Q,,,,6862.5,6862.75
2026-04-13 11:13:05.290,T,6862.75,1,,,
2026-04-13 11:13:05.290,T,6862.75,1,,,
2026-04-13 11:13:05.290,T,6862.75,1,,,
2026-04-13 11:13:05.290,T,6862.75,1,,,
2026-04-13 11:13:05.440,T,6862.75,1,,,
2026-04-13 11:13:05.440,T,6862.75,1,,,
2026-04-13 11:13:05.440,T,6862.75,1,,,
2026-04-13 11:13:05.440,T,6862.75,1,,,
2026-04-13 11:13:05.440,T,6862.75,1,,,
2026-04-13 11:13:05.688,T,6862.75,1,,,
2026-04-13 11:13:05.688,T,6862.75,1,,,
2026-04-13 11:13:05.688,T,6862.75,3,,,
2026-04-13 11:13:06.443,T,6862.75,1,,,
2026-04-13 11:13:06.443,T,6862.75,1,,,
2026-04-13 11:13:06.443,T,6862.75,1,,,
2026-04-13 11:13:06.443,T,6862.75,1,,,
2026-04-13 11:13:06.443,T,6862.75,1,,,
2026-04-13 11:13:06.443,T,6862.75,1,,,
2026-04-13 11:13:06.443,T,6862.75,1,,,
2026-04-13 11:13:06.443,T,6862.75,1,,,
2026-04-13 11:13:06.443,T,6862.75,2,,,
2026-04-13 11:13:06.443,T,6862.75,5,,,
2026-04-13 11:13:06.443,T,6862.75,1,,,
2026-04-13 11:13:06.443,T,6862.75,1,,,
2026-04-13 11:13:06.443,T,6862.75,1,,,
2026-04-13 11:13:06.443,T,6862.75,1,,,
2026-04-13 11:13:06.443,T,6862.75,3,,,
2026-04-13 11:13:06.443,T,6862.75,1,,,
2026-04-13 11:13:06.443,T,6862.75,1,,,
2026-04-13 11:13:06.491,T,6862.75,1,,,
2026-04-13 11:13:06.491,T,6862.75,1,,,
2026-04-13 11:13:06.491,T,6862.75,1,,,
2026-04-13 11:13:06.491,T,6862.75,1,,,
2026-04-13 11:13:06.491,T,6862.75,1,,,
2026-04-13 11:13:07.190,T,6862.75,1,,,
2026-04-13 11:13:07.190,T,6862.75,1,,,
2026-04-13 11:13:07.190,T,6862.75,1,,,
2026-04-13 11:13:07.190,T,6862.75,1,,,
2026-04-13 11:13:07.190,T,6862.75,1,,,
2026-04-13 11:13:07.190,T,6862.75,1,,,
2026-04-13 11:13:07.190,T,6862.75,8,,,
2026-04-13 11:13:07.190,T,6862.75,1,,,
2026-04-13 11:13:07.190,T,6862.75,1,,,
2026-04-13 11:13:07.190,T,6862.75,1,,,
2026-04-13 11:13:07.190,T,6862.75,1,,,
2026-04-13 11:13:07.190,T,6862.75,1,,,
2026-04-13 11:13:07.190,T,6862.75,1,,,
2026-04-13 11:13:07.190,T,6862.75,1,,,
2026-04-13 11:13:07.239,T,6862.75,1,,,
2026-04-13 11:13:07.239,T,6862.75,1,,,
2026-04-13 11:13:07.239,Q,,,,6862.75,6863.0
2026-04-13 11:13:07.840,T,6862.75,1,,,
2026-04-13 11:13:07.889,T,6862.75,1,,,
2026-04-13 11:13:08.357,T,6862.75,1,,,
2026-04-13 11:13:08.357,T,6862.75,1,,,
2026-04-13 11:13:08.357,T,6862.75,1,,,
2026-04-13 11:13:09.348,T,6862.75,1,,,
2026-04-13 11:13:09.348,T,6862.75,1,,,
2026-04-13 11:13:09.348,T,6862.75,1,,,
2026-04-13 11:13:09.348,T,6862.75,1,,,
2026-04-13 11:13:09.348,T,6862.75,1,,,
2026-04-13 11:13:09.583,Q,,,,6862.5,6862.75
2026-04-13 11:13:10.303,T,6862.75,1,,,
2026-04-13 11:13:11.989,T,6862.75,1,,,
2026-04-13 11:13:12.043,T,6862.5,1,,,
2026-04-13 11:13:12.043,T,6862.5,1,,,
2026-04-13 11:13:12.043,T,6862.5,1,,,
2026-04-13 11:13:12.043,T,6862.5,1,,,
2026-04-13 11:13:12.043,T,6862.5,1,,,
2026-04-13 11:13:12.043,T,6862.5,2,,,
2026-04-13 11:13:12.043,T,6862.5,1,,,
2026-04-13 11:13:12.043,T,6862.5,1,,,
2026-04-13 11:13:12.043,T,6862.5,1,,,
2026-04-13 11:13:12.043,T,6862.5,1,,,
2026-04-13 11:13:12.043,T,6862.5,1,,,
2026-04-13 11:13:12.043,T,6862.5,1,,,
2026-04-13 11:13:12.043,T,6862.5,1,,,
2026-04-13 11:13:12.043,T,6862.5,1,,,
2026-04-13 11:13:12.043,T,6862.5,1,,,
2026-04-13 11:13:12.043,T,6862.5,1,,,
2026-04-13 11:13:12.043,T,6862.5,1,,,
2026-04-13 11:13:12.043,T,6862.5,1,,,
2026-04-13 11:13:12.043,T,6862.5,1,,,
2026-04-13 11:13:12.043,T,6862.5,1,,,
2026-04-13 11:13:12.043,T,6862.5,3,,,
2026-04-13 11:13:12.043,T,6862.5,1,,,
2026-04-13 11:13:12.043,T,6862.5,5,,,
2026-04-13 11:13:12.043,T,6862.5,1,,,
2026-04-13 11:13:12.043,T,6862.5,1,,,
2026-04-13 11:13:12.043,T,6862.25,1,,,
2026-04-13 11:13:12.043,T,6862.25,2,,,
2026-04-13 11:13:12.043,T,6862.25,1,,,
2026-04-13 11:13:12.043,T,6862.25,1,,,
2026-04-13 11:13:12.043,T,6862.25,1,,,
2026-04-13 11:13:12.043,T,6862.5,1,,,
2026-04-13 11:13:12.043,T,6862.5,1,,,
2026-04-13 11:13:12.043,T,6862.5,1,,,
2026-04-13 11:13:12.043,T,6862.5,1,,,
2026-04-13 11:13:12.043,T,6862.5,3,,,
2026-04-13 11:13:12.043,T,6862.5,2,,,
2026-04-13 11:13:12.043,T,6862.5,1,,,
2026-04-13 11:13:12.043,T,6862.5,1,,,
2026-04-13 11:13:12.043,T,6862.5,1,,,
2026-04-13 11:13:12.043,T,6862.5,1,,,
2026-04-13 11:13:12.043,T,6862.5,1,,,
2026-04-13 11:13:12.043,T,6862.5,1,,,
2026-04-13 11:13:12.043,T,6862.5,1,,,
2026-04-13 11:13:12.043,T,6862.5,1,,,
2026-04-13 11:13:12.043,T,6862.5,1,,,
2026-04-13 11:13:12.043,T,6862.5,1,,,
2026-04-13 11:13:12.043,T,6862.5,1,,,
2026-04-13 11:13:12.043,T,6862.5,1,,,
2026-04-13 11:13:12.786,T,6862.5,1,,,
2026-04-13 11:13:13.039,T,6862.75,1,,,
2026-04-13 11:13:13.039,T,6862.75,1,,,
2026-04-13 11:13:13.039,T,6862.75,1,,,
2026-04-13 11:13:13.039,T,6862.75,1,,,
2026-04-13 11:13:13.194,T,6862.75,1,,,
2026-04-13 11:13:13.194,T,6862.75,5,,,
2026-04-13 11:13:13.194,T,6862.75,1,,,
2026-04-13 11:13:13.194,T,6862.75,1,,,
2026-04-13 11:13:13.194,T,6862.75,1,,,
2026-04-13 11:13:13.194,T,6862.75,1,,,
2026-04-13 11:13:13.194,T,6862.75,1,,,
2026-04-13 11:13:13.194,T,6862.75,6,,,
2026-04-13 11:13:13.194,T,6862.75,1,,,
2026-04-13 11:13:13.194,T,6862.75,1,,,
2026-04-13 11:13:13.194,T,6862.75,1,,,
2026-04-13 11:13:13.194,T,6862.75,3,,,
2026-04-13 11:13:13.194,T,6862.75,1,,,
2026-04-13 11:13:13.194,T,6862.75,4,,,
2026-04-13 11:13:13.194,T,6862.75,1,,,
2026-04-13 11:13:13.194,T,6862.75,1,,,
2026-04-13 11:13:13.194,T,6862.75,4,,,
2026-04-13 11:13:13.194,T,6862.75,1,,,
2026-04-13 11:13:13.194,T,6862.75,1,,,
2026-04-13 11:13:13.194,T,6862.75,1,,,
2026-04-13 11:13:13.194,T,6862.75,1,,,
2026-04-13 11:13:13.194,T,6862.75,1,,,
2026-04-13 11:13:13.194,T,6862.75,1,,,
2026-04-13 11:13:13.194,T,6862.75,1,,,
2026-04-13 11:13:13.696,T,6862.5,1,,,
2026-04-13 11:13:13.696,T,6862.5,1,,,
2026-04-13 11:13:13.696,T,6862.5,1,,,
2026-04-13 11:13:13.696,T,6862.5,2,,,
2026-04-13 11:13:13.696,T,6862.5,1,,,
2026-04-13 11:13:13.696,T,6862.5,1,,,
2026-04-13 11:13:13.696,T,6862.5,1,,,
2026-04-13 11:13:13.696,T,6862.5,1,,,
2026-04-13 11:13:13.696,T,6862.5,1,,,
2026-04-13 11:13:13.696,T,6862.5,1,,,
2026-04-13 11:13:13.696,T,6862.5,1,,,
2026-04-13 11:13:13.696,T,6862.5,2,,,
2026-04-13 11:13:13.696,T,6862.5,1,,,
2026-04-13 11:13:13.696,T,6862.5,1,,,
2026-04-13 11:13:13.696,T,6862.5,1,,,
2026-04-13 11:13:13.696,T,6862.5,1,,,
2026-04-13 11:13:13.696,T,6862.5,2,,,
2026-04-13 11:13:13.696,T,6862.5,1,,,
2026-04-13 11:13:13.696,T,6862.5,1,,,
2026-04-13 11:13:13.696,T,6862.5,3,,,
2026-04-13 11:13:13.696,T,6862.5,1,,,
2026-04-13 11:13:13.696,T,6862.5,1,,,
2026-04-13 11:13:13.696,T,6862.5,1,,,
2026-04-13 11:13:13.696,T,6862.5,1,,,
2026-04-13 11:13:13.696,T,6862.5,1,,,
2026-04-13 11:13:13.696,T,6862.5,1,,,
2026-04-13 11:13:13.696,T,6862.5,1,,,
2026-04-13 11:13:13.696,T,6862.5,2,,,
2026-04-13 11:13:13.696,T,6862.5,1,,,
2026-04-13 11:13:13.696,T,6862.5,1,,,
2026-04-13 11:13:13.696,T,6862.5,1,,,
2026-04-13 11:13:13.696,T,6862.5,1,,,
2026-04-13 11:13:13.696,T,6862.5,1,,,
2026-04-13 11:13:13.696,T,6862.5,1,,,
2026-04-13 11:13:14.240,T,6862.5,2,,,
2026-04-13 11:13:14.240,T,6862.5,1,,,
2026-04-13 11:13:14.240,T,6862.5,4,,,
2026-04-13 11:13:14.240,T,6862.5,1,,,
2026-04-13 11:13:14.240,T,6862.5,1,,,
2026-04-13 11:13:14.240,T,6862.5,1,,,
2026-04-13 11:13:14.240,T,6862.5,1,,,
2026-04-13 11:13:14.240,T,6862.5,1,,,
2026-04-13 11:13:14.791,T,6862.5,1,,,
2026-04-13 11:13:14.791,T,6862.5,1,,,
2026-04-13 11:13:14.791,T,6862.5,1,,,
2026-04-13 11:13:14.791,T,6862.5,1,,,
2026-04-13 11:13:14.791,T,6862.5,1,,,
2026-04-13 11:29:18.666,Q,,,,6857.5,6857.75
2026-04-13 11:29:18.835,T,6857.5,1,,,
2026-04-13 11:29:18.835,T,6857.5,2,,,
2026-04-13 11:29:18.835,T,6857.5,2,,,
2026-04-13 11:29:18.835,T,6857.5,1,,,
2026-04-13 11:29:18.835,T,6857.5,1,,,
2026-04-13 11:29:18.835,T,6857.5,1,,,
2026-04-13 11:29:18.835,T,6857.5,1,,,
2026-04-13 11:29:18.835,T,6857.5,4,,,
2026-04-13 11:29:18.835,T,6857.5,1,,,
2026-04-13 11:29:18.835,T,6857.5,1,,,
2026-04-13 11:29:18.835,T,6857.5,1,,,
2026-04-13 11:29:18.835,T,6857.5,1,,,
2026-04-13 11:29:18.835,T,6857.5,1,,,
2026-04-13 11:29:18.835,T,6857.5,1,,,
2026-04-13 11:29:18.835,T,6857.5,1,,,
2026-04-13 11:29:18.835,T,6857.5,1,,,
2026-04-13 11:29:18.835,T,6857.5,2,,,
2026-04-13 11:29:18.835,T,6857.5,2,,,
2026-04-13 11:29:18.835,T,6857.5,1,,,
2026-04-13 11:29:18.835,T,6857.5,1,,,
2026-04-13 11:29:18.835,T,6857.5,1,,,
2026-04-13 11:29:19.068,Q,,,,6857.25,6857.5
2026-04-13 11:29:19.069,T,6857.25,1,,,
2026-04-13 11:29:19.069,T,6857.25,1,,,
2026-04-13 11:29:19.130,T,6857.5,1,,,
2026-04-13 11:29:19.233,T,6857.5,1,,,
2026-04-13 11:29:19.233,T,6857.5,1,,,
2026-04-13 11:29:19.431,T,6857.5,1,,,
2026-04-13 11:29:19.631,T,6857.5,1,,,
2026-04-13 11:29:19.679,T,6857.5,1,,,
2026-04-13 11:29:19.990,T,6857.25,1,,,
2026-04-13 11:29:19.990,T,6857.25,1,,,
2026-04-13 11:29:19.990,T,6857.25,1,,,
2026-04-13 11:29:20.033,T,6857.25,1,,,
2026-04-13 11:29:20.033,T,6857.25,2,,,
2026-04-13 11:29:20.231,T,6857.25,2,,,
2026-04-13 11:29:20.733,T,6857.25,1,,,
2026-04-13 11:29:20.733,T,6857.5,1,,,
2026-04-13 11:29:20.829,T,6857.25,2,,,
2026-04-13 11:29:21.282,T,6857.25,1,,,
2026-04-13 11:29:21.328,T,6857.25,1,,,
2026-04-13 11:29:21.983,T,6857.25,1,,,
2026-04-13 11:29:22.131,T,6857.25,1,,,
2026-04-13 11:29:22.131,T,6857.25,1,,,
2026-04-13 11:29:22.131,T,6857.25,1,,,
2026-04-13 11:29:22.131,T,6857.25,1,,,
2026-04-13 11:29:22.131,T,6857.25,1,,,
2026-04-13 11:29:22.131,T,6857.25,1,,,
2026-04-13 11:29:22.131,T,6857.25,1,,,
2026-04-13 11:29:22.131,T,6857.25,1,,,
2026-04-13 11:29:22.131,T,6857.25,1,,,
2026-04-13 11:29:22.131,T,6857.25,1,,,
2026-04-13 11:29:22.131,T,6857.25,1,,,
2026-04-13 11:29:22.131,T,6857.25,1,,,
2026-04-13 11:29:22.131,T,6857.25,1,,,
2026-04-13 11:29:22.131,T,6857.25,1,,,
2026-04-13 11:29:22.131,T,6857.25,2,,,
2026-04-13 11:29:22.333,T,6857.25,1,,,
2026-04-13 11:29:22.333,T,6857.25,1,,,
2026-04-13 11:29:22.333,T,6857.25,1,,,
2026-04-13 11:29:22.333,T,6857.25,1,,,
2026-04-13 11:29:22.333,T,6857.25,4,,,
2026-04-13 11:29:22.333,T,6857.25,1,,,
2026-04-13 11:29:22.333,T,6857.25,1,,,
2026-04-13 11:29:22.333,T,6857.25,1,,,
2026-04-13 11:29:22.333,T,6857.25,1,,,
2026-04-13 11:29:22.333,T,6857.25,1,,,
2026-04-13 11:29:22.333,T,6857.25,2,,,
2026-04-13 11:29:22.333,T,6857.25,1,,,
2026-04-13 11:29:22.333,T,6857.25,2,,,
2026-04-13 11:29:22.333,T,6857.25,1,,,
2026-04-13 11:29:22.333,T,6857.25,1,,,
2026-04-13 11:29:22.333,T,6857.25,1,,,
2026-04-13 11:29:22.333,T,6857.25,3,,,
2026-04-13 11:29:22.333,T,6857.25,1,,,
2026-04-13 11:29:22.333,T,6857.25,1,,,
2026-04-13 11:29:22.333,T,6857.25,1,,,
2026-04-13 11:29:22.830,T,6857.5,10,,,
2026-04-13 11:29:23.132,T,6857.25,1,,,
2026-04-13 11:29:23.282,Q,,,,6857.25,6857.75
2026-04-13 11:29:23.283,T,6857.5,4,,,
2026-04-13 11:29:23.283,T,6857.5,45,,,
2026-04-13 11:29:23.283,T,6857.5,6,,,
2026-04-13 11:29:23.283,T,6857.5,1,,,
2026-04-13 11:29:23.283,T,6857.5,1,,,
2026-04-13 11:29:23.283,T,6857.5,1,,,
2026-04-13 11:29:23.283,T,6857.5,1,,,
2026-04-13 11:29:23.283,T,6857.5,2,,,
2026-04-13 11:29:23.283,T,6857.5,1,,,
2026-04-13 11:29:23.283,T,6857.5,3,,,
2026-04-13 11:29:23.283,T,6857.5,1,,,
2026-04-13 11:29:23.283,T,6857.5,1,,,
2026-04-13 11:29:23.283,T,6857.5,1,,,
2026-04-13 11:29:23.283,T,6857.5,1,,,
2026-04-13 11:29:23.283,T,6857.5,1,,,
2026-04-13 11:29:23.283,T,6857.5,1,,,
2026-04-13 11:29:23.283,T,6857.5,3,,,
2026-04-13 11:29:23.283,T,6857.5,1,,,
2026-04-13 11:29:23.283,T,6857.5,3,,,
2026-04-13 11:29:23.283,T,6857.5,2,,,
2026-04-13 11:29:23.283,T,6857.5,1,,,
2026-04-13 11:29:23.283,T,6857.5,1,,,
2026-04-13 11:29:23.283,T,6857.5,1,,,
2026-04-13 11:29:23.283,T,6857.5,1,,,
2026-04-13 11:29:23.283,T,6857.5,1,,,
2026-04-13 11:29:23.283,T,6857.5,1,,,
2026-04-13 11:29:23.283,T,6857.5,1,,,
2026-04-13 11:29:23.283,T,6857.5,1,,,
2026-04-13 11:29:23.283,T,6857.5,1,,,
2026-04-13 11:29:23.283,T,6857.5,1,,,
2026-04-13 11:29:23.283,T,6857.5,1,,,
2026-04-13 11:29:23.283,T,6857.5,1,,,
2026-04-13 11:29:23.283,T,6857.5,1,,,
2026-04-13 11:29:23.379,Q,,,,6857.5,6857.75
2026-04-13 11:29:23.485,T,6857.5,1,,,
2026-04-13 11:29:23.485,T,6857.5,1,,,
2026-04-13 11:29:23.485,T,6857.5,1,,,
2026-04-13 11:29:23.485,T,6857.5,1,,,
2026-04-13 11:29:23.485,T,6857.5,1,,,
2026-04-13 11:29:23.485,T,6857.5,1,,,
2026-04-13 11:29:23.485,T,6857.5,1,,,
2026-04-13 11:29:23.485,T,6857.5,1,,,
2026-04-13 11:29:23.532,T,6857.5,1,,,
2026-04-13 11:29:23.532,T,6857.5,1,,,
2026-04-13 11:29:23.532,T,6857.5,1,,,
2026-04-13 11:29:23.533,Q,,,,6857.25,6857.5
2026-04-13 11:29:23.786,Q,,,,6857.5,6857.75
2026-04-13 11:29:23.786,T,6857.5,1,,,
2026-04-13 11:29:23.786,T,6857.5,1,,,
2026-04-13 11:29:23.786,T,6857.5,1,,,
2026-04-13 11:29:23.786,T,6857.5,1,,,
2026-04-13 11:29:23.786,T,6857.5,1,,,
2026-04-13 11:29:23.878,T,6857.5,1,,,
2026-04-13 11:29:24.884,T,6857.5,4,,,
2026-04-13 11:29:24.884,T,6857.5,1,,,
2026-04-13 11:29:24.884,T,6857.5,1,,,
2026-04-13 11:29:24.884,T,6857.5,1,,,
2026-04-13 11:29:24.884,T,6857.5,1,,,
2026-04-13 11:29:24.884,T,6857.5,1,,,
2026-04-13 11:29:24.884,T,6857.5,1,,,
2026-04-13 11:29:24.884,T,6857.5,1,,,
2026-04-13 11:29:24.884,T,6857.5,1,,,
2026-04-13 11:29:24.884,T,6857.5,1,,,
2026-04-13 11:29:24.884,T,6857.5,1,,,
2026-04-13 11:29:24.884,T,6857.5,1,,,
2026-04-13 11:29:24.884,T,6857.5,1,,,
2026-04-13 11:29:24.884,T,6857.5,1,,,
2026-04-13 11:29:24.884,T,6857.5,2,,,
2026-04-13 11:29:24.884,T,6857.5,1,,,
2026-04-13 11:29:24.884,T,6857.5,1,,,
2026-04-13 11:29:24.884,T,6857.5,1,,,
2026-04-13 11:29:24.884,T,6857.5,1,,,
2026-04-13 11:29:24.884,T,6857.5,1,,,
2026-04-13 11:29:24.884,T,6857.5,4,,,
2026-04-13 11:29:24.884,T,6857.5,1,,,
2026-04-13 11:29:24.884,T,6857.5,1,,,
2026-04-13 11:29:24.884,T,6857.5,1,,,
2026-04-13 11:29:25.681,T,6857.5,1,,,
2026-04-13 11:29:25.784,T,6857.75,1,,,
2026-04-13 11:29:25.784,T,6857.75,1,,,
2026-04-13 11:29:26.039,T,6857.5,3,,,
2026-04-13 11:29:26.039,T,6857.5,1,,,
2026-04-13 11:29:26.039,T,6857.5,1,,,
2026-04-13 11:29:26.039,T,6857.5,1,,,
2026-04-13 11:29:26.039,T,6857.5,1,,,
2026-04-13 11:29:26.039,T,6857.5,1,,,
2026-04-13 11:29:26.039,T,6857.5,1,,,
2026-04-13 11:29:26.039,T,6857.5,1,,,
2026-04-13 11:29:26.039,T,6857.5,1,,,
2026-04-13 11:29:26.039,T,6857.5,1,,,
2026-04-13 11:29:26.039,T,6857.5,1,,,
2026-04-13 11:29:26.039,T,6857.5,1,,,
2026-04-13 11:29:26.039,T,6857.5,1,,,
2026-04-13 11:29:26.039,T,6857.5,2,,,
2026-04-13 11:29:26.039,T,6857.5,1,,,
2026-04-13 11:29:26.039,T,6857.5,1,,,
2026-04-13 11:29:26.039,T,6857.5,1,,,
2026-04-13 11:29:26.083,T,6857.5,1,,,
2026-04-13 11:29:26.084,Q,,,,6857.25,6857.5
2026-04-13 11:29:26.529,T,6857.5,1,,,
2026-04-13 11:45:31.542,Q,,,,6856.25,6856.5
2026-04-13 11:45:31.691,T,6856.25,1,,,
2026-04-13 11:45:31.691,T,6856.25,1,,,
2026-04-13 11:45:31.691,T,6856.25,1,,,
2026-04-13 11:45:31.994,T,6856.25,1,,,
2026-04-13 11:45:31.994,T,6856.25,1,,,
2026-04-13 11:45:31.994,T,6856.25,1,,,
2026-04-13 11:45:31.994,T,6856.25,1,,,
2026-04-13 11:45:31.994,T,6856.25,2,,,
2026-04-13 11:45:31.994,T,6856.25,1,,,
2026-04-13 11:45:31.994,T,6856.25,2,,,
2026-04-13 11:45:31.994,T,6856.25,1,,,
2026-04-13 11:45:31.994,T,6856.25,1,,,
2026-04-13 11:45:31.994,T,6856.25,1,,,
2026-04-13 11:45:31.994,T,6856.25,1,,,
2026-04-13 11:45:31.994,T,6856.25,1,,,
2026-04-13 11:45:31.994,T,6856.25,1,,,
2026-04-13 11:45:31.994,T,6856.25,1,,,
2026-04-13 11:45:31.994,T,6856.25,1,,,
2026-04-13 11:45:31.994,T,6856.25,1,,,
2026-04-13 11:45:31.994,T,6856.25,1,,,
2026-04-13 11:45:31.994,T,6856.25,3,,,
2026-04-13 11:45:31.994,T,6856.25,1,,,
2026-04-13 11:45:31.994,T,6856.25,1,,,
2026-04-13 11:45:31.994,T,6856.25,1,,,
2026-04-13 11:45:32.744,T,6856.5,2,,,
2026-04-13 11:45:33.093,Q,,,,6856.0,6856.25
2026-04-13 11:45:33.094,T,6856.25,1,,,
2026-04-13 11:45:33.094,T,6856.25,1,,,
2026-04-13 11:45:33.094,T,6856.25,4,,,
2026-04-13 11:45:33.094,T,6856.25,1,,,
2026-04-13 11:45:33.094,T,6856.25,1,,,
2026-04-13 11:45:33.094,T,6856.25,1,,,
2026-04-13 11:45:33.094,T,6856.25,1,,,
2026-04-13 11:45:33.094,T,6856.25,1,,,
2026-04-13 11:45:33.144,T,6856.25,1,,,
2026-04-13 11:45:33.145,Q,,,,6856.25,6856.5
2026-04-13 11:45:33.192,T,6856.25,1,,,
2026-04-13 11:45:33.192,T,6856.25,1,,,
2026-04-13 11:45:33.192,T,6856.25,1,,,
2026-04-13 11:45:33.192,T,6856.25,1,,,
2026-04-13 11:45:33.192,T,6856.25,1,,,
2026-04-13 11:45:33.192,T,6856.25,1,,,
2026-04-13 11:45:33.192,T,6856.25,1,,,
2026-04-13 11:45:33.192,T,6856.25,1,,,
2026-04-13 11:45:33.193,Q,,,,6856.0,6856.25
2026-04-13 11:45:33.295,Q,,,,6855.75,6856.0
2026-04-13 11:45:33.296,T,6856.0,4,,,
2026-04-13 11:45:33.296,T,6856.0,1,,,
2026-04-13 11:45:33.296,T,6856.0,1,,,
2026-04-13 11:45:33.296,T,6856.0,1,,,
2026-04-13 11:45:33.296,T,6856.0,1,,,
2026-04-13 11:45:33.296,T,6856.0,1,,,
2026-04-13 11:45:33.296,T,6856.0,1,,,
2026-04-13 11:45:33.296,T,6856.0,1,,,
2026-04-13 11:45:33.296,T,6856.0,1,,,
2026-04-13 11:45:33.296,T,6856.0,1,,,
2026-04-13 11:45:33.296,T,6856.0,1,,,
2026-04-13 11:45:33.296,T,6856.0,1,,,
2026-04-13 11:45:33.296,T,6856.0,1,,,
2026-04-13 11:45:33.296,T,6856.0,1,,,
2026-04-13 11:45:33.296,T,6856.0,1,,,
2026-04-13 11:45:33.296,T,6856.0,1,,,
2026-04-13 11:45:33.296,T,6856.0,1,,,
2026-04-13 11:45:33.343,Q,,,,6856.0,6856.25
2026-04-13 11:45:33.343,T,6856.0,1,,,
2026-04-13 11:45:33.444,T,6856.0,1,,,
2026-04-13 11:45:33.444,T,6856.0,3,,,
2026-04-13 11:45:33.444,T,6856.0,1,,,
2026-04-13 11:45:33.444,T,6856.0,1,,,
2026-04-13 11:45:33.444,T,6856.0,1,,,
2026-04-13 11:45:33.444,T,6856.0,1,,,
2026-04-13 11:45:33.444,T,6855.75,1,,,
2026-04-13 11:45:33.446,Q,,,,6855.75,6856.0
2026-04-13 11:45:33.693,T,6856.0,1,,,
2026-04-13 11:45:33.693,T,6856.0,1,,,
2026-04-13 11:45:34.044,T,6856.0,1,,,
2026-04-13 11:45:34.092,Q,,,,6856.0,6856.25
2026-04-13 11:45:34.092,T,6856.0,1,,,
2026-04-13 11:45:34.092,T,6856.0,1,,,
2026-04-13 11:45:34.092,T,6856.0,1,,,
2026-04-13 11:45:34.092,T,6856.0,1,,,
2026-04-13 11:45:34.092,T,6856.0,1,,,
2026-04-13 11:45:34.092,T,6856.0,1,,,
2026-04-13 11:45:34.092,T,6856.0,1,,,
2026-04-13 11:45:34.092,T,6856.0,1,,,
2026-04-13 11:45:34.092,T,6856.0,1,,,
2026-04-13 11:45:34.441,T,6856.0,1,,,
2026-04-13 11:45:34.641,T,6856.0,3,,,
2026-04-13 11:45:35.443,T,6856.0,1,,,
2026-04-13 11:45:35.443,T,6856.0,1,,,
2026-04-13 11:45:35.443,T,6856.0,1,,,
2026-04-13 11:45:35.443,T,6856.0,1,,,
2026-04-13 11:45:35.443,T,6856.0,1,,,
2026-04-13 11:45:35.443,T,6856.0,1,,,
2026-04-13 11:45:35.443,T,6856.0,1,,,
2026-04-13 11:45:35.443,T,6856.0,1,,,
2026-04-13 11:45:35.443,T,6856.0,1,,,
2026-04-13 11:45:35.443,T,6856.0,1,,,
2026-04-13 11:45:35.443,T,6856.0,1,,,
2026-04-13 11:45:35.443,T,6856.0,1,,,
2026-04-13 11:45:35.445,Q,,,,6855.75,6856.0
2026-04-13 11:45:35.492,T,6856.0,2,,,
2026-04-13 11:45:35.492,T,6856.0,1,,,
2026-04-13 11:45:35.492,T,6856.0,1,,,
2026-04-13 11:45:35.493,Q,,,,6855.75,6856.25
2026-04-13 11:45:35.542,T,6856.25,1,,,
2026-04-13 11:45:35.543,Q,,,,6856.0,6856.25
2026-04-13 11:45:35.843,T,6856.25,1,,,
2026-04-13 11:45:35.843,T,6856.25,1,,,
2026-04-13 11:45:35.843,T,6856.25,1,,,
2026-04-13 11:45:35.843,T,6856.25,3,,,
2026-04-13 11:45:35.843,T,6856.25,1,,,
2026-04-13 11:45:35.843,T,6856.25,1,,,
2026-04-13 11:45:35.895,T,6856.25,1,,,
2026-04-13 11:45:35.895,T,6856.25,1,,,
2026-04-13 11:45:35.895,T,6856.25,1,,,
2026-04-13 11:45:35.895,T,6856.25,1,,,
2026-04-13 11:45:35.895,T,6856.25,1,,,
2026-04-13 11:45:35.895,T,6856.25,3,,,
2026-04-13 11:45:35.895,T,6856.25,1,,,
2026-04-13 11:45:35.896,Q,,,,6856.25,6856.5
2026-04-13 11:45:36.292,T,6856.5,1,,,
2026-04-13 11:45:36.449,T,6856.5,1,,,
2026-04-13 11:45:36.449,T,6856.5,1,,,
2026-04-13 11:45:36.449,T,6856.5,2,,,
2026-04-13 11:45:36.449,T,6856.5,1,,,
2026-04-13 11:45:36.449,T,6856.5,1,,,
2026-04-13 11:45:36.449,T,6856.5,1,,,
2026-04-13 11:45:36.449,T,6856.5,1,,,
2026-04-13 11:45:36.449,T,6856.5,1,,,
2026-04-13 11:45:36.449,T,6856.5,1,,,
2026-04-13 11:45:36.449,T,6856.5,1,,,
2026-04-13 11:45:36.449,T,6856.5,1,,,
2026-04-13 11:45:36.449,T,6856.5,1,,,
2026-04-13 11:45:36.449,T,6856.5,1,,,
2026-04-13 11:45:36.449,T,6856.5,1,,,
2026-04-13 11:45:36.449,T,6856.5,1,,,
2026-04-13 11:45:37.642,T,6856.25,1,,,
2026-04-13 11:45:37.642,T,6856.25,1,,,
2026-04-13 11:45:37.642,T,6856.25,1,,,
2026-04-13 11:45:37.642,T,6856.25,1,,,
2026-04-13 11:45:37.642,T,6856.25,1,,,
2026-04-13 11:45:37.642,T,6856.25,1,,,
2026-04-13 11:45:37.642,T,6856.25,1,,,
2026-04-13 11:45:37.642,T,6856.25,1,,,
2026-04-13 11:45:37.642,T,6856.25,1,,,
2026-04-13 11:45:37.862,Q,,,,6856.0,6856.25
2026-04-13 11:45:38.091,T,6856.0,1,,,
2026-04-13 11:45:38.091,T,6856.25,1,,,
2026-04-13 11:45:38.545,T,6856.0,3,,,
2026-04-13 11:45:38.545,T,6856.0,1,,,
2026-04-13 11:45:38.545,T,6856.0,1,,,
2026-04-13 11:45:38.545,T,6856.0,1,,,
2026-04-13 11:45:38.545,T,6856.0,1,,,
2026-04-13 11:45:38.545,T,6856.0,2,,,
2026-04-13 11:45:38.545,T,6856.0,1,,,
2026-04-13 12:01:44.380,Q,,,,6853.75,6854.0
2026-04-13 12:01:44.384,T,6854.0,2,,,
2026-04-13 12:01:44.384,T,6854.0,1,,,
2026-04-13 12:01:45.330,T,6854.0,1,,,
2026-04-13 12:01:45.330,T,6854.0,1,,,
2026-04-13 12:01:46.184,T,6853.75,1,,,
2026-04-13 12:01:46.383,T,6853.75,1,,,
2026-04-13 12:01:46.529,T,6854.0,4,,,
2026-04-13 12:01:46.529,T,6854.0,1,,,
2026-04-13 12:01:46.529,T,6854.0,3,,,
2026-04-13 12:01:46.529,T,6854.0,2,,,
2026-04-13 12:01:46.578,T,6854.0,1,,,
2026-04-13 12:01:46.578,T,6854.0,1,,,
2026-04-13 12:01:46.578,T,6854.0,1,,,
2026-04-13 12:01:46.578,T,6854.0,1,,,
2026-04-13 12:01:46.578,T,6854.0,3,,,
2026-04-13 12:01:46.578,T,6854.0,1,,,
2026-04-13 12:01:46.578,T,6854.0,1,,,
2026-04-13 12:01:46.578,T,6854.0,1,,,
2026-04-13 12:01:46.578,T,6854.0,1,,,
2026-04-13 12:01:46.578,T,6854.0,1,,,
2026-04-13 12:01:46.578,T,6854.0,1,,,
2026-04-13 12:01:46.578,T,6854.0,1,,,
2026-04-13 12:01:46.578,T,6854.0,1,,,
2026-04-13 12:01:46.578,T,6854.0,1,,,
2026-04-13 12:01:46.578,T,6854.0,2,,,
2026-04-13 12:01:46.578,T,6854.0,2,,,
2026-04-13 12:01:46.578,T,6854.0,1,,,
2026-04-13 12:01:46.578,T,6854.0,1,,,
2026-04-13 12:01:46.578,T,6854.0,1,,,
2026-04-13 12:01:46.640,T,6854.0,2,,,
2026-04-13 12:01:46.640,T,6854.0,1,,,
2026-04-13 12:01:46.640,T,6854.0,1,,,
2026-04-13 12:01:46.640,T,6854.0,1,,,
2026-04-13 12:01:46.640,T,6854.0,1,,,
2026-04-13 12:01:46.640,T,6854.0,1,,,
2026-04-13 12:01:46.640,T,6854.0,1,,,
2026-04-13 12:01:46.683,T,6853.75,1,,,
2026-04-13 12:01:47.088,T,6854.0,1,,,
2026-04-13 12:01:47.088,T,6854.0,1,,,
2026-04-13 12:01:47.088,T,6854.0,2,,,
2026-04-13 12:01:47.088,T,6854.0,1,,,
2026-04-13 12:01:47.088,T,6854.0,1,,,
2026-04-13 12:01:47.129,Q,,,,6853.75,6854.25
2026-04-13 12:01:47.191,Q,,,,6853.75,6854.0
2026-04-13 12:01:47.192,T,6854.25,1,,,
2026-04-13 12:01:47.192,T,6854.25,3,,,
2026-04-13 12:01:47.192,T,6854.25,1,,,
2026-04-13 12:01:47.192,T,6854.25,1,,,
2026-04-13 12:01:47.192,T,6854.25,1,,,
2026-04-13 12:01:47.192,T,6854.25,1,,,
2026-04-13 12:01:47.192,T,6854.25,1,,,
2026-04-13 12:01:47.192,T,6854.25,2,,,
2026-04-13 12:01:47.192,T,6854.25,1,,,
2026-04-13 12:01:47.192,T,6854.25,1,,,
2026-04-13 12:01:47.192,T,6854.25,1,,,
2026-04-13 12:01:47.192,T,6854.25,1,,,
2026-04-13 12:01:47.192,T,6854.25,1,,,
2026-04-13 12:01:47.192,T,6854.25,4,,,
2026-04-13 12:01:47.192,T,6854.25,1,,,
2026-04-13 12:01:47.192,T,6854.25,1,,,
2026-04-13 12:01:47.192,T,6854.25,1,,,
2026-04-13 12:01:47.192,T,6854.25,3,,,
2026-04-13 12:01:47.192,T,6854.25,1,,,
2026-04-13 12:01:47.192,T,6854.0,1,,,
2026-04-13 12:01:47.192,T,6854.0,1,,,
2026-04-13 12:01:47.192,T,6854.0,1,,,
2026-04-13 12:01:47.192,T,6854.0,1,,,
2026-04-13 12:01:47.192,T,6854.0,1,,,
2026-04-13 12:01:47.192,T,6854.0,1,,,
2026-04-13 12:01:47.192,T,6854.0,1,,,
2026-04-13 12:01:47.192,T,6854.0,1,,,
2026-04-13 12:01:47.192,T,6854.0,1,,,
2026-04-13 12:01:47.192,T,6854.0,1,,,
2026-04-13 12:01:47.192,T,6854.0,1,,,
2026-04-13 12:01:47.192,T,6854.0,1,,,
2026-04-13 12:01:47.192,T,6854.0,1,,,
2026-04-13 12:01:47.192,T,6854.0,1,,,
2026-04-13 12:01:47.192,T,6854.0,1,,,
2026-04-13 12:01:47.192,T,6854.0,1,,,
2026-04-13 12:01:47.192,T,6854.0,1,,,
2026-04-13 12:01:47.441,T,6854.0,1,,,
2026-04-13 12:01:47.441,T,6853.75,1,,,
2026-04-13 12:01:47.441,T,6853.75,1,,,
2026-04-13 12:01:47.441,T,6853.75,1,,,
2026-04-13 12:01:47.441,T,6853.75,1,,,
2026-04-13 12:01:47.441,T,6853.75,2,,,
2026-04-13 12:01:47.441,T,6853.75,1,,,
2026-04-13 12:01:47.441,T,6853.75,1,,,
2026-04-13 12:01:47.441,T,6853.75,1,,,
2026-04-13 12:01:47.441,T,6853.75,1,,,
2026-04-13 12:01:47.441,T,6853.75,1,,,
2026-04-13 12:01:47.441,T,6853.75,4,,,
2026-04-13 12:01:47.441,T,6853.75,2,,,
2026-04-13 12:01:47.441,T,6853.75,1,,,
2026-04-13 12:01:47.441,T,6853.75,1,,,
2026-04-13 12:01:47.441,T,6853.75,3,,,
2026-04-13 12:01:47.441,T,6853.75,2,,,
2026-04-13 12:01:47.441,T,6853.75,1,,,
2026-04-13 12:01:47.441,T,6853.75,1,,,
2026-04-13 12:01:47.441,T,6853.75,1,,,
2026-04-13 12:01:47.441,T,6853.75,1,,,
2026-04-13 12:01:47.441,T,6853.75,2,,,
2026-04-13 12:01:47.441,T,6853.75,1,,,
2026-04-13 12:01:47.441,T,6853.75,1,,,
2026-04-13 12:01:47.441,T,6853.75,1,,,
2026-04-13 12:01:47.441,T,6853.75,1,,,
2026-04-13 12:01:47.441,T,6853.75,1,,,
2026-04-13 12:01:47.441,T,6853.75,1,,,
2026-04-13 12:01:47.441,T,6853.75,1,,,
2026-04-13 12:01:47.441,T,6853.75,1,,,
2026-04-13 12:01:47.441,T,6853.75,1,,,
2026-04-13 12:01:47.441,T,6853.75,1,,,
2026-04-13 12:01:47.585,T,6854.0,1,,,
2026-04-13 12:01:47.679,T,6853.75,1,,,
2026-04-13 12:01:47.731,T,6854.0,1,,,
2026-04-13 12:01:47.884,T,6853.75,1,,,
2026-04-13 12:01:47.933,Q,,,,6853.5,6853.75
2026-04-13 12:01:47.933,T,6853.75,1,,,
2026-04-13 12:01:47.933,T,6853.75,1,,,
2026-04-13 12:01:47.933,T,6853.75,1,,,
2026-04-13 12:01:47.933,T,6853.75,1,,,
2026-04-13 12:01:47.933,T,6853.75,1,,,
2026-04-13 12:01:47.933,T,6853.75,1,,,
2026-04-13 12:01:47.933,T,6853.75,1,,,
2026-04-13 12:01:47.933,T,6853.75,4,,,
2026-04-13 12:01:47.933,T,6853.75,2,,,
2026-04-13 12:01:47.933,T,6853.75,3,,,
2026-04-13 12:01:47.933,T,6853.75,1,,,
2026-04-13 12:01:47.933,T,6853.75,1,,,
2026-04-13 12:01:47.933,T,6853.75,1,,,
2026-04-13 12:01:47.933,T,6853.75,2,,,
2026-04-13 12:01:47.933,T,6853.75,1,,,
2026-04-13 12:01:47.933,T,6853.75,1,,,
2026-04-13 12:01:47.933,T,6853.75,1,,,
2026-04-13 12:01:48.104,T,6853.75,1,,,
2026-04-13 12:01:48.104,T,6853.75,1,,,
2026-04-13 12:01:48.104,T,6853.75,1,,,
2026-04-13 12:01:48.104,T,6853.75,1,,,
2026-04-13 12:01:48.104,T,6853.75,2,,,
2026-04-13 12:01:48.104,T,6853.75,1,,,
2026-04-13 12:01:48.104,T,6853.75,1,,,
2026-04-13 12:01:48.104,T,6853.75,1,,,
2026-04-13 12:01:48.104,T,6853.75,1,,,
2026-04-13 12:01:48.104,T,6853.75,1,,,
2026-04-13 12:01:48.104,T,6853.75,1,,,
2026-04-13 12:01:48.104,T,6853.75,1,,,
2026-04-13 12:01:48.104,T,6853.75,1,,,
2026-04-13 12:01:48.584,T,6853.75,1,,,
2026-04-13 12:01:48.584,T,6853.75,1,,,
2026-04-13 12:01:48.584,T,6853.75,1,,,
2026-04-13 12:01:48.584,T,6853.75,1,,,
2026-04-13 12:01:48.584,T,6853.75,1,,,
2026-04-13 12:01:48.584,T,6853.75,1,,,
2026-04-13 12:01:48.584,T,6853.75,4,,,
2026-04-13 12:01:48.584,T,6853.75,1,,,
2026-04-13 12:01:48.584,T,6853.75,1,,,
2026-04-13 12:01:48.584,T,6853.75,1,,,
2026-04-13 12:01:48.836,T,6853.75,1,,,
2026-04-13 12:01:49.087,T,6853.75,1,,,
2026-04-13 12:01:49.087,T,6853.75,1,,,
2026-04-13 12:01:49.087,T,6853.75,1,,,
2026-04-13 12:01:49.087,T,6853.75,1,,,
2026-04-13 12:01:49.087,T,6853.75,1,,,
2026-04-13 12:01:49.087,T,6853.75,1,,,
2026-04-13 12:01:49.087,T,6853.75,1,,,
2026-04-13 12:01:49.087,T,6853.75,1,,,
2026-04-13 12:01:49.087,T,6853.75,1,,,
2026-04-13 12:01:49.087,T,6853.75,4,,,
2026-04-13 12:01:49.087,T,6853.75,1,,,
2026-04-13 12:01:49.134,T,6853.75,1,,,
2026-04-13 12:01:49.134,T,6853.75,1,,,
2026-04-13 12:01:49.134,T,6853.75,1,,,
2026-04-13 12:01:49.134,T,6853.75,1,,,
2026-04-13 12:01:49.134,T,6853.75,1,,,
2026-04-13 12:01:49.134,T,6853.75,1,,,
2026-04-13 12:01:49.134,T,6853.75,1,,,
2026-04-13 12:01:49.134,T,6853.75,1,,,
2026-04-13 12:01:49.136,Q,,,,6853.5,6854.0
2026-04-13 12:01:49.229,T,6853.75,1,,,
2026-04-13 12:01:49.229,Q,,,,6853.5,6853.75
2026-04-13 12:01:49.287,T,6853.75,1,,,
2026-04-13 12:01:49.287,T,6853.75,1,,,
2026-04-13 12:01:49.287,T,6853.75,1,,,
2026-04-13 12:01:49.332,T,6853.75,1,,,
2026-04-13 12:01:49.333,Q,,,,6853.75,6854.0
2026-04-13 12:01:49.639,T,6854.0,1,,,
2026-04-13 12:01:49.639,T,6854.0,1,,,
2026-04-13 12:01:49.639,T,6854.0,1,,,
2026-04-13 12:01:49.639,T,6854.0,1,,,
2026-04-13 12:01:49.639,T,6854.0,1,,,
2026-04-13 12:01:49.639,T,6854.0,1,,,
2026-04-13 12:01:49.639,T,6854.0,1,,,
2026-04-13 12:01:49.639,T,6854.0,1,,,
2026-04-13 12:01:49.639,T,6854.0,1,,,
2026-04-13 12:01:49.639,T,6854.0,1,,,
2026-04-13 12:01:49.639,T,6854.0,1,,,
2026-04-13 12:01:49.639,T,6854.0,1,,,
2026-04-13 12:01:49.639,T,6854.0,1,,,
2026-04-13 12:01:49.639,T,6854.0,1,,,
2026-04-13 12:01:49.639,T,6854.0,1,,,
2026-04-13 12:01:49.639,T,6854.0,1,,,
2026-04-13 12:01:49.639,T,6854.0,1,,,
2026-04-13 12:01:49.639,T,6854.0,1,,,
2026-04-13 12:01:49.860,Q,,,,6853.75,6854.25
2026-04-13 12:01:49.860,Q,,,,6853.75,6854.0
2026-04-13 12:01:49.861,T,6854.0,4,,,
2026-04-13 12:01:49.861,T,6854.0,1,,,
2026-04-13 12:01:49.861,T,6854.0,1,,,
2026-04-13 12:01:49.861,T,6854.0,1,,,
2026-04-13 12:01:49.861,T,6854.0,1,,,
2026-04-13 12:01:49.861,T,6854.0,1,,,
2026-04-13 12:01:49.862,T,6854.0,1,,,
2026-04-13 12:01:49.862,T,6854.0,1,,,
2026-04-13 12:01:49.862,T,6854.0,1,,,
2026-04-13 12:01:49.862,T,6854.0,1,,,
2026-04-13 12:01:49.863,Q,,,,6854.0,6854.25
2026-04-13 12:01:49.929,T,6854.0,2,,,
2026-04-13 12:01:49.929,T,6854.0,1,,,
2026-04-13 12:01:49.929,T,6854.0,1,,,
2026-04-13 12:01:49.929,T,6854.0,1,,,
2026-04-13 12:01:49.929,T,6854.0,1,,,
2026-04-13 12:01:49.929,T,6854.0,1,,,
2026-04-13 12:01:49.929,T,6854.0,1,,,
2026-04-13 12:01:49.929,T,6854.0,1,,,
2026-04-13 12:01:49.929,T,6854.0,1,,,
2026-04-13 12:01:50.041,T,6854.25,1,,,
2026-04-13 12:01:50.187,T,6854.0,1,,,
2026-04-13 12:01:50.187,T,6854.0,1,,,
2026-04-13 12:01:50.187,T,6854.0,1,,,
2026-04-13 12:01:50.187,T,6854.0,1,,,
2026-04-13 12:01:50.187,T,6854.0,1,,,
2026-04-13 12:01:50.187,T,6854.0,1,,,
2026-04-13 12:01:50.187,T,6854.0,1,,,
2026-04-13 12:01:50.188,Q,,,,6853.75,6854.0
2026-04-13 12:01:50.579,T,6854.0,1,,,
2026-04-13 12:01:50.579,T,6854.0,1,,,
2026-04-13 12:01:50.579,T,6854.0,1,,,
2026-04-13 12:01:50.579,T,6854.0,1,,,
2026-04-13 12:01:50.579,T,6854.0,1,,,
2026-04-13 12:01:50.583,Q,,,,6853.75,6854.25
2026-04-13 12:01:50.686,Q,,,,6853.75,6854.0
2026-04-13 12:17:57.976,Q,,,,6862.0,6862.25
2026-04-13 12:17:58.341,T,6862.25,1,,,
2026-04-13 12:17:58.341,T,6862.25,1,,,
2026-04-13 12:17:58.341,T,6862.25,1,,,
2026-04-13 12:17:58.341,T,6862.25,1,,,
2026-04-13 12:17:58.341,T,6862.25,1,,,
2026-04-13 12:17:58.576,T,6862.0,3,,,
2026-04-13 12:17:58.576,T,6862.0,1,,,
2026-04-13 12:17:58.576,T,6862.0,1,,,
2026-04-13 12:17:58.576,T,6862.0,1,,,
2026-04-13 12:17:58.576,T,6862.0,1,,,
2026-04-13 12:17:58.576,T,6862.0,1,,,
2026-04-13 12:17:58.576,T,6862.0,2,,,
2026-04-13 12:17:58.576,T,6862.0,1,,,
2026-04-13 12:17:58.576,T,6862.0,1,,,
2026-04-13 12:17:58.576,T,6862.0,1,,,
2026-04-13 12:17:58.576,T,6862.0,1,,,
2026-04-13 12:17:58.576,T,6862.0,1,,,
2026-04-13 12:17:58.576,T,6862.0,2,,,
2026-04-13 12:17:58.576,T,6862.0,1,,,
2026-04-13 12:17:58.576,T,6862.0,2,,,
2026-04-13 12:17:58.576,T,6862.0,1,,,
2026-04-13 12:17:58.576,T,6862.0,1,,,
2026-04-13 12:17:58.576,T,6862.0,1,,,
2026-04-13 12:17:58.576,T,6862.0,1,,,
2026-04-13 12:17:58.576,T,6862.0,1,,,
2026-04-13 12:17:58.578,Q,,,,6861.75,6862.0
2026-04-13 12:17:58.593,T,6862.0,1,,,
2026-04-13 12:17:58.593,T,6862.0,1,,,
2026-04-13 12:17:58.593,T,6862.0,1,,,
2026-04-13 12:17:58.593,T,6862.0,2,,,
2026-04-13 12:17:58.593,T,6862.0,1,,,
2026-04-13 12:17:58.789,T,6862.0,1,,,
2026-04-13 12:17:59.090,T,6862.0,1,,,
2026-04-13 12:17:59.344,T,6862.0,1,,,
2026-04-13 12:17:59.344,T,6862.0,3,,,
2026-04-13 12:17:59.344,T,6862.0,1,,,
2026-04-13 12:17:59.344,T,6862.0,1,,,
2026-04-13 12:17:59.344,T,6862.0,1,,,
2026-04-13 12:17:59.344,T,6862.0,1,,,
2026-04-13 12:17:59.344,T,6862.0,1,,,
2026-04-13 12:17:59.592,T,6862.0,1,,,
2026-04-13 12:17:59.592,T,6862.0,1,,,
2026-04-13 12:17:59.593,Q,,,,6862.0,6862.25
2026-04-13 12:17:59.745,T,6862.25,1,,,
2026-04-13 12:17:59.939,T,6862.25,1,,,
2026-04-13 12:17:59.939,T,6862.25,1,,,
2026-04-13 12:17:59.939,T,6862.25,1,,,
2026-04-13 12:17:59.939,T,6862.25,1,,,
2026-04-13 12:17:59.939,T,6862.25,1,,,
2026-04-13 12:17:59.939,T,6862.25,1,,,
2026-04-13 12:17:59.939,T,6862.25,1,,,
2026-04-13 12:17:59.939,T,6862.25,1,,,
2026-04-13 12:17:59.939,T,6862.25,1,,,
2026-04-13 12:17:59.939,T,6862.25,1,,,
2026-04-13 12:18:00.092,T,6862.25,1,,,
2026-04-13 12:18:00.092,T,6862.25,1,,,
2026-04-13 12:18:00.092,T,6862.25,1,,,
2026-04-13 12:18:00.092,T,6862.25,1,,,
2026-04-13 12:18:00.092,T,6862.25,1,,,
2026-04-13 12:18:00.092,T,6862.25,1,,,
2026-04-13 12:18:00.191,T,6862.25,1,,,
2026-04-13 12:18:00.290,Q,,,,6862.25,6862.5
2026-04-13 12:18:00.290,T,6862.25,1,,,
2026-04-13 12:18:00.290,T,6862.25,1,,,
2026-04-13 12:18:00.290,T,6862.25,1,,,
2026-04-13 12:18:00.290,T,6862.25,1,,,
2026-04-13 12:18:00.290,T,6862.25,1,,,
2026-04-13 12:18:00.341,T,6862.25,1,,,
2026-04-13 12:18:00.341,T,6862.25,1,,,
2026-04-13 12:18:00.341,T,6862.25,1,,,
2026-04-13 12:18:00.341,T,6862.25,1,,,
2026-04-13 12:18:00.341,T,6862.25,1,,,
2026-04-13 12:18:00.341,T,6862.25,2,,,
2026-04-13 12:18:00.341,T,6862.25,1,,,
2026-04-13 12:18:00.341,Q,,,,6862.0,6862.25
2026-04-13 12:18:00.391,T,6862.25,1,,,
2026-04-13 12:18:00.391,T,6862.25,1,,,
2026-04-13 12:18:00.391,T,6862.25,1,,,
2026-04-13 12:18:00.391,T,6862.25,1,,,
2026-04-13 12:18:00.391,T,6862.25,1,,,
2026-04-13 12:18:00.391,T,6862.25,1,,,
2026-04-13 12:18:00.392,Q,,,,6862.25,6862.5
2026-04-13 12:18:00.540,T,6862.25,1,,,
2026-04-13 12:18:00.540,T,6862.25,1,,,
2026-04-13 12:18:00.540,T,6862.25,1,,,
2026-04-13 12:18:00.540,T,6862.25,1,,,
2026-04-13 12:18:00.540,T,6862.25,1,,,
2026-04-13 12:18:00.540,T,6862.25,1,,,
2026-04-13 12:18:00.542,Q,,,,6862.0,6862.25
2026-04-13 12:18:00.741,Q,,,,6862.25,6862.5
2026-04-13 12:18:00.742,T,6862.25,2,,,
2026-04-13 12:18:00.742,T,6862.5,1,,,
2026-04-13 12:18:00.742,T,6862.5,1,,,
2026-04-13 12:18:00.742,T,6862.5,1,,,
2026-04-13 12:18:00.742,T,6862.5,1,,,
2026-04-13 12:18:00.742,T,6862.5,2,,,
2026-04-13 12:18:00.742,T,6862.5,1,,,
2026-04-13 12:18:00.742,T,6862.5,1,,,
2026-04-13 12:18:00.742,T,6862.5,1,,,
2026-04-13 12:18:00.742,T,6862.5,1,,,
2026-04-13 12:18:00.840,T,6862.25,1,,,
2026-04-13 12:18:00.991,T,6862.5,1,,,
2026-04-13 12:18:01.089,T,6862.25,1,,,
2026-04-13 12:18:01.242,T,6862.25,2,,,
2026-04-13 12:18:01.242,T,6862.25,1,,,
2026-04-13 12:18:01.242,T,6862.25,1,,,
2026-04-13 12:18:01.242,T,6862.25,1,,,
2026-04-13 12:18:01.242,T,6862.25,1,,,
2026-04-13 12:18:01.242,T,6862.25,1,,,
2026-04-13 12:18:01.242,T,6862.25,1,,,
2026-04-13 12:18:01.445,T,6862.5,1,,,
2026-04-13 12:18:01.445,T,6862.25,1,,,
2026-04-13 12:18:01.445,T,6862.25,2,,,
2026-04-13 12:18:01.445,T,6862.25,1,,,
2026-04-13 12:18:01.445,T,6862.25,1,,,
2026-04-13 12:18:01.445,T,6862.25,1,,,
2026-04-13 12:18:01.445,T,6862.25,1,,,
2026-04-13 12:18:01.446,Q,,,,6862.0,6862.25
2026-04-13 12:18:02.544,T,6862.0,1,,,
2026-04-13 12:34:27.252,Q,,,,6875.25,6875.5
2026-04-13 12:34:27.841,Q,,,,6875.25,6875.75
2026-04-13 12:34:27.842,T,6875.5,1,,,
2026-04-13 12:34:27.842,T,6875.5,1,,,
2026-04-13 12:34:27.842,T,6875.5,1,,,
2026-04-13 12:34:27.842,T,6875.5,1,,,
2026-04-13 12:34:27.842,T,6875.5,1,,,
2026-04-13 12:34:27.842,T,6875.5,2,,,
2026-04-13 12:34:27.842,T,6875.5,2,,,
2026-04-13 12:34:27.842,T,6875.75,1,,,
2026-04-13 12:34:27.842,T,6875.5,1,,,
2026-04-13 12:34:27.842,T,6875.5,1,,,
2026-04-13 12:34:27.842,T,6875.5,1,,,
2026-04-13 12:34:27.842,T,6875.5,1,,,
2026-04-13 12:34:27.842,T,6875.5,1,,,
2026-04-13 12:34:27.842,T,6875.5,1,,,
2026-04-13 12:34:27.842,T,6875.5,1,,,
2026-04-13 12:34:27.842,T,6875.5,1,,,
2026-04-13 12:34:28.088,Q,,,,6875.5,6875.75
2026-04-13 12:34:28.088,T,6875.75,1,,,
2026-04-13 12:34:28.196,T,6875.75,1,,,
2026-04-13 12:34:28.196,T,6875.75,1,,,
2026-04-13 12:34:28.197,Q,,,,6875.5,6876.0
2026-04-13 12:34:28.243,T,6875.75,1,,,
2026-04-13 12:34:28.243,T,6875.75,1,,,
2026-04-13 12:34:28.243,Q,,,,6875.5,6875.75
2026-04-13 12:34:28.392,T,6875.75,1,,,
2026-04-13 12:34:28.392,T,6875.75,1,,,
2026-04-13 12:34:28.392,T,6875.75,1,,,
2026-04-13 12:34:28.392,T,6875.75,1,,,
2026-04-13 12:34:28.392,T,6875.75,1,,,
2026-04-13 12:34:28.392,T,6875.75,1,,,
2026-04-13 12:34:28.392,T,6875.75,3,,,
2026-04-13 12:34:28.392,T,6875.75,1,,,
2026-04-13 12:34:28.392,T,6875.75,1,,,
2026-04-13 12:34:28.392,T,6875.75,1,,,
2026-04-13 12:34:28.592,T,6875.5,4,,,
2026-04-13 12:34:28.592,T,6875.5,1,,,
2026-04-13 12:34:28.592,T,6875.5,1,,,
2026-04-13 12:34:28.643,T,6875.5,1,,,
2026-04-13 12:34:28.643,T,6875.5,1,,,
2026-04-13 12:34:28.643,T,6875.5,1,,,
2026-04-13 12:34:28.643,T,6875.5,1,,,
2026-04-13 12:34:28.643,T,6875.5,1,,,
2026-04-13 12:34:28.643,T,6875.5,1,,,
2026-04-13 12:34:28.643,T,6875.5,1,,,
2026-04-13 12:34:28.643,T,6875.5,1,,,
2026-04-13 12:34:28.643,T,6875.5,1,,,
2026-04-13 12:34:28.643,T,6875.5,1,,,
2026-04-13 12:34:28.643,T,6875.5,1,,,
2026-04-13 12:34:28.643,T,6875.5,1,,,
2026-04-13 12:34:28.643,T,6875.5,1,,,
2026-04-13 12:34:28.643,T,6875.5,1,,,
2026-04-13 12:34:28.643,T,6875.5,1,,,
2026-04-13 12:34:28.643,T,6875.5,1,,,
2026-04-13 12:34:28.643,T,6875.5,1,,,
2026-04-13 12:34:28.643,T,6875.5,2,,,
2026-04-13 12:34:28.646,Q,,,,6875.25,6875.5
2026-04-13 12:34:28.694,T,6875.5,1,,,
2026-04-13 12:34:28.694,T,6875.5,1,,,
2026-04-13 12:34:28.694,T,6875.5,4,,,
2026-04-13 12:34:28.694,T,6875.5,1,,,
2026-04-13 12:34:28.694,T,6875.5,1,,,
2026-04-13 12:34:28.694,T,6875.5,1,,,
2026-04-13 12:34:28.694,T,6875.5,1,,,
2026-04-13 12:34:28.694,T,6875.5,1,,,
2026-04-13 12:34:28.694,T,6875.5,1,,,
2026-04-13 12:34:29.403,Q,,,,6875.0,6875.25
2026-04-13 12:34:29.404,T,6875.25,1,,,
2026-04-13 12:34:29.404,T,6875.25,1,,,
2026-04-13 12:34:29.404,T,6875.25,1,,,
2026-04-13 12:34:29.404,T,6875.25,5,,,
2026-04-13 12:34:29.404,T,6875.25,1,,,
2026-04-13 12:34:29.404,T,6875.25,1,,,
2026-04-13 12:34:29.404,T,6875.25,1,,,
2026-04-13 12:34:29.404,T,6875.25,1,,,
2026-04-13 12:34:29.404,T,6875.25,1,,,
2026-04-13 12:34:29.404,T,6875.25,1,,,
2026-04-13 12:34:29.404,T,6875.25,1,,,
2026-04-13 12:34:29.404,T,6875.25,1,,,
2026-04-13 12:34:29.404,T,6875.25,1,,,
2026-04-13 12:34:29.404,T,6875.25,1,,,
2026-04-13 12:34:29.404,T,6875.25,1,,,
2026-04-13 12:34:29.544,T,6875.25,1,,,
2026-04-13 12:34:29.544,T,6875.25,1,,,
2026-04-13 12:34:29.544,T,6875.25,1,,,
2026-04-13 12:34:29.544,T,6875.25,1,,,
2026-04-13 12:34:29.544,T,6875.25,1,,,
2026-04-13 12:34:29.544,T,6875.25,1,,,
2026-04-13 12:34:29.545,Q,,,,6875.25,6875.5
2026-04-13 12:34:30.045,T,6875.5,1,,,
2026-04-13 12:34:30.045,T,6875.5,1,,,
2026-04-13 12:34:30.045,T,6875.5,1,,,
2026-04-13 12:34:30.045,T,6875.5,1,,,
2026-04-13 12:34:30.045,T,6875.5,2,,,
2026-04-13 12:34:30.045,T,6875.5,1,,,
2026-04-13 12:34:30.202,T,6875.5,2,,,
2026-04-13 12:34:30.202,T,6875.5,1,,,
2026-04-13 12:34:30.202,T,6875.5,1,,,
2026-04-13 12:34:30.202,T,6875.5,2,,,
2026-04-13 12:34:30.202,T,6875.5,1,,,
2026-04-13 12:34:30.204,Q,,,,6875.5,6875.75
2026-04-13 12:34:30.947,T,6875.75,1,,,
2026-04-13 12:34:30.947,T,6875.75,1,,,
2026-04-13 12:34:30.947,T,6875.75,1,,,
2026-04-13 12:34:30.947,T,6875.75,1,,,
2026-04-13 12:34:30.947,T,6875.75,1,,,
2026-04-13 12:34:30.947,T,6875.75,1,,,
2026-04-13 12:34:30.947,T,6875.75,1,,,
2026-04-13 12:34:30.947,T,6875.75,1,,,
2026-04-13 12:34:30.947,T,6875.75,1,,,
2026-04-13 12:34:30.947,T,6875.75,1,,,
2026-04-13 12:34:30.947,T,6875.75,1,,,
2026-04-13 12:34:30.947,T,6875.75,1,,,
2026-04-13 12:34:30.947,T,6875.75,1,,,
2026-04-13 12:34:30.947,T,6875.75,1,,,
2026-04-13 12:34:30.947,T,6875.75,1,,,
2026-04-13 12:34:30.947,T,6875.75,1,,,
2026-04-13 12:34:30.947,T,6875.75,1,,,
2026-04-13 12:34:30.947,T,6875.75,1,,,
2026-04-13 12:34:30.947,T,6875.75,1,,,
2026-04-13 12:34:31.096,T,6875.75,2,,,
2026-04-13 12:34:31.096,T,6875.5,1,,,
2026-04-13 12:34:31.245,T,6875.5,1,,,
2026-04-13 12:34:31.245,T,6875.5,1,,,
2026-04-13 12:34:31.245,T,6875.5,1,,,
2026-04-13 12:34:31.245,T,6875.5,1,,,
2026-04-13 12:34:31.245,T,6875.5,1,,,
2026-04-13 12:34:31.245,T,6875.5,1,,,
2026-04-13 12:34:31.245,T,6875.5,1,,,
2026-04-13 12:34:31.245,T,6875.5,1,,,
2026-04-13 12:34:31.245,T,6875.5,1,,,
2026-04-13 12:34:31.245,T,6875.5,1,,,
2026-04-13 12:34:31.245,T,6875.5,1,,,
2026-04-13 12:34:31.245,T,6875.5,1,,,
2026-04-13 12:34:31.245,T,6875.5,1,,,
2026-04-13 12:34:31.245,T,6875.5,3,,,
2026-04-13 12:34:31.245,T,6875.5,1,,,
2026-04-13 12:34:31.544,T,6875.75,1,,,
2026-04-13 12:34:31.544,T,6875.75,1,,,
2026-04-13 12:34:31.691,T,6875.75,1,,,
2026-04-13 12:34:31.741,T,6875.75,2,,,
2026-04-13 12:34:32.543,Q,,,,6875.25,6875.5
2026-04-13 12:34:32.543,T,6875.5,1,,,
2026-04-13 12:34:32.543,T,6875.5,1,,,
2026-04-13 12:34:32.543,T,6875.5,1,,,
2026-04-13 12:34:32.543,T,6875.5,1,,,
2026-04-13 12:34:32.543,T,6875.5,1,,,
2026-04-13 12:34:32.543,T,6875.5,1,,,
2026-04-13 12:34:32.543,T,6875.5,1,,,
2026-04-13 12:34:32.543,T,6875.5,1,,,
2026-04-13 12:34:32.543,T,6875.5,1,,,
2026-04-13 12:34:32.594,T,6875.5,1,,,
2026-04-13 12:34:32.594,T,6875.5,1,,,
2026-04-13 12:34:32.594,T,6875.5,2,,,
2026-04-13 12:34:32.594,T,6875.5,1,,,
2026-04-13 12:34:32.594,T,6875.5,1,,,
2026-04-13 12:34:32.594,T,6875.5,1,,,
2026-04-13 12:34:32.594,Q,,,,6875.5,6875.75
2026-04-13 12:34:32.641,Q,,,,6875.25,6875.75
2026-04-13 12:34:32.691,Q,,,,6875.5,6875.75
2026-04-13 12:34:32.744,Q,,,,6875.25,6875.75
2026-04-13 12:34:32.745,T,6875.5,1,,,
2026-04-13 12:34:32.889,T,6875.5,4,,,
2026-04-13 12:34:32.984,Q,,,,6875.25,6875.5
2026-04-13 12:34:33.343,T,6875.5,1,,,
2026-04-13 12:34:33.343,T,6875.5,1,,,
2026-04-13 12:34:33.344,Q,,,,6875.5,6875.75
2026-04-13 12:34:33.644,T,6875.5,1,,,
2026-04-13 12:34:33.692,T,6875.5,1,,,
2026-04-13 12:34:33.692,T,6875.5,1,,,
2026-04-13 12:34:33.693,Q,,,,6875.25,6875.5
2026-04-13 12:34:34.290,T,6875.5,1,,,
2026-04-13 12:34:34.290,T,6875.5,1,,,
2026-04-13 12:34:34.290,T,6875.5,1,,,
2026-04-13 12:34:34.290,T,6875.5,1,,,
2026-04-13 12:34:34.292,Q,,,,6875.5,6875.75
2026-04-13 12:34:34.396,T,6875.5,1,,,
2026-04-13 12:34:34.396,T,6875.5,1,,,
2026-04-13 12:34:34.396,T,6875.5,1,,,
2026-04-13 12:34:34.396,T,6875.5,1,,,
2026-04-13 12:34:34.396,T,6875.5,1,,,
2026-04-13 12:34:34.396,T,6875.5,1,,,
2026-04-13 12:34:34.396,T,6875.5,3,,,
2026-04-13 12:34:34.396,T,6875.5,1,,,
2026-04-13 12:34:34.396,T,6875.5,1,,,
2026-04-13 12:34:34.396,T,6875.5,1,,,
2026-04-13 12:34:34.544,T,6875.5,1,,,
2026-04-13 12:34:34.544,T,6875.5,1,,,
2026-04-13 12:34:34.544,T,6875.5,1,,,
2026-04-13 12:34:34.545,Q,,,,6875.25,6875.75
2026-04-13 12:34:34.594,Q,,,,6875.5,6875.75
2026-04-13 12:34:34.910,T,6875.5,1,,,
2026-04-13 12:34:34.910,T,6875.5,1,,,
2026-04-13 12:34:34.910,T,6875.5,1,,,
2026-04-13 12:34:34.910,T,6875.5,1,,,
2026-04-13 12:34:34.910,T,6875.5,1,,,
2026-04-13 12:34:35.141,Q,,,,6875.25,6875.75
2026-04-13 12:34:35.191,Q,,,,6875.5,6875.75
2026-04-13 12:34:35.245,T,6875.5,2,,,
2026-04-13 12:34:35.245,T,6875.5,1,,,
2026-04-13 12:34:35.245,T,6875.5,1,,,
2026-04-13 12:34:35.245,T,6875.5,1,,,
2026-04-13 12:34:35.245,T,6875.5,1,,,
2026-04-13 12:34:35.245,T,6875.5,1,,,
2026-04-13 12:34:35.246,Q,,,,6875.25,6875.75
2026-04-13 12:34:35.294,Q,,,,6875.5,6875.75
2026-04-13 12:50:41.260,Q,,,,6884.0,6884.25
2026-04-13 12:50:41.431,T,6884.25,1,,,
2026-04-13 12:50:41.655,T,6884.25,1,,,
2026-04-13 12:50:41.655,T,6884.25,2,,,
2026-04-13 12:50:41.656,T,6884.25,1,,,
2026-04-13 12:50:41.739,T,6884.25,1,,,
2026-04-13 12:50:41.739,T,6884.25,2,,,
2026-04-13 12:50:41.739,T,6884.25,1,,,
2026-04-13 12:50:41.739,T,6884.25,1,,,
2026-04-13 12:50:41.739,T,6884.25,1,,,
2026-04-13 12:50:41.739,T,6884.25,5,,,
2026-04-13 12:50:41.739,T,6884.25,1,,,
2026-04-13 12:50:41.739,T,6884.25,3,,,
2026-04-13 12:50:41.739,T,6884.25,2,,,
2026-04-13 12:50:41.739,T,6884.25,1,,,
2026-04-13 12:50:41.739,T,6884.25,1,,,
2026-04-13 12:50:41.739,T,6884.25,1,,,
2026-04-13 12:50:41.739,T,6884.25,2,,,
2026-04-13 12:50:41.739,T,6884.25,1,,,
2026-04-13 12:50:41.739,T,6884.25,1,,,
2026-04-13 12:50:41.740,Q,,,,6884.25,6884.5
2026-04-13 12:50:41.782,Q,,,,6884.0,6884.5
2026-04-13 12:50:41.782,T,6884.25,1,,,
2026-04-13 12:50:41.782,T,6884.25,1,,,
2026-04-13 12:50:41.782,T,6884.25,1,,,
2026-04-13 12:50:41.782,T,6884.25,1,,,
2026-04-13 12:50:41.782,T,6884.25,1,,,
2026-04-13 12:50:41.884,T,6884.25,4,,,
2026-04-13 12:50:41.884,T,6884.25,2,,,
2026-04-13 12:50:41.884,T,6884.25,3,,,
2026-04-13 12:50:41.884,T,6884.25,1,,,
2026-04-13 12:50:41.884,T,6884.25,1,,,
2026-04-13 12:50:41.884,T,6884.25,1,,,
2026-04-13 12:50:41.884,T,6884.25,1,,,
2026-04-13 12:50:41.884,T,6884.25,1,,,
2026-04-13 12:50:41.884,T,6884.25,2,,,
2026-04-13 12:50:41.884,T,6884.25,1,,,
2026-04-13 12:50:41.884,T,6884.25,1,,,
2026-04-13 12:50:41.884,T,6884.25,1,,,
2026-04-13 12:50:41.884,T,6884.25,1,,,
2026-04-13 12:50:41.982,Q,,,,6884.25,6884.5
2026-04-13 12:50:41.983,T,6884.0,1,,,
2026-04-13 12:50:41.983,T,6884.25,1,,,
2026-04-13 12:50:41.983,T,6884.25,1,,,
2026-04-13 12:50:41.983,T,6884.25,1,,,
2026-04-13 12:50:41.983,T,6884.25,1,,,
2026-04-13 12:50:42.040,Q,,,,6884.0,6884.5
2026-04-13 12:50:42.083,Q,,,,6884.25,6884.5
2026-04-13 12:50:42.141,T,6884.5,1,,,
2026-04-13 12:50:42.189,T,6884.25,2,,,
2026-04-13 12:50:42.189,T,6884.25,1,,,
2026-04-13 12:50:42.189,T,6884.25,4,,,
2026-04-13 12:50:42.189,T,6884.25,1,,,
2026-04-13 12:50:42.189,T,6884.25,1,,,
2026-04-13 12:50:42.189,T,6884.25,1,,,
2026-04-13 12:50:42.189,T,6884.25,1,,,
2026-04-13 12:50:42.189,T,6884.25,1,,,
2026-04-13 12:50:42.189,T,6884.25,2,,,
2026-04-13 12:50:42.189,T,6884.25,1,,,
2026-04-13 12:50:42.189,T,6884.25,2,,,
2026-04-13 12:50:42.189,T,6884.25,1,,,
2026-04-13 12:50:42.189,T,6884.25,2,,,
2026-04-13 12:50:42.189,T,6884.25,1,,,
2026-04-13 12:50:42.189,T,6884.25,3,,,
2026-04-13 12:50:42.286,T,6884.5,1,,,
2026-04-13 12:50:42.286,T,6884.25,1,,,
2026-04-13 12:50:42.386,T,6884.25,1,,,
2026-04-13 12:50:42.386,T,6884.25,1,,,
2026-04-13 12:50:42.942,T,6884.25,1,,,
2026-04-13 12:50:42.942,T,6884.25,1,,,
2026-04-13 12:50:42.942,T,6884.25,1,,,
2026-04-13 12:50:42.942,T,6884.25,1,,,
2026-04-13 12:50:42.942,T,6884.25,1,,,
2026-04-13 12:50:42.942,T,6884.25,1,,,
2026-04-13 12:50:42.942,T,6884.25,1,,,
2026-04-13 12:50:42.942,T,6884.25,1,,,
2026-04-13 12:50:42.942,T,6884.25,1,,,
2026-04-13 12:50:42.942,T,6884.25,1,,,
2026-04-13 12:50:42.942,T,6884.25,1,,,
2026-04-13 12:50:42.942,T,6884.25,1,,,
2026-04-13 12:50:42.942,T,6884.25,1,,,
2026-04-13 12:50:42.942,T,6884.25,1,,,
2026-04-13 12:50:42.942,T,6884.25,1,,,
2026-04-13 12:50:42.942,T,6884.25,1,,,
2026-04-13 12:50:42.942,T,6884.25,1,,,
2026-04-13 12:50:42.942,T,6884.25,1,,,
2026-04-13 12:50:42.942,T,6884.25,1,,,
2026-04-13 12:50:42.942,T,6884.25,1,,,
2026-04-13 12:50:42.942,T,6884.25,1,,,
2026-04-13 12:50:42.942,T,6884.25,1,,,
2026-04-13 12:50:42.942,T,6884.25,1,,,
2026-04-13 12:50:42.942,T,6884.25,1,,,
2026-04-13 12:50:42.942,T,6884.25,1,,,
2026-04-13 12:50:43.038,T,6884.5,1,,,
2026-04-13 12:50:43.388,T,6884.25,1,,,
2026-04-13 12:50:43.581,T,6884.5,1,,,
2026-04-13 12:50:43.581,T,6884.5,1,,,
2026-04-13 12:50:43.581,T,6884.5,1,,,
2026-04-13 12:50:43.581,T,6884.5,1,,,
2026-04-13 12:50:43.581,T,6884.5,1,,,
2026-04-13 12:50:43.581,T,6884.5,1,,,
2026-04-13 12:50:43.581,T,6884.5,1,,,
2026-04-13 12:50:43.581,T,6884.5,1,,,
2026-04-13 12:50:43.581,T,6884.5,3,,,
2026-04-13 12:50:43.581,T,6884.5,1,,,
2026-04-13 12:50:43.581,T,6884.5,3,,,
2026-04-13 12:50:43.581,T,6884.5,1,,,
2026-04-13 12:50:43.581,T,6884.5,2,,,
2026-04-13 12:50:43.583,Q,,,,6884.5,6884.75
2026-04-13 12:50:44.044,T,6884.75,1,,,
2026-04-13 12:50:44.044,T,6884.5,1,,,
2026-04-13 12:50:44.191,T,6884.75,1,,,
2026-04-13 12:50:44.239,T,6884.75,1,,,
2026-04-13 12:50:44.239,T,6884.75,1,,,
2026-04-13 12:50:44.239,T,6884.75,1,,,
2026-04-13 12:50:44.239,T,6884.75,1,,,
2026-04-13 12:50:44.239,T,6884.75,1,,,
2026-04-13 12:50:44.239,T,6884.75,1,,,
2026-04-13 12:50:44.239,T,6884.75,1,,,
2026-04-13 12:50:44.239,T,6884.75,1,,,
2026-04-13 12:50:44.239,T,6884.75,1,,,
2026-04-13 12:50:44.239,T,6884.75,1,,,
2026-04-13 12:50:44.287,T,6884.75,1,,,
2026-04-13 12:50:44.287,T,6884.75,1,,,
2026-04-13 12:50:44.338,Q,,,,6884.75,6885.0
2026-04-13 12:50:44.338,T,6884.75,2,,,
2026-04-13 12:50:44.338,T,6884.75,1,,,
2026-04-13 12:50:44.338,T,6884.75,1,,,
2026-04-13 12:50:44.338,T,6884.75,1,,,
2026-04-13 12:50:44.553,T,6885.0,2,,,
2026-04-13 12:50:44.553,T,6885.0,1,,,
2026-04-13 12:50:44.553,T,6885.0,1,,,
2026-04-13 12:50:44.553,T,6885.0,1,,,
2026-04-13 12:50:44.553,T,6885.0,1,,,
2026-04-13 12:50:44.553,T,6885.0,1,,,
2026-04-13 12:50:44.553,T,6885.0,1,,,
2026-04-13 12:50:44.553,T,6885.0,1,,,
2026-04-13 12:50:44.553,T,6885.0,1,,,
2026-04-13 12:50:44.553,T,6885.0,1,,,
2026-04-13 12:50:44.553,T,6885.0,1,,,
2026-04-13 12:50:44.553,T,6885.0,1,,,
2026-04-13 12:50:44.553,T,6885.0,1,,,
2026-04-13 12:50:44.553,T,6885.0,1,,,
2026-04-13 12:50:44.553,T,6885.0,1,,,
2026-04-13 12:50:44.553,T,6885.0,1,,,
2026-04-13 12:50:44.553,T,6885.0,2,,,
2026-04-13 12:50:44.582,Q,,,,6885.0,6885.25
2026-04-13 12:50:44.588,T,6885.0,1,,,
2026-04-13 12:50:44.588,T,6885.0,1,,,
2026-04-13 12:50:44.588,T,6885.0,1,,,
2026-04-13 12:50:44.588,T,6885.0,1,,,
2026-04-13 12:50:44.588,T,6885.0,3,,,
2026-04-13 12:50:44.588,T,6885.0,1,,,
2026-04-13 12:50:44.588,T,6885.0,2,,,
2026-04-13 12:50:44.588,T,6885.0,1,,,
2026-04-13 12:50:44.588,T,6885.0,1,,,
2026-04-13 12:50:44.588,T,6885.0,1,,,
2026-04-13 12:50:44.795,T,6885.25,1,,,
2026-04-13 12:50:44.795,T,6885.25,1,,,
2026-04-13 12:50:44.795,T,6885.25,2,,,
2026-04-13 12:50:44.795,T,6885.25,1,,,
2026-04-13 12:50:44.795,T,6885.25,1,,,
2026-04-13 12:50:44.795,T,6885.25,1,,,
2026-04-13 12:50:44.795,T,6885.25,1,,,
2026-04-13 12:50:44.795,T,6885.25,1,,,
2026-04-13 12:50:44.795,T,6885.25,1,,,
2026-04-13 12:50:44.795,T,6885.25,1,,,
2026-04-13 12:50:44.795,T,6885.25,1,,,
2026-04-13 12:50:44.795,T,6885.25,1,,,
2026-04-13 12:50:44.795,T,6885.25,3,,,
2026-04-13 12:50:44.795,T,6885.25,1,,,
2026-04-13 12:50:44.795,T,6885.25,1,,,
2026-04-13 12:50:44.795,T,6885.25,1,,,
2026-04-13 12:50:44.795,T,6885.25,1,,,
2026-04-13 12:50:44.795,T,6885.25,1,,,
2026-04-13 12:50:44.795,T,6885.25,2,,,
2026-04-13 12:50:44.795,T,6885.25,1,,,
2026-04-13 12:50:44.795,T,6885.25,2,,,
2026-04-13 12:50:44.795,T,6885.25,1,,,
2026-04-13 12:50:44.795,T,6885.25,1,,,
2026-04-13 12:50:44.795,T,6885.25,3,,,
2026-04-13 12:50:44.795,T,6885.25,1,,,
2026-04-13 12:50:44.795,T,6885.25,1,,,
2026-04-13 12:50:44.990,T,6885.25,1,,,
2026-04-13 12:50:44.990,T,6885.25,1,,,
2026-04-13 12:50:45.038,Q,,,,6885.25,6885.5
2026-04-13 12:50:45.038,T,6885.25,2,,,
2026-04-13 12:50:45.038,T,6885.25,2,,,
2026-04-13 12:50:45.038,T,6885.25,1,,,
2026-04-13 12:50:45.038,T,6885.25,1,,,
2026-04-13 12:50:45.038,T,6885.25,1,,,
2026-04-13 12:50:45.038,T,6885.25,1,,,
2026-04-13 12:50:45.038,T,6885.25,1,,,
2026-04-13 12:50:45.038,T,6885.25,1,,,
2026-04-13 12:50:45.038,T,6885.25,1,,,
2026-04-13 12:50:45.038,T,6885.25,1,,,
2026-04-13 12:50:45.038,T,6885.25,1,,,
2026-04-13 12:50:45.038,T,6885.25,1,,,
2026-04-13 12:50:45.038,T,6885.25,1,,,
2026-04-13 12:50:45.038,T,6885.25,1,,,
2026-04-13 12:50:45.038,T,6885.25,1,,,
2026-04-13 12:50:45.038,T,6885.25,1,,,
2026-04-13 12:50:45.038,T,6885.25,1,,,
2026-04-13 12:50:45.038,T,6885.25,2,,,
2026-04-13 12:50:45.038,T,6885.25,2,,,
2026-04-13 12:50:45.038,T,6885.25,1,,,
2026-04-13 12:50:45.038,T,6885.25,1,,,
2026-04-13 12:50:45.087,T,6885.25,1,,,
2026-04-13 12:50:45.087,T,6885.25,1,,,
2026-04-13 12:50:45.088,Q,,,,6885.0,6885.25
2026-04-13 12:50:45.437,T,6885.25,1,,,
2026-04-13 12:50:45.437,T,6885.25,1,,,
2026-04-13 12:50:45.437,T,6885.25,1,,,
2026-04-13 12:50:45.437,T,6885.25,1,,,
2026-04-13 12:50:45.437,T,6885.25,1,,,
2026-04-13 12:50:45.437,T,6885.25,4,,,
2026-04-13 12:50:45.437,T,6885.25,1,,,
2026-04-13 12:50:45.437,T,6885.25,1,,,
2026-04-13 12:50:45.437,T,6885.25,1,,,
2026-04-13 12:50:45.532,Q,,,,6885.0,6885.5
2026-04-13 12:50:45.532,T,6885.25,1,,,
2026-04-13 12:50:45.532,T,6885.25,1,,,
2026-04-13 12:50:45.532,T,6885.25,4,,,
2026-04-13 12:50:45.532,T,6885.25,2,,,
2026-04-13 12:50:45.532,T,6885.25,1,,,
2026-04-13 12:50:45.532,T,6885.25,1,,,
2026-04-13 12:50:45.532,T,6885.25,1,,,
2026-04-13 12:50:45.532,T,6885.25,1,,,
2026-04-13 12:50:45.638,T,6885.25,1,,,
2026-04-13 12:50:45.638,T,6885.25,2,,,
2026-04-13 12:50:45.638,T,6885.25,4,,,
2026-04-13 12:50:45.638,T,6885.25,4,,,
2026-04-13 12:50:45.638,T,6885.25,1,,,
2026-04-13 12:50:45.638,T,6885.25,1,,,
2026-04-13 12:50:45.638,T,6885.25,1,,,
2026-04-13 12:50:45.639,Q,,,,6885.0,6885.25
2026-04-13 12:50:45.848,T,6885.25,1,,,
2026-04-13 12:50:45.848,T,6885.25,1,,,
2026-04-13 12:50:45.848,T,6885.25,1,,,
2026-04-13 12:50:45.848,T,6885.25,2,,,
2026-04-13 12:50:45.848,T,6885.25,2,,,
2026-04-13 12:50:46.231,T,6885.25,1,,,
2026-04-13 12:50:46.231,T,6885.25,1,,,
2026-04-13 12:50:46.696,T,6885.25,3,,,
2026-04-13 12:50:46.696,T,6885.25,1,,,
2026-04-13 12:50:46.696,T,6885.25,1,,,
2026-04-13 12:50:46.696,T,6885.25,1,,,
2026-04-13 12:50:46.696,T,6885.25,1,,,
2026-04-13 12:50:46.696,T,6885.25,1,,,
2026-04-13 12:50:46.696,T,6885.25,1,,,
2026-04-13 12:50:46.696,T,6885.25,2,,,
2026-04-13 12:50:46.696,T,6885.25,1,,,
2026-04-13 12:50:46.696,T,6885.25,1,,,
2026-04-13 12:50:46.696,T,6885.25,1,,,
2026-04-13 12:50:46.696,T,6885.25,1,,,
2026-04-13 12:50:46.696,T,6885.25,4,,,
2026-04-13 12:50:46.696,T,6885.25,1,,,
2026-04-13 12:50:46.696,T,6885.25,1,,,
2026-04-13 12:50:46.696,T,6885.25,1,,,
2026-04-13 12:50:46.696,T,6885.25,1,,,
2026-04-13 12:50:46.696,T,6885.25,1,,,
2026-04-13 12:50:46.696,T,6885.25,2,,,
2026-04-13 12:50:46.696,T,6885.25,1,,,
2026-04-13 12:50:46.696,T,6885.25,1,,,
2026-04-13 12:50:46.696,T,6885.25,1,,,
2026-04-13 12:50:46.696,T,6885.25,1,,,
2026-04-13 12:50:46.696,T,6885.25,1,,,
2026-04-13 12:50:46.948,Q,,,,6885.25,6885.5
2026-04-13 12:50:46.949,T,6885.5,1,,,
2026-04-13 12:50:47.386,T,6885.5,1,,,
2026-04-13 12:50:47.386,T,6885.5,2,,,
2026-04-13 12:50:47.386,T,6885.5,3,,,
2026-04-13 12:50:47.386,T,6885.5,1,,,
2026-04-13 12:50:47.386,T,6885.5,1,,,
2026-04-13 12:50:47.386,T,6885.5,2,,,
2026-04-13 12:50:47.641,Q,,,,6885.5,6885.75
2026-04-13 12:50:47.641,T,6885.5,1,,,
2026-04-13 12:50:47.641,T,6885.5,1,,,
2026-04-13 12:50:47.641,T,6885.5,1,,,
2026-04-13 12:50:47.641,T,6885.5,1,,,
2026-04-13 12:50:47.641,T,6885.5,1,,,
2026-04-13 12:50:47.641,T,6885.5,2,,,
2026-04-13 12:50:47.641,T,6885.5,1,,,
2026-04-13 12:50:47.641,T,6885.5,1,,,
2026-04-13 12:50:47.641,T,6885.5,1,,,
2026-04-13 12:50:47.641,T,6885.5,1,,,
2026-04-13 12:50:47.641,T,6885.5,1,,,
2026-04-13 12:50:47.641,T,6885.5,1,,,
2026-04-13 12:50:47.641,T,6885.5,1,,,
2026-04-13 12:50:47.641,T,6885.5,1,,,
2026-04-13 12:50:47.687,T,6885.5,2,,,
2026-04-13 12:50:47.687,T,6885.5,1,,,
2026-04-13 12:50:47.687,T,6885.5,1,,,
2026-04-13 12:50:47.687,T,6885.5,1,,,
2026-04-13 12:50:47.687,T,6885.5,1,,,
2026-04-13 12:50:47.688,Q,,,,6885.25,6885.5
2026-04-13 12:50:47.738,T,6885.5,1,,,
2026-04-13 12:50:47.889,T,6885.5,1,,,
2026-04-13 13:06:54.639,Q,,,,6884.5,6884.75
2026-04-13 13:06:55.027,T,6884.5,1,,,
2026-04-13 13:06:55.027,T,6884.5,1,,,
2026-04-13 13:06:55.027,T,6884.5,1,,,
2026-04-13 13:06:55.027,T,6884.5,3,,,
2026-04-13 13:06:55.027,T,6884.5,1,,,
2026-04-13 13:06:55.027,T,6884.5,1,,,
2026-04-13 13:06:55.027,T,6884.5,1,,,
2026-04-13 13:06:55.027,T,6884.5,1,,,
2026-04-13 13:06:55.027,T,6884.5,1,,,
2026-04-13 13:06:55.027,T,6884.5,1,,,
2026-04-13 13:06:55.027,T,6884.5,1,,,
2026-04-13 13:06:55.027,T,6884.5,1,,,
2026-04-13 13:06:55.027,T,6884.5,1,,,
2026-04-13 13:06:55.027,T,6884.5,1,,,
2026-04-13 13:06:55.027,T,6884.5,1,,,
2026-04-13 13:06:55.027,T,6884.5,1,,,
2026-04-13 13:06:55.027,T,6884.5,1,,,
2026-04-13 13:06:55.027,T,6884.5,1,,,
2026-04-13 13:06:55.027,T,6884.5,1,,,
2026-04-13 13:06:55.027,T,6884.5,1,,,
2026-04-13 13:06:55.027,T,6884.5,1,,,
2026-04-13 13:06:55.027,T,6884.5,1,,,
2026-04-13 13:06:55.027,T,6884.5,1,,,
2026-04-13 13:06:55.027,T,6884.5,1,,,
2026-04-13 13:06:55.027,T,6884.5,30,,,
2026-04-13 13:06:55.027,T,6884.5,1,,,
2026-04-13 13:06:55.027,T,6884.25,1,,,
2026-04-13 13:06:55.027,T,6884.25,1,,,
2026-04-13 13:06:55.027,T,6884.25,1,,,
2026-04-13 13:06:55.027,T,6884.25,1,,,
2026-04-13 13:06:55.027,T,6884.25,1,,,
2026-04-13 13:06:55.027,T,6884.5,1,,,
2026-04-13 13:06:55.027,T,6884.5,1,,,
2026-04-13 13:06:55.027,T,6884.5,1,,,
2026-04-13 13:06:55.027,T,6884.5,2,,,
2026-04-13 13:06:55.027,T,6884.5,1,,,
2026-04-13 13:06:55.027,T,6884.5,3,,,
2026-04-13 13:06:55.027,T,6884.5,3,,,
2026-04-13 13:06:55.027,T,6884.5,1,,,
2026-04-13 13:06:55.027,T,6884.5,1,,,
2026-04-13 13:06:55.027,T,6884.5,2,,,
2026-04-13 13:06:55.027,T,6884.5,1,,,
2026-04-13 13:06:55.027,T,6884.5,1,,,
2026-04-13 13:06:55.027,T,6884.5,1,,,
2026-04-13 13:06:55.027,T,6884.5,1,,,
2026-04-13 13:06:55.027,T,6884.5,1,,,
2026-04-13 13:06:55.027,T,6884.5,1,,,
2026-04-13 13:06:55.027,T,6884.5,1,,,
2026-04-13 13:06:55.027,T,6884.5,1,,,
2026-04-13 13:06:55.027,T,6884.5,1,,,
2026-04-13 13:06:55.027,T,6884.5,1,,,
2026-04-13 13:06:55.027,T,6884.5,1,,,
2026-04-13 13:06:55.547,T,6884.5,1,,,
2026-04-13 13:06:55.547,T,6884.5,4,,,
2026-04-13 13:06:55.547,T,6884.5,3,,,
2026-04-13 13:06:55.547,T,6884.5,1,,,
2026-04-13 13:06:55.547,T,6884.5,1,,,
2026-04-13 13:06:55.547,T,6884.5,2,,,
2026-04-13 13:06:55.547,T,6884.5,1,,,
2026-04-13 13:06:55.555,T,6884.75,2,,,
2026-04-13 13:06:55.555,T,6884.75,1,,,
2026-04-13 13:06:55.694,T,6884.5,1,,,
2026-04-13 13:06:55.694,T,6884.5,1,,,
2026-04-13 13:06:55.694,T,6884.5,1,,,
2026-04-13 13:06:55.694,T,6884.5,1,,,
2026-04-13 13:06:55.694,T,6884.5,1,,,
2026-04-13 13:06:55.694,T,6884.5,4,,,
2026-04-13 13:06:55.694,T,6884.5,1,,,
2026-04-13 13:06:55.943,T,6884.5,1,,,
2026-04-13 13:06:56.341,T,6884.5,1,,,
2026-04-13 13:06:56.445,T,6884.75,1,,,
2026-04-13 13:06:57.543,T,6884.5,1,,,
2026-04-13 13:06:59.293,T,6884.5,1,,,
2026-04-13 13:06:59.393,T,6884.5,1,,,
2026-04-13 13:06:59.393,T,6884.5,1,,,
2026-04-13 13:06:59.393,T,6884.5,1,,,
2026-04-13 13:06:59.393,T,6884.5,1,,,
2026-04-13 13:06:59.393,T,6884.5,1,,,
2026-04-13 13:06:59.393,T,6884.5,18,,,
2026-04-13 13:06:59.393,T,6884.5,1,,,
2026-04-13 13:06:59.393,T,6884.5,1,,,
2026-04-13 13:06:59.393,T,6884.25,1,,,
2026-04-13 13:06:59.394,Q,,,,6884.25,6884.5
2026-04-13 13:06:59.892,T,6884.25,1,,,
2026-04-13 13:07:00.094,T,6884.5,1,,,
2026-04-13 13:07:16.398,T,6884.25,2,,,
2026-04-13 13:07:16.398,T,6884.25,1,,,
2026-04-13 13:07:16.398,T,6884.25,1,,,
2026-04-13 13:07:16.398,T,6884.25,1,,,
2026-04-13 13:07:16.398,T,6884.25,1,,,
2026-04-13 13:07:16.398,T,6884.25,1,,,
2026-04-13 13:07:16.398,T,6884.25,1,,,
2026-04-13 13:07:16.398,T,6884.25,1,,,
2026-04-13 13:07:16.398,T,6884.25,1,,,
2026-04-13 13:07:16.398,T,6884.25,1,,,
2026-04-13 13:07:16.398,T,6884.25,1,,,
2026-04-13 13:07:16.398,T,6884.25,1,,,
2026-04-13 13:07:16.398,T,6884.25,1,,,
2026-04-13 13:07:16.398,T,6884.25,2,,,
2026-04-13 13:07:16.398,T,6884.25,1,,,
2026-04-13 13:07:16.398,T,6884.25,1,,,
2026-04-13 13:07:16.398,T,6884.25,1,,,
2026-04-13 13:07:16.629,T,6884.25,1,,,
2026-04-13 13:07:16.629,T,6884.25,1,,,
2026-04-13 13:07:16.629,T,6884.25,1,,,
2026-04-13 13:07:16.629,T,6884.25,1,,,
2026-04-13 13:07:16.629,T,6884.25,1,,,
2026-04-13 13:07:16.629,T,6884.25,1,,,
2026-04-13 13:07:16.629,T,6884.25,1,,,
2026-04-13 13:07:16.629,T,6884.25,1,,,
2026-04-13 13:07:16.630,Q,,,,6884.0,6884.25
2026-04-13 13:07:16.630,T,6884.25,1,,,
2026-04-13 13:07:16.630,T,6884.25,1,,,
2026-04-13 13:07:16.630,T,6884.25,2,,,
2026-04-13 13:07:16.630,T,6884.0,1,,,
2026-04-13 13:07:16.630,T,6884.0,1,,,
2026-04-13 13:07:16.630,T,6884.0,1,,,
2026-04-13 13:07:16.630,T,6884.0,1,,,
2026-04-13 13:07:16.630,T,6884.0,1,,,
2026-04-13 13:07:16.630,T,6884.0,1,,,
2026-04-13 13:07:16.630,T,6884.25,3,,,
2026-04-13 13:07:16.630,T,6884.25,1,,,
2026-04-13 13:07:16.630,T,6884.25,1,,,
2026-04-13 13:07:16.630,T,6884.25,1,,,
2026-04-13 13:07:16.630,T,6884.25,1,,,
2026-04-13 13:07:16.630,T,6884.25,1,,,
2026-04-13 13:07:16.630,T,6884.25,1,,,
2026-04-13 13:07:16.630,T,6884.25,1,,,
2026-04-13 13:07:16.630,T,6884.25,1,,,
2026-04-13 13:07:16.630,T,6884.25,1,,,
2026-04-13 13:07:16.631,T,6884.0,1,,,
2026-04-13 13:07:16.632,T,6884.25,1,,,
2026-04-13 13:07:16.632,T,6884.25,1,,,
2026-04-13 13:07:16.632,T,6884.25,2,,,
2026-04-13 13:07:16.632,T,6884.25,1,,,
2026-04-13 13:07:16.632,T,6884.25,1,,,
2026-04-13 13:07:16.632,T,6884.25,1,,,
2026-04-13 13:07:16.632,T,6884.25,1,,,
2026-04-13 13:07:16.632,T,6884.25,1,,,
2026-04-13 13:07:16.632,T,6884.25,1,,,
2026-04-13 13:07:16.632,T,6884.25,1,,,
2026-04-13 13:07:16.632,T,6884.25,1,,,
2026-04-13 13:07:16.633,T,6884.25,4,,,
2026-04-13 13:07:16.633,T,6884.25,1,,,
2026-04-13 13:07:16.633,T,6884.25,1,,,
2026-04-13 13:07:16.633,T,6884.25,1,,,
2026-04-13 13:07:16.633,T,6884.25,1,,,
2026-04-13 13:07:16.633,T,6884.25,1,,,
2026-04-13 13:07:16.633,T,6884.25,1,,,
2026-04-13 13:07:16.633,T,6884.25,1,,,
2026-04-13 13:07:16.633,T,6884.25,1,,,
2026-04-13 13:07:16.633,T,6884.25,1,,,
2026-04-13 13:07:16.633,T,6884.25,1,,,
2026-04-13 13:07:16.633,Q,,,,6884.0,6884.5
2026-04-13 13:07:16.633,T,6884.25,1,,,
2026-04-13 13:07:16.633,T,6884.25,4,,,
2026-04-13 13:07:16.633,T,6884.25,1,,,
2026-04-13 13:07:16.633,T,6884.25,2,,,
2026-04-13 13:07:16.633,T,6884.25,1,,,
2026-04-13 13:07:16.633,T,6884.25,1,,,
2026-04-13 13:07:16.633,T,6884.25,1,,,
2026-04-13 13:07:16.633,T,6884.25,1,,,
2026-04-13 13:07:16.633,T,6884.25,1,,,
2026-04-13 13:07:16.633,T,6884.25,1,,,
2026-04-13 13:07:16.633,T,6884.25,1,,,
2026-04-13 13:07:16.633,T,6884.25,1,,,
2026-04-13 13:07:16.633,T,6884.25,2,,,
2026-04-13 13:07:16.633,T,6884.25,1,,,
2026-04-13 13:07:16.633,T,6884.25,1,,,
2026-04-13 13:07:16.633,T,6884.25,1,,,
2026-04-13 13:07:16.633,T,6884.25,1,,,
2026-04-13 13:07:16.633,T,6884.25,1,,,
2026-04-13 13:07:16.633,T,6884.25,1,,,
2026-04-13 13:07:16.633,T,6884.25,2,,,
2026-04-13 13:07:16.633,T,6884.25,1,,,
2026-04-13 13:07:16.634,Q,,,,6884.25,6884.5
2026-04-13 13:07:16.636,Q,,,,6884.0,6884.25
2026-04-13 13:07:16.636,T,6884.25,1,,,
2026-04-13 13:07:16.636,T,6884.25,1,,,
2026-04-13 13:07:16.636,T,6884.25,1,,,
2026-04-13 13:07:16.636,T,6884.25,1,,,
2026-04-13 13:07:16.636,Q,,,,6884.0,6884.5
2026-04-13 13:07:16.636,Q,,,,6884.25,6884.5
2026-04-13 13:07:16.637,T,6884.5,1,,,
2026-04-13 13:07:16.637,T,6884.25,1,,,
2026-04-13 13:07:16.637,T,6884.25,1,,,
2026-04-13 13:07:16.637,T,6884.25,1,,,
2026-04-13 13:07:16.637,T,6884.25,1,,,
2026-04-13 13:07:16.637,T,6884.25,1,,,
2026-04-13 13:07:16.637,T,6884.25,1,,,
2026-04-13 13:07:16.637,T,6884.25,1,,,
2026-04-13 13:07:16.637,T,6884.25,1,,,
2026-04-13 13:07:16.637,T,6884.5,1,,,
2026-04-13 13:07:16.638,T,6884.5,2,,,
2026-04-13 13:07:16.638,T,6884.5,1,,,
2026-04-13 13:07:16.638,T,6884.5,1,,,
2026-04-13 13:07:16.638,T,6884.5,5,,,
2026-04-13 13:07:16.638,T,6884.25,1,,,
2026-04-13 13:07:16.638,T,6884.25,2,,,
2026-04-13 13:07:16.638,T,6884.25,2,,,
2026-04-13 13:07:16.638,T,6884.25,1,,,
2026-04-13 13:07:16.638,T,6884.25,1,,,
2026-04-13 13:07:16.638,T,6884.25,1,,,
2026-04-13 13:07:16.638,T,6884.25,1,,,
2026-04-13 13:07:16.638,Q,,,,6884.0,6884.5
2026-04-13 13:07:16.638,T,6884.25,1,,,
2026-04-13 13:07:16.638,T,6884.25,1,,,
2026-04-13 13:07:16.638,T,6884.25,1,,,
2026-04-13 13:07:16.639,Q,,,,6884.25,6884.5
2026-04-13 13:07:16.639,T,6884.25,2,,,
2026-04-13 13:07:16.639,T,6884.25,1,,,
2026-04-13 13:07:16.639,T,6884.25,1,,,
2026-04-13 13:07:16.639,Q,,,,6884.0,6884.25
2026-04-13 13:07:16.640,T,6884.25,2,,,
2026-04-13 13:07:16.640,T,6884.25,1,,,
2026-04-13 13:07:16.640,T,6884.25,1,,,
2026-04-13 13:07:16.640,T,6884.25,1,,,
2026-04-13 13:07:16.640,T,6884.25,1,,,
2026-04-13 13:07:16.640,T,6884.25,1,,,
2026-04-13 13:07:16.640,T,6884.25,1,,,
2026-04-13 13:07:16.640,T,6884.25,1,,,
2026-04-13 13:07:16.640,T,6884.25,1,,,
2026-04-13 13:07:16.640,T,6884.25,2,,,
2026-04-13 13:07:16.640,T,6884.25,1,,,
2026-04-13 13:07:16.640,T,6884.25,1,,,
2026-04-13 13:07:16.640,T,6884.25,2,,,
2026-04-13 13:07:16.640,T,6884.25,1,,,
2026-04-13 13:07:16.640,T,6884.25,1,,,
2026-04-13 13:07:16.640,T,6884.25,2,,,
2026-04-13 13:07:16.640,T,6884.25,1,,,
2026-04-13 13:07:16.640,T,6884.25,1,,,
2026-04-13 13:07:16.640,T,6884.25,1,,,
2026-04-13 13:07:16.640,T,6884.25,1,,,
2026-04-13 13:07:16.640,T,6884.25,1,,,
2026-04-13 13:07:16.640,T,6884.25,1,,,
2026-04-13 13:07:16.640,T,6884.25,1,,,
2026-04-13 13:07:16.640,T,6884.25,1,,,
2026-04-13 13:07:16.640,T,6884.25,1,,,
2026-04-13 13:07:16.640,T,6884.25,1,,,
2026-04-13 13:07:16.640,T,6884.25,1,,,
2026-04-13 13:07:16.640,T,6884.25,1,,,
2026-04-13 13:07:16.640,T,6884.25,1,,,
2026-04-13 13:07:16.641,T,6884.0,1,,,
2026-04-13 13:07:16.641,T,6884.0,1,,,
2026-04-13 13:07:16.641,T,6884.0,1,,,
2026-04-13 13:07:16.641,T,6884.0,1,,,
2026-04-13 13:07:16.641,T,6884.0,1,,,
2026-04-13 13:07:16.641,T,6884.0,1,,,
2026-04-13 13:07:16.641,T,6884.0,1,,,
2026-04-13 13:07:16.641,T,6884.0,1,,,
2026-04-13 13:07:16.641,T,6884.0,1,,,
2026-04-13 13:07:16.641,T,6884.0,1,,,
2026-04-13 13:07:16.641,T,6884.0,1,,,
2026-04-13 13:07:16.641,T,6884.0,1,,,
2026-04-13 13:07:16.641,T,6884.0,1,,,
2026-04-13 13:07:16.641,T,6884.0,1,,,
2026-04-13 13:07:16.641,T,6884.0,1,,,
2026-04-13 13:07:16.641,T,6884.0,1,,,
2026-04-13 13:07:16.641,T,6884.0,1,,,
2026-04-13 13:07:16.641,T,6884.0,2,,,
2026-04-13 13:07:16.641,T,6884.0,2,,,
2026-04-13 13:07:16.641,T,6884.0,1,,,
2026-04-13 13:07:16.641,T,6884.0,1,,,
2026-04-13 13:07:16.641,T,6884.0,1,,,
2026-04-13 13:07:16.641,T,6884.0,1,,,
2026-04-13 13:07:16.641,T,6884.0,1,,,
2026-04-13 13:07:16.641,T,6884.0,1,,,
2026-04-13 13:07:16.641,T,6884.0,1,,,
2026-04-13 13:07:16.642,T,6884.0,1,,,
2026-04-13 13:07:16.642,T,6884.0,1,,,
2026-04-13 13:07:16.642,T,6884.0,1,,,
2026-04-13 13:07:16.642,T,6884.0,1,,,
2026-04-13 13:07:16.642,T,6884.0,1,,,
2026-04-13 13:07:16.642,T,6884.0,1,,,
2026-04-13 13:07:16.642,T,6884.0,1,,,
2026-04-13 13:07:16.642,T,6884.0,1,,,
2026-04-13 13:07:16.642,T,6884.0,3,,,
2026-04-13 13:07:16.642,T,6884.0,1,,,
2026-04-13 13:07:16.642,T,6884.0,1,,,
2026-04-13 13:07:16.642,T,6884.0,1,,,
2026-04-13 13:07:16.653,T,6884.0,1,,,
2026-04-13 13:07:16.653,T,6884.0,1,,,
2026-04-13 13:07:16.653,T,6884.0,1,,,
2026-04-13 13:07:16.653,T,6884.0,1,,,
2026-04-13 13:07:16.653,T,6884.0,1,,,
2026-04-13 13:07:16.653,T,6884.0,1,,,
2026-04-13 13:07:16.653,T,6884.0,1,,,
2026-04-13 13:07:16.653,T,6884.0,1,,,
2026-04-13 13:07:16.653,T,6884.0,1,,,
2026-04-13 13:07:16.653,T,6884.0,1,,,
2026-04-13 13:07:16.653,T,6884.0,1,,,
2026-04-13 13:07:16.654,T,6884.0,1,,,
2026-04-13 13:07:16.654,T,6884.0,1,,,
2026-04-13 13:07:16.654,T,6884.0,1,,,
2026-04-13 13:07:16.654,T,6884.0,1,,,
2026-04-13 13:07:16.654,T,6884.0,1,,,
2026-04-13 13:07:16.654,T,6884.0,1,,,
2026-04-13 13:07:16.655,T,6884.25,1,,,
2026-04-13 13:07:16.655,T,6884.0,1,,,
2026-04-13 13:07:16.655,T,6884.0,1,,,
2026-04-13 13:07:16.655,T,6884.0,1,,,
2026-04-13 13:07:16.655,T,6884.0,1,,,
2026-04-13 13:07:16.655,T,6884.0,1,,,
2026-04-13 13:07:16.655,Q,,,,6883.75,6884.0
2026-04-13 13:07:16.656,Q,,,,6883.5,6883.75
2026-04-13 13:07:16.656,T,6883.75,1,,,
2026-04-13 13:07:16.656,T,6883.75,1,,,
2026-04-13 13:07:16.656,T,6883.75,1,,,
2026-04-13 13:07:16.656,T,6883.75,1,,,
2026-04-13 13:07:16.656,T,6883.75,1,,,
2026-04-13 13:07:16.656,T,6883.75,1,,,
2026-04-13 13:07:16.656,T,6883.75,1,,,
2026-04-13 13:07:16.656,T,6883.75,1,,,
2026-04-13 13:07:16.656,T,6883.75,1,,,
2026-04-13 13:07:16.656,T,6883.75,1,,,
2026-04-13 13:07:16.656,T,6883.75,1,,,
2026-04-13 13:07:16.656,T,6883.75,2,,,
2026-04-13 13:07:16.656,T,6883.75,1,,,
2026-04-13 13:07:16.656,T,6883.75,1,,,
2026-04-13 13:07:16.656,T,6883.75,1,,,
2026-04-13 13:07:16.656,T,6883.75,1,,,
2026-04-13 13:07:16.656,T,6883.75,1,,,
2026-04-13 13:07:16.656,T,6883.75,1,,,
2026-04-13 13:07:16.656,T,6883.75,1,,,
2026-04-13 13:07:16.656,T,6883.75,2,,,
2026-04-13 13:07:16.656,T,6883.75,1,,,
2026-04-13 13:07:16.656,T,6883.75,1,,,
2026-04-13 13:07:16.696,T,6883.75,1,,,
2026-04-13 13:07:16.696,T,6883.75,1,,,
2026-04-13 13:07:16.696,T,6883.75,1,,,
2026-04-13 13:07:16.696,T,6883.75,2,,,
2026-04-13 13:07:16.696,T,6883.75,1,,,
2026-04-13 13:07:16.696,T,6883.75,1,,,
2026-04-13 13:07:16.696,T,6883.75,1,,,
2026-04-13 13:07:16.696,T,6883.75,1,,,
2026-04-13 13:07:16.696,T,6883.75,1,,,
2026-04-13 13:07:16.696,T,6883.75,4,,,
2026-04-13 13:07:16.696,T,6883.75,4,,,
2026-04-13 13:07:16.696,T,6883.75,1,,,
2026-04-13 13:07:16.696,T,6883.75,1,,,
2026-04-13 13:07:16.696,T,6883.75,1,,,
2026-04-13 13:07:16.696,T,6883.75,1,,,
2026-04-13 13:07:16.698,T,6883.75,1,,,
2026-04-13 13:07:16.698,T,6883.75,1,,,
2026-04-13 13:07:16.698,T,6883.75,1,,,
2026-04-13 13:07:16.698,T,6883.75,1,,,
2026-04-13 13:07:16.698,T,6883.75,2,,,
2026-04-13 13:07:16.699,Q,,,,6883.75,6884.0
2026-04-13 13:07:16.699,T,6883.75,1,,,
2026-04-13 13:07:16.699,T,6883.75,1,,,
2026-04-13 13:07:16.699,T,6883.75,1,,,
2026-04-13 13:07:16.699,T,6883.75,1,,,
2026-04-13 13:07:16.699,T,6883.75,1,,,
2026-04-13 13:07:16.699,T,6883.75,2,,,
2026-04-13 13:07:16.700,Q,,,,6883.5,6884.0
2026-04-13 13:07:16.700,T,6883.75,1,,,
2026-04-13 13:07:16.700,T,6883.75,1,,,
2026-04-13 13:07:16.700,Q,,,,6883.75,6884.0
2026-04-13 13:07:16.700,T,6883.75,8,,,
2026-04-13 13:07:16.700,T,6883.75,2,,,
2026-04-13 13:07:16.701,T,6883.75,1,,,
2026-04-13 13:07:16.701,T,6883.75,1,,,
2026-04-13 13:07:16.701,T,6884.0,4,,,
2026-04-13 13:07:16.701,T,6884.0,1,,,
2026-04-13 13:07:16.701,T,6884.0,1,,,
2026-04-13 13:07:16.701,T,6884.0,1,,,
2026-04-13 13:07:16.701,T,6884.0,1,,,
2026-04-13 13:07:16.701,T,6884.0,1,,,
2026-04-13 13:07:16.701,T,6884.0,1,,,
2026-04-13 13:07:16.701,T,6884.0,1,,,
2026-04-13 13:07:16.701,T,6884.0,1,,,
2026-04-13 13:07:16.701,T,6884.0,1,,,
2026-04-13 13:07:16.701,T,6884.0,1,,,
2026-04-13 13:07:16.701,T,6884.0,1,,,
2026-04-13 13:07:16.701,T,6884.0,1,,,
2026-04-13 13:07:16.701,T,6884.0,1,,,
2026-04-13 13:07:16.701,T,6884.0,1,,,
2026-04-13 13:07:16.701,T,6884.0,1,,,
2026-04-13 13:07:16.701,T,6884.0,1,,,
2026-04-13 13:07:16.701,T,6884.0,1,,,
2026-04-13 13:07:16.701,T,6884.0,1,,,
2026-04-13 13:07:16.702,T,6883.75,1,,,
2026-04-13 13:07:16.703,T,6884.0,1,,,
2026-04-13 13:07:16.703,T,6883.75,1,,,
2026-04-13 13:07:16.704,T,6883.75,1,,,
2026-04-13 13:07:16.704,T,6883.75,1,,,
2026-04-13 13:07:16.704,T,6883.75,1,,,
2026-04-13 13:07:16.704,T,6883.75,1,,,
2026-04-13 13:07:16.704,T,6883.75,1,,,
2026-04-13 13:07:16.704,T,6883.75,1,,,
2026-04-13 13:07:16.704,T,6883.75,1,,,
2026-04-13 13:07:16.704,T,6883.75,1,,,
2026-04-13 13:07:16.704,Q,,,,6883.5,6883.75
2026-04-13 13:07:16.705,T,6883.5,1,,,
2026-04-13 13:07:16.705,T,6883.5,1,,,
2026-04-13 13:07:16.705,T,6883.5,1,,,
2026-04-13 13:07:16.705,T,6883.75,1,,,
2026-04-13 13:07:16.705,T,6883.75,1,,,
2026-04-13 13:07:16.706,T,6883.75,1,,,
2026-04-13 13:07:16.706,T,6883.75,1,,,
2026-04-13 13:07:16.706,T,6883.75,1,,,
2026-04-13 13:07:16.706,T,6883.75,1,,,
2026-04-13 13:07:16.706,T,6883.75,1,,,
2026-04-13 13:07:16.706,T,6883.75,1,,,
2026-04-13 13:07:16.706,T,6883.75,1,,,
2026-04-13 13:07:16.706,T,6883.75,6,,,
2026-04-13 13:07:16.706,T,6883.75,2,,,
2026-04-13 13:07:16.706,Q,,,,6883.75,6884.0
2026-04-13 13:07:16.706,T,6883.75,1,,,
2026-04-13 13:07:16.706,T,6883.75,1,,,
2026-04-13 13:07:16.706,T,6883.75,1,,,
2026-04-13 13:07:16.706,T,6883.75,1,,,
2026-04-13 13:07:16.706,T,6883.75,1,,,
2026-04-13 13:07:16.706,T,6883.75,1,,,
2026-04-13 13:07:16.706,T,6883.75,2,,,
2026-04-13 13:07:16.706,T,6883.75,1,,,
2026-04-13 13:07:16.707,Q,,,,6883.5,6883.75
2026-04-13 13:07:16.707,Q,,,,6883.75,6884.0
2026-04-13 13:07:16.707,T,6883.75,1,,,
2026-04-13 13:07:16.707,T,6883.75,1,,,
2026-04-13 13:07:16.707,T,6883.75,1,,,
2026-04-13 13:07:16.707,T,6883.75,1,,,
2026-04-13 13:07:16.707,T,6883.75,2,,,
2026-04-13 13:07:16.707,T,6883.75,1,,,
2026-04-13 13:07:16.707,T,6883.75,1,,,
2026-04-13 13:07:16.707,T,6883.75,1,,,
2026-04-13 13:07:16.707,T,6883.75,1,,,
2026-04-13 13:07:16.707,T,6883.75,1,,,
2026-04-13 13:07:16.707,T,6883.75,1,,,
2026-04-13 13:07:16.707,T,6883.75,1,,,
2026-04-13 13:07:16.707,T,6883.75,1,,,
2026-04-13 13:07:16.707,T,6883.75,1,,,
2026-04-13 13:07:16.707,T,6883.75,1,,,
2026-04-13 13:07:16.707,T,6883.75,1,,,
2026-04-13 13:07:16.708,T,6883.75,1,,,
2026-04-13 13:07:16.708,T,6883.75,1,,,
2026-04-13 13:07:16.708,T,6883.75,1,,,
2026-04-13 13:07:16.708,T,6883.75,1,,,
2026-04-13 13:07:16.708,T,6883.75,1,,,
2026-04-13 13:07:16.743,T,6883.75,1,,,
2026-04-13 13:07:16.744,T,6884.0,1,,,
2026-04-13 13:07:16.745,T,6883.75,1,,,
2026-04-13 13:07:16.745,T,6883.75,1,,,
2026-04-13 13:07:16.745,T,6883.75,1,,,
2026-04-13 13:07:16.745,T,6883.75,1,,,
2026-04-13 13:07:16.745,T,6883.75,2,,,
2026-04-13 13:07:16.745,T,6883.75,8,,,
2026-04-13 13:07:16.745,T,6883.75,1,,,
2026-04-13 13:07:16.745,T,6883.75,1,,,
2026-04-13 13:07:16.745,T,6883.75,4,,,
2026-04-13 13:07:16.745,T,6883.75,1,,,
2026-04-13 13:07:16.745,T,6883.75,1,,,
2026-04-13 13:07:16.745,T,6883.75,1,,,
2026-04-13 13:07:16.746,T,6883.75,1,,,
2026-04-13 13:07:16.747,T,6884.0,1,,,
2026-04-13 13:07:16.747,T,6884.0,1,,,
2026-04-13 13:07:16.747,T,6884.0,1,,,
2026-04-13 13:07:16.747,T,6884.0,1,,,
2026-04-13 13:07:16.747,T,6884.0,1,,,
2026-04-13 13:07:16.747,T,6884.0,1,,,
2026-04-13 13:07:16.747,T,6884.0,1,,,
2026-04-13 13:07:16.747,T,6884.0,1,,,
2026-04-13 13:07:16.747,T,6884.0,1,,,
2026-04-13 13:07:16.747,T,6884.0,1,,,
2026-04-13 13:07:16.747,T,6884.0,5,,,
2026-04-13 13:07:16.747,T,6884.0,5,,,
2026-04-13 13:07:16.747,T,6884.0,1,,,
2026-04-13 13:07:16.747,T,6884.0,2,,,
2026-04-13 13:07:16.747,T,6884.0,1,,,
2026-04-13 13:07:16.747,T,6884.25,1,,,
2026-04-13 13:07:16.747,T,6884.0,1,,,
2026-04-13 13:07:16.747,T,6884.0,1,,,
2026-04-13 13:07:16.747,T,6884.0,1,,,
2026-04-13 13:07:16.747,T,6884.0,1,,,
2026-04-13 13:07:16.747,T,6884.0,1,,,
2026-04-13 13:07:16.747,T,6884.0,1,,,
2026-04-13 13:07:16.748,T,6883.75,1,,,
2026-04-13 13:07:16.748,T,6884.0,1,,,
2026-04-13 13:07:16.784,T,6884.0,1,,,
2026-04-13 13:07:16.784,T,6884.0,4,,,
2026-04-13 13:07:16.784,T,6884.0,1,,,
2026-04-13 13:07:16.784,T,6884.0,1,,,
2026-04-13 13:07:16.784,T,6884.0,1,,,
2026-04-13 13:07:16.784,T,6884.0,1,,,
2026-04-13 13:07:16.784,T,6884.0,1,,,
2026-04-13 13:07:16.784,T,6884.0,1,,,
2026-04-13 13:07:16.785,Q,,,,6884.0,6884.25
2026-04-13 13:07:16.786,Q,,,,6883.75,6884.0
2026-04-13 13:07:16.786,T,6884.0,1,,,
2026-04-13 13:07:16.786,T,6884.0,1,,,
2026-04-13 13:07:16.786,T,6884.0,1,,,
2026-04-13 13:07:16.786,T,6884.0,1,,,
2026-04-13 13:07:16.786,T,6884.0,1,,,
2026-04-13 13:07:16.786,T,6884.0,1,,,
2026-04-13 13:07:16.786,T,6884.0,1,,,
2026-04-13 13:07:16.786,T,6884.0,2,,,
2026-04-13 13:07:16.786,T,6884.0,1,,,
2026-04-13 13:07:16.786,T,6884.0,1,,,
2026-04-13 13:07:16.786,T,6884.0,1,,,
2026-04-13 13:07:16.786,T,6884.0,1,,,
2026-04-13 13:07:16.786,T,6884.0,1,,,
2026-04-13 13:07:16.786,T,6884.0,1,,,
2026-04-13 13:07:16.786,T,6884.0,1,,,
2026-04-13 13:07:16.787,T,6884.0,2,,,
2026-04-13 13:07:16.787,T,6884.0,1,,,
2026-04-13 13:07:16.787,T,6884.0,1,,,
2026-04-13 13:07:16.787,T,6884.0,1,,,
2026-04-13 13:07:16.787,T,6884.0,1,,,
2026-04-13 13:07:16.788,Q,,,,6883.75,6884.25
2026-04-13 13:07:16.788,Q,,,,6883.75,6884.0
2026-04-13 13:07:16.788,T,6884.0,1,,,
2026-04-13 13:07:16.788,Q,,,,6883.5,6883.75
2026-04-13 13:07:16.788,T,6883.75,2,,,
2026-04-13 13:07:16.788,T,6883.75,1,,,
2026-04-13 13:07:16.788,T,6883.75,1,,,
2026-04-13 13:07:16.788,T,6883.75,4,,,
2026-04-13 13:07:16.788,T,6883.75,1,,,
2026-04-13 13:07:16.788,T,6883.75,1,,,
2026-04-13 13:07:16.788,T,6883.75,1,,,
2026-04-13 13:07:16.788,T,6883.75,1,,,
2026-04-13 13:07:16.788,T,6883.75,1,,,
2026-04-13 13:07:16.788,T,6883.75,1,,,
2026-04-13 13:07:16.788,T,6883.75,1,,,
2026-04-13 13:07:16.788,T,6883.75,1,,,
2026-04-13 13:07:16.788,T,6883.75,1,,,
2026-04-13 13:07:16.788,T,6883.75,1,,,
2026-04-13 13:07:16.788,T,6883.75,1,,,
2026-04-13 13:07:16.788,T,6883.75,1,,,
2026-04-13 13:07:16.788,T,6883.75,1,,,
2026-04-13 13:07:16.788,T,6883.75,4,,,
2026-04-13 13:07:16.788,T,6883.75,1,,,
2026-04-13 13:07:16.788,T,6883.75,1,,,
2026-04-13 13:07:16.789,T,6883.75,1,,,
2026-04-13 13:07:16.789,T,6883.75,1,,,
2026-04-13 13:07:16.789,T,6883.75,1,,,
2026-04-13 13:07:16.789,T,6883.75,1,,,
2026-04-13 13:07:16.789,T,6883.75,1,,,
2026-04-13 13:07:16.789,T,6883.75,1,,,
2026-04-13 13:07:16.789,T,6883.75,3,,,
2026-04-13 13:07:16.789,T,6883.75,1,,,
2026-04-13 13:07:16.789,T,6883.75,1,,,
2026-04-13 13:07:16.789,T,6883.5,1,,,
2026-04-13 13:07:16.789,T,6883.5,1,,,
2026-04-13 13:07:16.789,T,6883.5,1,,,
2026-04-13 13:07:16.789,T,6883.75,1,,,
2026-04-13 13:07:16.789,T,6883.75,1,,,
2026-04-13 13:07:16.789,T,6883.75,1,,,
2026-04-13 13:07:16.789,T,6883.75,1,,,
2026-04-13 13:07:16.789,T,6883.75,1,,,
2026-04-13 13:07:16.790,Q,,,,6883.75,6884.0
2026-04-13 13:07:17.094,T,6884.0,1,,,
2026-04-13 13:07:17.601,Q,,,,6884.0,6884.25
2026-04-13 13:07:17.602,T,6884.0,1,,,
2026-04-13 13:07:17.602,T,6884.0,1,,,
2026-04-13 13:07:17.602,T,6884.0,1,,,
2026-04-13 13:07:17.602,T,6884.0,1,,,
2026-04-13 13:07:17.602,T,6884.0,1,,,
2026-04-13 13:07:17.602,T,6884.0,1,,,
2026-04-13 13:07:17.602,T,6884.0,1,,,
2026-04-13 13:07:17.602,T,6884.0,3,,,
2026-04-13 13:07:17.602,T,6884.0,1,,,
2026-04-13 13:07:17.602,T,6884.0,1,,,
2026-04-13 13:07:18.246,T,6884.25,1,,,
2026-04-13 13:07:18.246,T,6884.25,1,,,
2026-04-13 13:07:18.246,T,6884.25,1,,,
2026-04-13 13:07:18.246,T,6884.25,1,,,
2026-04-13 13:07:18.246,T,6884.25,1,,,
2026-04-13 13:07:18.246,T,6884.25,1,,,
2026-04-13 13:07:18.246,T,6884.25,1,,,
2026-04-13 13:07:18.246,T,6884.25,1,,,
2026-04-13 13:07:18.246,T,6884.25,1,,,
2026-04-13 13:07:18.246,T,6884.25,1,,,
2026-04-13 13:07:18.246,T,6884.25,1,,,
2026-04-13 13:07:18.246,T,6884.25,1,,,
2026-04-13 13:07:18.246,T,6884.25,1,,,
2026-04-13 13:07:18.246,T,6884.25,1,,,
2026-04-13 13:07:18.248,Q,,,,6884.25,6884.5
2026-04-13 13:07:19.143,T,6884.5,1,,,
2026-04-13 13:07:19.143,T,6884.5,1,,,
2026-04-13 13:07:19.143,T,6884.5,1,,,
2026-04-13 13:07:19.143,T,6884.5,1,,,
2026-04-13 13:07:19.246,Q,,,,6884.5,6884.75
2026-04-13 13:07:19.246,T,6884.5,1,,,
2026-04-13 13:07:19.246,T,6884.5,1,,,
2026-04-13 13:07:19.246,T,6884.5,1,,,
2026-04-13 13:07:19.246,T,6884.5,1,,,
2026-04-13 13:07:19.246,T,6884.5,3,,,
2026-04-13 13:07:19.246,T,6884.5,1,,,
2026-04-13 13:07:19.246,T,6884.5,3,,,
2026-04-13 13:07:19.246,T,6884.5,1,,,
2026-04-13 13:07:19.246,T,6884.5,41,,,
2026-04-13 13:07:19.246,T,6884.5,1,,,
2026-04-13 13:07:19.246,T,6884.5,1,,,
2026-04-13 13:07:19.246,T,6884.5,1,,,
2026-04-13 13:07:19.246,T,6884.5,1,,,
2026-04-13 13:07:19.246,T,6884.5,1,,,
2026-04-13 13:07:19.246,T,6884.5,1,,,
2026-04-13 13:07:19.246,T,6884.5,1,,,
2026-04-13 13:07:19.246,T,6884.5,1,,,
2026-04-13 13:07:19.246,T,6884.5,1,,,
2026-04-13 13:07:19.246,T,6884.5,1,,,
2026-04-13 13:07:19.246,T,6884.5,1,,,
2026-04-13 13:07:19.246,T,6884.5,1,,,
2026-04-13 13:07:19.246,T,6884.5,1,,,
2026-04-13 13:07:19.246,T,6884.5,3,,,
2026-04-13 13:07:19.246,T,6884.5,1,,,
2026-04-13 13:07:19.246,T,6884.5,1,,,
2026-04-13 13:07:19.246,T,6884.5,4,,,
2026-04-13 13:07:19.246,T,6884.5,1,,,
2026-04-13 13:07:19.246,T,6884.5,3,,,
2026-04-13 13:07:19.246,T,6884.5,1,,,
2026-04-13 13:07:19.246,T,6884.5,1,,,
2026-04-13 13:07:19.246,T,6884.5,1,,,
2026-04-13 13:07:19.443,Q,,,,6884.25,6884.75
2026-04-13 13:07:19.443,T,6884.5,1,,,
2026-04-13 13:07:19.443,T,6884.5,4,,,
2026-04-13 13:07:19.443,T,6884.5,1,,,
2026-04-13 13:07:19.443,T,6884.5,1,,,
2026-04-13 13:07:19.443,T,6884.5,1,,,
2026-04-13 13:07:19.443,T,6884.5,1,,,
2026-04-13 13:07:19.443,T,6884.5,1,,,
2026-04-13 13:07:19.443,T,6884.5,1,,,
2026-04-13 13:07:19.443,T,6884.5,1,,,
2026-04-13 13:07:19.545,Q,,,,6884.5,6884.75
2026-04-13 13:07:19.596,T,6884.5,1,,,
2026-04-13 13:07:19.596,T,6884.5,4,,,
2026-04-13 13:07:19.596,T,6884.5,1,,,
2026-04-13 13:07:19.596,T,6884.5,1,,,
2026-04-13 13:07:19.596,T,6884.25,2,,,
2026-04-13 13:07:19.596,T,6884.25,1,,,
2026-04-13 13:07:19.596,T,6884.25,1,,,
2026-04-13 13:07:19.596,T,6884.25,1,,,
2026-04-13 13:07:19.596,T,6884.25,1,,,
2026-04-13 13:07:19.596,T,6884.25,3,,,
2026-04-13 13:07:19.596,T,6884.25,1,,,
2026-04-13 13:07:19.596,T,6884.25,4,,,
2026-04-13 13:07:19.596,T,6884.25,1,,,
2026-04-13 13:07:19.596,T,6884.25,1,,,
2026-04-13 13:07:19.596,T,6884.25,1,,,
2026-04-13 13:07:19.596,T,6884.25,1,,,
2026-04-13 13:07:19.596,T,6884.25,1,,,
2026-04-13 13:07:19.596,T,6884.25,1,,,
2026-04-13 13:07:19.596,T,6884.25,1,,,
2026-04-13 13:07:19.596,T,6884.25,1,,,
2026-04-13 13:07:19.596,T,6884.25,2,,,
2026-04-13 13:07:19.596,T,6884.25,1,,,
2026-04-13 13:07:19.596,T,6884.25,1,,,
2026-04-13 13:07:19.596,T,6884.25,1,,,
2026-04-13 13:07:19.596,T,6884.25,1,,,
2026-04-13 13:07:19.596,T,6884.25,1,,,
2026-04-13 13:07:19.596,T,6884.25,2,,,
2026-04-13 13:07:19.596,T,6884.25,1,,,
2026-04-13 13:07:19.596,T,6884.25,1,,,
2026-04-13 13:07:19.596,T,6884.25,1,,,
2026-04-13 13:07:19.596,T,6884.25,1,,,
2026-04-13 13:07:19.596,T,6884.25,1,,,
2026-04-13 13:07:19.596,T,6884.25,1,,,
2026-04-13 13:07:19.596,T,6884.25,2,,,
2026-04-13 13:07:19.596,T,6884.25,1,,,
2026-04-13 13:07:19.596,T,6884.25,1,,,
2026-04-13 13:07:19.596,T,6884.25,1,,,
2026-04-13 13:07:19.596,T,6884.25,1,,,
2026-04-13 13:07:19.596,T,6884.5,1,,,
2026-04-13 13:07:19.596,T,6884.5,1,,,
2026-04-13 13:07:19.596,T,6884.5,1,,,
2026-04-13 13:07:19.596,T,6884.5,1,,,
2026-04-13 13:07:19.596,T,6884.5,1,,,
2026-04-13 13:07:19.596,T,6884.5,4,,,
2026-04-13 13:07:19.596,T,6884.5,1,,,
2026-04-13 13:07:19.596,T,6884.5,1,,,
2026-04-13 13:07:19.596,T,6884.5,1,,,
2026-04-13 13:07:19.596,T,6884.5,1,,,
2026-04-13 13:07:19.596,T,6884.5,1,,,
2026-04-13 13:07:19.596,T,6884.5,1,,,
2026-04-13 13:07:19.596,T,6884.5,1,,,
2026-04-13 13:07:19.596,T,6884.5,3,,,
2026-04-13 13:07:19.596,T,6884.5,1,,,
2026-04-13 13:07:19.596,T,6884.5,1,,,
2026-04-13 13:07:19.596,T,6884.5,2,,,
2026-04-13 13:07:19.596,T,6884.5,1,,,
2026-04-13 13:07:19.596,T,6884.5,1,,,
2026-04-13 13:07:19.596,T,6884.5,1,,,
2026-04-13 13:07:19.596,T,6884.5,1,,,
2026-04-13 13:07:20.150,T,6884.75,1,,,
2026-04-13 13:07:20.150,T,6884.75,1,,,
2026-04-13 13:07:20.150,T,6884.75,1,,,
2026-04-13 13:07:20.150,T,6884.75,1,,,
2026-04-13 13:07:20.150,T,6884.75,1,,,
2026-04-13 13:07:20.150,T,6884.75,1,,,
2026-04-13 13:07:20.150,T,6885.0,1,,,
2026-04-13 13:07:20.150,T,6885.0,1,,,
2026-04-13 13:07:20.150,T,6885.0,1,,,
2026-04-13 13:07:20.150,T,6885.0,1,,,
2026-04-13 13:07:20.150,T,6885.0,1,,,
2026-04-13 13:07:20.150,T,6885.0,1,,,
2026-04-13 13:07:20.150,T,6885.0,1,,,
2026-04-13 13:07:20.150,T,6885.0,1,,,
2026-04-13 13:07:20.150,T,6885.0,1,,,
2026-04-13 13:07:20.150,T,6885.0,1,,,
2026-04-13 13:07:20.150,T,6885.0,1,,,
2026-04-13 13:07:20.150,T,6885.0,1,,,
2026-04-13 13:07:20.150,T,6885.0,1,,,
2026-04-13 13:07:20.150,T,6885.0,1,,,
2026-04-13 13:07:20.150,T,6885.0,1,,,
2026-04-13 13:07:20.150,T,6885.0,2,,,
2026-04-13 13:07:20.150,T,6885.0,1,,,
2026-04-13 13:07:20.150,T,6885.0,2,,,
2026-04-13 13:07:20.150,T,6885.0,1,,,
2026-04-13 13:07:20.150,T,6885.0,1,,,
2026-04-13 13:07:20.150,T,6885.0,1,,,
2026-04-13 13:07:20.150,T,6885.0,1,,,
2026-04-13 13:07:20.150,T,6885.0,1,,,
2026-04-13 13:07:20.150,T,6885.0,1,,,
2026-04-13 13:07:20.153,Q,,,,6884.75,6885.0
2026-04-13 13:07:20.192,Q,,,,6884.5,6884.75
2026-04-13 13:07:20.192,T,6884.75,1,,,
2026-04-13 13:07:20.192,T,6884.75,1,,,
2026-04-13 13:07:20.192,T,6884.75,1,,,
2026-04-13 13:07:20.192,T,6884.75,3,,,
2026-04-13 13:07:20.192,T,6884.75,1,,,
2026-04-13 13:07:20.192,T,6884.75,1,,,
2026-04-13 13:07:20.192,T,6884.75,2,,,
2026-04-13 13:07:20.192,T,6884.75,1,,,
2026-04-13 13:07:20.192,T,6884.75,1,,,
2026-04-13 13:07:20.192,T,6884.75,1,,,
2026-04-13 13:07:20.192,T,6884.75,1,,,
2026-04-13 13:07:20.192,T,6884.75,1,,,
2026-04-13 13:07:20.192,T,6884.75,1,,,
2026-04-13 13:07:20.192,T,6884.75,1,,,
2026-04-13 13:07:20.192,T,6884.75,1,,,
2026-04-13 13:07:20.192,T,6884.75,1,,,
2026-04-13 13:07:20.192,T,6884.75,1,,,
2026-04-13 13:07:20.192,T,6884.5,1,,,
2026-04-13 13:07:20.243,Q,,,,6884.75,6885.0
2026-04-13 13:07:20.244,T,6884.75,1,,,
2026-04-13 13:07:20.244,T,6884.75,1,,,
2026-04-13 13:07:20.244,T,6884.75,3,,,
2026-04-13 13:07:20.244,T,6884.75,1,,,
2026-04-13 13:07:20.244,T,6884.75,1,,,
2026-04-13 13:07:20.244,T,6884.75,1,,,
2026-04-13 13:07:20.244,T,6884.75,1,,,
2026-04-13 13:07:20.244,T,6884.75,1,,,
2026-04-13 13:07:20.541,T,6885.0,2,,,
2026-04-13 13:07:20.541,T,6885.0,1,,,
2026-04-13 13:07:20.641,T,6884.75,1,,,
2026-04-13 13:07:20.641,T,6884.75,1,,,
2026-04-13 13:07:21.643,T,6884.75,1,,,
2026-04-13 13:07:22.394,T,6885.0,1,,,
2026-04-13 13:07:22.597,T,6885.0,1,,,
2026-04-13 13:07:22.597,T,6885.0,1,,,
2026-04-13 13:07:22.597,T,6885.0,1,,,
2026-04-13 13:07:22.597,T,6885.0,1,,,
2026-04-13 13:07:22.597,T,6885.0,1,,,
2026-04-13 13:07:22.597,T,6885.0,1,,,
2026-04-13 13:07:22.597,T,6885.0,1,,,
2026-04-13 13:07:22.597,T,6885.0,1,,,
2026-04-13 13:07:22.597,T,6885.0,1,,,
2026-04-13 13:07:22.597,T,6885.0,1,,,
2026-04-13 13:07:22.597,T,6885.0,2,,,
2026-04-13 13:07:22.597,T,6885.0,1,,,
2026-04-13 13:07:22.599,Q,,,,6885.0,6885.25
2026-04-13 13:07:22.643,Q,,,,6884.75,6885.0
2026-04-13 13:07:22.643,T,6885.0,4,,,
2026-04-13 13:07:22.643,T,6885.0,1,,,
2026-04-13 13:07:22.643,T,6885.0,1,,,
2026-04-13 13:07:22.643,T,6885.0,1,,,
2026-04-13 13:07:22.643,T,6885.0,1,,,
2026-04-13 13:07:22.643,T,6885.0,1,,,
2026-04-13 13:07:22.643,T,6885.0,1,,,
2026-04-13 13:07:22.643,T,6885.0,1,,,
2026-04-13 13:07:22.643,T,6885.0,1,,,
2026-04-13 13:07:22.746,Q,,,,6885.0,6885.25
2026-04-13 13:07:22.746,T,6885.0,4,,,
2026-04-13 13:07:22.746,T,6885.0,1,,,
2026-04-13 13:07:22.746,T,6885.0,1,,,
2026-04-13 13:07:22.746,T,6885.0,1,,,
2026-04-13 13:07:22.746,T,6885.0,1,,,
2026-04-13 13:07:22.946,T,6885.0,1,,,
2026-04-13 13:07:22.946,T,6885.0,1,,,
2026-04-13 13:07:22.946,T,6885.0,1,,,
2026-04-13 13:07:22.946,T,6885.0,1,,,
2026-04-13 13:07:23.194,T,6885.0,1,,,
2026-04-13 13:07:23.195,Q,,,,6884.75,6885.0
2026-04-13 13:07:23.243,T,6884.75,1,,,
2026-04-13 13:07:25.093,T,6884.75,2,,,
2026-04-13 13:07:25.093,T,6884.75,1,,,
2026-04-13 13:07:25.093,T,6884.75,2,,,
2026-04-13 13:07:25.093,T,6884.75,1,,,
2026-04-13 13:07:25.746,Q,,,,6884.5,6884.75
2026-04-13 13:07:25.746,T,6884.75,1,,,
2026-04-13 13:07:25.746,T,6884.75,1,,,
2026-04-13 13:07:25.746,T,6884.75,1,,,
2026-04-13 13:07:25.746,T,6884.75,1,,,
2026-04-13 13:07:25.746,T,6884.75,3,,,
2026-04-13 13:07:25.746,T,6884.75,1,,,
2026-04-13 13:07:25.746,T,6884.75,8,,,
2026-04-13 13:07:25.746,T,6884.75,1,,,
2026-04-13 13:07:25.746,T,6884.75,1,,,
2026-04-13 13:07:25.746,T,6884.75,2,,,
2026-04-13 13:07:25.746,T,6884.75,1,,,
2026-04-13 13:07:25.746,T,6884.75,9,,,
2026-04-13 13:07:25.746,T,6884.75,1,,,
2026-04-13 13:07:25.746,T,6884.75,1,,,
2026-04-13 13:07:25.746,T,6884.75,1,,,
2026-04-13 13:07:25.746,T,6884.75,1,,,
2026-04-13 13:07:25.746,T,6884.75,1,,,
2026-04-13 13:07:25.746,T,6884.5,4,,,
2026-04-13 13:07:25.746,T,6884.5,1,,,
2026-04-13 13:07:25.746,T,6884.5,1,,,
2026-04-13 13:07:25.746,T,6884.5,2,,,
2026-04-13 13:07:25.746,T,6884.5,1,,,
2026-04-13 13:07:25.746,T,6884.5,2,,,
2026-04-13 13:07:25.746,T,6884.5,1,,,
2026-04-13 13:07:25.746,T,6884.5,1,,,
2026-04-13 13:07:25.746,T,6884.5,1,,,
2026-04-13 13:07:25.746,T,6884.5,1,,,
2026-04-13 13:07:25.746,T,6884.5,1,,,
2026-04-13 13:07:25.746,T,6884.5,2,,,
2026-04-13 13:07:25.746,T,6884.5,4,,,
2026-04-13 13:07:25.746,T,6884.5,1,,,
2026-04-13 13:07:25.746,T,6884.5,1,,,
2026-04-13 13:07:25.746,T,6884.5,1,,,
2026-04-13 13:07:25.746,T,6884.5,1,,,
2026-04-13 13:07:25.746,T,6884.5,3,,,
2026-04-13 13:07:25.746,T,6884.5,1,,,
2026-04-13 13:07:25.746,T,6884.5,1,,,
2026-04-13 13:07:25.746,T,6884.5,1,,,
2026-04-13 13:07:25.746,T,6884.5,1,,,
2026-04-13 13:07:25.746,T,6884.5,1,,,
2026-04-13 13:07:25.746,T,6884.5,1,,,
2026-04-13 13:07:25.746,T,6884.5,1,,,
2026-04-13 13:07:25.746,T,6884.5,1,,,
2026-04-13 13:07:25.746,T,6884.5,3,,,
2026-04-13 13:07:25.746,T,6884.5,1,,,
2026-04-13 13:07:25.746,T,6884.5,1,,,
2026-04-13 13:07:25.746,T,6884.5,1,,,
2026-04-13 13:07:25.746,T,6884.5,1,,,
2026-04-13 13:07:25.746,T,6884.5,1,,,
2026-04-13 13:07:25.746,T,6884.5,1,,,
2026-04-13 13:07:25.746,T,6884.5,1,,,
2026-04-13 13:07:25.746,T,6884.5,1,,,
2026-04-13 13:07:25.746,T,6884.5,5,,,
2026-04-13 13:07:25.746,T,6884.5,1,,,
2026-04-13 13:07:25.746,T,6884.5,1,,,
2026-04-13 13:07:25.746,T,6884.5,2,,,
2026-04-13 13:07:25.746,T,6884.5,1,,,
2026-04-13 13:07:25.746,T,6884.5,2,,,
2026-04-13 13:07:25.746,T,6884.5,1,,,
2026-04-13 13:07:25.746,T,6884.5,1,,,
2026-04-13 13:07:25.746,T,6884.75,1,,,
2026-04-13 13:07:25.746,T,6884.5,1,,,
2026-04-13 13:07:25.746,T,6884.5,1,,,
2026-04-13 13:07:25.746,T,6884.5,2,,,
2026-04-13 13:07:25.746,T,6884.5,1,,,
2026-04-13 13:07:25.746,T,6884.5,1,,,
2026-04-13 13:07:25.746,T,6884.5,1,,,
2026-04-13 13:07:25.746,T,6884.5,1,,,
2026-04-13 13:07:25.746,T,6884.5,1,,,
2026-04-13 13:07:25.746,T,6884.5,1,,,
2026-04-13 13:07:25.746,T,6884.5,1,,,
2026-04-13 13:07:25.746,T,6884.5,1,,,
2026-04-13 13:07:25.746,T,6884.5,1,,,
2026-04-13 13:07:25.845,T,6884.5,1,,,
2026-04-13 13:07:25.845,T,6884.5,1,,,
2026-04-13 13:07:25.845,T,6884.5,1,,,
2026-04-13 13:07:25.845,T,6884.5,1,,,
2026-04-13 13:07:25.845,T,6884.5,1,,,
2026-04-13 13:07:25.845,T,6884.5,1,,,
2026-04-13 13:07:25.845,T,6884.5,1,,,
2026-04-13 13:07:26.097,T,6884.5,1,,,
2026-04-13 13:07:26.097,T,6884.5,1,,,
2026-04-13 13:07:26.097,T,6884.5,1,,,
2026-04-13 13:07:26.097,T,6884.5,1,,,
2026-04-13 13:07:26.098,Q,,,,6884.25,6884.5
2026-04-13 13:07:26.892,Q,,,,6884.5,6884.75
2026-04-13 13:07:26.892,T,6884.5,1,,,
2026-04-13 13:07:26.892,T,6884.5,1,,,
2026-04-13 13:07:26.892,T,6884.5,1,,,
2026-04-13 13:07:26.892,T,6884.5,1,,,
2026-04-13 13:07:26.892,T,6884.5,1,,,
2026-04-13 13:07:26.892,T,6884.5,1,,,
2026-04-13 13:07:26.892,T,6884.5,1,,,
2026-04-13 13:07:27.295,T,6884.5,2,,,
2026-04-13 13:07:27.295,T,6884.5,1,,,
2026-04-13 13:07:27.295,T,6884.5,1,,,
2026-04-13 13:07:27.295,T,6884.5,1,,,
2026-04-13 13:07:27.295,T,6884.5,1,,,
2026-04-13 13:07:27.295,T,6884.5,1,,,
2026-04-13 13:07:27.295,T,6884.5,1,,,
2026-04-13 13:07:27.295,T,6884.5,1,,,
2026-04-13 13:07:27.295,T,6884.5,1,,,
2026-04-13 13:07:27.295,T,6884.5,4,,,
2026-04-13 13:07:27.295,T,6884.5,1,,,
2026-04-13 13:07:27.295,T,6884.5,1,,,
2026-04-13 13:07:27.295,T,6884.5,2,,,
2026-04-13 13:07:27.295,T,6884.5,1,,,
2026-04-13 13:07:27.295,T,6884.5,2,,,
2026-04-13 13:07:27.295,T,6884.5,1,,,
2026-04-13 13:07:27.295,T,6884.25,3,,,
2026-04-13 13:07:27.295,T,6884.25,1,,,
2026-04-13 13:07:27.295,T,6884.25,1,,,
2026-04-13 13:07:27.295,T,6884.25,1,,,
2026-04-13 13:07:27.295,T,6884.25,1,,,
2026-04-13 13:07:27.295,T,6884.25,1,,,
2026-04-13 13:07:27.295,T,6884.5,1,,,
2026-04-13 13:07:27.295,T,6884.5,1,,,
2026-04-13 13:07:27.295,T,6884.5,1,,,
2026-04-13 13:07:27.295,T,6884.5,1,,,
2026-04-13 13:07:27.295,T,6884.5,4,,,
2026-04-13 13:07:28.246,T,6884.75,1,,,
2026-04-13 13:07:28.246,T,6884.75,1,,,
2026-04-13 13:07:28.246,T,6884.75,1,,,
2026-04-13 13:07:28.246,T,6884.75,1,,,
2026-04-13 13:07:28.246,T,6884.75,1,,,
2026-04-13 13:07:28.246,T,6884.75,1,,,
2026-04-13 13:07:28.246,T,6884.75,1,,,
2026-04-13 13:07:28.246,T,6884.75,1,,,
2026-04-13 13:07:28.246,T,6884.5,1,,,
2026-04-13 13:07:28.246,T,6884.75,1,,,
2026-04-13 13:07:28.246,T,6884.75,1,,,
2026-04-13 13:07:28.246,T,6884.75,1,,,
2026-04-13 13:07:28.248,Q,,,,6884.75,6885.0
2026-04-13 13:07:28.293,T,6884.75,1,,,
2026-04-13 13:07:28.644,T,6884.75,1,,,
2026-04-13 13:07:28.644,T,6884.75,1,,,
2026-04-13 13:07:28.644,T,6884.75,4,,,
2026-04-13 13:07:28.644,T,6884.75,4,,,
2026-04-13 13:07:28.644,T,6884.75,3,,,
2026-04-13 13:07:28.644,T,6884.75,1,,,
2026-04-13 13:07:28.644,T,6884.75,1,,,
2026-04-13 13:07:28.644,T,6884.75,1,,,
2026-04-13 13:07:28.844,T,6885.0,1,,,
2026-04-13 13:07:28.844,T,6885.0,1,,,
2026-04-13 13:07:29.196,T,6884.75,1,,,
2026-04-13 13:07:29.493,T,6884.75,1,,,
2026-04-13 13:07:29.895,T,6885.0,1,,,
2026-04-13 13:07:30.113,T,6885.0,1,,,
2026-04-13 13:07:30.611,T,6884.75,1,,,
2026-04-13 13:07:30.611,T,6884.75,1,,,
2026-04-13 13:07:30.611,T,6884.75,1,,,
2026-04-13 13:07:30.611,T,6884.75,1,,,
2026-04-13 13:07:30.611,T,6884.75,1,,,
2026-04-13 13:07:30.611,T,6884.75,1,,,
2026-04-13 13:07:30.611,T,6884.75,1,,,
2026-04-13 13:07:30.611,T,6884.75,1,,,
2026-04-13 13:07:30.611,T,6884.75,1,,,
2026-04-13 13:07:30.611,T,6884.75,1,,,
2026-04-13 13:07:30.611,T,6884.75,1,,,
2026-04-13 13:07:30.611,T,6884.75,1,,,
2026-04-13 13:07:30.611,T,6884.75,1,,,
2026-04-13 13:07:30.611,T,6884.75,1,,,
2026-04-13 13:07:30.611,T,6884.75,2,,,
2026-04-13 13:07:30.611,T,6884.75,1,,,
2026-04-13 13:07:30.611,T,6884.75,2,,,
2026-04-13 13:07:30.611,T,6884.75,1,,,
2026-04-13 13:07:30.612,T,6884.75,1,,,
2026-04-13 13:07:30.612,T,6884.5,1,,,
2026-04-13 13:07:30.612,T,6884.75,1,,,
2026-04-13 13:07:30.612,T,6884.75,1,,,
2026-04-13 13:07:30.612,T,6884.75,1,,,
2026-04-13 13:07:30.612,T,6884.75,1,,,
2026-04-13 13:07:30.612,T,6884.75,3,,,
2026-04-13 13:07:30.612,T,6884.75,1,,,
2026-04-13 13:07:30.612,T,6884.75,1,,,
2026-04-13 13:07:30.612,T,6884.75,1,,,
2026-04-13 13:07:30.613,Q,,,,6884.5,6884.75
2026-04-13 13:07:30.895,T,6884.75,1,,,
2026-04-13 13:07:30.895,T,6884.75,1,,,
2026-04-13 13:07:30.895,T,6884.75,1,,,
2026-04-13 13:07:30.895,T,6884.75,2,,,
2026-04-13 13:07:30.895,T,6884.75,1,,,
2026-04-13 13:07:30.895,T,6884.75,1,,,
2026-04-13 13:07:30.895,T,6884.75,1,,,
2026-04-13 13:07:30.895,T,6884.75,1,,,
2026-04-13 13:07:30.895,T,6884.75,1,,,
2026-04-13 13:07:30.895,T,6884.75,1,,,
2026-04-13 13:07:30.895,T,6884.75,1,,,
2026-04-13 13:07:30.895,T,6884.75,1,,,
2026-04-13 13:07:30.895,T,6884.75,1,,,
2026-04-13 13:07:30.895,T,6884.75,1,,,
2026-04-13 13:07:30.895,T,6884.75,1,,,
2026-04-13 13:07:30.895,T,6884.75,1,,,
2026-04-13 13:07:30.895,T,6884.75,1,,,
2026-04-13 13:07:30.895,T,6884.75,1,,,
2026-04-13 13:07:30.895,T,6884.75,1,,,
2026-04-13 13:07:30.895,T,6884.75,1,,,
2026-04-13 13:07:31.236,T,6884.75,1,,,
2026-04-13 13:07:31.236,T,6884.75,1,,,
2026-04-13 13:07:31.236,T,6884.75,1,,,
2026-04-13 13:07:31.236,T,6884.75,2,,,
2026-04-13 13:07:31.236,T,6884.75,1,,,
2026-04-13 13:07:31.236,T,6884.75,1,,,
2026-04-13 13:07:31.236,T,6884.75,1,,,
2026-04-13 13:07:31.236,T,6884.75,1,,,
2026-04-13 13:07:31.238,Q,,,,6884.75,6885.0
2026-04-13 13:07:31.248,T,6884.75,1,,,
2026-04-13 13:07:31.248,T,6884.75,1,,,
2026-04-13 13:07:31.248,T,6884.75,1,,,
2026-04-13 13:07:31.249,Q,,,,6884.5,6885.0
2026-04-13 13:07:31.413,Q,,,,6884.5,6884.75
2026-04-13 13:07:31.414,T,6884.75,1,,,
2026-04-13 13:07:31.414,T,6884.75,1,,,
2026-04-13 13:07:31.442,Q,,,,6884.75,6885.0
2026-04-13 13:07:31.589,T,6884.75,1,,,
2026-04-13 13:07:33.491,T,6884.75,1,,,
2026-04-13 13:07:34.000,T,6885.0,1,,,
2026-04-13 13:07:34.000,T,6885.0,1,,,
2026-04-13 13:07:34.000,T,6885.0,1,,,
2026-04-13 13:07:34.000,T,6885.0,1,,,
2026-04-13 13:07:34.000,T,6885.0,1,,,
2026-04-13 13:07:34.000,T,6885.0,1,,,
2026-04-13 13:07:34.000,T,6885.0,2,,,
2026-04-13 13:07:34.000,T,6885.0,1,,,
2026-04-13 13:07:34.000,T,6885.0,1,,,
2026-04-13 13:07:34.000,T,6885.0,1,,,
2026-04-13 13:07:34.000,T,6885.0,1,,,
2026-04-13 13:07:34.000,T,6885.0,1,,,
2026-04-13 13:07:34.000,T,6885.0,1,,,
2026-04-13 13:07:34.000,T,6885.0,2,,,
2026-04-13 13:07:34.100,T,6885.0,1,,,
2026-04-13 13:07:34.100,T,6885.0,4,,,
2026-04-13 13:07:34.100,T,6885.0,1,,,
2026-04-13 13:07:34.100,T,6885.0,1,,,
2026-04-13 13:07:34.100,T,6885.0,1,,,
2026-04-13 13:07:34.100,T,6885.0,1,,,
2026-04-13 13:07:34.100,T,6885.0,1,,,
2026-04-13 13:07:34.101,Q,,,,6885.0,6885.25
2026-04-13 13:07:34.306,T,6885.0,1,,,
2026-04-13 13:07:34.306,T,6885.0,1,,,
2026-04-13 13:07:34.306,T,6885.0,1,,,
2026-04-13 13:07:34.658,T,6885.0,1,,,
2026-04-13 13:07:34.658,T,6885.0,1,,,
2026-04-13 13:07:34.658,T,6885.0,1,,,
2026-04-13 13:07:34.658,T,6885.0,1,,,
2026-04-13 13:07:34.658,T,6885.0,1,,,
2026-04-13 13:07:34.658,T,6885.0,1,,,
2026-04-13 13:07:34.658,T,6885.0,2,,,
2026-04-13 13:07:34.658,T,6885.0,1,,,
2026-04-13 13:07:34.658,T,6885.0,1,,,
2026-04-13 13:07:34.658,T,6885.0,1,,,
2026-04-13 13:07:34.658,T,6885.0,1,,,
2026-04-13 13:07:34.658,T,6885.0,3,,,
2026-04-13 13:07:34.658,T,6885.0,2,,,
2026-04-13 13:07:34.658,T,6885.0,1,,,
2026-04-13 13:07:34.658,T,6885.0,1,,,
2026-04-13 13:07:34.658,T,6885.0,1,,,
2026-04-13 13:07:34.660,Q,,,,6884.75,6885.0
2026-04-13 13:07:34.795,T,6885.0,1,,,
2026-04-13 13:07:35.397,T,6884.75,1,,,
2026-04-13 13:07:35.397,T,6884.75,1,,,
2026-04-13 13:07:35.397,T,6884.75,1,,,
2026-04-13 13:07:35.397,T,6884.75,1,,,
2026-04-13 13:07:35.397,T,6884.75,1,,,
2026-04-13 13:07:35.397,T,6884.75,1,,,
2026-04-13 13:07:35.397,T,6884.75,1,,,
2026-04-13 13:07:35.397,T,6884.75,1,,,
2026-04-13 13:07:35.397,T,6884.75,1,,,
2026-04-13 13:07:35.397,T,6884.75,1,,,
2026-04-13 13:07:35.397,T,6884.75,4,,,
2026-04-13 13:07:35.397,T,6884.75,1,,,
2026-04-13 13:07:35.397,T,6884.75,1,,,
2026-04-13 13:07:35.397,T,6884.75,1,,,
2026-04-13 13:07:35.397,T,6884.75,1,,,
2026-04-13 13:07:35.397,T,6884.75,1,,,
2026-04-13 13:07:35.397,T,6884.75,1,,,
2026-04-13 13:07:35.397,T,6884.75,1,,,
2026-04-13 13:07:35.397,T,6884.75,1,,,
2026-04-13 13:07:35.397,T,6884.75,1,,,
2026-04-13 13:07:35.397,T,6884.75,1,,,
2026-04-13 13:07:35.397,T,6884.75,1,,,
2026-04-13 13:07:35.397,T,6884.75,1,,,
2026-04-13 13:07:36.449,T,6884.75,1,,,
2026-04-13 13:07:36.873,Q,,,,6884.5,6884.75
2026-04-13 13:07:36.874,T,6884.75,3,,,
2026-04-13 13:07:36.874,T,6884.75,1,,,
2026-04-13 13:07:36.874,T,6884.75,1,,,
2026-04-13 13:07:36.874,T,6884.75,1,,,
2026-04-13 13:07:36.874,T,6884.75,1,,,
2026-04-13 13:07:36.874,T,6884.75,1,,,
2026-04-13 13:07:36.874,T,6884.75,1,,,
2026-04-13 13:07:36.874,T,6884.75,1,,,
2026-04-13 13:07:36.874,T,6884.75,1,,,
2026-04-13 13:07:36.874,T,6884.75,1,,,
2026-04-13 13:07:36.874,T,6884.75,1,,,
2026-04-13 13:07:36.874,T,6884.75,1,,,
2026-04-13 13:07:36.874,T,6884.75,9,,,
2026-04-13 13:07:36.874,T,6884.75,2,,,
2026-04-13 13:07:36.874,T,6884.75,4,,,
2026-04-13 13:07:36.874,T,6884.75,4,,,
2026-04-13 13:07:36.874,T,6884.75,1,,,
2026-04-13 13:07:36.874,T,6884.75,2,,,
2026-04-13 13:07:36.874,T,6884.75,1,,,
2026-04-13 13:07:36.874,T,6884.75,1,,,
2026-04-13 13:07:36.874,T,6884.75,1,,,
2026-04-13 13:07:36.874,T,6884.75,1,,,
2026-04-13 13:07:36.874,T,6884.75,2,,,
2026-04-13 13:07:36.895,T,6884.75,1,,,
2026-04-13 13:07:36.895,T,6884.75,2,,,
2026-04-13 13:07:37.057,T,6884.75,1,,,
2026-04-13 13:07:37.057,T,6884.75,1,,,
2026-04-13 13:07:37.057,T,6884.75,1,,,
2026-04-13 13:07:37.057,T,6884.75,1,,,
2026-04-13 13:07:37.058,Q,,,,6884.75,6885.0
2026-04-13 13:07:37.058,Q,,,,6884.5,6884.75
2026-04-13 13:07:37.058,T,6884.75,1,,,
2026-04-13 13:07:37.784,T,6884.75,1,,,
2026-04-13 13:07:38.333,T,6884.5,1,,,
2026-04-13 13:07:39.147,T,6884.5,1,,,
2026-04-13 13:07:39.147,T,6884.5,1,,,
2026-04-13 13:07:39.147,T,6884.5,2,,,
2026-04-13 13:07:39.147,T,6884.5,1,,,
2026-04-13 13:07:39.147,T,6884.5,4,,,
2026-04-13 13:07:39.147,T,6884.5,1,,,
2026-04-13 13:07:39.147,T,6884.5,1,,,
2026-04-13 13:07:39.147,T,6884.5,1,,,
2026-04-13 13:07:39.147,T,6884.5,1,,,
2026-04-13 13:07:39.147,T,6884.5,2,,,
2026-04-13 13:07:39.147,T,6884.5,1,,,
2026-04-13 13:07:39.147,T,6884.5,1,,,
2026-04-13 13:07:39.147,T,6884.5,2,,,
2026-04-13 13:07:39.147,T,6884.5,1,,,
2026-04-13 13:07:39.147,T,6884.5,1,,,
2026-04-13 13:07:39.147,T,6884.5,1,,,
2026-04-13 13:07:39.845,T,6884.5,1,,,
2026-04-13 13:07:39.845,T,6884.5,1,,,
2026-04-13 13:07:39.845,T,6884.5,1,,,
2026-04-13 13:07:39.845,T,6884.5,1,,,
2026-04-13 13:07:39.845,T,6884.5,1,,,
2026-04-13 13:07:39.845,T,6884.5,1,,,
2026-04-13 13:07:39.845,T,6884.5,1,,,
2026-04-13 13:07:39.845,T,6884.5,1,,,
2026-04-13 13:07:39.845,T,6884.5,2,,,
2026-04-13 13:07:39.845,T,6884.5,1,,,
2026-04-13 13:07:39.845,T,6884.5,1,,,
2026-04-13 13:07:39.845,T,6884.5,1,,,
2026-04-13 13:07:39.845,T,6884.5,1,,,
2026-04-13 13:07:39.845,T,6884.5,1,,,
2026-04-13 13:07:39.845,T,6884.5,1,,,
2026-04-13 13:07:39.845,T,6884.5,2,,,
2026-04-13 13:07:39.845,T,6884.5,1,,,
2026-04-13 13:07:39.845,T,6884.5,1,,,
2026-04-13 13:07:39.845,T,6884.5,1,,,
2026-04-13 13:07:40.095,T,6884.5,1,,,
2026-04-13 13:07:40.095,T,6884.5,1,,,
2026-04-13 13:07:40.095,T,6884.5,1,,,
2026-04-13 13:07:40.095,T,6884.5,1,,,
2026-04-13 13:07:40.095,T,6884.5,1,,,
2026-04-13 13:07:40.095,T,6884.5,1,,,
2026-04-13 13:07:40.095,T,6884.5,1,,,
2026-04-13 13:07:40.095,T,6884.5,1,,,
2026-04-13 13:07:40.095,Q,,,,6884.25,6884.75
2026-04-13 13:07:40.193,Q,,,,6884.5,6884.75
2026-04-13 13:07:42.397,T,6884.75,1,,,
2026-04-13 13:07:42.397,T,6884.75,2,,,
2026-04-13 13:07:42.397,T,6884.75,1,,,
2026-04-13 13:07:42.397,T,6884.75,1,,,
2026-04-13 13:07:42.397,T,6884.75,1,,,
2026-04-13 13:07:42.543,T,6884.75,1,,,
2026-04-13 13:07:42.543,T,6884.75,1,,,
2026-04-13 13:07:42.543,T,6884.75,5,,,
2026-04-13 13:07:42.543,T,6884.75,1,,,
2026-04-13 13:07:42.543,T,6884.75,2,,,
2026-04-13 13:07:42.543,T,6884.75,1,,,
2026-04-13 13:07:42.543,T,6884.75,1,,,
2026-04-13 13:07:42.543,T,6884.75,1,,,
2026-04-13 13:07:42.543,T,6884.75,1,,,
2026-04-13 13:07:42.543,T,6884.75,1,,,
2026-04-13 13:07:42.543,T,6884.75,1,,,
2026-04-13 13:07:42.543,T,6884.75,1,,,
2026-04-13 13:07:42.543,T,6884.75,2,,,
2026-04-13 13:07:42.543,T,6884.75,1,,,
2026-04-13 13:07:42.543,T,6884.75,1,,,
2026-04-13 13:07:42.543,T,6885.0,1,,,
2026-04-13 13:07:42.543,T,6884.75,1,,,
2026-04-13 13:07:42.543,T,6884.75,1,,,
2026-04-13 13:07:42.545,Q,,,,6884.75,6885.0
2026-04-13 13:07:42.692,T,6884.75,1,,,
2026-04-13 13:07:43.143,T,6885.0,1,,,
2026-04-13 13:07:43.143,T,6885.0,1,,,
2026-04-13 13:07:43.143,T,6885.0,1,,,
2026-04-13 13:07:43.143,T,6885.0,1,,,
2026-04-13 13:07:43.143,T,6885.0,1,,,
2026-04-13 13:07:43.143,T,6885.0,1,,,
2026-04-13 13:07:43.143,T,6885.0,1,,,
2026-04-13 13:07:43.143,T,6885.0,1,,,
2026-04-13 13:07:43.946,T,6885.0,1,,,
2026-04-13 13:07:43.946,T,6885.0,1,,,
2026-04-13 13:07:43.946,T,6885.0,1,,,
2026-04-13 13:07:43.946,T,6885.0,1,,,
2026-04-13 13:07:43.946,T,6885.0,1,,,
2026-04-13 13:07:43.946,T,6885.0,1,,,
2026-04-13 13:07:43.946,T,6885.0,1,,,
2026-04-13 13:07:43.946,T,6885.0,1,,,
2026-04-13 13:07:43.946,T,6885.0,1,,,
2026-04-13 13:07:43.946,T,6885.0,1,,,
2026-04-13 13:07:43.946,T,6885.0,1,,,
2026-04-13 13:07:43.946,T,6885.0,1,,,
2026-04-13 13:07:43.946,T,6885.0,1,,,
2026-04-13 13:07:43.946,T,6885.0,1,,,
2026-04-13 13:07:43.946,T,6885.0,1,,,
2026-04-13 13:07:43.946,T,6885.0,1,,,
2026-04-13 13:07:43.946,T,6885.0,1,,,
2026-04-13 13:07:43.946,T,6885.0,1,,,
2026-04-13 13:07:43.946,T,6885.0,1,,,
2026-04-13 13:07:43.946,T,6885.0,3,,,
2026-04-13 13:07:44.243,T,6884.75,1,,,
2026-04-13 13:07:45.096,T,6885.0,1,,,
2026-04-13 13:07:45.394,T,6884.75,1,,,
2026-04-13 13:07:45.447,T,6884.75,1,,,
2026-04-13 13:07:45.447,T,6884.75,1,,,
2026-04-13 13:07:45.447,T,6884.75,2,,,
2026-04-13 13:07:45.447,T,6884.75,1,,,
2026-04-13 13:07:45.447,T,6884.75,1,,,
2026-04-13 13:07:45.447,T,6884.75,1,,,
2026-04-13 13:07:45.447,T,6884.75,1,,,
2026-04-13 13:07:45.447,T,6884.75,1,,,
2026-04-13 13:07:45.447,T,6884.75,1,,,
2026-04-13 13:07:45.447,T,6884.75,1,,,
2026-04-13 13:07:45.447,T,6884.75,1,,,
2026-04-13 13:07:45.447,T,6884.5,2,,,
2026-04-13 13:07:45.447,T,6884.5,1,,,
2026-04-13 13:07:45.447,T,6884.75,1,,,
2026-04-13 13:07:45.447,T,6884.75,1,,,
2026-04-13 13:07:45.447,T,6884.75,1,,,
2026-04-13 13:07:45.447,T,6884.75,1,,,
2026-04-13 13:07:45.447,T,6884.75,1,,,
2026-04-13 13:07:45.447,T,6884.75,1,,,
2026-04-13 13:07:45.447,T,6884.75,1,,,
2026-04-13 13:07:45.447,T,6884.75,1,,,
2026-04-13 13:07:45.447,T,6884.75,1,,,
2026-04-13 13:07:45.543,T,6884.75,1,,,
2026-04-13 13:07:46.546,T,6884.75,1,,,
2026-04-13 13:07:46.546,T,6884.75,1,,,
2026-04-13 13:07:46.546,T,6884.75,1,,,
2026-04-13 13:07:46.546,T,6884.75,2,,,
2026-04-13 13:07:46.546,T,6884.75,1,,,
2026-04-13 13:07:46.546,T,6884.75,1,,,
2026-04-13 13:07:46.548,Q,,,,6884.5,6884.75
2026-04-13 13:07:46.613,T,6884.75,2,,,
2026-04-13 13:07:46.613,T,6884.75,1,,,
2026-04-13 13:07:46.615,Q,,,,6884.75,6885.0
2026-04-13 13:07:47.096,T,6884.75,1,,,
2026-04-13 13:07:47.096,T,6884.75,1,,,
2026-04-13 13:07:47.096,T,6884.75,1,,,
2026-04-13 13:07:47.393,T,6884.75,1,,,
2026-04-13 13:07:47.393,T,6884.75,1,,,
2026-04-13 13:07:47.393,T,6884.75,1,,,
2026-04-13 13:07:47.393,T,6884.75,1,,,
2026-04-13 13:07:47.393,T,6884.75,4,,,
2026-04-13 13:07:47.393,T,6884.75,1,,,
2026-04-13 13:07:47.393,T,6884.75,1,,,
2026-04-13 13:07:47.393,T,6884.75,1,,,
2026-04-13 13:07:47.393,T,6884.75,1,,,
2026-04-13 13:07:47.393,T,6884.75,1,,,
2026-04-13 13:07:47.393,T,6884.75,1,,,
2026-04-13 13:07:47.393,T,6884.75,8,,,
2026-04-13 13:07:47.393,T,6884.5,1,,,
2026-04-13 13:07:47.394,Q,,,,6884.5,6884.75
2026-04-13 13:07:47.498,Q,,,,6884.25,6884.5
2026-04-13 13:07:47.555,T,6884.5,1,,,
2026-04-13 13:07:47.555,T,6884.5,1,,,
2026-04-13 13:07:47.555,T,6884.5,1,,,
2026-04-13 13:07:47.555,T,6884.5,1,,,
2026-04-13 13:07:47.555,T,6884.5,1,,,
2026-04-13 13:07:47.555,T,6884.5,1,,,
2026-04-13 13:07:47.555,T,6884.5,1,,,
2026-04-13 13:07:47.555,T,6884.5,1,,,
2026-04-13 13:07:47.555,T,6884.5,1,,,
2026-04-13 13:07:47.555,T,6884.5,1,,,
2026-04-13 13:07:47.555,T,6884.5,2,,,
2026-04-13 13:07:47.555,T,6884.5,1,,,
2026-04-13 13:07:47.555,T,6884.5,1,,,
2026-04-13 13:07:47.555,T,6884.25,3,,,
2026-04-13 13:07:47.555,T,6884.25,2,,,
2026-04-13 13:07:47.555,T,6884.25,4,,,
2026-04-13 13:07:47.555,T,6884.25,1,,,
2026-04-13 13:07:47.555,T,6884.25,2,,,
2026-04-13 13:07:47.555,T,6884.25,1,,,
2026-04-13 13:07:47.555,T,6884.25,1,,,
2026-04-13 13:07:47.555,T,6884.25,1,,,
2026-04-13 13:07:47.555,T,6884.25,1,,,
2026-04-13 13:07:47.555,T,6884.25,1,,,
2026-04-13 13:07:47.555,T,6884.25,1,,,
2026-04-13 13:07:47.555,T,6884.25,1,,,
2026-04-13 13:07:47.555,T,6884.25,1,,,
2026-04-13 13:07:47.555,T,6884.25,1,,,
2026-04-13 13:07:47.555,T,6884.25,1,,,
2026-04-13 13:07:47.555,T,6884.25,4,,,
2026-04-13 13:07:47.555,T,6884.25,1,,,
2026-04-13 13:07:47.555,T,6884.25,1,,,
2026-04-13 13:07:47.555,T,6884.25,1,,,
2026-04-13 13:07:47.555,T,6884.25,1,,,
2026-04-13 13:07:47.555,T,6884.25,3,,,
2026-04-13 13:07:47.555,T,6884.25,1,,,
2026-04-13 13:07:47.555,T,6884.25,4,,,
2026-04-13 13:07:47.555,T,6884.25,1,,,
2026-04-13 13:07:47.555,T,6884.25,5,,,
2026-04-13 13:07:47.555,T,6884.25,1,,,
2026-04-13 13:07:47.555,T,6884.25,1,,,
2026-04-13 13:07:47.555,T,6884.25,1,,,
2026-04-13 13:07:47.555,T,6884.25,1,,,
2026-04-13 13:07:47.555,T,6884.25,1,,,
2026-04-13 13:07:47.555,T,6884.25,1,,,
2026-04-13 13:07:47.555,T,6884.0,1,,,
2026-04-13 13:07:47.555,T,6884.25,1,,,
2026-04-13 13:07:47.555,T,6884.25,1,,,
2026-04-13 13:07:47.555,T,6884.25,1,,,
2026-04-13 13:07:47.555,T,6884.25,1,,,
2026-04-13 13:07:47.555,T,6884.25,1,,,
2026-04-13 13:07:47.555,T,6884.25,1,,,
2026-04-13 13:07:47.555,T,6884.25,1,,,
2026-04-13 13:07:47.555,T,6884.25,1,,,
2026-04-13 13:07:47.555,T,6884.25,1,,,
2026-04-13 13:07:47.555,T,6884.25,1,,,
2026-04-13 13:07:47.555,T,6884.25,1,,,
2026-04-13 13:07:47.555,T,6884.25,1,,,
2026-04-13 13:07:47.555,T,6884.25,1,,,
2026-04-13 13:07:47.555,T,6884.25,4,,,
2026-04-13 13:07:47.555,T,6884.25,1,,,
2026-04-13 13:07:47.555,T,6884.25,3,,,
2026-04-13 13:07:47.555,T,6884.25,1,,,
2026-04-13 13:07:47.555,T,6884.25,1,,,
2026-04-13 13:07:47.555,T,6884.25,1,,,
2026-04-13 13:07:47.555,T,6884.25,1,,,
2026-04-13 13:07:47.555,T,6884.25,1,,,
2026-04-13 13:07:47.555,T,6884.25,1,,,
2026-04-13 13:07:47.555,T,6884.25,1,,,
2026-04-13 13:07:47.745,T,6884.5,1,,,
2026-04-13 13:07:47.745,T,6884.5,1,,,
2026-04-13 13:07:49.443,T,6884.25,1,,,
2026-04-13 13:07:49.727,Q,,,,6884.0,6884.5
2026-04-13 13:07:49.727,T,6884.25,1,,,
2026-04-13 13:07:49.727,T,6884.25,1,,,
2026-04-13 13:07:49.727,T,6884.25,1,,,
2026-04-13 13:07:49.727,T,6884.25,1,,,
2026-04-13 13:07:49.727,T,6884.25,1,,,
2026-04-13 13:07:49.727,T,6884.25,1,,,
2026-04-13 13:07:49.727,T,6884.25,1,,,
2026-04-13 13:07:49.727,T,6884.25,1,,,
2026-04-13 13:07:49.727,T,6884.25,1,,,
2026-04-13 13:07:49.727,T,6884.25,1,,,
2026-04-13 13:07:49.727,T,6884.25,1,,,
2026-04-13 13:07:49.727,T,6884.25,1,,,
2026-04-13 13:07:49.727,T,6884.25,2,,,
2026-04-13 13:07:49.727,T,6884.25,1,,,
2026-04-13 13:07:49.727,T,6884.25,1,,,
2026-04-13 13:07:49.844,Q,,,,6884.25,6884.5
2026-04-13 13:07:50.097,T,6884.25,1,,,
2026-04-13 13:07:50.097,T,6884.25,1,,,
2026-04-13 13:07:50.097,T,6884.25,1,,,
2026-04-13 13:07:50.097,T,6884.25,1,,,
2026-04-13 13:07:50.097,T,6884.0,1,,,
2026-04-13 13:07:50.097,T,6884.0,4,,,
2026-04-13 13:07:50.097,T,6884.0,1,,,
2026-04-13 13:07:50.097,T,6884.25,1,,,
2026-04-13 13:07:50.097,T,6884.25,4,,,
2026-04-13 13:07:50.097,T,6884.25,1,,,
2026-04-13 13:07:50.194,T,6884.25,1,,,
2026-04-13 13:07:50.194,T,6884.25,1,,,
2026-04-13 13:07:50.195,Q,,,,6884.0,6884.5
2026-04-13 13:07:50.247,T,6884.0,1,,,
2026-04-13 13:07:50.248,Q,,,,6884.0,6884.25
2026-04-13 13:07:50.395,T,6884.25,2,,,
2026-04-13 13:07:50.395,T,6884.25,1,,,
2026-04-13 13:07:50.395,T,6884.25,1,,,
2026-04-13 13:07:50.395,T,6884.25,1,,,
2026-04-13 13:07:50.395,T,6884.25,1,,,
2026-04-13 13:07:50.395,T,6884.25,1,,,
2026-04-13 13:07:50.396,Q,,,,6884.0,6884.5
2026-04-13 13:07:50.595,Q,,,,6884.0,6884.25
2026-04-13 13:07:51.144,T,6884.0,2,,,
2026-04-13 13:07:51.144,T,6884.0,1,,,
2026-04-13 13:07:51.144,T,6884.0,2,,,
2026-04-13 13:07:51.144,T,6884.0,1,,,
2026-04-13 13:07:51.144,T,6884.0,1,,,
2026-04-13 13:07:51.144,T,6884.0,1,,,
2026-04-13 13:07:51.144,T,6884.0,1,,,
2026-04-13 13:07:51.144,T,6884.0,1,,,
2026-04-13 13:07:51.394,T,6884.0,1,,,
2026-04-13 13:07:51.541,T,6884.25,2,,,
2026-04-13 13:07:51.541,T,6884.0,1,,,
2026-04-13 13:07:51.841,T,6884.25,2,,,
2026-04-13 13:07:52.658,T,6884.0,1,,,
2026-04-13 13:07:52.658,T,6884.0,1,,,
2026-04-13 13:07:52.658,T,6884.0,1,,,
2026-04-13 13:07:52.658,T,6884.0,1,,,
2026-04-13 13:07:52.658,T,6884.0,1,,,
2026-04-13 13:07:52.658,T,6884.0,1,,,
2026-04-13 13:07:52.658,T,6884.0,1,,,
2026-04-13 13:07:52.658,T,6884.0,1,,,
2026-04-13 13:07:52.658,T,6884.0,2,,,
2026-04-13 13:07:52.658,T,6884.0,1,,,
2026-04-13 13:07:52.658,T,6884.0,9,,,
2026-04-13 13:07:52.658,T,6884.0,1,,,
2026-04-13 13:07:52.658,T,6884.0,1,,,
2026-04-13 13:07:52.658,T,6884.0,1,,,
2026-04-13 13:07:52.658,T,6884.0,4,,,
2026-04-13 13:07:52.658,T,6884.0,1,,,
2026-04-13 13:07:52.658,T,6884.0,1,,,
2026-04-13 13:07:52.658,T,6884.0,1,,,
2026-04-13 13:07:52.658,T,6884.0,1,,,
2026-04-13 13:07:52.658,T,6884.0,1,,,
2026-04-13 13:07:52.658,T,6884.0,1,,,
2026-04-13 13:07:52.658,T,6884.0,1,,,
2026-04-13 13:07:53.167,Q,,,,6884.0,6884.5
2026-04-13 13:07:53.167,T,6884.25,1,,,
2026-04-13 13:07:53.167,T,6884.25,1,,,
2026-04-13 13:07:53.167,T,6884.25,1,,,
2026-04-13 13:07:53.167,T,6884.25,2,,,
2026-04-13 13:07:53.167,T,6884.25,1,,,
2026-04-13 13:07:53.167,T,6884.25,1,,,
2026-04-13 13:07:53.167,T,6884.25,1,,,
2026-04-13 13:07:53.167,T,6884.25,1,,,
2026-04-13 13:07:53.167,T,6884.25,1,,,
2026-04-13 13:07:53.167,T,6884.25,1,,,
2026-04-13 13:07:53.167,T,6884.25,1,,,
2026-04-13 13:07:53.167,T,6884.25,1,,,
2026-04-13 13:07:53.167,T,6884.25,1,,,
2026-04-13 13:07:53.167,T,6884.25,1,,,
2026-04-13 13:07:53.167,T,6884.25,1,,,
2026-04-13 13:07:53.167,T,6884.25,1,,,
2026-04-13 13:07:53.192,T,6884.25,3,,,
2026-04-13 13:07:53.192,T,6884.25,1,,,
2026-04-13 13:07:53.194,Q,,,,6884.0,6884.25
2026-04-13 13:07:53.243,T,6884.25,1,,,
2026-04-13 13:07:53.243,T,6884.25,1,,,
2026-04-13 13:07:53.243,T,6884.25,1,,,
2026-04-13 13:07:53.243,T,6884.25,1,,,
2026-04-13 13:07:53.243,T,6884.25,1,,,
2026-04-13 13:07:53.897,T,6884.0,4,,,
2026-04-13 13:07:53.897,T,6884.0,1,,,
2026-04-13 13:07:53.897,T,6884.0,1,,,
2026-04-13 13:07:53.897,T,6884.0,1,,,
2026-04-13 13:07:53.897,T,6884.0,1,,,
2026-04-13 13:07:53.897,T,6884.0,1,,,
2026-04-13 13:07:53.897,T,6884.0,1,,,
2026-04-13 13:07:53.897,T,6884.0,1,,,
2026-04-13 13:07:53.897,T,6884.0,1,,,
2026-04-13 13:07:53.897,T,6884.0,1,,,
2026-04-13 13:07:53.897,T,6884.0,1,,,
2026-04-13 13:07:53.897,T,6884.0,1,,,
2026-04-13 13:07:53.897,T,6884.0,10,,,
2026-04-13 13:07:53.897,T,6884.0,1,,,
2026-04-13 13:07:53.897,T,6884.0,1,,,
2026-04-13 13:07:53.897,T,6884.0,1,,,
2026-04-13 13:07:53.897,T,6884.0,1,,,
2026-04-13 13:07:53.900,Q,,,,6883.75,6884.0
2026-04-13 13:07:53.993,T,6884.0,1,,,
2026-04-13 13:07:55.095,T,6884.0,1,,,
2026-04-13 13:07:55.343,T,6884.0,1,,,
2026-04-13 13:34:42.075,Q,,,,6885.0,6885.25
2026-04-13 13:34:42.342,T,6885.25,1,,,
2026-04-13 13:34:42.342,T,6885.25,1,,,
2026-04-13 13:34:42.342,T,6885.25,1,,,
2026-04-13 13:34:42.563,Q,,,,6885.25,6885.5
2026-04-13 13:34:42.564,T,6885.25,1,,,
2026-04-13 13:34:42.564,T,6885.25,1,,,
2026-04-13 13:34:42.564,T,6885.25,1,,,
2026-04-13 13:34:43.692,T,6885.5,4,,,
2026-04-13 13:34:43.692,T,6885.5,1,,,
2026-04-13 13:34:43.692,T,6885.5,1,,,
2026-04-13 13:34:43.743,T,6885.5,1,,,
2026-04-13 13:34:43.743,T,6885.5,1,,,
2026-04-13 13:34:43.743,T,6885.5,1,,,
2026-04-13 13:34:43.743,T,6885.5,1,,,
2026-04-13 13:34:43.743,T,6885.5,1,,,
2026-04-13 13:34:43.743,T,6885.5,4,,,
2026-04-13 13:34:43.743,T,6885.5,1,,,
2026-04-13 13:34:43.743,T,6885.5,1,,,
2026-04-13 13:34:43.743,T,6885.5,1,,,
2026-04-13 13:34:43.743,T,6885.5,1,,,
2026-04-13 13:34:43.743,T,6885.5,1,,,
2026-04-13 13:34:43.743,T,6885.5,1,,,
2026-04-13 13:34:43.792,T,6885.5,1,,,
2026-04-13 13:34:43.792,T,6885.5,1,,,
2026-04-13 13:34:43.792,T,6885.5,1,,,
2026-04-13 13:34:44.093,Q,,,,6885.5,6885.75
2026-04-13 13:34:44.094,T,6885.5,1,,,
2026-04-13 13:34:44.094,T,6885.5,1,,,
2026-04-13 13:34:44.094,T,6885.5,1,,,
2026-04-13 13:34:44.094,T,6885.5,1,,,
2026-04-13 13:34:44.094,T,6885.5,1,,,
2026-04-13 13:34:44.094,T,6885.5,1,,,
2026-04-13 13:34:44.094,T,6885.5,1,,,
2026-04-13 13:34:44.094,T,6885.5,1,,,
2026-04-13 13:34:44.094,T,6885.5,1,,,
2026-04-13 13:34:44.094,T,6885.5,1,,,
2026-04-13 13:34:44.094,T,6885.5,1,,,
2026-04-13 13:34:44.094,T,6885.5,1,,,
2026-04-13 13:34:44.094,T,6885.5,2,,,
2026-04-13 13:34:44.094,T,6885.5,1,,,
2026-04-13 13:34:44.695,T,6885.5,1,,,
2026-04-13 13:34:44.695,T,6885.75,1,,,
2026-04-13 13:34:44.791,T,6885.5,3,,,
2026-04-13 13:34:44.791,T,6885.5,1,,,
2026-04-13 13:34:44.791,T,6885.5,1,,,
2026-04-13 13:34:44.791,T,6885.5,1,,,
2026-04-13 13:34:45.340,T,6885.5,1,,,
2026-04-13 13:34:45.340,T,6885.5,1,,,
2026-04-13 13:34:45.340,T,6885.5,1,,,
2026-04-13 13:34:45.340,T,6885.5,1,,,
2026-04-13 13:34:45.340,T,6885.5,1,,,
2026-04-13 13:34:45.340,T,6885.5,1,,,
2026-04-13 13:34:45.340,T,6885.5,2,,,
2026-04-13 13:34:45.340,T,6885.5,1,,,
2026-04-13 13:34:45.340,T,6885.5,1,,,
2026-04-13 13:34:45.340,T,6885.5,1,,,
2026-04-13 13:34:45.340,T,6885.5,3,,,
2026-04-13 13:34:45.640,T,6885.5,1,,,
2026-04-13 13:34:45.694,T,6885.75,1,,,
2026-04-13 13:34:45.694,T,6885.75,1,,,
2026-04-13 13:34:45.746,Q,,,,6885.75,6886.0
2026-04-13 13:34:45.746,T,6885.75,1,,,
2026-04-13 13:34:45.746,T,6885.75,1,,,
2026-04-13 13:34:45.746,T,6885.75,1,,,
2026-04-13 13:34:45.746,T,6885.75,1,,,
2026-04-13 13:34:45.746,T,6885.75,1,,,
2026-04-13 13:34:45.746,T,6885.75,1,,,
2026-04-13 13:34:45.746,T,6885.75,5,,,
2026-04-13 13:34:45.892,T,6886.0,1,,,
2026-04-13 13:34:45.892,T,6886.0,1,,,
2026-04-13 13:34:47.190,T,6886.0,1,,,
2026-04-13 13:34:47.190,T,6886.0,1,,,
2026-04-13 13:34:47.190,T,6886.0,1,,,
2026-04-13 13:34:47.190,T,6886.0,1,,,
2026-04-13 13:34:47.190,T,6886.0,2,,,
2026-04-13 13:34:47.190,T,6886.0,2,,,
2026-04-13 13:34:47.190,T,6886.0,2,,,
2026-04-13 13:34:48.241,Q,,,,6885.5,6885.75
2026-04-13 13:34:48.242,T,6885.75,1,,,
2026-04-13 13:34:48.242,T,6885.75,1,,,
2026-04-13 13:34:48.242,T,6885.75,1,,,
2026-04-13 13:34:48.242,T,6885.75,1,,,
2026-04-13 13:34:48.242,T,6885.75,1,,,
2026-04-13 13:34:48.242,T,6885.75,1,,,
2026-04-13 13:34:48.242,T,6885.75,1,,,
2026-04-13 13:34:48.242,T,6885.75,1,,,
2026-04-13 13:34:48.242,T,6885.75,1,,,
2026-04-13 13:34:48.242,T,6885.75,1,,,
2026-04-13 13:34:48.242,T,6885.75,1,,,
2026-04-13 13:34:48.242,T,6885.75,1,,,
2026-04-13 13:34:48.242,T,6885.75,1,,,
2026-04-13 13:34:48.242,T,6885.75,1,,,
2026-04-13 13:34:48.242,T,6885.75,1,,,
2026-04-13 13:34:48.242,T,6885.75,1,,,
2026-04-13 13:34:48.242,T,6885.75,1,,,
2026-04-13 13:34:51.738,T,6885.75,1,,,
2026-04-13 13:34:51.881,Q,,,,6885.25,6885.5
2026-04-13 13:34:51.893,T,6885.5,1,,,
2026-04-13 13:34:51.893,T,6885.5,1,,,
2026-04-13 13:34:51.893,T,6885.5,1,,,
2026-04-13 13:34:51.893,T,6885.5,1,,,
2026-04-13 13:34:51.893,T,6885.5,1,,,
2026-04-13 13:34:51.893,T,6885.5,2,,,
2026-04-13 13:34:51.893,T,6885.5,1,,,
2026-04-13 13:34:51.893,T,6885.5,1,,,
2026-04-13 13:34:51.893,T,6885.5,1,,,
2026-04-13 13:34:51.893,T,6885.25,1,,,
2026-04-13 13:34:51.893,T,6885.5,1,,,
2026-04-13 13:34:51.893,T,6885.5,3,,,
2026-04-13 13:34:51.893,T,6885.5,1,,,
2026-04-13 13:34:51.893,T,6885.5,2,,,
2026-04-13 13:34:51.893,T,6885.5,3,,,
2026-04-13 13:34:51.893,T,6885.5,1,,,
2026-04-13 13:34:51.893,T,6885.25,1,,,
2026-04-13 13:34:51.893,T,6885.5,1,,,
2026-04-13 13:34:51.893,T,6885.5,1,,,
2026-04-13 13:34:51.893,T,6885.5,1,,,
2026-04-13 13:34:51.893,T,6885.5,1,,,
2026-04-13 13:34:51.893,T,6885.5,1,,,
2026-04-13 13:34:51.893,T,6885.5,1,,,
2026-04-13 13:34:51.893,T,6885.5,1,,,
2026-04-13 13:34:51.893,T,6885.5,1,,,
2026-04-13 13:34:52.694,T,6885.5,3,,,
2026-04-13 13:34:52.694,T,6885.5,1,,,
2026-04-13 13:34:52.694,T,6885.5,1,,,
2026-04-13 13:34:52.694,T,6885.5,2,,,
2026-04-13 13:34:52.694,T,6885.5,1,,,
2026-04-13 13:34:52.694,T,6885.5,1,,,
2026-04-13 13:34:52.694,T,6885.5,1,,,
2026-04-13 13:34:52.938,T,6885.25,1,,,
2026-04-13 13:34:53.591,T,6885.25,1,,,
2026-04-13 13:34:54.065,T,6885.25,1,,,
2026-04-13 13:34:54.065,T,6885.25,1,,,
2026-04-13 13:34:54.065,T,6885.25,1,,,
2026-04-13 13:34:54.065,T,6885.25,1,,,
2026-04-13 13:34:54.065,T,6885.25,1,,,
2026-04-13 13:34:54.065,T,6885.25,1,,,
2026-04-13 13:34:54.065,T,6885.25,1,,,
2026-04-13 13:34:54.065,T,6885.25,1,,,
2026-04-13 13:34:54.065,T,6885.25,1,,,
2026-04-13 13:34:54.065,T,6885.25,1,,,
2026-04-13 13:34:54.065,T,6885.25,1,,,
2026-04-13 13:34:54.065,T,6885.25,2,,,
2026-04-13 13:34:54.065,T,6885.25,1,,,
2026-04-13 13:34:54.067,Q,,,,6885.0,6885.25
2026-04-13 13:34:54.980,T,6885.0,2,,,
2026-04-13 13:34:54.980,T,6885.0,1,,,
2026-04-13 13:34:54.980,T,6885.0,1,,,
2026-04-13 13:34:54.980,T,6885.0,1,,,
2026-04-13 13:34:55.505,T,6885.25,1,,,
2026-04-13 13:34:55.505,T,6885.25,3,,,
2026-04-13 13:34:55.505,T,6885.25,1,,,
2026-04-13 13:34:55.505,T,6885.25,1,,,
2026-04-13 13:34:55.505,T,6885.25,1,,,
2026-04-13 13:34:55.505,T,6885.25,1,,,
2026-04-13 13:34:55.505,T,6885.25,1,,,
2026-04-13 13:34:55.505,T,6885.25,1,,,
2026-04-13 13:34:55.505,T,6885.25,1,,,
2026-04-13 13:34:55.505,T,6885.25,2,,,
2026-04-13 13:34:55.505,T,6885.25,2,,,
2026-04-13 13:34:55.505,T,6885.25,1,,,
2026-04-13 13:34:55.505,T,6885.25,3,,,
2026-04-13 13:34:55.505,T,6885.25,1,,,
2026-04-13 13:34:55.505,T,6885.25,1,,,
2026-04-13 13:34:55.505,T,6885.25,1,,,
2026-04-13 13:34:55.505,T,6885.25,2,,,
2026-04-13 13:34:55.505,T,6885.25,2,,,
2026-04-13 13:34:55.505,T,6885.25,2,,,
2026-04-13 13:34:55.505,T,6885.25,1,,,
2026-04-13 13:34:55.505,T,6885.25,1,,,
2026-04-13 13:34:55.505,T,6885.25,1,,,
2026-04-13 13:34:55.505,T,6885.25,1,,,
2026-04-13 13:34:55.505,T,6885.25,1,,,
2026-04-13 13:34:55.505,T,6885.25,1,,,
2026-04-13 13:34:55.505,T,6885.25,1,,,
2026-04-13 13:34:55.505,T,6885.25,1,,,
2026-04-13 13:34:55.505,T,6885.25,1,,,
2026-04-13 13:34:55.505,T,6885.25,1,,,
2026-04-13 13:34:55.507,Q,,,,6885.25,6885.5
2026-04-13 13:34:55.541,Q,,,,6885.0,6885.25
2026-04-13 13:34:55.542,T,6885.25,1,,,
2026-04-13 13:34:55.542,T,6885.25,1,,,
2026-04-13 13:34:55.864,T,6885.25,2,,,
2026-04-13 13:34:55.864,T,6885.25,3,,,
2026-04-13 13:34:55.864,T,6885.25,1,,,
2026-04-13 13:34:55.864,T,6885.25,1,,,
2026-04-13 13:34:55.864,T,6885.25,1,,,
2026-04-13 13:34:55.864,T,6885.25,1,,,
2026-04-13 13:34:55.864,T,6885.25,1,,,
2026-04-13 13:34:55.864,T,6885.25,1,,,
2026-04-13 13:34:55.864,T,6885.25,1,,,
2026-04-13 13:34:55.864,T,6885.0,1,,,
2026-04-13 13:34:55.864,T,6885.25,2,,,
2026-04-13 13:34:55.864,T,6885.25,1,,,
2026-04-13 13:34:55.864,T,6885.25,1,,,
2026-04-13 13:34:55.864,T,6885.25,1,,,
2026-04-13 13:34:55.864,T,6885.25,1,,,
2026-04-13 13:34:55.864,T,6885.25,1,,,
2026-04-13 13:34:55.864,T,6885.25,1,,,
2026-04-13 13:34:56.041,T,6885.25,1,,,
2026-04-13 13:34:57.396,T,6885.0,1,,,
2026-04-13 13:34:57.511,T,6885.0,1,,,
2026-04-13 13:34:57.545,T,6885.25,1,,,
2026-04-13 13:34:57.545,T,6885.25,1,,,
2026-04-13 13:34:57.545,T,6885.25,1,,,
2026-04-13 13:34:57.545,T,6885.25,1,,,
2026-04-13 13:34:57.545,T,6885.25,1,,,
2026-04-13 13:34:57.545,T,6885.25,1,,,
2026-04-13 13:34:57.545,T,6885.25,1,,,
2026-04-13 13:34:57.545,T,6885.25,7,,,
2026-04-13 13:34:57.545,T,6885.25,1,,,
2026-04-13 13:34:57.546,Q,,,,6885.25,6885.5
2026-04-13 13:34:57.737,Q,,,,6885.0,6885.25
2026-04-13 13:34:57.737,T,6885.25,1,,,
2026-04-13 13:34:57.737,T,6885.25,1,,,
2026-04-13 13:34:57.737,T,6885.25,1,,,
2026-04-13 13:34:57.737,T,6885.25,2,,,
2026-04-13 13:34:57.737,T,6885.25,1,,,
2026-04-13 13:34:57.737,T,6885.25,1,,,
2026-04-13 13:34:57.737,T,6885.25,1,,,
2026-04-13 13:34:58.671,T,6885.25,1,,,
2026-04-13 13:34:59.990,T,6885.25,1,,,
2026-04-13 13:34:59.990,T,6885.25,1,,,
2026-04-13 13:35:00.192,T,6885.0,1,,,
2026-04-13 13:35:00.240,T,6885.0,1,,,
2026-04-13 13:35:00.592,T,6885.0,1,,,
2026-04-13 13:35:00.592,T,6885.0,1,,,
2026-04-13 13:35:00.592,T,6885.0,1,,,
2026-04-13 13:35:00.592,T,6885.0,1,,,
2026-04-13 13:35:00.592,T,6885.0,1,,,
2026-04-13 13:35:00.592,T,6885.0,1,,,
2026-04-13 13:35:00.592,T,6885.0,1,,,
2026-04-13 13:35:00.592,T,6885.0,1,,,
2026-04-13 13:35:00.592,T,6885.0,1,,,
2026-04-13 13:35:00.592,T,6885.0,1,,,
2026-04-13 13:35:00.592,T,6885.0,1,,,
2026-04-13 13:35:00.592,T,6885.0,1,,,
2026-04-13 13:35:00.592,T,6885.0,1,,,
2026-04-13 13:35:00.592,T,6885.0,2,,,
2026-04-13 13:35:00.592,T,6885.0,3,,,
2026-04-13 13:35:00.592,T,6885.0,1,,,
2026-04-13 13:35:00.592,T,6885.0,1,,,
2026-04-13 13:35:00.592,T,6885.0,1,,,
2026-04-13 13:35:00.592,T,6885.0,1,,,
2026-04-13 13:35:00.592,T,6885.0,1,,,
2026-04-13 13:35:00.592,T,6885.0,1,,,
2026-04-13 13:35:00.592,T,6885.0,1,,,
2026-04-13 13:35:00.592,T,6885.0,1,,,
2026-04-13 13:35:00.594,Q,,,,6884.75,6885.0
2026-04-13 13:35:00.846,T,6885.0,1,,,
2026-04-13 13:35:00.846,T,6885.0,1,,,
2026-04-13 13:35:00.846,T,6885.0,1,,,
2026-04-13 13:35:00.846,T,6885.0,1,,,
2026-04-13 13:35:00.846,T,6885.0,1,,,
2026-04-13 13:35:00.846,T,6885.0,1,,,
2026-04-13 13:35:00.846,T,6885.0,1,,,
2026-04-13 13:35:00.846,T,6885.0,1,,,
2026-04-13 13:35:00.847,Q,,,,6885.0,6885.25
2026-04-13 13:35:01.342,T,6885.0,1,,,
2026-04-13 13:35:01.447,Q,,,,6884.75,6885.0
2026-04-13 13:35:01.448,T,6885.0,5,,,
2026-04-13 13:35:01.448,T,6885.0,1,,,
2026-04-13 13:35:01.448,T,6885.0,1,,,
2026-04-13 13:35:01.448,T,6885.0,1,,,
2026-04-13 13:35:01.448,T,6885.0,1,,,
2026-04-13 13:35:01.448,T,6885.0,1,,,
2026-04-13 13:35:01.448,T,6885.0,2,,,
2026-04-13 13:35:01.448,T,6885.0,1,,,
2026-04-13 13:35:01.448,T,6885.0,1,,,
2026-04-13 13:35:01.448,T,6885.0,1,,,
2026-04-13 13:35:01.448,T,6885.0,1,,,
2026-04-13 13:35:01.448,T,6885.0,2,,,
2026-04-13 13:35:01.448,T,6885.0,1,,,
2026-04-13 13:35:01.448,T,6885.0,1,,,
2026-04-13 13:35:01.448,T,6885.0,1,,,
2026-04-13 13:35:01.448,T,6885.0,1,,,
2026-04-13 13:35:01.448,T,6885.0,1,,,
2026-04-13 13:35:01.448,T,6885.0,1,,,
2026-04-13 13:35:01.448,T,6885.0,1,,,
2026-04-13 13:35:01.448,T,6885.0,1,,,
2026-04-13 13:35:01.448,T,6885.0,1,,,
2026-04-13 13:35:01.448,T,6885.0,1,,,
2026-04-13 13:35:01.448,T,6885.0,2,,,
2026-04-13 13:35:01.448,T,6885.0,1,,,
2026-04-13 13:35:01.448,T,6885.0,1,,,
2026-04-13 13:35:01.448,T,6885.0,4,,,
2026-04-13 13:35:01.448,T,6885.0,1,,,
2026-04-13 13:35:01.448,T,6885.0,1,,,
2026-04-13 13:35:01.448,T,6884.75,1,,,
2026-04-13 13:35:01.448,T,6884.75,1,,,
2026-04-13 13:35:01.448,T,6884.75,1,,,
2026-04-13 13:35:01.448,T,6884.75,2,,,
2026-04-13 13:35:01.448,T,6884.75,1,,,
2026-04-13 13:35:01.448,T,6884.75,1,,,
2026-04-13 13:35:01.448,T,6884.75,1,,,
2026-04-13 13:35:01.448,T,6884.75,1,,,
2026-04-13 13:35:01.448,T,6884.75,2,,,
2026-04-13 13:35:01.448,T,6884.75,1,,,
2026-04-13 13:35:01.448,T,6884.75,1,,,
2026-04-13 13:35:01.448,T,6884.75,1,,,
2026-04-13 13:35:01.448,T,6884.75,1,,,
2026-04-13 13:35:01.448,T,6884.75,1,,,
2026-04-13 13:35:01.448,T,6884.75,1,,,
2026-04-13 13:35:01.448,T,6884.75,1,,,
2026-04-13 13:35:01.448,T,6884.75,2,,,
2026-04-13 13:35:01.492,T,6884.75,1,,,
2026-04-13 13:35:01.592,T,6884.75,1,,,
2026-04-13 13:35:02.596,Q,,,,6884.5,6884.75
2026-04-13 13:35:02.596,T,6884.75,2,,,
2026-04-13 13:35:02.596,T,6884.75,1,,,
2026-04-13 13:35:02.596,T,6884.75,1,,,
2026-04-13 13:35:02.596,T,6884.75,1,,,
2026-04-13 13:35:02.596,T,6884.75,1,,,
2026-04-13 13:35:02.596,T,6884.75,2,,,
2026-04-13 13:35:02.596,T,6884.75,2,,,
2026-04-13 13:35:02.596,T,6884.75,1,,,
2026-04-13 13:35:02.596,T,6884.75,1,,,
2026-04-13 13:35:02.596,T,6884.75,1,,,
2026-04-13 13:35:02.596,T,6884.75,1,,,
2026-04-13 13:35:02.596,T,6884.75,1,,,
2026-04-13 13:35:02.596,T,6884.75,1,,,
2026-04-13 13:35:02.596,T,6884.75,1,,,
2026-04-13 13:35:02.596,T,6884.75,1,,,
2026-04-13 13:35:02.596,T,6884.75,1,,,
2026-04-13 13:35:02.596,T,6884.75,1,,,
2026-04-13 13:35:02.642,Q,,,,6884.5,6885.0
2026-04-13 13:35:02.642,T,6884.75,4,,,
2026-04-13 13:35:02.642,T,6884.75,1,,,
2026-04-13 13:35:02.642,T,6884.75,1,,,
2026-04-13 13:35:02.642,T,6884.75,1,,,
2026-04-13 13:35:02.642,T,6884.75,1,,,
2026-04-13 13:35:02.642,T,6884.75,1,,,
2026-04-13 13:35:02.642,T,6884.75,1,,,
2026-04-13 13:35:02.642,T,6884.75,1,,,
2026-04-13 13:35:02.642,T,6884.75,3,,,
2026-04-13 13:35:02.642,T,6884.75,1,,,
2026-04-13 13:35:02.642,T,6884.75,1,,,
2026-04-13 13:35:02.642,T,6884.75,1,,,
2026-04-13 13:35:02.642,T,6884.75,1,,,
2026-04-13 13:35:02.642,T,6884.75,1,,,
2026-04-13 13:35:02.642,T,6884.75,2,,,
2026-04-13 13:35:02.642,T,6884.75,1,,,
2026-04-13 13:35:02.642,T,6884.75,1,,,
2026-04-13 13:35:02.642,T,6884.75,1,,,
2026-04-13 13:35:02.642,T,6884.75,2,,,
2026-04-13 13:35:02.642,T,6884.75,2,,,
2026-04-13 13:35:02.642,T,6884.75,1,,,
2026-04-13 13:35:02.642,T,6884.75,1,,,
2026-04-13 13:35:02.642,T,6884.75,1,,,
2026-04-13 13:35:02.642,T,6884.75,1,,,
2026-04-13 13:35:02.692,Q,,,,6884.75,6885.0
2026-04-13 13:35:03.190,T,6885.0,2,,,
2026-04-13 13:35:03.541,T,6884.75,1,,,
2026-04-13 13:35:03.541,T,6884.75,1,,,
2026-04-13 13:35:03.942,T,6884.75,1,,,
2026-04-13 13:35:04.163,T,6884.75,1,,,
2026-04-13 13:35:04.163,T,6884.75,1,,,
2026-04-13 13:35:04.163,T,6884.75,1,,,
2026-04-13 13:35:04.163,T,6884.75,1,,,
2026-04-13 13:35:04.163,T,6884.75,1,,,
2026-04-13 13:35:04.163,T,6884.75,3,,,
2026-04-13 13:35:04.163,T,6884.75,1,,,
2026-04-13 13:35:04.163,T,6884.75,1,,,
2026-04-13 13:35:04.163,T,6884.75,2,,,
2026-04-13 13:35:04.163,T,6884.75,1,,,
2026-04-13 13:35:04.163,T,6884.75,1,,,
2026-04-13 13:35:04.165,Q,,,,6884.5,6884.75
2026-04-13 13:35:04.165,T,6884.75,1,,,
2026-04-13 13:35:04.165,T,6884.75,1,,,
2026-04-13 13:35:04.165,T,6884.75,1,,,
2026-04-13 13:35:04.165,T,6884.75,1,,,
2026-04-13 13:35:04.165,T,6884.75,2,,,
2026-04-13 13:35:04.165,T,6884.75,1,,,
2026-04-13 13:35:04.165,T,6884.75,1,,,
2026-04-13 13:35:04.743,T,6884.5,1,,,
2026-04-13 13:35:04.743,T,6884.5,1,,,
2026-04-13 13:35:04.743,T,6884.5,1,,,
2026-04-13 13:35:04.743,T,6884.5,1,,,
2026-04-13 13:35:04.743,T,6884.5,1,,,
2026-04-13 13:35:04.743,T,6884.5,1,,,
2026-04-13 13:35:05.197,T,6884.75,1,,,
2026-04-13 13:35:05.197,T,6884.75,1,,,
2026-04-13 13:35:05.197,T,6884.75,1,,,
2026-04-13 13:35:05.197,T,6884.75,1,,,
2026-04-13 13:35:05.197,T,6884.75,1,,,
2026-04-13 13:35:05.197,T,6884.75,1,,,
2026-04-13 13:35:05.197,T,6884.75,1,,,
2026-04-13 13:35:05.197,T,6884.75,1,,,
2026-04-13 13:35:05.197,T,6884.75,1,,,
2026-04-13 13:35:05.197,T,6884.75,1,,,
2026-04-13 13:35:05.197,T,6884.75,2,,,
2026-04-13 13:35:05.197,T,6884.75,1,,,
2026-04-13 13:35:05.197,T,6884.75,1,,,
2026-04-13 13:35:05.197,T,6884.75,1,,,
2026-04-13 13:35:05.197,T,6884.75,1,,,
2026-04-13 13:35:05.197,T,6884.75,1,,,
2026-04-13 13:35:05.197,T,6884.75,1,,,
2026-04-13 13:35:05.197,T,6884.75,1,,,
2026-04-13 13:35:05.197,T,6884.75,1,,,
2026-04-13 13:35:05.197,T,6884.75,1,,,
2026-04-13 13:35:05.197,T,6884.75,1,,,
2026-04-13 13:35:05.197,T,6884.75,1,,,
2026-04-13 13:35:05.197,T,6884.75,1,,,
2026-04-13 13:35:05.200,Q,,,,6884.5,6885.0
2026-04-13 13:35:05.242,Q,,,,6884.75,6885.0
2026-04-13 13:35:05.242,T,6884.75,3,,,
2026-04-13 13:35:05.242,T,6884.75,1,,,
2026-04-13 13:35:05.242,T,6884.75,1,,,
2026-04-13 13:35:05.242,T,6884.75,1,,,
2026-04-13 13:35:05.242,T,6884.75,1,,,
2026-04-13 13:35:05.242,T,6884.75,1,,,
2026-04-13 13:35:05.242,T,6884.75,1,,,
2026-04-13 13:35:05.242,T,6884.75,1,,,
2026-04-13 13:35:05.242,T,6884.75,1,,,
2026-04-13 13:35:05.289,T,6884.75,2,,,
2026-04-13 13:35:05.289,T,6884.75,1,,,
2026-04-13 13:35:05.290,Q,,,,6884.5,6885.0
2026-04-13 13:35:05.342,Q,,,,6884.75,6885.0
2026-04-13 13:35:05.643,T,6885.0,1,,,
2026-04-13 13:35:05.691,T,6884.75,1,,,
2026-04-13 13:35:05.742,T,6884.75,1,,,
2026-04-13 13:35:05.742,T,6884.75,2,,,
2026-04-13 13:35:05.742,T,6884.75,1,,,
2026-04-13 13:35:05.742,T,6884.75,1,,,
2026-04-13 13:35:05.742,T,6884.75,1,,,
2026-04-13 13:35:05.742,T,6884.75,1,,,
2026-04-13 13:35:05.742,T,6884.75,1,,,
2026-04-13 13:35:05.743,Q,,,,6884.5,6885.0
2026-04-13 13:35:05.893,T,6884.75,3,,,
2026-04-13 13:35:05.893,T,6884.75,1,,,
2026-04-13 13:35:05.893,T,6884.75,1,,,
2026-04-13 13:35:05.893,T,6884.75,1,,,
2026-04-13 13:35:05.991,T,6884.75,1,,,
2026-04-13 13:35:06.044,Q,,,,6884.5,6884.75
2026-04-13 13:35:06.141,T,6884.5,1,,,
2026-04-13 13:35:06.393,T,6884.5,1,,,
2026-04-13 13:35:07.041,T,6884.5,1,,,
2026-04-13 13:35:07.341,T,6884.5,2,,,
2026-04-13 13:35:07.997,T,6884.75,1,,,
2026-04-13 13:35:07.997,T,6884.75,1,,,
2026-04-13 13:35:07.997,T,6884.75,1,,,
2026-04-13 13:35:07.997,T,6884.75,1,,,
2026-04-13 13:35:07.997,T,6884.75,1,,,
2026-04-13 13:35:07.997,T,6884.75,1,,,
2026-04-13 13:35:07.997,T,6884.75,1,,,
2026-04-13 13:35:07.997,T,6884.75,1,,,
2026-04-13 13:35:07.997,T,6884.75,1,,,
2026-04-13 13:35:07.997,T,6884.75,2,,,
2026-04-13 13:35:07.997,T,6884.75,1,,,
2026-04-13 13:35:07.997,T,6884.75,1,,,
2026-04-13 13:35:07.997,T,6884.5,1,,,
2026-04-13 13:35:07.997,T,6884.75,1,,,
2026-04-13 13:35:07.997,T,6884.75,1,,,
2026-04-13 13:35:07.997,T,6884.75,1,,,
2026-04-13 13:35:07.997,T,6884.75,1,,,
2026-04-13 13:35:07.997,T,6884.75,1,,,
2026-04-13 13:35:07.997,T,6884.75,1,,,
2026-04-13 13:35:07.997,T,6884.75,1,,,
2026-04-13 13:35:07.997,T,6884.75,1,,,
2026-04-13 13:35:08.043,Q,,,,6884.5,6885.0
2026-04-13 13:35:08.043,T,6884.75,1,,,
2026-04-13 13:35:08.043,T,6884.75,1,,,
2026-04-13 13:35:08.091,T,6884.75,1,,,
2026-04-13 13:35:08.091,T,6884.75,1,,,
2026-04-13 13:35:08.091,T,6884.75,1,,,
2026-04-13 13:35:08.091,T,6884.75,1,,,
2026-04-13 13:35:08.091,T,6884.75,4,,,
2026-04-13 13:35:08.091,T,6884.75,1,,,
2026-04-13 13:35:08.091,T,6884.75,1,,,
2026-04-13 13:35:08.091,T,6884.75,1,,,
2026-04-13 13:35:08.091,T,6884.75,2,,,
2026-04-13 13:35:08.091,T,6884.75,1,,,
2026-04-13 13:35:08.091,T,6884.75,1,,,
2026-04-13 13:35:08.091,T,6884.75,1,,,
2026-04-13 13:35:08.091,T,6884.75,1,,,
2026-04-13 13:35:08.091,T,6884.75,1,,,
2026-04-13 13:35:08.093,Q,,,,6884.5,6884.75
2026-04-13 13:35:08.593,T,6884.5,1,,,
2026-04-13 13:35:08.642,T,6884.5,1,,,
2026-04-13 13:35:08.642,T,6884.5,1,,,
2026-04-13 13:35:08.642,T,6884.5,1,,,
2026-04-13 13:35:08.792,T,6884.5,1,,,
2026-04-13 13:35:09.691,T,6884.5,1,,,
2026-04-13 13:35:10.140,T,6884.5,1,,,
2026-04-13 13:35:10.140,T,6884.5,1,,,
2026-04-13 13:35:10.957,Q,,,,6884.25,6884.75
2026-04-13 13:35:10.964,T,6884.5,1,,,
2026-04-13 13:35:10.964,T,6884.5,1,,,
2026-04-13 13:35:10.964,T,6884.5,1,,,
2026-04-13 13:35:10.964,T,6884.5,5,,,
2026-04-13 13:35:10.964,T,6884.5,1,,,
2026-04-13 13:35:10.964,T,6884.5,1,,,
2026-04-13 13:35:10.964,T,6884.5,1,,,
2026-04-13 13:35:10.964,T,6884.5,1,,,
2026-04-13 13:35:10.964,T,6884.5,1,,,
2026-04-13 13:35:10.964,T,6884.5,1,,,
2026-04-13 13:35:10.964,T,6884.5,1,,,
2026-04-13 13:35:10.964,T,6884.5,1,,,
2026-04-13 13:35:10.964,T,6884.5,2,,,
2026-04-13 13:35:10.964,T,6884.5,1,,,
2026-04-13 13:35:10.964,T,6884.5,1,,,
2026-04-13 13:35:10.964,T,6884.5,1,,,
2026-04-13 13:35:10.964,T,6884.5,1,,,
2026-04-13 13:35:10.964,T,6884.5,1,,,
2026-04-13 13:35:10.964,T,6884.5,1,,,
2026-04-13 13:35:10.964,T,6884.5,1,,,
2026-04-13 13:35:10.964,T,6884.5,1,,,
2026-04-13 13:35:10.964,T,6884.5,1,,,
2026-04-13 13:35:10.964,T,6884.5,2,,,
2026-04-13 13:35:10.964,T,6884.5,1,,,
2026-04-13 13:35:10.964,T,6884.5,2,,,
2026-04-13 13:35:10.964,T,6884.5,1,,,
2026-04-13 13:35:10.964,T,6884.5,1,,,
2026-04-13 13:35:10.964,T,6884.5,1,,,
2026-04-13 13:35:10.964,T,6884.5,1,,,
2026-04-13 13:35:10.964,T,6884.5,1,,,
2026-04-13 13:35:10.964,T,6884.5,2,,,
2026-04-13 13:35:10.964,T,6884.5,3,,,
2026-04-13 13:35:10.964,T,6884.5,1,,,
2026-04-13 13:35:10.964,T,6884.5,1,,,
2026-04-13 13:35:10.964,T,6884.5,1,,,
2026-04-13 13:35:10.964,T,6884.5,1,,,
2026-04-13 13:35:10.964,T,6884.5,1,,,
2026-04-13 13:35:10.964,T,6884.5,1,,,
2026-04-13 13:35:10.990,Q,,,,6884.5,6884.75
2026-04-13 13:35:11.241,T,6884.5,1,,,
2026-04-13 13:35:11.241,T,6884.5,1,,,
2026-04-13 13:35:11.241,T,6884.5,1,,,
2026-04-13 13:35:11.241,T,6884.5,1,,,
2026-04-13 13:35:11.242,Q,,,,6884.25,6884.5
2026-04-13 13:35:11.392,T,6884.5,1,,,
2026-04-13 13:35:11.392,T,6884.5,1,,,
2026-04-13 13:35:11.392,T,6884.5,1,,,
2026-04-13 13:35:11.392,T,6884.5,2,,,
2026-04-13 13:35:11.392,T,6884.5,2,,,
2026-04-13 13:35:11.392,T,6884.5,1,,,
2026-04-13 13:35:11.392,T,6884.5,1,,,
2026-04-13 13:35:11.392,T,6884.5,1,,,
2026-04-13 13:35:11.392,T,6884.5,1,,,
2026-04-13 13:35:11.392,T,6884.5,1,,,
2026-04-13 13:35:11.392,T,6884.5,2,,,
2026-04-13 13:35:11.392,T,6884.5,1,,,
2026-04-13 13:35:11.394,Q,,,,6884.25,6884.75
2026-04-13 13:35:11.541,Q,,,,6884.25,6884.5
2026-04-13 13:35:11.591,T,6884.25,1,,,
2026-04-13 13:35:11.591,T,6884.25,1,,,
2026-04-13 13:35:11.591,T,6884.25,4,,,
2026-04-13 13:35:11.591,T,6884.25,1,,,
2026-04-13 13:35:11.591,T,6884.25,1,,,
2026-04-13 13:35:11.692,T,6884.5,1,,,
2026-04-13 13:35:11.692,T,6884.5,1,,,
2026-04-13 13:35:11.692,T,6884.5,1,,,
2026-04-13 13:35:11.692,T,6884.5,3,,,
2026-04-13 13:35:11.692,T,6884.5,1,,,
2026-04-13 13:35:11.694,Q,,,,6884.25,6884.75
2026-04-13 13:35:11.797,Q,,,,6884.25,6884.5
2026-04-13 13:35:11.798,T,6884.5,1,,,
2026-04-13 13:35:11.798,T,6884.5,1,,,
2026-04-13 13:35:12.141,Q,,,,6884.25,6884.75
2026-04-13 13:35:12.142,T,6884.5,1,,,
2026-04-13 13:35:12.142,T,6884.5,1,,,
2026-04-13 13:35:12.142,T,6884.5,1,,,
2026-04-13 13:35:12.142,T,6884.5,1,,,
2026-04-13 13:35:12.142,T,6884.5,1,,,
2026-04-13 13:35:12.142,T,6884.5,1,,,
2026-04-13 13:35:12.142,T,6884.5,1,,,
2026-04-13 13:35:12.142,T,6884.5,1,,,
2026-04-13 13:35:12.142,T,6884.5,1,,,
2026-04-13 13:35:12.142,T,6884.5,2,,,
2026-04-13 13:35:12.142,T,6884.5,1,,,
2026-04-13 13:35:12.142,T,6884.5,1,,,
2026-04-13 13:35:12.142,T,6884.5,1,,,
2026-04-13 13:35:12.142,T,6884.5,1,,,
2026-04-13 13:35:12.290,T,6884.25,1,,,
2026-04-13 13:35:12.292,Q,,,,6884.25,6884.5
2026-04-13 13:35:12.347,T,6884.5,1,,,
2026-04-13 13:35:12.347,T,6884.5,4,,,
2026-04-13 13:35:12.347,T,6884.5,1,,,
2026-04-13 13:35:12.347,T,6884.5,1,,,
2026-04-13 13:35:12.347,T,6884.5,1,,,
2026-04-13 13:35:12.347,T,6884.5,1,,,
2026-04-13 13:35:12.441,T,6884.25,1,,,
2026-04-13 13:35:12.642,T,6884.5,1,,,
2026-04-13 13:35:12.856,T,6884.25,2,,,
2026-04-13 13:35:13.041,T,6884.25,2,,,
2026-04-13 13:35:13.394,T,6884.25,1,,,
2026-04-13 13:35:13.394,T,6884.25,1,,,
2026-04-13 13:35:13.394,T,6884.25,1,,,
2026-04-13 13:35:13.394,T,6884.25,1,,,
2026-04-13 13:35:13.394,T,6884.25,1,,,
2026-04-13 13:35:13.394,T,6884.25,3,,,
2026-04-13 13:35:13.394,T,6884.25,1,,,
2026-04-13 13:35:13.394,T,6884.25,1,,,
2026-04-13 13:35:13.394,T,6884.25,3,,,
2026-04-13 13:35:13.394,T,6884.25,2,,,
2026-04-13 13:35:13.394,T,6884.25,1,,,
2026-04-13 13:35:13.394,T,6884.25,1,,,
2026-04-13 13:35:13.394,T,6884.25,1,,,
2026-04-13 13:35:13.394,T,6884.25,1,,,
2026-04-13 13:35:13.394,T,6884.25,1,,,
2026-04-13 13:35:13.394,T,6884.25,2,,,
2026-04-13 13:35:13.394,T,6884.25,1,,,
2026-04-13 13:35:13.394,T,6884.25,1,,,
2026-04-13 13:35:13.394,T,6884.25,1,,,
2026-04-13 13:35:13.394,T,6884.25,1,,,
2026-04-13 13:35:13.394,T,6884.25,1,,,
2026-04-13 13:35:13.394,T,6884.25,1,,,
2026-04-13 13:35:13.394,T,6884.25,1,,,
2026-04-13 13:35:13.394,T,6884.25,1,,,
2026-04-13 13:35:13.394,T,6884.25,1,,,
2026-04-13 13:35:13.394,T,6884.25,1,,,
2026-04-13 13:35:13.394,T,6884.25,1,,,
2026-04-13 13:35:13.394,T,6884.25,1,,,
2026-04-13 13:35:13.394,T,6884.25,1,,,
2026-04-13 13:35:13.394,T,6884.25,1,,,
2026-04-13 13:35:13.394,T,6884.25,4,,,
2026-04-13 13:35:13.394,T,6884.25,2,,,
2026-04-13 13:35:13.397,Q,,,,6884.0,6884.25
2026-04-13 13:35:13.551,T,6884.25,8,,,
2026-04-13 13:35:13.551,T,6884.25,1,,,
2026-04-13 13:35:13.551,T,6884.25,1,,,
2026-04-13 13:35:13.551,T,6884.25,1,,,
2026-04-13 13:35:13.551,T,6884.25,1,,,
2026-04-13 13:35:13.551,T,6884.25,1,,,
2026-04-13 13:35:13.551,T,6884.25,1,,,
2026-04-13 13:35:13.551,T,6884.25,1,,,
2026-04-13 13:35:13.551,T,6884.25,1,,,
2026-04-13 13:35:13.551,T,6884.25,2,,,
2026-04-13 13:35:13.551,T,6884.25,1,,,
2026-04-13 13:35:13.551,T,6884.25,1,,,
2026-04-13 13:35:13.551,T,6884.25,1,,,
2026-04-13 13:35:13.551,T,6884.25,1,,,
2026-04-13 13:35:13.551,T,6884.25,1,,,
2026-04-13 13:35:13.551,T,6884.25,1,,,
2026-04-13 13:35:13.551,T,6884.25,1,,,
2026-04-13 13:35:13.551,T,6884.25,1,,,
2026-04-13 13:35:13.551,T,6884.25,2,,,
2026-04-13 13:35:13.551,T,6884.25,1,,,
2026-04-13 13:35:13.551,T,6884.25,1,,,
2026-04-13 13:35:13.551,T,6884.25,1,,,
2026-04-13 13:35:13.551,T,6884.25,1,,,
2026-04-13 13:35:13.551,T,6884.25,1,,,
2026-04-13 13:35:13.551,T,6884.25,1,,,
2026-04-13 13:35:13.551,T,6884.25,1,,,
2026-04-13 13:35:13.551,T,6884.25,1,,,
2026-04-13 13:35:13.551,T,6884.25,1,,,
2026-04-13 13:35:13.551,T,6884.25,1,,,
2026-04-13 13:35:13.551,T,6884.25,1,,,
2026-04-13 13:35:13.551,T,6884.25,1,,,
2026-04-13 13:35:13.551,T,6884.25,1,,,
2026-04-13 13:35:13.551,T,6884.25,2,,,
2026-04-13 13:35:13.551,T,6884.25,1,,,
2026-04-13 13:35:13.551,T,6884.25,1,,,
2026-04-13 13:35:13.551,T,6884.25,1,,,
2026-04-13 13:35:13.554,Q,,,,6884.25,6884.5
2026-04-13 13:35:13.690,T,6884.5,1,,,
2026-04-13 13:35:13.743,T,6884.5,1,,,
2026-04-13 13:35:13.944,T,6884.25,1,,,
2026-04-13 13:35:13.944,T,6884.25,1,,,
2026-04-13 13:35:13.944,T,6884.25,1,,,
2026-04-13 13:35:13.944,T,6884.25,1,,,
2026-04-13 13:35:13.944,T,6884.25,1,,,
2026-04-13 13:35:13.944,T,6884.25,1,,,
2026-04-13 13:35:13.944,T,6884.25,2,,,
2026-04-13 13:35:13.944,T,6884.25,3,,,
2026-04-13 13:35:13.944,T,6884.25,1,,,
2026-04-13 13:35:13.944,T,6884.25,1,,,
2026-04-13 13:35:13.944,T,6884.25,1,,,
2026-04-13 13:35:14.190,T,6884.25,1,,,
2026-04-13 13:35:14.494,T,6884.5,1,,,
2026-04-13 13:35:14.494,T,6884.5,1,,,
2026-04-13 13:35:14.494,T,6884.5,3,,,
2026-04-13 13:35:14.494,T,6884.5,1,,,
2026-04-13 13:35:14.494,T,6884.5,1,,,
2026-04-13 13:35:14.494,T,6884.5,1,,,
2026-04-13 13:35:14.494,T,6884.5,1,,,
2026-04-13 13:35:14.494,T,6884.5,1,,,
2026-04-13 13:35:14.494,T,6884.5,2,,,
2026-04-13 13:35:14.494,T,6884.5,2,,,
2026-04-13 13:35:14.494,T,6884.5,1,,,
2026-04-13 13:35:14.494,T,6884.5,1,,,
2026-04-13 13:35:14.494,T,6884.5,1,,,
2026-04-13 13:35:14.541,T,6884.5,1,,,
2026-04-13 13:35:14.541,T,6884.5,1,,,
2026-04-13 13:35:14.541,T,6884.5,4,,,
2026-04-13 13:35:14.541,T,6884.5,1,,,
2026-04-13 13:35:14.541,T,6884.5,1,,,
2026-04-13 13:35:14.543,Q,,,,6884.25,6884.75
2026-04-13 13:35:14.590,Q,,,,6884.25,6884.5
2026-04-13 13:35:14.941,T,6884.25,1,,,
2026-04-13 13:35:15.166,T,6884.25,1,,,
2026-04-13 13:51:24.470,Q,,,,6881.0,6881.25
2026-04-13 13:51:25.844,T,6881.25,1,,,
2026-04-13 13:51:26.295,T,6881.25,1,,,
2026-04-13 13:51:26.295,T,6881.25,2,,,
2026-04-13 13:51:26.295,T,6881.25,1,,,
2026-04-13 13:51:26.295,T,6881.25,1,,,
2026-04-13 13:51:26.295,T,6881.25,1,,,
2026-04-13 13:51:26.295,T,6881.25,1,,,
2026-04-13 13:51:26.295,T,6881.25,2,,,
2026-04-13 13:51:26.295,T,6881.25,1,,,
2026-04-13 13:51:26.295,T,6881.25,1,,,
2026-04-13 13:51:26.295,T,6881.25,3,,,
2026-04-13 13:51:26.295,T,6881.25,1,,,
2026-04-13 13:51:26.295,T,6881.25,1,,,
2026-04-13 13:51:26.295,T,6881.25,1,,,
2026-04-13 13:51:26.295,T,6881.25,1,,,
2026-04-13 13:51:26.295,T,6881.25,1,,,
2026-04-13 13:51:26.295,T,6881.25,1,,,
2026-04-13 13:51:26.295,T,6881.25,1,,,
2026-04-13 13:51:26.295,T,6881.25,1,,,
2026-04-13 13:51:26.295,T,6881.25,1,,,
2026-04-13 13:51:26.295,T,6881.25,2,,,
2026-04-13 13:51:26.295,T,6881.25,2,,,
2026-04-13 13:51:26.295,T,6881.25,2,,,
2026-04-13 13:51:26.295,T,6881.25,1,,,
2026-04-13 13:51:26.342,T,6881.25,1,,,
2026-04-13 13:51:26.342,T,6881.25,1,,,
2026-04-13 13:51:26.342,T,6881.25,1,,,
2026-04-13 13:51:26.342,T,6881.25,1,,,
2026-04-13 13:51:26.342,T,6881.25,1,,,
2026-04-13 13:51:26.342,T,6881.25,3,,,
2026-04-13 13:51:26.342,T,6881.25,1,,,
2026-04-13 13:51:26.342,T,6881.25,1,,,
2026-04-13 13:51:26.342,T,6881.25,1,,,
2026-04-13 13:51:26.342,T,6881.25,1,,,
2026-04-13 13:51:26.395,T,6881.25,1,,,
2026-04-13 13:51:26.395,T,6881.25,1,,,
2026-04-13 13:51:26.395,T,6881.25,1,,,
2026-04-13 13:51:26.395,T,6881.25,1,,,
2026-04-13 13:51:26.395,T,6881.25,3,,,
2026-04-13 13:51:26.395,T,6881.25,1,,,
2026-04-13 13:51:26.395,T,6881.25,2,,,
2026-04-13 13:51:26.395,T,6881.25,1,,,
2026-04-13 13:51:26.395,T,6881.25,1,,,
2026-04-13 13:51:26.444,T,6881.25,1,,,
2026-04-13 13:51:26.444,T,6881.25,1,,,
2026-04-13 13:51:26.444,T,6881.25,1,,,
2026-04-13 13:51:26.444,T,6881.25,1,,,
2026-04-13 13:51:26.444,T,6881.25,1,,,
2026-04-13 13:51:26.445,Q,,,,6881.25,6881.5
2026-04-13 13:51:26.594,T,6881.5,1,,,
2026-04-13 13:51:26.693,T,6881.5,1,,,
2026-04-13 13:51:26.693,T,6881.5,1,,,
2026-04-13 13:51:26.693,T,6881.5,1,,,
2026-04-13 13:51:26.693,T,6881.5,7,,,
2026-04-13 13:51:26.693,T,6881.5,2,,,
2026-04-13 13:51:26.693,T,6881.5,1,,,
2026-04-13 13:51:26.693,T,6881.5,1,,,
2026-04-13 13:51:26.693,T,6881.5,1,,,
2026-04-13 13:51:26.693,T,6881.5,1,,,
2026-04-13 13:51:26.693,T,6881.5,1,,,
2026-04-13 13:51:26.693,T,6881.5,1,,,
2026-04-13 13:51:26.693,T,6881.5,1,,,
2026-04-13 13:51:26.693,T,6881.5,1,,,
2026-04-13 13:51:26.693,T,6881.5,1,,,
2026-04-13 13:51:26.693,T,6881.5,1,,,
2026-04-13 13:51:26.693,T,6881.5,1,,,
2026-04-13 13:51:26.693,T,6881.5,1,,,
2026-04-13 13:51:26.693,T,6881.5,1,,,
2026-04-13 13:51:26.693,T,6881.5,1,,,
2026-04-13 13:51:26.693,T,6881.5,1,,,
2026-04-13 13:51:26.696,Q,,,,6881.5,6881.75
2026-04-13 13:51:26.749,T,6881.5,4,,,
2026-04-13 13:51:26.749,T,6881.5,1,,,
2026-04-13 13:51:26.749,T,6881.5,1,,,
2026-04-13 13:51:26.749,T,6881.5,4,,,
2026-04-13 13:51:26.749,T,6881.5,1,,,
2026-04-13 13:51:26.749,T,6881.5,1,,,
2026-04-13 13:51:26.749,T,6881.5,1,,,
2026-04-13 13:51:26.749,T,6881.5,1,,,
2026-04-13 13:51:26.749,T,6881.25,1,,,
2026-04-13 13:51:26.750,Q,,,,6881.25,6881.5
2026-04-13 13:51:26.793,Q,,,,6881.5,6881.75
2026-04-13 13:51:26.794,T,6881.5,4,,,
2026-04-13 13:51:26.794,T,6881.5,1,,,
2026-04-13 13:51:26.794,T,6881.5,1,,,
2026-04-13 13:51:26.794,T,6881.5,1,,,
2026-04-13 13:51:26.896,T,6881.5,1,,,
2026-04-13 13:51:26.946,T,6881.5,1,,,
2026-04-13 13:51:26.946,T,6881.5,1,,,
2026-04-13 13:51:26.946,T,6881.5,4,,,
2026-04-13 13:51:26.946,T,6881.5,1,,,
2026-04-13 13:51:26.946,T,6881.5,1,,,
2026-04-13 13:51:26.946,T,6881.5,1,,,
2026-04-13 13:51:26.946,T,6881.5,1,,,
2026-04-13 13:51:26.946,T,6881.5,1,,,
2026-04-13 14:07:08.003,Q,,,,6885.0,6885.25
2026-04-13 14:07:08.929,T,6885.25,1,,,
2026-04-13 14:07:09.433,Q,,,,6885.25,6885.5
2026-04-13 14:07:09.433,T,6885.25,1,,,
2026-04-13 14:07:09.433,T,6885.25,1,,,
2026-04-13 14:07:09.433,T,6885.25,1,,,
2026-04-13 14:07:09.433,T,6885.25,1,,,
2026-04-13 14:07:09.433,T,6885.25,1,,,
2026-04-13 14:07:09.433,T,6885.25,2,,,
2026-04-13 14:07:09.433,T,6885.25,1,,,
2026-04-13 14:07:09.433,T,6885.25,1,,,
2026-04-13 14:07:09.433,T,6885.25,1,,,
2026-04-13 14:07:09.433,T,6885.25,1,,,
2026-04-13 14:07:09.433,T,6885.25,1,,,
2026-04-13 14:07:09.433,T,6885.25,1,,,
2026-04-13 14:07:09.433,T,6885.25,1,,,
2026-04-13 14:07:09.433,T,6885.25,1,,,
2026-04-13 14:07:09.433,T,6885.25,1,,,
2026-04-13 14:07:09.433,T,6885.25,2,,,
2026-04-13 14:07:09.433,T,6885.25,1,,,
2026-04-13 14:07:09.433,T,6885.25,1,,,
2026-04-13 14:07:09.433,T,6885.25,1,,,
2026-04-13 14:07:09.433,T,6885.25,1,,,
2026-04-13 14:07:09.433,T,6885.25,1,,,
2026-04-13 14:07:09.433,T,6885.25,1,,,
2026-04-13 14:07:09.882,T,6885.5,2,,,
2026-04-13 14:07:09.882,T,6885.5,1,,,
2026-04-13 14:07:09.882,T,6885.5,1,,,
2026-04-13 14:07:09.882,T,6885.5,1,,,
2026-04-13 14:07:12.635,T,6885.25,1,,,
2026-04-13 14:07:13.888,T,6885.5,1,,,
2026-04-13 14:07:13.888,T,6885.5,1,,,
2026-04-13 14:07:13.888,T,6885.5,1,,,
2026-04-13 14:07:13.888,T,6885.5,1,,,
2026-04-13 14:07:14.178,Q,,,,6885.0,6885.5
2026-04-13 14:07:14.183,T,6885.25,3,,,
2026-04-13 14:07:14.183,T,6885.25,1,,,
2026-04-13 14:07:14.183,T,6885.25,1,,,
2026-04-13 14:07:14.183,T,6885.25,1,,,
2026-04-13 14:07:14.183,T,6885.25,1,,,
2026-04-13 14:07:14.183,T,6885.25,1,,,
2026-04-13 14:07:14.183,T,6885.25,1,,,
2026-04-13 14:07:14.183,T,6885.25,2,,,
2026-04-13 14:07:14.183,T,6885.25,1,,,
2026-04-13 14:07:14.183,T,6885.25,1,,,
2026-04-13 14:07:14.183,T,6885.25,1,,,
2026-04-13 14:07:14.183,T,6885.25,3,,,
2026-04-13 14:07:14.183,T,6885.25,1,,,
2026-04-13 14:07:14.183,T,6885.25,1,,,
2026-04-13 14:07:14.183,T,6885.25,1,,,
2026-04-13 14:07:14.183,T,6885.25,1,,,
2026-04-13 14:07:14.183,T,6885.25,1,,,
2026-04-13 14:07:14.183,T,6885.25,3,,,
2026-04-13 14:07:14.183,T,6885.25,1,,,
2026-04-13 14:07:14.183,T,6885.25,1,,,
2026-04-13 14:07:14.183,T,6885.25,1,,,
2026-04-13 14:07:14.183,T,6885.25,1,,,
2026-04-13 14:07:14.183,T,6885.25,1,,,
2026-04-13 14:07:14.183,T,6885.25,1,,,
2026-04-13 14:07:14.183,T,6885.25,1,,,
2026-04-13 14:07:14.183,T,6885.25,1,,,
2026-04-13 14:07:14.183,T,6885.25,1,,,
2026-04-13 14:07:14.183,T,6885.25,1,,,
2026-04-13 14:07:14.183,T,6885.25,1,,,
2026-04-13 14:07:14.183,T,6885.25,2,,,
2026-04-13 14:07:14.183,T,6885.25,1,,,
2026-04-13 14:07:14.183,T,6885.25,1,,,
2026-04-13 14:07:14.183,T,6885.25,1,,,
2026-04-13 14:07:14.183,T,6885.25,1,,,
2026-04-13 14:07:14.183,T,6885.25,1,,,
2026-04-13 14:07:14.183,T,6885.25,1,,,
2026-04-13 14:07:14.183,T,6885.25,1,,,
2026-04-13 14:07:14.183,T,6885.25,1,,,
2026-04-13 14:07:14.183,T,6885.25,1,,,
2026-04-13 14:07:14.183,T,6885.25,1,,,
2026-04-13 14:07:14.183,T,6885.25,3,,,
2026-04-13 14:07:14.183,T,6885.25,1,,,
2026-04-13 14:07:14.183,T,6885.25,1,,,
2026-04-13 14:07:14.183,T,6885.25,1,,,
2026-04-13 14:07:14.865,Q,,,,6885.25,6885.5
2026-04-13 14:07:16.356,T,6885.5,1,,,
2026-04-13 14:07:16.356,T,6885.5,1,,,
2026-04-13 14:07:16.356,T,6885.5,1,,,
2026-04-13 14:07:16.356,T,6885.5,1,,,
2026-04-13 14:07:16.356,T,6885.5,1,,,
2026-04-13 14:07:16.356,T,6885.5,1,,,
2026-04-13 14:07:16.356,T,6885.5,1,,,
2026-04-13 14:07:16.356,T,6885.5,1,,,
2026-04-13 14:07:16.356,T,6885.5,1,,,
2026-04-13 14:07:16.356,T,6885.5,1,,,
2026-04-13 14:07:16.356,T,6885.5,1,,,
2026-04-13 14:07:16.356,T,6885.5,1,,,
2026-04-13 14:07:16.356,T,6885.5,1,,,
2026-04-13 14:07:16.356,T,6885.5,1,,,
2026-04-13 14:07:16.356,T,6885.5,1,,,
2026-04-13 14:07:16.356,T,6885.5,2,,,
2026-04-13 14:07:16.356,T,6885.5,1,,,
2026-04-13 14:07:16.356,T,6885.5,1,,,
2026-04-13 14:07:16.359,Q,,,,6885.25,6885.75
2026-04-13 14:07:16.378,Q,,,,6885.5,6885.75
2026-04-13 14:07:17.075,T,6885.5,1,,,
2026-04-13 14:07:17.075,T,6885.5,1,,,
2026-04-13 14:07:17.075,T,6885.5,1,,,
2026-04-13 14:07:17.075,T,6885.5,1,,,
2026-04-13 14:07:17.075,T,6885.5,1,,,
2026-04-13 14:07:17.075,T,6885.5,1,,,
2026-04-13 14:07:17.075,T,6885.5,1,,,
2026-04-13 14:07:17.075,T,6885.5,2,,,
2026-04-13 14:07:17.075,T,6885.5,1,,,
2026-04-13 14:07:17.078,T,6885.5,1,,,
2026-04-13 14:07:17.078,T,6885.5,1,,,
2026-04-13 14:07:17.078,T,6885.5,1,,,
2026-04-13 14:07:17.078,T,6885.5,2,,,
2026-04-13 14:07:17.078,T,6885.5,2,,,
2026-04-13 14:07:17.078,T,6885.5,1,,,
2026-04-13 14:07:17.078,T,6885.5,1,,,
2026-04-13 14:07:20.773,T,6885.5,1,,,
2026-04-13 14:07:21.334,T,6885.5,1,,,
2026-04-13 14:07:21.334,T,6885.5,3,,,
2026-04-13 14:07:22.163,T,6885.75,3,,,
2026-04-13 14:07:22.179,T,6885.75,1,,,
2026-04-13 14:07:22.179,T,6885.75,1,,,
2026-04-13 14:07:22.179,T,6885.75,1,,,
2026-04-13 14:07:22.179,T,6885.75,1,,,
2026-04-13 14:07:22.179,T,6885.75,1,,,
2026-04-13 14:07:22.179,T,6885.75,1,,,
2026-04-13 14:07:22.179,T,6885.75,1,,,
2026-04-13 14:07:22.179,T,6885.75,1,,,
2026-04-13 14:07:22.179,T,6885.75,1,,,
2026-04-13 14:07:22.179,T,6885.75,4,,,
2026-04-13 14:07:22.179,T,6885.75,2,,,
2026-04-13 14:07:22.179,T,6885.75,1,,,
2026-04-13 14:07:22.179,T,6885.75,2,,,
2026-04-13 14:07:22.179,T,6885.75,1,,,
2026-04-13 14:07:22.179,T,6885.75,1,,,
2026-04-13 14:07:22.179,T,6885.75,1,,,
2026-04-13 14:07:22.179,T,6885.75,1,,,
2026-04-13 14:07:22.181,Q,,,,6885.75,6886.0
2026-04-13 14:07:22.782,T,6886.0,1,,,
2026-04-13 14:07:22.782,T,6886.0,1,,,
2026-04-13 14:07:23.466,T,6886.0,1,,,
2026-04-13 14:07:24.078,T,6886.0,1,,,
2026-04-13 14:07:25.134,T,6885.75,2,,,
2026-04-13 14:07:25.134,T,6885.75,1,,,
2026-04-13 14:07:25.134,T,6885.75,2,,,
2026-04-13 14:07:25.134,T,6885.75,1,,,
2026-04-13 14:07:25.134,T,6885.75,1,,,
2026-04-13 14:07:25.134,T,6885.75,1,,,
2026-04-13 14:07:25.134,T,6885.75,1,,,
2026-04-13 14:07:25.134,T,6885.75,1,,,
2026-04-13 14:07:25.134,T,6885.75,2,,,
2026-04-13 14:07:25.134,T,6885.75,1,,,
2026-04-13 14:07:25.134,T,6885.75,1,,,
2026-04-13 14:07:25.134,T,6885.75,1,,,
2026-04-13 14:07:25.134,T,6885.75,1,,,
2026-04-13 14:07:25.134,T,6885.75,1,,,
2026-04-13 14:07:25.134,T,6885.75,2,,,
2026-04-13 14:07:25.134,T,6885.75,1,,,
2026-04-13 14:07:25.134,T,6885.75,1,,,
2026-04-13 14:07:25.135,Q,,,,6885.5,6885.75
2026-04-13 14:07:25.179,T,6885.75,1,,,
2026-04-13 14:07:25.179,T,6885.75,1,,,
2026-04-13 14:07:25.179,T,6885.75,1,,,
2026-04-13 14:07:25.179,T,6885.75,1,,,
2026-04-13 14:07:25.179,T,6885.75,1,,,
2026-04-13 14:07:25.179,T,6885.75,3,,,
2026-04-13 14:07:25.179,T,6885.75,1,,,
2026-04-13 14:07:25.179,T,6885.75,1,,,
2026-04-13 14:07:25.179,T,6885.75,1,,,
2026-04-13 14:07:25.179,T,6885.75,1,,,
2026-04-13 14:07:25.997,T,6885.75,1,,,
2026-04-13 14:07:27.561,T,6885.5,2,,,
2026-04-13 14:07:27.561,T,6885.5,1,,,
2026-04-13 14:07:27.561,T,6885.5,1,,,
2026-04-13 14:07:27.561,T,6885.5,1,,,
2026-04-13 14:07:27.561,T,6885.5,1,,,
2026-04-13 14:07:27.561,T,6885.5,1,,,
2026-04-13 14:07:27.561,T,6885.5,1,,,
2026-04-13 14:07:27.561,T,6885.5,1,,,
2026-04-13 14:07:27.561,T,6885.5,1,,,
2026-04-13 14:07:27.561,T,6885.5,1,,,
2026-04-13 14:07:27.561,T,6885.5,4,,,
2026-04-13 14:07:27.561,T,6885.5,1,,,
2026-04-13 14:07:27.561,T,6885.5,1,,,
2026-04-13 14:07:27.561,T,6885.5,1,,,
2026-04-13 14:07:27.561,T,6885.5,2,,,
2026-04-13 14:07:27.561,T,6885.5,1,,,
2026-04-13 14:07:27.684,T,6885.75,1,,,
2026-04-13 14:07:28.184,T,6885.75,2,,,
2026-04-13 14:07:28.184,T,6885.75,1,,,
2026-04-13 14:07:28.184,T,6885.75,2,,,
2026-04-13 14:07:28.184,T,6885.75,1,,,
2026-04-13 14:07:28.184,T,6885.75,1,,,
2026-04-13 14:07:28.184,T,6885.75,1,,,
2026-04-13 14:07:28.184,T,6885.75,1,,,
2026-04-13 14:07:28.184,T,6885.75,1,,,
2026-04-13 14:07:28.184,T,6885.75,1,,,
2026-04-13 14:07:28.184,T,6885.75,2,,,
2026-04-13 14:07:28.184,T,6885.75,1,,,
2026-04-13 14:07:28.184,T,6885.75,1,,,
2026-04-13 14:07:28.184,T,6885.75,1,,,
2026-04-13 14:07:28.184,T,6885.75,1,,,
2026-04-13 14:07:28.184,T,6885.75,1,,,
2026-04-13 14:07:28.184,T,6885.75,1,,,
2026-04-13 14:07:28.184,T,6885.75,1,,,
2026-04-13 14:07:28.229,T,6885.75,1,,,
2026-04-13 14:07:28.229,T,6885.75,1,,,
2026-04-13 14:07:28.229,T,6885.75,2,,,
2026-04-13 14:07:28.229,T,6885.75,1,,,
2026-04-13 14:07:28.229,T,6885.75,1,,,
2026-04-13 14:07:28.231,Q,,,,6885.75,6886.0
2026-04-13 14:07:28.278,T,6885.75,1,,,
2026-04-13 14:07:28.279,Q,,,,6885.5,6885.75
2026-04-13 14:07:30.078,T,6885.75,1,,,
2026-04-13 14:07:30.432,T,6885.75,2,,,
2026-04-13 14:07:30.432,T,6885.75,2,,,
2026-04-13 14:07:30.432,T,6885.75,1,,,
2026-04-13 14:07:30.432,T,6885.75,2,,,
2026-04-13 14:07:30.432,T,6885.75,1,,,
2026-04-13 14:07:31.394,T,6885.75,1,,,
2026-04-13 14:07:31.394,T,6885.75,1,,,
2026-04-13 14:07:31.394,T,6885.75,1,,,
2026-04-13 14:07:31.394,T,6885.75,1,,,
2026-04-13 14:07:31.394,T,6885.75,2,,,
2026-04-13 14:07:31.394,T,6885.75,1,,,
2026-04-13 14:07:31.394,T,6885.75,1,,,
2026-04-13 14:07:31.394,T,6885.75,3,,,
2026-04-13 14:07:31.394,T,6885.75,1,,,
2026-04-13 14:07:31.394,T,6885.75,1,,,
2026-04-13 14:07:31.394,T,6885.75,1,,,
2026-04-13 14:07:31.394,T,6885.75,1,,,
2026-04-13 14:07:31.394,T,6885.75,1,,,
2026-04-13 14:07:31.394,T,6885.75,2,,,
2026-04-13 14:07:32.379,T,6885.75,1,,,
2026-04-13 14:07:32.379,T,6885.75,1,,,
2026-04-13 14:07:32.379,T,6885.75,3,,,
2026-04-13 14:07:32.379,T,6885.75,1,,,
2026-04-13 14:07:32.379,T,6885.75,2,,,
2026-04-13 14:07:32.379,T,6885.75,1,,,
2026-04-13 14:07:32.379,T,6885.75,1,,,
2026-04-13 14:07:32.379,T,6885.75,1,,,
2026-04-13 14:07:32.379,T,6885.75,1,,,
2026-04-13 14:07:32.379,T,6885.75,1,,,
2026-04-13 14:07:32.379,T,6885.75,1,,,
2026-04-13 14:07:32.379,T,6885.75,3,,,
2026-04-13 14:07:32.379,T,6885.75,1,,,
2026-04-13 14:07:32.379,T,6885.75,1,,,
2026-04-13 14:07:32.379,T,6885.75,1,,,
2026-04-13 14:07:32.379,T,6885.75,1,,,
2026-04-13 14:07:32.379,T,6885.75,1,,,
2026-04-13 14:07:32.379,T,6885.75,1,,,
2026-04-13 14:07:32.379,T,6885.75,2,,,
2026-04-13 14:07:34.081,Q,,,,6885.75,6886.0
2026-04-13 14:07:34.082,T,6885.75,2,,,
2026-04-13 14:07:34.082,T,6885.75,4,,,
2026-04-13 14:07:34.082,T,6885.75,1,,,
2026-04-13 14:07:34.082,T,6885.75,1,,,
2026-04-13 14:07:34.082,T,6885.75,1,,,
2026-04-13 14:07:34.082,T,6885.75,1,,,
2026-04-13 14:07:34.082,T,6885.75,1,,,
2026-04-13 14:07:34.082,T,6885.75,1,,,
2026-04-13 14:07:34.082,T,6885.75,2,,,
2026-04-13 14:07:34.082,T,6885.75,1,,,
2026-04-13 14:07:34.082,T,6885.75,2,,,
2026-04-13 14:07:34.082,T,6885.75,1,,,
2026-04-13 14:07:34.082,T,6885.75,1,,,
2026-04-13 14:07:34.082,T,6885.75,1,,,
2026-04-13 14:07:34.128,T,6885.75,1,,,
2026-04-13 14:07:34.128,T,6885.75,1,,,
2026-04-13 14:07:34.128,T,6885.75,1,,,
2026-04-13 14:07:34.128,T,6885.75,1,,,
2026-04-13 14:07:34.128,T,6885.75,1,,,
2026-04-13 14:07:34.128,T,6885.75,1,,,
2026-04-13 14:07:34.128,T,6885.75,1,,,
2026-04-13 14:07:34.130,Q,,,,6885.5,6885.75
2026-04-13 14:07:34.583,T,6885.5,1,,,
2026-04-13 14:07:34.583,T,6885.5,1,,,
2026-04-13 14:07:34.583,T,6885.5,1,,,
2026-04-13 14:07:34.583,T,6885.5,1,,,
2026-04-13 14:07:34.583,T,6885.5,2,,,
2026-04-13 14:07:34.583,T,6885.5,1,,,
2026-04-13 14:07:34.583,T,6885.5,1,,,
2026-04-13 14:07:34.583,T,6885.5,1,,,
2026-04-13 14:07:34.583,T,6885.5,1,,,
2026-04-13 14:07:34.583,T,6885.5,1,,,
2026-04-13 14:07:34.583,T,6885.5,1,,,
2026-04-13 14:07:34.583,T,6885.5,1,,,
2026-04-13 14:07:34.583,T,6885.5,1,,,
2026-04-13 14:07:34.583,T,6885.5,1,,,
2026-04-13 14:07:34.583,T,6885.5,1,,,
2026-04-13 14:07:34.583,T,6885.5,1,,,
2026-04-13 14:07:34.585,Q,,,,6885.25,6885.75
2026-04-13 14:07:35.084,T,6885.25,1,,,
2026-04-13 14:07:35.084,T,6885.5,1,,,
2026-04-13 14:07:35.084,T,6885.5,1,,,
2026-04-13 14:07:35.084,T,6885.5,1,,,
2026-04-13 14:07:35.084,T,6885.5,1,,,
2026-04-13 14:07:35.084,T,6885.5,1,,,
2026-04-13 14:07:35.084,T,6885.5,1,,,
2026-04-13 14:07:35.085,Q,,,,6885.25,6885.5
2026-04-13 14:07:35.129,T,6885.5,4,,,
2026-04-13 14:07:35.129,T,6885.5,1,,,
2026-04-13 14:07:35.129,T,6885.5,1,,,
2026-04-13 14:07:35.129,T,6885.5,1,,,
2026-04-13 14:07:35.129,T,6885.5,1,,,
2026-04-13 14:07:35.129,T,6885.5,1,,,
2026-04-13 14:07:35.129,T,6885.5,1,,,
2026-04-13 14:07:35.828,T,6885.5,1,,,
2026-04-13 14:07:36.679,T,6885.5,4,,,
2026-04-13 14:07:36.679,T,6885.5,1,,,
2026-04-13 14:07:36.679,T,6885.5,1,,,
2026-04-13 14:07:36.679,T,6885.5,1,,,
2026-04-13 14:07:36.679,T,6885.5,1,,,
2026-04-13 14:07:36.679,T,6885.5,2,,,
2026-04-13 14:07:36.679,T,6885.5,1,,,
2026-04-13 14:07:36.679,T,6885.5,1,,,
2026-04-13 14:07:36.679,T,6885.5,1,,,
2026-04-13 14:07:36.931,Q,,,,6885.25,6885.75
2026-04-13 14:07:36.932,Q,,,,6885.25,6885.5
2026-04-13 14:07:37.033,T,6885.5,1,,,
2026-04-13 14:07:37.033,T,6885.5,1,,,
2026-04-13 14:07:37.033,T,6885.5,1,,,
2026-04-13 14:07:37.033,T,6885.5,1,,,
2026-04-13 14:07:37.033,T,6885.5,1,,,
2026-04-13 14:07:37.035,Q,,,,6885.25,6885.75
2026-04-13 14:07:37.128,Q,,,,6885.25,6885.5
2026-04-13 14:07:37.177,T,6885.25,1,,,
2026-04-13 14:07:38.081,T,6885.5,4,,,
2026-04-13 14:07:38.081,T,6885.5,1,,,
2026-04-13 14:07:38.177,Q,,,,6885.5,6885.75
2026-04-13 14:07:38.178,T,6885.5,1,,,
2026-04-13 14:07:38.178,T,6885.5,2,,,
2026-04-13 14:07:38.178,T,6885.5,1,,,
2026-04-13 14:07:38.178,T,6885.5,1,,,
2026-04-13 14:07:38.178,T,6885.5,1,,,
2026-04-13 14:07:38.178,T,6885.5,1,,,
2026-04-13 14:07:38.277,T,6885.5,1,,,
2026-04-13 14:07:38.277,T,6885.5,1,,,
2026-04-13 14:07:38.277,T,6885.5,1,,,
2026-04-13 14:07:38.277,T,6885.5,1,,,
2026-04-13 14:07:38.427,T,6885.5,1,,,
2026-04-13 14:19:24.406,T,6885.5,1,,,
2026-04-13 14:19:24.406,T,6885.5,1,,,
2026-04-13 14:19:24.406,T,6885.5,4,,,
2026-04-13 14:19:24.406,T,6885.5,1,,,
2026-04-13 14:19:24.406,T,6885.5,1,,,
2026-04-13 14:19:24.406,T,6885.5,2,,,
2026-04-13 14:19:24.406,T,6885.5,1,,,
2026-04-13 14:19:24.406,T,6885.5,1,,,
2026-04-13 14:19:24.406,T,6885.5,1,,,
2026-04-13 14:19:24.406,T,6885.5,1,,,
2026-04-13 14:19:24.406,T,6885.5,1,,,
2026-04-13 14:19:24.406,T,6885.5,1,,,
2026-04-13 14:19:24.406,T,6885.5,2,,,
2026-04-13 14:19:24.406,T,6885.5,1,,,
2026-04-13 14:19:24.406,T,6885.5,1,,,
2026-04-13 14:19:24.406,T,6885.5,1,,,
2026-04-13 14:19:24.406,T,6885.5,1,,,
2026-04-13 14:19:24.406,T,6885.5,1,,,
2026-04-13 14:19:24.406,T,6885.5,1,,,
2026-04-13 14:19:24.406,T,6885.5,2,,,
2026-04-13 14:19:24.406,T,6885.5,1,,,
2026-04-13 14:19:24.653,Q,,,,6885.25,6885.5
2026-04-13 14:19:24.654,T,6885.25,1,,,
2026-04-13 14:19:24.655,T,6885.5,4,,,
2026-04-13 14:19:24.655,T,6885.5,8,,,
2026-04-13 14:19:24.655,T,6885.5,18,,,
2026-04-13 14:19:24.655,T,6885.5,1,,,
2026-04-13 14:19:24.655,T,6885.5,1,,,
2026-04-13 14:19:24.655,T,6885.5,1,,,
2026-04-13 14:19:24.655,T,6885.5,2,,,
2026-04-13 14:19:24.655,T,6885.5,1,,,
2026-04-13 14:19:24.655,T,6885.5,1,,,
2026-04-13 14:19:24.655,T,6885.5,1,,,
2026-04-13 14:19:24.655,T,6885.5,1,,,
2026-04-13 14:19:24.655,T,6885.5,1,,,
2026-04-13 14:19:24.655,T,6885.5,1,,,
2026-04-13 14:19:24.655,T,6885.5,1,,,
2026-04-13 14:19:24.655,T,6885.5,1,,,
2026-04-13 14:19:24.655,T,6885.5,1,,,
2026-04-13 14:19:24.655,T,6885.5,1,,,
2026-04-13 14:19:24.655,T,6885.5,1,,,
2026-04-13 14:19:24.655,T,6885.5,1,,,
2026-04-13 14:19:24.655,T,6885.5,3,,,
2026-04-13 14:19:24.655,T,6885.5,1,,,
2026-04-13 14:19:24.655,T,6885.5,1,,,
2026-04-13 14:19:24.655,T,6885.5,1,,,
2026-04-13 14:19:24.655,T,6885.5,1,,,
2026-04-13 14:19:24.656,Q,,,,6885.25,6885.75
2026-04-13 14:19:24.656,Q,,,,6885.5,6885.75
2026-04-13 14:19:24.657,T,6885.5,4,,,
2026-04-13 14:19:24.657,T,6885.5,1,,,
2026-04-13 14:19:24.657,T,6885.5,1,,,
2026-04-13 14:19:24.657,T,6885.5,1,,,
2026-04-13 14:19:24.657,T,6885.5,1,,,
2026-04-13 14:19:24.657,T,6885.5,1,,,
2026-04-13 14:19:24.657,T,6885.5,1,,,
2026-04-13 14:19:24.657,T,6885.5,1,,,
2026-04-13 14:19:24.657,T,6885.5,1,,,
2026-04-13 14:19:24.657,T,6885.5,1,,,
2026-04-13 14:19:24.657,T,6885.5,2,,,
2026-04-13 14:19:24.657,T,6885.5,1,,,
2026-04-13 14:19:24.657,T,6885.5,1,,,
2026-04-13 14:19:24.657,T,6885.5,1,,,
2026-04-13 14:19:24.657,T,6885.5,2,,,
2026-04-13 14:19:24.658,T,6885.5,1,,,
2026-04-13 14:19:24.658,T,6885.5,1,,,
2026-04-13 14:19:24.658,T,6885.5,1,,,
2026-04-13 14:19:24.658,Q,,,,6885.25,6885.5
2026-04-13 14:19:24.664,T,6885.5,1,,,
2026-04-13 14:19:24.665,T,6885.5,1,,,
2026-04-13 14:19:24.665,T,6885.5,1,,,
2026-04-13 14:19:24.665,T,6885.5,1,,,
2026-04-13 14:19:24.665,T,6885.5,2,,,
2026-04-13 14:19:24.665,T,6885.5,3,,,
2026-04-13 14:19:24.665,T,6885.5,1,,,
2026-04-13 14:19:24.665,T,6885.5,1,,,
2026-04-13 14:19:24.665,Q,,,,6885.5,6885.75
2026-04-13 14:19:24.666,Q,,,,6885.25,6885.75
2026-04-13 14:19:24.666,T,6885.5,1,,,
2026-04-13 14:19:24.666,T,6885.5,1,,,
2026-04-13 14:19:24.666,T,6885.5,1,,,
2026-04-13 14:19:24.666,T,6885.5,1,,,
2026-04-13 14:19:24.666,Q,,,,6885.5,6885.75
2026-04-13 14:19:24.666,T,6885.5,1,,,
2026-04-13 14:19:24.667,T,6885.5,3,,,
2026-04-13 14:19:24.667,T,6885.5,1,,,
2026-04-13 14:19:24.667,T,6885.5,1,,,
2026-04-13 14:19:24.667,T,6885.5,1,,,
2026-04-13 14:19:24.667,T,6885.5,1,,,
2026-04-13 14:19:24.667,T,6885.5,1,,,
2026-04-13 14:19:24.667,T,6885.5,2,,,
2026-04-13 14:19:24.667,T,6885.5,1,,,
2026-04-13 14:19:24.667,Q,,,,6885.25,6885.5
2026-04-13 14:19:24.667,T,6885.5,1,,,
2026-04-13 14:19:24.667,T,6885.5,1,,,
2026-04-13 14:19:24.667,T,6885.5,1,,,
2026-04-13 14:19:24.667,T,6885.5,1,,,
2026-04-13 14:19:24.667,T,6885.5,1,,,
2026-04-13 14:19:24.667,T,6885.5,1,,,
2026-04-13 14:19:24.667,T,6885.5,1,,,
2026-04-13 14:19:24.668,T,6885.5,1,,,
2026-04-13 14:19:24.668,T,6885.5,2,,,
2026-04-13 14:19:24.668,T,6885.5,1,,,
2026-04-13 14:19:24.668,T,6885.5,1,,,
2026-04-13 14:19:24.668,Q,,,,6885.25,6885.75
2026-04-13 14:19:24.668,T,6885.5,1,,,
2026-04-13 14:19:24.668,Q,,,,6885.5,6885.75
2026-04-13 14:19:24.668,T,6885.5,1,,,
2026-04-13 14:19:24.668,T,6885.5,1,,,
2026-04-13 14:19:24.668,T,6885.5,1,,,
2026-04-13 14:19:24.668,T,6885.5,1,,,
2026-04-13 14:19:24.669,T,6885.5,1,,,
2026-04-13 14:19:24.669,T,6885.5,1,,,
2026-04-13 14:19:24.669,T,6885.5,1,,,
2026-04-13 14:19:24.669,Q,,,,6885.25,6885.5
2026-04-13 14:19:24.669,T,6885.5,1,,,
2026-04-13 14:19:24.669,T,6885.5,2,,,
2026-04-13 14:19:24.669,T,6885.5,1,,,
2026-04-13 14:19:24.669,Q,,,,6885.5,6885.75
2026-04-13 14:19:24.669,T,6885.75,3,,,
2026-04-13 14:19:24.669,T,6885.5,1,,,
2026-04-13 14:19:24.670,T,6885.75,1,,,
2026-04-13 14:19:24.670,T,6885.75,1,,,
2026-04-13 14:19:24.670,T,6885.75,1,,,
2026-04-13 14:19:24.670,T,6885.75,1,,,
2026-04-13 14:19:24.670,T,6885.75,1,,,
2026-04-13 14:19:24.670,T,6885.75,1,,,
2026-04-13 14:19:24.670,T,6885.75,1,,,
2026-04-13 14:19:24.670,T,6885.75,2,,,
2026-04-13 14:19:24.670,T,6885.75,1,,,
2026-04-13 14:19:24.670,T,6885.75,1,,,
2026-04-13 14:19:24.670,T,6885.75,1,,,
2026-04-13 14:19:24.670,T,6885.75,1,,,
2026-04-13 14:19:24.670,T,6885.75,1,,,
2026-04-13 14:19:24.670,T,6885.75,1,,,
2026-04-13 14:19:24.670,T,6885.75,1,,,
2026-04-13 14:19:24.670,T,6885.75,2,,,
2026-04-13 14:19:24.670,T,6885.75,1,,,
2026-04-13 14:19:24.670,T,6885.75,1,,,
2026-04-13 14:19:24.670,T,6885.75,1,,,
2026-04-13 14:19:24.671,Q,,,,6885.5,6886.0
2026-04-13 14:19:24.671,T,6885.75,1,,,
2026-04-13 14:19:24.671,Q,,,,6885.5,6885.75
2026-04-13 14:19:24.671,T,6885.75,1,,,
2026-04-13 14:19:24.671,T,6885.75,1,,,
2026-04-13 14:19:24.671,T,6885.75,1,,,
2026-04-13 14:19:24.672,Q,,,,6885.5,6886.0
2026-04-13 14:19:24.672,T,6886.0,1,,,
2026-04-13 14:19:24.672,Q,,,,6885.75,6886.0
2026-04-13 14:19:24.672,Q,,,,6886.0,6886.25
2026-04-13 14:19:24.672,T,6886.0,1,,,
2026-04-13 14:19:24.672,T,6886.0,1,,,
2026-04-13 14:19:24.672,T,6886.0,1,,,
2026-04-13 14:19:24.672,T,6886.0,1,,,
2026-04-13 14:19:24.672,T,6886.0,1,,,
2026-04-13 14:19:24.672,T,6886.0,1,,,
2026-04-13 14:19:24.672,T,6886.0,1,,,
2026-04-13 14:19:24.672,T,6886.0,1,,,
2026-04-13 14:19:24.672,T,6886.0,1,,,
2026-04-13 14:19:24.672,T,6886.0,2,,,
2026-04-13 14:19:24.672,T,6886.0,1,,,
2026-04-13 14:19:24.672,T,6886.0,1,,,
2026-04-13 14:19:24.672,T,6886.0,2,,,
2026-04-13 14:19:24.672,T,6886.0,1,,,
2026-04-13 14:19:24.672,T,6886.0,1,,,
2026-04-13 14:19:24.672,T,6886.0,1,,,
2026-04-13 14:19:24.672,T,6886.0,1,,,
2026-04-13 14:19:24.672,T,6886.0,1,,,
2026-04-13 14:19:24.672,T,6886.0,1,,,
2026-04-13 14:19:24.672,T,6886.0,1,,,
2026-04-13 14:19:24.672,T,6886.0,1,,,
2026-04-13 14:19:24.672,T,6886.0,1,,,
2026-04-13 14:19:24.672,T,6886.0,1,,,
2026-04-13 14:19:24.672,T,6886.0,1,,,
2026-04-13 14:19:24.673,T,6886.0,1,,,
2026-04-13 14:19:24.673,T,6886.0,1,,,
2026-04-13 14:19:24.673,T,6886.0,1,,,
2026-04-13 14:19:24.673,T,6886.0,1,,,
2026-04-13 14:19:24.673,T,6886.0,2,,,
2026-04-13 14:19:24.673,T,6886.0,1,,,
2026-04-13 14:19:24.673,T,6886.0,1,,,
2026-04-13 14:19:24.673,T,6886.0,1,,,
2026-04-13 14:19:24.673,T,6886.0,1,,,
2026-04-13 14:19:24.673,T,6886.0,1,,,
2026-04-13 14:19:24.673,T,6886.0,1,,,
2026-04-13 14:19:24.673,T,6886.0,1,,,
2026-04-13 14:19:24.673,T,6886.0,1,,,
2026-04-13 14:19:24.673,Q,,,,6885.75,6886.25
2026-04-13 14:19:24.673,Q,,,,6885.75,6886.0
2026-04-13 14:19:24.674,T,6886.0,1,,,
2026-04-13 14:19:24.674,T,6885.75,1,,,
2026-04-13 14:19:24.674,T,6886.0,3,,,
2026-04-13 14:19:24.674,T,6886.0,1,,,
2026-04-13 14:19:24.674,T,6886.0,1,,,
2026-04-13 14:19:24.674,T,6886.0,1,,,
2026-04-13 14:19:24.674,T,6886.0,2,,,
2026-04-13 14:19:24.674,T,6886.0,1,,,
2026-04-13 14:19:24.674,T,6886.0,1,,,
2026-04-13 14:19:24.674,T,6886.0,1,,,
2026-04-13 14:19:24.674,T,6886.0,1,,,
2026-04-13 14:19:24.674,T,6886.0,1,,,
2026-04-13 14:19:24.674,T,6886.0,1,,,
2026-04-13 14:19:24.674,T,6886.0,1,,,
2026-04-13 14:19:24.674,T,6886.0,1,,,
2026-04-13 14:19:24.674,T,6886.0,1,,,
2026-04-13 14:19:24.674,T,6886.0,1,,,
2026-04-13 14:19:24.675,T,6886.0,1,,,
2026-04-13 14:19:24.675,T,6886.0,1,,,
2026-04-13 14:19:24.675,T,6886.0,1,,,
2026-04-13 14:19:24.675,T,6886.0,1,,,
2026-04-13 14:19:24.675,T,6886.0,1,,,
2026-04-13 14:19:24.675,T,6886.0,1,,,
2026-04-13 14:19:24.675,T,6886.0,1,,,
2026-04-13 14:19:24.675,T,6886.0,2,,,
2026-04-13 14:19:24.675,T,6886.0,1,,,
2026-04-13 14:19:24.675,T,6886.0,2,,,
2026-04-13 14:19:24.675,T,6886.0,1,,,
2026-04-13 14:19:24.675,T,6886.0,1,,,
2026-04-13 14:19:24.675,T,6886.0,1,,,
2026-04-13 14:19:24.675,T,6886.0,2,,,
2026-04-13 14:19:24.675,T,6886.0,1,,,
2026-04-13 14:19:24.675,T,6886.0,1,,,
2026-04-13 14:19:24.675,T,6886.0,1,,,
2026-04-13 14:19:24.675,T,6886.0,2,,,
2026-04-13 14:19:24.675,T,6886.0,1,,,
2026-04-13 14:19:24.675,T,6886.0,1,,,
2026-04-13 14:19:24.675,T,6886.0,1,,,
2026-04-13 14:19:24.675,T,6886.0,1,,,
2026-04-13 14:19:24.676,T,6886.0,1,,,
2026-04-13 14:19:24.676,T,6886.0,1,,,
2026-04-13 14:19:24.676,T,6886.0,1,,,
2026-04-13 14:19:24.676,T,6886.0,1,,,
2026-04-13 14:19:24.676,T,6886.0,1,,,
2026-04-13 14:19:24.676,T,6886.0,1,,,
2026-04-13 14:19:24.676,Q,,,,6885.75,6886.25
2026-04-13 14:19:24.676,Q,,,,6885.75,6886.0
2026-04-13 14:19:24.676,T,6885.75,2,,,
2026-04-13 14:19:24.676,T,6885.75,1,,,
2026-04-13 14:19:24.676,T,6885.75,1,,,
2026-04-13 14:19:24.676,T,6885.75,1,,,
2026-04-13 14:19:24.676,T,6885.75,1,,,
2026-04-13 14:19:24.676,T,6885.75,1,,,
2026-04-13 14:19:24.676,T,6885.75,1,,,
2026-04-13 14:19:24.676,T,6885.75,1,,,
2026-04-13 14:19:24.676,T,6885.75,1,,,
2026-04-13 14:19:24.676,T,6885.75,3,,,
2026-04-13 14:19:24.676,T,6885.75,1,,,
2026-04-13 14:19:24.676,T,6885.75,1,,,
2026-04-13 14:19:24.676,T,6885.75,1,,,
2026-04-13 14:19:24.676,T,6885.75,1,,,
2026-04-13 14:19:24.676,T,6885.75,7,,,
2026-04-13 14:19:24.676,T,6885.75,2,,,
2026-04-13 14:19:24.676,T,6885.75,1,,,
2026-04-13 14:19:24.676,T,6885.75,2,,,
2026-04-13 14:19:24.676,T,6885.75,1,,,
2026-04-13 14:19:24.676,T,6885.75,1,,,
2026-04-13 14:19:24.676,T,6885.75,1,,,
2026-04-13 14:19:24.676,T,6885.75,1,,,
2026-04-13 14:19:24.676,T,6885.75,1,,,
2026-04-13 14:19:24.676,T,6885.75,1,,,
2026-04-13 14:19:24.676,T,6885.75,1,,,
2026-04-13 14:19:24.676,T,6885.75,1,,,
2026-04-13 14:19:24.676,T,6885.75,1,,,
2026-04-13 14:19:24.676,T,6885.75,1,,,
2026-04-13 14:19:24.676,T,6885.75,2,,,
2026-04-13 14:19:24.677,T,6886.0,1,,,
2026-04-13 14:19:24.677,T,6886.0,1,,,
2026-04-13 14:19:24.677,T,6886.0,1,,,
2026-04-13 14:19:24.677,T,6886.0,1,,,
2026-04-13 14:19:24.677,T,6886.0,2,,,
2026-04-13 14:19:24.677,T,6886.0,1,,,
2026-04-13 14:19:24.677,T,6886.0,1,,,
2026-04-13 14:19:24.677,T,6886.0,3,,,
2026-04-13 14:19:24.677,T,6886.0,3,,,
2026-04-13 14:19:24.677,T,6886.0,1,,,
2026-04-13 14:19:24.677,T,6886.0,1,,,
2026-04-13 14:19:24.677,T,6886.0,1,,,
2026-04-13 14:19:24.677,T,6886.0,1,,,
2026-04-13 14:19:24.677,T,6886.0,1,,,
2026-04-13 14:19:24.677,T,6886.0,1,,,
2026-04-13 14:19:24.677,T,6886.0,1,,,
2026-04-13 14:19:24.677,T,6886.0,4,,,
2026-04-13 14:19:24.677,T,6886.0,1,,,
2026-04-13 14:19:24.677,T,6886.0,1,,,
2026-04-13 14:19:24.677,T,6886.0,1,,,
2026-04-13 14:19:24.677,T,6886.0,4,,,
2026-04-13 14:19:24.677,T,6886.0,1,,,
2026-04-13 14:19:24.677,T,6886.0,1,,,
2026-04-13 14:19:24.677,T,6886.0,1,,,
2026-04-13 14:19:24.677,T,6886.0,1,,,
2026-04-13 14:19:24.677,T,6886.0,2,,,
2026-04-13 14:19:24.677,T,6886.0,1,,,
2026-04-13 14:19:24.677,T,6886.0,1,,,
2026-04-13 14:19:24.677,T,6886.0,1,,,
2026-04-13 14:19:24.677,T,6885.75,1,,,
2026-04-13 14:19:24.677,T,6886.0,1,,,
2026-04-13 14:19:24.678,T,6885.75,1,,,
2026-04-13 14:19:24.678,T,6885.75,1,,,
2026-04-13 14:19:24.678,T,6885.75,1,,,
2026-04-13 14:19:24.678,T,6885.75,1,,,
2026-04-13 14:19:24.678,T,6885.75,1,,,
2026-04-13 14:19:24.678,T,6885.75,1,,,
2026-04-13 14:19:24.678,T,6885.75,2,,,
2026-04-13 14:19:24.678,T,6885.75,1,,,
2026-04-13 14:19:24.679,T,6886.0,1,,,
2026-04-13 14:19:24.679,T,6885.75,1,,,
2026-04-13 14:19:24.679,T,6885.75,1,,,
2026-04-13 14:19:24.679,T,6885.75,2,,,
2026-04-13 14:19:24.680,T,6885.75,1,,,
2026-04-13 14:19:24.680,T,6885.75,1,,,
2026-04-13 14:19:24.680,T,6885.75,1,,,
2026-04-13 14:19:24.680,T,6885.75,1,,,
2026-04-13 14:19:24.680,T,6885.75,1,,,
2026-04-13 14:19:24.680,T,6885.75,1,,,
2026-04-13 14:19:24.680,T,6885.75,1,,,
2026-04-13 14:19:24.680,T,6885.75,1,,,
2026-04-13 14:19:24.680,T,6885.75,3,,,
2026-04-13 14:19:24.680,T,6885.75,1,,,
2026-04-13 14:19:24.680,T,6885.75,1,,,
2026-04-13 14:19:24.680,T,6885.75,1,,,
2026-04-13 14:19:24.680,T,6885.75,1,,,
2026-04-13 14:19:24.680,T,6885.75,1,,,
2026-04-13 14:19:24.680,T,6885.75,1,,,
2026-04-13 14:19:24.680,T,6885.75,1,,,
2026-04-13 14:19:24.680,T,6885.75,3,,,
2026-04-13 14:19:24.680,T,6885.75,1,,,
2026-04-13 14:19:24.680,T,6885.75,1,,,
2026-04-13 14:19:24.680,T,6885.75,1,,,
2026-04-13 14:19:24.680,T,6885.75,1,,,
2026-04-13 14:19:24.680,T,6885.75,1,,,
2026-04-13 14:19:24.680,T,6885.75,1,,,
2026-04-13 14:19:24.680,T,6885.75,1,,,
2026-04-13 14:19:24.680,T,6885.75,1,,,
2026-04-13 14:19:24.681,Q,,,,6885.5,6886.0
2026-04-13 14:19:24.681,Q,,,,6885.5,6885.75
2026-04-13 14:19:24.681,T,6885.75,1,,,
2026-04-13 14:19:24.681,T,6885.75,1,,,
2026-04-13 14:19:24.681,Q,,,,6885.75,6886.0
2026-04-13 14:19:24.681,T,6885.75,1,,,
2026-04-13 14:19:24.682,T,6886.0,1,,,
2026-04-13 14:19:24.682,T,6886.0,1,,,
2026-04-13 14:19:24.682,T,6886.0,1,,,
2026-04-13 14:19:24.682,T,6886.0,1,,,
2026-04-13 14:19:24.682,T,6886.0,1,,,
2026-04-13 14:19:24.682,T,6886.0,1,,,
2026-04-13 14:19:24.682,T,6886.0,1,,,
2026-04-13 14:19:24.682,T,6886.0,1,,,
2026-04-13 14:19:24.682,T,6886.0,7,,,
2026-04-13 14:19:24.682,T,6886.0,1,,,
2026-04-13 14:19:24.682,T,6886.0,1,,,
2026-04-13 14:19:24.682,T,6886.0,1,,,
2026-04-13 14:19:24.682,T,6886.0,1,,,
2026-04-13 14:19:24.682,T,6886.0,1,,,
2026-04-13 14:19:24.682,T,6886.0,1,,,
2026-04-13 14:19:24.682,T,6886.0,1,,,
2026-04-13 14:19:24.682,T,6886.0,2,,,
2026-04-13 14:19:24.682,T,6886.0,2,,,
2026-04-13 14:19:24.682,T,6886.0,1,,,
2026-04-13 14:19:24.682,T,6886.0,1,,,
2026-04-13 14:19:24.682,T,6886.0,1,,,
2026-04-13 14:19:24.682,T,6886.0,1,,,
2026-04-13 14:19:24.682,T,6886.0,1,,,
2026-04-13 14:19:24.682,T,6886.0,2,,,
2026-04-13 14:19:24.682,T,6886.0,1,,,
2026-04-13 14:19:24.682,T,6886.0,1,,,
2026-04-13 14:19:24.682,T,6886.0,1,,,
2026-04-13 14:19:24.682,T,6886.0,1,,,
2026-04-13 14:19:24.682,T,6886.0,1,,,
2026-04-13 14:19:24.682,T,6886.0,1,,,
2026-04-13 14:19:24.682,T,6886.0,1,,,
2026-04-13 14:19:24.682,T,6886.0,1,,,
2026-04-13 14:19:24.682,T,6886.0,1,,,
2026-04-13 14:19:24.682,T,6886.0,1,,,
2026-04-13 14:19:24.682,T,6886.0,1,,,
2026-04-13 14:19:24.683,T,6886.0,2,,,
2026-04-13 14:19:24.683,T,6886.0,1,,,
2026-04-13 14:19:24.683,T,6886.0,1,,,
2026-04-13 14:19:24.683,T,6886.0,1,,,
2026-04-13 14:19:24.683,T,6886.0,1,,,
2026-04-13 14:19:24.683,T,6886.0,2,,,
2026-04-13 14:19:24.683,T,6886.0,1,,,
2026-04-13 14:19:24.683,T,6886.0,1,,,
2026-04-13 14:19:24.683,T,6886.0,1,,,
2026-04-13 14:19:24.683,T,6886.0,1,,,
2026-04-13 14:19:24.683,T,6886.0,1,,,
2026-04-13 14:19:24.683,T,6886.0,1,,,
2026-04-13 14:19:24.683,T,6886.0,1,,,
2026-04-13 14:19:24.683,T,6886.0,1,,,
2026-04-13 14:19:24.683,T,6886.0,3,,,
2026-04-13 14:19:24.683,T,6886.0,1,,,
2026-04-13 14:19:24.683,T,6886.0,1,,,
2026-04-13 14:19:24.683,T,6885.75,1,,,
2026-04-13 14:19:24.683,T,6885.75,1,,,
2026-04-13 14:19:24.684,T,6886.0,1,,,
2026-04-13 14:19:24.684,T,6885.75,1,,,
2026-04-13 14:19:24.684,T,6886.0,1,,,
2026-04-13 14:19:24.684,T,6886.0,1,,,
2026-04-13 14:19:24.684,T,6886.0,1,,,
2026-04-13 14:19:24.684,T,6886.0,1,,,
2026-04-13 14:19:24.684,T,6886.0,1,,,
2026-04-13 14:19:24.684,T,6886.0,1,,,
2026-04-13 14:19:24.684,T,6886.0,1,,,
2026-04-13 14:19:24.684,T,6886.0,1,,,
2026-04-13 14:19:24.684,T,6886.0,1,,,
2026-04-13 14:19:24.684,T,6886.0,1,,,
2026-04-13 14:19:24.684,T,6886.0,1,,,
2026-04-13 14:19:24.684,T,6886.0,4,,,
2026-04-13 14:19:24.684,T,6886.0,1,,,
2026-04-13 14:19:24.685,Q,,,,6885.75,6886.25
2026-04-13 14:19:24.685,T,6886.0,1,,,
2026-04-13 14:19:24.685,T,6886.0,1,,,
2026-04-13 14:19:24.685,T,6886.0,1,,,
2026-04-13 14:19:24.685,T,6886.0,1,,,
2026-04-13 14:19:24.685,T,6886.0,1,,,
2026-04-13 14:19:24.685,T,6886.0,1,,,
2026-04-13 14:19:24.685,T,6886.0,1,,,
2026-04-13 14:19:24.685,T,6886.0,3,,,
2026-04-13 14:19:24.685,T,6886.0,3,,,
2026-04-13 14:19:24.685,T,6886.0,1,,,
2026-04-13 14:19:24.685,T,6886.0,1,,,
2026-04-13 14:19:24.685,T,6886.0,1,,,
2026-04-13 14:19:24.685,T,6886.0,1,,,
2026-04-13 14:19:24.685,T,6886.0,1,,,
2026-04-13 14:19:24.685,Q,,,,6885.75,6886.0
2026-04-13 14:19:24.685,Q,,,,6886.0,6886.25
2026-04-13 14:19:24.685,Q,,,,6886.25,6886.5
2026-04-13 14:19:24.685,T,6886.25,1,,,
2026-04-13 14:19:24.685,T,6886.25,1,,,
2026-04-13 14:19:24.685,T,6886.25,1,,,
2026-04-13 14:19:24.685,T,6886.25,1,,,
2026-04-13 14:19:24.685,T,6886.25,1,,,
2026-04-13 14:19:24.685,T,6886.25,1,,,
2026-04-13 14:19:24.685,T,6886.25,5,,,
2026-04-13 14:19:24.685,T,6886.25,1,,,
2026-04-13 14:19:24.685,T,6886.25,1,,,
2026-04-13 14:19:24.685,T,6886.25,1,,,
2026-04-13 14:19:24.685,T,6886.25,2,,,
2026-04-13 14:19:24.685,T,6886.25,2,,,
2026-04-13 14:19:24.685,T,6886.25,1,,,
2026-04-13 14:19:24.685,T,6886.25,1,,,
2026-04-13 14:19:24.685,T,6886.25,1,,,
2026-04-13 14:19:24.685,T,6886.25,1,,,
2026-04-13 14:19:24.685,T,6886.5,1,,,
2026-04-13 14:19:24.685,T,6886.5,1,,,
2026-04-13 14:19:24.685,T,6886.5,1,,,
2026-04-13 14:19:24.685,T,6886.5,1,,,
2026-04-13 14:19:24.685,T,6886.5,1,,,
2026-04-13 14:19:24.685,T,6886.5,1,,,
2026-04-13 14:19:24.686,T,6886.5,1,,,
2026-04-13 14:19:24.686,Q,,,,6886.5,6886.75
2026-04-13 14:19:24.686,T,6886.5,1,,,
2026-04-13 14:19:24.686,T,6886.5,1,,,
2026-04-13 14:19:24.686,T,6886.5,1,,,
2026-04-13 14:19:24.686,T,6886.5,1,,,
2026-04-13 14:19:24.686,T,6886.5,1,,,
2026-04-13 14:19:24.686,T,6886.5,1,,,
2026-04-13 14:19:24.686,T,6886.5,1,,,
2026-04-13 14:19:24.686,T,6886.5,1,,,
2026-04-13 14:19:24.686,T,6886.5,1,,,
2026-04-13 14:19:24.686,T,6886.5,1,,,
2026-04-13 14:19:24.686,T,6886.5,1,,,
2026-04-13 14:19:24.686,T,6886.5,1,,,
2026-04-13 14:19:24.686,T,6886.5,1,,,
2026-04-13 14:19:24.686,T,6886.5,1,,,
2026-04-13 14:19:24.686,T,6886.5,1,,,
2026-04-13 14:19:24.686,T,6886.5,1,,,
2026-04-13 14:19:24.686,T,6886.5,1,,,
2026-04-13 14:19:24.686,T,6886.5,3,,,
2026-04-13 14:19:24.686,T,6886.5,1,,,
2026-04-13 14:19:24.686,T,6886.5,2,,,
2026-04-13 14:19:24.686,T,6886.5,1,,,
2026-04-13 14:19:24.686,T,6886.5,2,,,
2026-04-13 14:19:24.686,T,6886.5,3,,,
2026-04-13 14:19:24.686,T,6886.5,1,,,
2026-04-13 14:19:24.686,T,6886.5,1,,,
2026-04-13 14:19:24.686,T,6886.5,1,,,
2026-04-13 14:19:24.686,T,6886.5,2,,,
2026-04-13 14:19:24.686,T,6886.5,1,,,
2026-04-13 14:19:24.686,T,6886.5,1,,,
2026-04-13 14:19:24.686,T,6886.5,1,,,
2026-04-13 14:19:24.687,T,6886.75,1,,,
2026-04-13 14:19:24.687,T,6886.75,1,,,
2026-04-13 14:19:24.687,T,6886.75,1,,,
2026-04-13 14:19:24.687,T,6886.75,1,,,
2026-04-13 14:19:24.687,T,6886.75,1,,,
2026-04-13 14:19:24.687,T,6886.75,1,,,
2026-04-13 14:19:24.687,T,6886.75,1,,,
2026-04-13 14:19:24.687,T,6886.75,1,,,
2026-04-13 14:19:24.687,T,6886.75,1,,,
2026-04-13 14:19:24.687,T,6886.75,1,,,
2026-04-13 14:19:24.687,T,6886.75,1,,,
2026-04-13 14:19:24.687,T,6886.75,1,,,
2026-04-13 14:19:24.687,T,6886.75,1,,,
2026-04-13 14:19:24.687,T,6886.75,1,,,
2026-04-13 14:19:24.687,T,6886.75,1,,,
2026-04-13 14:19:24.687,T,6886.75,1,,,
2026-04-13 14:19:24.687,T,6886.75,1,,,
2026-04-13 14:19:24.687,T,6886.75,1,,,
2026-04-13 14:19:24.687,T,6886.75,1,,,
2026-04-13 14:19:24.687,T,6886.75,3,,,
2026-04-13 14:19:24.687,T,6886.75,1,,,
2026-04-13 14:19:24.687,T,6886.75,1,,,
2026-04-13 14:19:24.687,T,6886.75,1,,,
2026-04-13 14:19:24.687,T,6886.5,1,,,
2026-04-13 14:19:24.687,T,6886.75,2,,,
2026-04-13 14:19:24.687,T,6886.75,2,,,
2026-04-13 14:19:24.687,T,6886.75,1,,,
2026-04-13 14:19:24.687,T,6886.75,1,,,
2026-04-13 14:19:24.687,T,6886.75,1,,,
2026-04-13 14:19:24.687,T,6886.75,1,,,
2026-04-13 14:19:24.688,Q,,,,6886.75,6887.0
2026-04-13 14:19:24.688,T,6887.0,1,,,
2026-04-13 14:19:24.688,T,6887.0,1,,,
2026-04-13 14:19:24.688,T,6886.75,1,,,
2026-04-13 14:19:24.688,T,6887.0,1,,,
2026-04-13 14:19:24.688,T,6887.0,1,,,
2026-04-13 14:19:24.688,T,6887.0,1,,,
2026-04-13 14:19:24.688,T,6887.0,1,,,
2026-04-13 14:19:24.688,T,6887.0,1,,,
2026-04-13 14:19:24.688,T,6887.0,1,,,
2026-04-13 14:19:24.688,T,6887.0,1,,,
2026-04-13 14:19:24.688,T,6887.0,1,,,
2026-04-13 14:19:24.688,T,6887.0,1,,,
2026-04-13 14:19:24.688,T,6887.0,1,,,
2026-04-13 14:19:24.688,T,6887.0,1,,,
2026-04-13 14:19:24.688,T,6887.0,1,,,
2026-04-13 14:19:24.688,T,6887.0,1,,,
2026-04-13 14:19:24.688,T,6887.0,1,,,
2026-04-13 14:19:24.688,T,6887.0,1,,,
2026-04-13 14:19:24.688,T,6887.0,1,,,
2026-04-13 14:19:24.688,T,6887.0,1,,,
2026-04-13 14:19:24.688,T,6887.0,3,,,
2026-04-13 14:19:24.688,T,6887.0,1,,,
2026-04-13 14:19:24.689,T,6887.0,1,,,
2026-04-13 14:19:24.689,Q,,,,6886.75,6887.25
2026-04-13 14:19:24.689,T,6887.0,1,,,
2026-04-13 14:19:24.689,T,6887.0,1,,,
2026-04-13 14:19:24.689,T,6887.0,1,,,
2026-04-13 14:19:24.689,T,6887.0,1,,,
2026-04-13 14:19:24.689,T,6887.0,1,,,
2026-04-13 14:19:24.689,T,6887.0,1,,,
2026-04-13 14:19:24.689,T,6887.0,1,,,
2026-04-13 14:19:24.689,T,6887.0,1,,,
2026-04-13 14:19:24.689,T,6887.0,1,,,
2026-04-13 14:19:24.689,T,6887.0,1,,,
2026-04-13 14:19:24.689,T,6887.0,1,,,
2026-04-13 14:19:24.689,T,6887.0,1,,,
2026-04-13 14:19:24.689,T,6887.0,1,,,
2026-04-13 14:19:24.689,Q,,,,6886.75,6887.0
2026-04-13 14:19:24.689,T,6887.0,3,,,
2026-04-13 14:19:24.689,T,6887.0,1,,,
2026-04-13 14:19:24.689,T,6887.0,1,,,
2026-04-13 14:19:24.689,T,6887.0,1,,,
2026-04-13 14:19:24.689,T,6887.0,1,,,
2026-04-13 14:19:24.690,T,6887.0,1,,,
2026-04-13 14:19:24.690,T,6886.75,1,,,
2026-04-13 14:19:24.690,T,6887.0,1,,,
2026-04-13 14:19:24.690,T,6886.75,2,,,
2026-04-13 14:19:24.690,T,6886.75,1,,,
2026-04-13 14:19:24.691,T,6887.0,3,,,
2026-04-13 14:19:24.691,T,6887.0,1,,,
2026-04-13 14:19:24.691,T,6887.0,1,,,
2026-04-13 14:19:24.691,T,6887.0,1,,,
2026-04-13 14:19:24.691,T,6886.75,1,,,
2026-04-13 14:19:24.691,T,6887.0,1,,,
2026-04-13 14:19:24.691,T,6887.0,1,,,
2026-04-13 14:19:24.691,T,6887.0,1,,,
2026-04-13 14:19:24.691,T,6887.0,1,,,
2026-04-13 14:19:24.691,T,6887.0,1,,,
2026-04-13 14:19:24.691,T,6887.0,1,,,
2026-04-13 14:19:24.691,T,6887.0,1,,,
2026-04-13 14:19:24.691,T,6887.0,1,,,
2026-04-13 14:19:24.691,T,6887.0,1,,,
2026-04-13 14:19:24.691,T,6887.0,2,,,
2026-04-13 14:19:24.691,T,6887.0,1,,,
2026-04-13 14:19:24.691,T,6887.0,3,,,
2026-04-13 14:19:24.691,T,6887.0,1,,,
2026-04-13 14:19:24.691,T,6887.0,1,,,
2026-04-13 14:19:24.691,T,6887.0,1,,,
2026-04-13 14:19:24.691,T,6887.0,1,,,
2026-04-13 14:19:24.691,T,6887.0,1,,,
2026-04-13 14:19:24.691,T,6887.0,1,,,
2026-04-13 14:19:24.691,T,6887.0,1,,,
2026-04-13 14:19:24.691,T,6887.0,1,,,
2026-04-13 14:19:24.692,T,6887.0,1,,,
2026-04-13 14:19:24.692,T,6887.0,1,,,
2026-04-13 14:19:24.692,T,6887.0,1,,,
2026-04-13 14:19:24.692,Q,,,,6887.0,6887.25
2026-04-13 14:19:24.692,T,6887.0,1,,,
2026-04-13 14:19:24.692,T,6887.25,1,,,
2026-04-13 14:19:24.692,T,6887.25,1,,,
2026-04-13 14:19:24.692,T,6887.25,1,,,
2026-04-13 14:19:24.692,T,6887.25,1,,,
2026-04-13 14:19:24.692,T,6887.25,1,,,
2026-04-13 14:19:24.692,T,6887.25,1,,,
2026-04-13 14:19:24.692,T,6887.0,1,,,
2026-04-13 14:19:24.692,T,6887.25,1,,,
2026-04-13 14:19:24.692,T,6887.25,1,,,
2026-04-13 14:19:24.692,T,6887.25,1,,,
2026-04-13 14:19:24.692,T,6887.25,1,,,
2026-04-13 14:19:24.692,T,6887.25,1,,,
2026-04-13 14:19:24.692,T,6887.25,1,,,
2026-04-13 14:19:24.692,T,6887.25,1,,,
2026-04-13 14:19:24.692,T,6887.25,1,,,
2026-04-13 14:19:24.692,T,6887.25,1,,,
2026-04-13 14:19:24.693,T,6887.25,1,,,
2026-04-13 14:19:24.693,T,6887.25,1,,,
2026-04-13 14:19:24.693,T,6887.25,1,,,
2026-04-13 14:19:24.693,T,6887.25,1,,,
2026-04-13 14:19:24.693,T,6887.25,1,,,
2026-04-13 14:19:24.693,T,6887.25,1,,,
2026-04-13 14:19:24.693,T,6887.25,1,,,
2026-04-13 14:19:24.693,Q,,,,6887.25,6887.5
2026-04-13 14:19:24.694,T,6887.25,1,,,
2026-04-13 14:19:24.694,T,6887.25,3,,,
2026-04-13 14:19:24.694,T,6887.25,1,,,
2026-04-13 14:19:24.694,T,6887.25,1,,,
2026-04-13 14:19:24.694,T,6887.25,1,,,
2026-04-13 14:19:24.694,T,6887.25,1,,,
2026-04-13 14:19:24.694,T,6887.25,1,,,
2026-04-13 14:19:24.694,T,6887.25,1,,,
2026-04-13 14:19:24.694,T,6887.25,1,,,
2026-04-13 14:19:24.694,T,6887.25,1,,,
2026-04-13 14:19:24.694,T,6887.25,1,,,
2026-04-13 14:19:24.694,Q,,,,6887.0,6887.25
2026-04-13 14:19:24.694,T,6887.25,1,,,
2026-04-13 14:19:24.695,T,6887.25,1,,,
2026-04-13 14:19:24.695,T,6887.25,1,,,
2026-04-13 14:19:24.695,T,6887.25,1,,,
2026-04-13 14:19:24.695,T,6887.25,1,,,
2026-04-13 14:19:24.695,T,6887.25,1,,,
2026-04-13 14:19:24.695,T,6887.25,1,,,
2026-04-13 14:19:24.695,T,6887.25,1,,,
2026-04-13 14:19:24.695,T,6887.25,1,,,
2026-04-13 14:19:24.695,T,6887.25,1,,,
2026-04-13 14:19:24.695,T,6887.25,1,,,
2026-04-13 14:19:24.695,T,6887.25,1,,,
2026-04-13 14:19:24.695,T,6887.25,1,,,
2026-04-13 14:19:24.696,T,6887.25,1,,,
2026-04-13 14:19:24.696,T,6887.25,1,,,
2026-04-13 14:19:24.696,Q,,,,6887.25,6887.5
2026-04-13 14:19:24.696,T,6887.25,1,,,
2026-04-13 14:19:24.696,T,6887.25,1,,,
2026-04-13 14:19:24.696,T,6887.25,1,,,
2026-04-13 14:19:24.696,T,6887.25,1,,,
2026-04-13 14:19:24.696,T,6887.25,1,,,
2026-04-13 14:19:24.696,T,6887.25,1,,,
2026-04-13 14:19:24.696,T,6887.25,1,,,
2026-04-13 14:19:24.696,T,6887.5,1,,,
2026-04-13 14:19:24.696,T,6887.5,1,,,
2026-04-13 14:19:24.696,T,6887.5,1,,,
2026-04-13 14:19:24.696,T,6887.5,1,,,
2026-04-13 14:19:24.696,T,6887.5,1,,,
2026-04-13 14:19:24.696,T,6887.5,1,,,
2026-04-13 14:19:24.697,T,6887.5,1,,,
2026-04-13 14:19:24.697,Q,,,,6887.0,6887.25
2026-04-13 14:19:24.697,T,6887.25,1,,,
2026-04-13 14:19:24.697,T,6887.25,1,,,
2026-04-13 14:19:24.697,T,6887.25,1,,,
2026-04-13 14:19:24.697,T,6887.25,1,,,
2026-04-13 14:19:24.697,T,6887.25,1,,,
2026-04-13 14:19:24.697,T,6887.25,1,,,
2026-04-13 14:19:24.697,T,6887.0,1,,,
2026-04-13 14:19:24.697,T,6887.0,1,,,
2026-04-13 14:19:24.697,T,6887.0,1,,,
2026-04-13 14:19:24.697,T,6887.0,1,,,
2026-04-13 14:19:24.698,T,6887.0,1,,,
2026-04-13 14:19:24.698,T,6887.0,2,,,
2026-04-13 14:19:24.698,T,6887.0,1,,,
2026-04-13 14:19:24.698,T,6887.0,1,,,
2026-04-13 14:19:24.698,T,6887.0,1,,,
2026-04-13 14:19:24.698,T,6887.0,1,,,
2026-04-13 14:19:24.698,T,6887.0,1,,,
2026-04-13 14:19:24.698,T,6887.0,1,,,
2026-04-13 14:19:24.698,T,6887.0,1,,,
2026-04-13 14:19:24.698,T,6887.0,1,,,
2026-04-13 14:19:24.698,T,6887.0,2,,,
2026-04-13 14:19:24.698,T,6887.0,1,,,
2026-04-13 14:19:24.698,T,6887.0,1,,,
2026-04-13 14:19:24.698,T,6887.0,1,,,
2026-04-13 14:19:24.698,T,6887.0,1,,,
2026-04-13 14:19:24.698,T,6887.0,1,,,
2026-04-13 14:19:24.698,T,6887.0,1,,,
2026-04-13 14:19:24.698,T,6887.0,1,,,
2026-04-13 14:19:24.698,T,6887.0,1,,,
2026-04-13 14:19:24.698,T,6887.0,1,,,
2026-04-13 14:19:24.698,T,6887.0,1,,,
2026-04-13 14:19:24.698,T,6887.0,2,,,
2026-04-13 14:19:24.698,T,6887.0,2,,,
2026-04-13 14:19:24.698,T,6887.0,2,,,
2026-04-13 14:19:24.698,T,6887.0,1,,,
2026-04-13 14:19:24.698,T,6887.0,1,,,
2026-04-13 14:19:24.698,T,6887.0,1,,,
2026-04-13 14:19:24.698,T,6887.0,1,,,
2026-04-13 14:19:24.698,T,6887.0,1,,,
2026-04-13 14:19:24.698,T,6887.0,1,,,
2026-04-13 14:19:24.698,T,6887.0,2,,,
2026-04-13 14:19:24.698,T,6887.0,1,,,
2026-04-13 14:19:24.698,T,6887.0,1,,,
2026-04-13 14:19:24.698,T,6887.0,1,,,
2026-04-13 14:19:24.698,T,6887.0,1,,,
2026-04-13 14:19:24.698,T,6887.0,1,,,
2026-04-13 14:19:24.698,T,6887.0,1,,,
2026-04-13 14:19:24.698,T,6887.0,1,,,
2026-04-13 14:19:24.698,T,6887.0,3,,,
2026-04-13 14:19:24.698,T,6887.0,2,,,
2026-04-13 14:19:24.698,T,6887.0,2,,,
2026-04-13 14:19:24.698,T,6887.0,1,,,
2026-04-13 14:19:24.698,T,6887.0,1,,,
2026-04-13 14:19:24.698,T,6887.0,1,,,
2026-04-13 14:19:24.698,T,6887.0,1,,,
2026-04-13 14:19:24.698,T,6887.0,1,,,
2026-04-13 14:19:24.698,T,6887.0,2,,,
2026-04-13 14:19:24.698,T,6887.0,1,,,
2026-04-13 14:19:24.698,T,6887.0,1,,,
2026-04-13 14:19:24.698,T,6887.0,1,,,
2026-04-13 14:19:24.698,T,6887.0,1,,,
2026-04-13 14:19:24.698,T,6887.0,1,,,
2026-04-13 14:19:24.698,T,6887.0,1,,,
2026-04-13 14:19:24.698,T,6887.0,1,,,
2026-04-13 14:19:24.698,T,6887.0,1,,,
2026-04-13 14:19:24.698,T,6887.25,1,,,
2026-04-13 14:19:24.698,T,6887.0,1,,,
2026-04-13 14:19:24.698,T,6887.0,2,,,
2026-04-13 14:19:24.698,T,6887.0,1,,,
2026-04-13 14:19:24.698,T,6887.0,1,,,
2026-04-13 14:19:24.698,T,6887.0,1,,,
2026-04-13 14:19:24.698,T,6887.0,1,,,
2026-04-13 14:19:24.698,T,6887.0,1,,,
2026-04-13 14:19:24.698,T,6887.0,1,,,
2026-04-13 14:19:24.698,T,6887.0,1,,,
2026-04-13 14:19:24.698,T,6887.0,1,,,
2026-04-13 14:19:24.698,T,6887.0,1,,,
2026-04-13 14:19:24.698,T,6887.0,1,,,
2026-04-13 14:19:24.698,T,6887.0,1,,,
2026-04-13 14:19:24.699,T,6887.0,1,,,
2026-04-13 14:19:24.699,T,6887.0,4,,,
2026-04-13 14:19:24.699,T,6887.0,1,,,
2026-04-13 14:19:24.699,T,6887.0,1,,,
2026-04-13 14:19:24.699,T,6887.0,1,,,
2026-04-13 14:19:24.699,T,6887.0,1,,,
2026-04-13 14:19:24.699,T,6887.0,1,,,
2026-04-13 14:19:24.699,T,6887.0,1,,,
2026-04-13 14:19:24.699,T,6887.0,1,,,
2026-04-13 14:19:24.699,T,6887.0,1,,,
2026-04-13 14:19:24.699,T,6887.0,1,,,
2026-04-13 14:19:24.699,T,6887.0,1,,,
2026-04-13 14:19:24.699,T,6887.0,1,,,
2026-04-13 14:19:24.699,T,6887.0,1,,,
2026-04-13 14:19:24.699,T,6887.0,1,,,
2026-04-13 14:19:24.699,T,6887.0,1,,,
2026-04-13 14:19:24.699,Q,,,,6886.75,6887.0
2026-04-13 14:19:24.699,T,6887.0,1,,,
2026-04-13 14:19:24.699,T,6887.0,1,,,
2026-04-13 14:19:24.699,T,6887.0,1,,,
2026-04-13 14:19:24.700,T,6887.0,1,,,
2026-04-13 14:19:24.700,Q,,,,6886.75,6887.25
2026-04-13 14:19:24.700,Q,,,,6887.0,6887.25
2026-04-13 14:19:24.700,T,6887.0,1,,,
2026-04-13 14:19:24.700,Q,,,,6886.75,6887.25
2026-04-13 14:19:24.700,T,6887.0,1,,,
2026-04-13 14:19:24.700,T,6887.0,1,,,
2026-04-13 14:19:24.700,T,6887.0,1,,,
2026-04-13 14:19:24.700,T,6887.0,4,,,
2026-04-13 14:19:24.700,T,6887.0,1,,,
2026-04-13 14:19:24.700,T,6887.0,1,,,
2026-04-13 14:19:24.700,T,6887.0,1,,,
2026-04-13 14:19:24.700,T,6887.0,1,,,
2026-04-13 14:19:24.700,T,6887.0,1,,,
2026-04-13 14:19:24.700,Q,,,,6886.75,6887.0
2026-04-13 14:19:24.700,T,6887.0,1,,,
2026-04-13 14:19:24.700,T,6887.0,1,,,
2026-04-13 14:19:24.700,T,6887.0,1,,,
2026-04-13 14:19:24.700,T,6887.0,1,,,
2026-04-13 14:19:24.701,Q,,,,6886.75,6887.25
2026-04-13 14:19:24.701,T,6887.25,1,,,
2026-04-13 14:19:24.701,T,6887.0,1,,,
2026-04-13 14:19:24.701,T,6887.0,1,,,
2026-04-13 14:19:24.701,Q,,,,6886.75,6887.0
2026-04-13 14:19:24.701,T,6887.0,1,,,
2026-04-13 14:19:24.701,T,6887.0,1,,,
2026-04-13 14:19:24.701,T,6886.75,1,,,
2026-04-13 14:19:24.701,T,6886.75,1,,,
2026-04-13 14:19:24.701,T,6886.75,1,,,
2026-04-13 14:19:24.702,Q,,,,6886.5,6887.0
2026-04-13 14:19:24.702,T,6886.75,1,,,
2026-04-13 14:19:24.702,T,6886.75,1,,,
2026-04-13 14:19:24.702,T,6886.75,1,,,
2026-04-13 14:19:24.702,T,6886.75,1,,,
2026-04-13 14:19:24.702,T,6886.75,1,,,
2026-04-13 14:19:24.702,T,6886.75,1,,,
2026-04-13 14:19:24.702,T,6886.75,1,,,
2026-04-13 14:19:24.702,T,6886.75,1,,,
2026-04-13 14:19:24.702,T,6886.75,1,,,
2026-04-13 14:19:24.702,T,6886.75,1,,,
2026-04-13 14:19:24.702,T,6886.75,2,,,
2026-04-13 14:19:24.702,T,6886.75,1,,,
2026-04-13 14:19:24.702,T,6886.75,3,,,
2026-04-13 14:19:24.702,T,6886.75,1,,,
2026-04-13 14:19:24.702,T,6886.75,2,,,
2026-04-13 14:19:24.702,T,6886.75,2,,,
2026-04-13 14:19:24.702,T,6886.75,1,,,
2026-04-13 14:19:24.702,T,6886.75,1,,,
2026-04-13 14:19:24.702,T,6886.75,1,,,
2026-04-13 14:19:24.702,T,6886.75,2,,,
2026-04-13 14:19:24.702,T,6886.75,1,,,
2026-04-13 14:19:24.702,T,6886.75,1,,,
2026-04-13 14:19:24.702,T,6886.75,1,,,
2026-04-13 14:19:24.702,T,6886.75,1,,,
2026-04-13 14:19:24.702,T,6886.75,1,,,
2026-04-13 14:19:24.702,T,6886.75,1,,,
2026-04-13 14:19:24.702,T,6886.75,1,,,
2026-04-13 14:19:24.702,T,6886.75,1,,,
2026-04-13 14:19:24.702,T,6886.75,1,,,
2026-04-13 14:19:24.702,T,6886.75,1,,,
2026-04-13 14:19:24.702,T,6886.75,1,,,
2026-04-13 14:19:24.702,Q,,,,6886.5,6886.75
2026-04-13 14:19:24.703,Q,,,,6886.75,6887.0
2026-04-13 14:19:24.703,T,6886.75,1,,,
2026-04-13 14:19:24.703,T,6886.75,1,,,
2026-04-13 14:19:24.703,T,6886.75,1,,,
2026-04-13 14:19:24.703,T,6886.75,1,,,
2026-04-13 14:19:24.703,Q,,,,6886.5,6886.75
2026-04-13 14:19:24.703,T,6886.75,1,,,
2026-04-13 14:19:24.703,T,6886.75,1,,,
2026-04-13 14:19:24.703,T,6886.75,1,,,
2026-04-13 14:19:24.703,T,6886.75,1,,,
2026-04-13 14:19:24.703,T,6886.75,1,,,
2026-04-13 14:19:24.703,T,6886.75,1,,,
2026-04-13 14:19:24.703,T,6886.75,2,,,
2026-04-13 14:19:24.703,T,6886.75,1,,,
2026-04-13 14:19:24.703,T,6886.75,1,,,
2026-04-13 14:19:24.703,T,6886.75,1,,,
2026-04-13 14:19:24.703,T,6886.75,1,,,
2026-04-13 14:19:24.703,T,6886.75,1,,,
2026-04-13 14:19:24.703,T,6886.75,1,,,
2026-04-13 14:19:24.704,Q,,,,6886.5,6887.0
2026-04-13 14:19:24.704,Q,,,,6886.75,6887.0
2026-04-13 14:19:24.704,T,6886.75,1,,,
2026-04-13 14:19:24.704,T,6886.75,2,,,
2026-04-13 14:19:24.704,T,6886.75,1,,,
2026-04-13 14:19:24.704,T,6887.0,3,,,
2026-04-13 14:19:24.704,T,6887.0,1,,,
2026-04-13 14:19:24.704,T,6887.0,1,,,
2026-04-13 14:19:24.705,Q,,,,6886.5,6887.0
2026-04-13 14:19:24.705,T,6886.75,1,,,
2026-04-13 14:19:24.705,T,6886.75,1,,,
2026-04-13 14:19:24.705,T,6886.75,1,,,
2026-04-13 14:19:24.705,T,6886.75,1,,,
2026-04-13 14:19:24.705,T,6886.75,1,,,
2026-04-13 14:19:24.705,T,6886.75,1,,,
2026-04-13 14:19:24.705,T,6886.75,1,,,
2026-04-13 14:19:24.705,T,6886.75,1,,,
2026-04-13 14:19:24.705,T,6886.5,1,,,
2026-04-13 14:19:24.705,T,6886.75,1,,,
2026-04-13 14:19:24.705,T,6886.75,1,,,
2026-04-13 14:19:24.705,T,6886.75,1,,,
2026-04-13 14:19:24.705,Q,,,,6886.75,6887.0
2026-04-13 14:19:24.705,T,6886.75,1,,,
2026-04-13 14:19:24.706,T,6886.75,1,,,
2026-04-13 14:19:24.706,Q,,,,6886.5,6886.75
2026-04-13 14:19:24.706,T,6886.75,1,,,
2026-04-13 14:19:24.706,T,6886.75,2,,,
2026-04-13 14:19:24.706,T,6886.75,2,,,
2026-04-13 14:19:24.706,T,6886.75,1,,,
2026-04-13 14:19:24.706,T,6886.75,1,,,
2026-04-13 14:19:24.706,T,6886.75,1,,,
2026-04-13 14:19:24.706,T,6886.75,1,,,
2026-04-13 14:19:24.706,T,6886.75,1,,,
2026-04-13 14:19:24.706,T,6886.5,2,,,
2026-04-13 14:19:24.706,T,6886.5,1,,,
2026-04-13 14:19:24.706,T,6886.5,1,,,
2026-04-13 14:19:24.706,T,6886.5,1,,,
2026-04-13 14:19:24.706,T,6886.5,1,,,
2026-04-13 14:19:24.706,T,6886.5,2,,,
2026-04-13 14:19:24.706,T,6886.5,1,,,
2026-04-13 14:19:24.706,T,6886.5,1,,,
2026-04-13 14:19:24.706,T,6886.5,1,,,
2026-04-13 14:19:24.706,T,6886.5,1,,,
2026-04-13 14:19:24.706,T,6886.5,1,,,
2026-04-13 14:19:24.707,T,6886.75,1,,,
2026-04-13 14:19:24.707,T,6886.75,1,,,
2026-04-13 14:19:24.707,T,6886.75,1,,,
2026-04-13 14:19:24.707,T,6886.75,1,,,
2026-04-13 14:19:24.707,T,6886.75,2,,,
2026-04-13 14:19:24.707,T,6886.75,1,,,
2026-04-13 14:19:24.707,T,6886.75,1,,,
2026-04-13 14:19:24.707,T,6886.75,1,,,
2026-04-13 14:19:24.707,T,6886.75,1,,,
2026-04-13 14:19:24.707,T,6886.75,3,,,
2026-04-13 14:19:24.707,T,6886.75,1,,,
2026-04-13 14:19:24.707,T,6886.75,1,,,
2026-04-13 14:19:24.707,T,6886.75,1,,,
2026-04-13 14:19:24.707,T,6886.75,1,,,
2026-04-13 14:19:24.707,T,6886.75,1,,,
2026-04-13 14:19:24.707,T,6886.75,1,,,
2026-04-13 14:19:24.707,Q,,,,6886.75,6887.0
2026-04-13 14:19:24.707,T,6886.75,1,,,
2026-04-13 14:19:24.707,T,6886.75,1,,,
2026-04-13 14:19:24.708,T,6886.75,1,,,
2026-04-13 14:19:24.710,T,6887.0,1,,,
2026-04-13 14:19:24.710,T,6887.0,1,,,
2026-04-13 14:19:24.710,T,6887.0,1,,,
2026-04-13 14:19:24.710,T,6887.0,1,,,
2026-04-13 14:19:24.710,T,6887.0,1,,,
2026-04-13 14:19:24.710,T,6887.0,1,,,
2026-04-13 14:19:24.710,T,6887.0,1,,,
2026-04-13 14:19:24.710,T,6887.0,1,,,
2026-04-13 14:19:24.710,T,6887.0,1,,,
2026-04-13 14:19:24.710,T,6887.0,1,,,
2026-04-13 14:19:24.710,T,6887.0,4,,,
2026-04-13 14:19:24.710,T,6887.0,6,,,
2026-04-13 14:19:24.710,T,6887.0,4,,,
2026-04-13 14:19:24.710,T,6887.0,1,,,
2026-04-13 14:19:24.710,T,6887.0,1,,,
2026-04-13 14:19:24.710,Q,,,,6887.0,6887.25
2026-04-13 14:19:24.711,T,6887.0,1,,,
2026-04-13 14:19:24.711,T,6887.0,1,,,
2026-04-13 14:19:24.711,T,6887.0,1,,,
2026-04-13 14:19:24.711,T,6887.0,1,,,
2026-04-13 14:19:24.711,T,6887.0,1,,,
2026-04-13 14:19:24.711,T,6887.0,1,,,
2026-04-13 14:19:24.711,T,6887.0,1,,,
2026-04-13 14:19:24.711,T,6887.0,1,,,
2026-04-13 14:19:24.711,T,6887.0,1,,,
2026-04-13 14:19:24.711,T,6887.0,1,,,
2026-04-13 14:19:24.711,T,6887.0,1,,,
2026-04-13 14:19:24.711,T,6887.0,1,,,
2026-04-13 14:19:24.711,T,6887.0,1,,,
2026-04-13 14:19:24.711,T,6887.0,1,,,
2026-04-13 14:19:24.711,T,6887.0,1,,,
2026-04-13 14:19:24.711,T,6887.0,1,,,
2026-04-13 14:19:24.711,T,6887.0,1,,,
2026-04-13 14:19:24.711,T,6887.0,1,,,
2026-04-13 14:19:24.712,T,6887.25,1,,,
2026-04-13 14:19:24.712,T,6887.0,1,,,
2026-04-13 14:19:24.712,Q,,,,6886.75,6887.0
2026-04-13 14:19:24.712,T,6887.0,1,,,
2026-04-13 14:19:24.712,T,6887.0,2,,,
2026-04-13 14:19:24.712,T,6887.0,4,,,
2026-04-13 14:19:24.712,T,6887.0,4,,,
2026-04-13 14:19:24.712,T,6887.0,1,,,
2026-04-13 14:19:24.712,T,6887.0,1,,,
2026-04-13 14:19:24.712,T,6887.0,1,,,
2026-04-13 14:19:24.712,T,6887.0,1,,,
2026-04-13 14:19:24.712,T,6887.0,2,,,
2026-04-13 14:19:24.712,T,6887.0,1,,,
2026-04-13 14:19:24.712,T,6887.0,1,,,
2026-04-13 14:19:24.712,T,6887.0,1,,,
2026-04-13 14:19:24.712,T,6887.0,1,,,
2026-04-13 14:19:24.712,T,6887.0,5,,,
2026-04-13 14:19:24.713,T,6886.75,1,,,
2026-04-13 14:19:24.713,T,6886.75,1,,,
2026-04-13 14:19:24.713,T,6886.75,1,,,
2026-04-13 14:19:24.713,T,6886.75,1,,,
2026-04-13 14:19:24.713,T,6886.75,1,,,
2026-04-13 14:19:24.713,T,6886.75,1,,,
2026-04-13 14:19:24.713,T,6886.75,1,,,
2026-04-13 14:19:24.713,T,6886.75,1,,,
2026-04-13 14:19:24.713,T,6886.75,1,,,
2026-04-13 14:19:24.713,T,6886.75,1,,,
2026-04-13 14:19:24.713,T,6886.75,1,,,
2026-04-13 14:19:24.713,T,6886.75,1,,,
2026-04-13 14:19:24.713,T,6886.75,1,,,
2026-04-13 14:19:24.713,T,6886.75,1,,,
2026-04-13 14:19:24.713,T,6886.75,1,,,
2026-04-13 14:19:24.713,T,6886.75,1,,,
2026-04-13 14:19:24.713,T,6886.75,1,,,
2026-04-13 14:19:24.713,T,6886.75,1,,,
2026-04-13 14:19:24.713,T,6886.75,1,,,
2026-04-13 14:19:24.713,T,6886.75,1,,,
2026-04-13 14:19:24.713,T,6886.75,1,,,
2026-04-13 14:19:24.713,T,6886.75,1,,,
2026-04-13 14:19:24.713,T,6886.75,1,,,
2026-04-13 14:19:24.713,T,6886.75,1,,,
2026-04-13 14:19:24.714,Q,,,,6886.5,6886.75
2026-04-13 14:19:24.714,T,6886.75,1,,,
2026-04-13 14:19:24.714,T,6886.75,1,,,
2026-04-13 14:19:24.714,T,6886.75,1,,,
2026-04-13 14:19:24.714,T,6886.75,1,,,
2026-04-13 14:19:24.714,T,6886.75,1,,,
2026-04-13 14:19:24.714,T,6886.75,1,,,
2026-04-13 14:19:24.714,T,6886.5,1,,,
2026-04-13 14:19:24.714,T,6886.5,1,,,
2026-04-13 14:19:24.715,T,6886.5,1,,,
2026-04-13 14:19:24.715,T,6886.75,1,,,
2026-04-13 14:19:24.715,T,6886.75,1,,,
2026-04-13 14:19:24.715,T,6886.75,1,,,
2026-04-13 14:19:24.715,T,6886.75,1,,,
2026-04-13 14:19:24.715,T,6886.75,1,,,
2026-04-13 14:19:24.715,T,6886.75,1,,,
2026-04-13 14:19:24.715,T,6886.75,1,,,
2026-04-13 14:19:24.715,T,6886.75,1,,,
2026-04-13 14:19:24.715,T,6886.75,1,,,
2026-04-13 14:19:24.715,T,6886.75,1,,,
2026-04-13 14:19:24.716,Q,,,,6886.75,6887.0
2026-04-13 14:19:24.716,T,6886.75,1,,,
2026-04-13 14:19:24.716,T,6886.75,1,,,
2026-04-13 14:19:24.716,T,6886.75,1,,,
2026-04-13 14:19:24.716,T,6886.75,1,,,
2026-04-13 14:19:24.716,T,6886.75,1,,,
2026-04-13 14:19:24.716,T,6886.75,1,,,
2026-04-13 14:19:24.716,T,6886.75,3,,,
2026-04-13 14:19:24.716,T,6886.75,1,,,
2026-04-13 14:19:24.716,T,6886.75,1,,,
2026-04-13 14:19:24.716,T,6886.75,1,,,
2026-04-13 14:19:24.716,T,6886.75,1,,,
2026-04-13 14:19:24.716,T,6886.75,1,,,
2026-04-13 14:19:24.716,Q,,,,6886.5,6887.0
2026-04-13 14:19:24.716,Q,,,,6886.5,6886.75
2026-04-13 14:19:24.717,T,6886.75,4,,,
2026-04-13 14:19:24.717,T,6886.75,1,,,
2026-04-13 14:19:24.717,T,6886.75,1,,,
2026-04-13 14:19:24.717,T,6886.75,1,,,
2026-04-13 14:19:24.717,T,6886.75,1,,,
2026-04-13 14:19:24.717,T,6886.75,1,,,
2026-04-13 14:19:24.717,T,6886.75,1,,,
2026-04-13 14:19:24.717,T,6886.75,1,,,
2026-04-13 14:19:24.717,T,6886.75,2,,,
2026-04-13 14:19:24.717,T,6886.75,1,,,
2026-04-13 14:19:24.717,T,6886.75,1,,,
2026-04-13 14:19:24.717,T,6886.75,1,,,
2026-04-13 14:19:24.717,T,6886.5,1,,,
2026-04-13 14:19:24.717,T,6886.75,1,,,
2026-04-13 14:19:24.717,T,6886.75,1,,,
2026-04-13 14:19:24.717,T,6886.75,1,,,
2026-04-13 14:19:24.717,T,6886.75,1,,,
2026-04-13 14:19:24.717,T,6886.75,1,,,
2026-04-13 14:19:24.717,T,6886.75,1,,,
2026-04-13 14:19:24.717,T,6886.75,2,,,
2026-04-13 14:19:24.717,T,6886.75,1,,,
2026-04-13 14:19:24.717,T,6886.75,1,,,
2026-04-13 14:19:24.718,T,6886.75,1,,,
2026-04-13 14:19:24.718,T,6886.75,1,,,
2026-04-13 14:19:24.718,T,6886.75,1,,,
2026-04-13 14:19:24.718,T,6886.75,1,,,
2026-04-13 14:19:24.718,T,6886.75,1,,,
2026-04-13 14:19:24.718,T,6886.75,1,,,
2026-04-13 14:19:24.718,T,6886.5,1,,,
2026-04-13 14:19:24.718,T,6886.75,1,,,
2026-04-13 14:19:24.719,T,6886.75,1,,,
2026-04-13 14:19:24.719,T,6886.75,1,,,
2026-04-13 14:19:24.719,T,6886.75,1,,,
2026-04-13 14:19:24.719,T,6886.75,2,,,
2026-04-13 14:19:24.719,T,6886.75,1,,,
2026-04-13 14:19:24.720,T,6886.5,1,,,
2026-04-13 14:19:24.720,T,6886.5,1,,,
2026-04-13 14:19:24.720,T,6886.75,1,,,
2026-04-13 14:19:24.720,T,6886.75,1,,,
2026-04-13 14:19:24.720,T,6886.75,1,,,
2026-04-13 14:19:24.720,T,6886.75,1,,,
2026-04-13 14:19:24.720,T,6886.75,1,,,
2026-04-13 14:19:24.720,T,6886.75,4,,,
2026-04-13 14:19:24.720,T,6886.75,1,,,
2026-04-13 14:19:24.720,T,6886.75,1,,,
2026-04-13 14:19:24.720,T,6886.75,1,,,
2026-04-13 14:19:24.720,T,6886.75,1,,,
2026-04-13 14:19:24.721,T,6886.5,1,,,
2026-04-13 14:19:24.721,T,6886.5,1,,,
2026-04-13 14:19:24.721,T,6886.5,1,,,
2026-04-13 14:19:24.721,T,6886.5,1,,,
2026-04-13 14:19:24.721,T,6886.5,1,,,
2026-04-13 14:19:24.721,T,6886.5,1,,,
2026-04-13 14:19:24.721,T,6886.5,1,,,
2026-04-13 14:19:24.721,T,6886.5,1,,,
2026-04-13 14:19:24.721,T,6886.5,1,,,
2026-04-13 14:19:24.721,T,6886.5,1,,,
2026-04-13 14:19:24.721,T,6886.5,1,,,
2026-04-13 14:19:24.721,T,6886.5,1,,,
2026-04-13 14:19:24.721,T,6886.5,1,,,
2026-04-13 14:19:24.721,T,6886.5,1,,,
2026-04-13 14:19:24.721,T,6886.5,1,,,
2026-04-13 14:19:24.721,T,6886.5,2,,,
2026-04-13 14:19:24.721,T,6886.5,2,,,
2026-04-13 14:19:24.721,T,6886.5,5,,,
2026-04-13 14:19:24.721,T,6886.5,1,,,
2026-04-13 14:19:24.721,T,6886.5,1,,,
2026-04-13 14:19:24.721,T,6886.5,1,,,
2026-04-13 14:19:24.721,T,6886.5,1,,,
2026-04-13 14:19:24.721,T,6886.5,1,,,
2026-04-13 14:19:24.721,T,6886.5,1,,,
2026-04-13 14:19:24.721,T,6886.5,1,,,
2026-04-13 14:19:24.721,T,6886.5,1,,,
2026-04-13 14:19:24.721,T,6886.5,1,,,
2026-04-13 14:19:24.721,T,6886.5,1,,,
2026-04-13 14:19:24.721,T,6886.5,1,,,
2026-04-13 14:19:24.721,T,6886.5,2,,,
2026-04-13 14:19:24.721,T,6886.5,1,,,
2026-04-13 14:19:24.721,T,6886.5,1,,,
2026-04-13 14:19:24.721,T,6886.5,1,,,
2026-04-13 14:19:24.721,T,6886.5,1,,,
2026-04-13 14:19:24.721,T,6886.5,1,,,
2026-04-13 14:19:24.721,T,6886.5,1,,,
2026-04-13 14:19:24.721,T,6886.5,1,,,
2026-04-13 14:19:24.721,T,6886.5,1,,,
2026-04-13 14:19:24.721,Q,,,,6886.25,6886.75
2026-04-13 14:19:24.721,T,6886.5,1,,,
2026-04-13 14:19:24.721,T,6886.5,1,,,
2026-04-13 14:19:24.721,T,6886.5,1,,,
2026-04-13 14:19:24.721,T,6886.5,1,,,
2026-04-13 14:19:24.722,Q,,,,6886.25,6886.5
2026-04-13 14:19:24.722,T,6886.25,1,,,
2026-04-13 14:19:24.722,Q,,,,6886.5,6886.75
2026-04-13 14:19:24.722,T,6886.5,1,,,
2026-04-13 14:19:24.722,T,6886.5,2,,,
2026-04-13 14:19:24.722,T,6886.5,1,,,
2026-04-13 14:19:24.722,T,6886.5,1,,,
2026-04-13 14:19:24.722,T,6886.5,1,,,
2026-04-13 14:19:24.722,T,6886.5,1,,,
2026-04-13 14:19:24.722,T,6886.5,1,,,
2026-04-13 14:19:24.722,Q,,,,6886.25,6886.5
2026-04-13 14:19:24.722,T,6886.5,2,,,
2026-04-13 14:19:24.722,T,6886.5,1,,,
2026-04-13 14:19:24.722,T,6886.5,1,,,
2026-04-13 14:19:24.722,T,6886.5,1,,,
2026-04-13 14:19:24.722,T,6886.5,1,,,
2026-04-13 14:19:24.722,T,6886.5,1,,,
2026-04-13 14:19:24.723,T,6886.25,1,,,
2026-04-13 14:19:24.723,T,6886.25,1,,,
2026-04-13 14:19:24.723,T,6886.5,1,,,
2026-04-13 14:19:24.723,T,6886.5,1,,,
2026-04-13 14:19:24.723,T,6886.5,1,,,
2026-04-13 14:19:24.723,T,6886.5,1,,,
2026-04-13 14:19:24.723,T,6886.5,1,,,
2026-04-13 14:19:24.723,T,6886.5,1,,,
2026-04-13 14:19:24.723,T,6886.5,1,,,
2026-04-13 14:19:24.723,T,6886.5,1,,,
2026-04-13 14:19:24.723,T,6886.5,1,,,
2026-04-13 14:19:24.723,T,6886.5,1,,,
2026-04-13 14:19:24.723,T,6886.5,1,,,
2026-04-13 14:19:24.723,T,6886.5,1,,,
2026-04-13 14:19:24.724,T,6886.25,1,,,
2026-04-13 14:19:24.724,Q,,,,6886.0,6886.5
2026-04-13 14:19:24.724,T,6886.25,1,,,
2026-04-13 14:19:24.724,T,6886.25,1,,,
2026-04-13 14:19:24.724,T,6886.25,1,,,
2026-04-13 14:19:24.724,T,6886.25,1,,,
2026-04-13 14:19:24.724,T,6886.25,1,,,
2026-04-13 14:19:24.724,T,6886.25,1,,,
2026-04-13 14:19:24.724,T,6886.25,1,,,
2026-04-13 14:19:24.724,T,6886.25,1,,,
2026-04-13 14:19:24.724,T,6886.25,1,,,
2026-04-13 14:19:24.724,T,6886.25,1,,,
2026-04-13 14:19:24.724,T,6886.25,1,,,
2026-04-13 14:19:24.724,T,6886.25,3,,,
2026-04-13 14:19:24.724,T,6886.25,1,,,
2026-04-13 14:19:24.724,T,6886.25,1,,,
2026-04-13 14:19:24.724,T,6886.25,3,,,
2026-04-13 14:19:24.724,T,6886.25,1,,,
2026-04-13 14:19:24.724,T,6886.25,1,,,
2026-04-13 14:19:24.724,T,6886.25,1,,,
2026-04-13 14:19:24.724,T,6886.25,1,,,
2026-04-13 14:19:24.724,T,6886.25,1,,,
2026-04-13 14:19:24.724,T,6886.25,1,,,
2026-04-13 14:19:24.724,T,6886.25,1,,,
2026-04-13 14:19:24.724,T,6886.25,2,,,
2026-04-13 14:19:24.724,T,6886.25,1,,,
2026-04-13 14:19:24.724,T,6886.25,1,,,
2026-04-13 14:19:24.724,T,6886.25,1,,,
2026-04-13 14:19:24.724,T,6886.25,1,,,
2026-04-13 14:19:24.724,T,6886.25,1,,,
2026-04-13 14:19:24.724,T,6886.25,1,,,
2026-04-13 14:19:24.724,T,6886.25,1,,,
2026-04-13 14:19:24.725,Q,,,,6886.0,6886.25
2026-04-13 14:19:24.725,T,6886.25,1,,,
2026-04-13 14:19:24.725,T,6886.0,1,,,
2026-04-13 14:19:24.725,Q,,,,6885.75,6886.0
2026-04-13 14:19:24.725,T,6886.0,1,,,
2026-04-13 14:19:24.725,T,6886.0,1,,,
2026-04-13 14:19:24.725,T,6886.0,1,,,
2026-04-13 14:19:24.725,T,6886.0,1,,,
2026-04-13 14:19:24.725,T,6886.0,1,,,
2026-04-13 14:19:24.725,T,6886.0,1,,,
2026-04-13 14:19:24.725,T,6886.0,1,,,
2026-04-13 14:19:24.725,T,6886.0,1,,,
2026-04-13 14:19:24.725,T,6886.0,1,,,
2026-04-13 14:19:24.725,T,6886.0,1,,,
2026-04-13 14:19:24.725,T,6886.0,1,,,
2026-04-13 14:19:24.725,T,6886.0,1,,,
2026-04-13 14:19:24.725,T,6886.0,1,,,
2026-04-13 14:19:24.725,T,6886.0,1,,,
2026-04-13 14:19:24.725,T,6886.0,1,,,
2026-04-13 14:19:24.725,T,6886.0,1,,,
2026-04-13 14:19:24.725,T,6886.0,1,,,
2026-04-13 14:19:24.725,T,6886.0,1,,,
2026-04-13 14:19:24.725,T,6886.0,1,,,
2026-04-13 14:19:24.726,T,6886.0,1,,,
2026-04-13 14:19:24.726,T,6886.0,1,,,
2026-04-13 14:19:24.726,T,6886.0,3,,,
2026-04-13 14:19:24.726,T,6886.0,1,,,
2026-04-13 14:19:24.726,T,6886.0,2,,,
2026-04-13 14:19:24.726,T,6886.0,1,,,
2026-04-13 14:19:24.726,T,6886.0,1,,,
2026-04-13 14:19:24.726,T,6886.0,1,,,
2026-04-13 14:19:24.726,T,6886.0,1,,,
2026-04-13 14:19:24.726,T,6886.0,1,,,
2026-04-13 14:19:24.726,T,6886.0,1,,,
2026-04-13 14:19:24.726,T,6886.0,1,,,
2026-04-13 14:19:24.726,T,6886.0,1,,,
2026-04-13 14:19:24.726,T,6886.0,1,,,
2026-04-13 14:19:24.727,Q,,,,6886.0,6886.25
2026-04-13 14:19:24.727,T,6886.0,1,,,
2026-04-13 14:19:24.727,T,6886.0,1,,,
2026-04-13 14:19:24.727,T,6886.0,2,,,
2026-04-13 14:19:24.727,T,6886.0,1,,,
2026-04-13 14:19:24.728,T,6886.0,1,,,
2026-04-13 14:19:24.728,T,6886.25,1,,,
2026-04-13 14:19:24.728,T,6886.25,1,,,
2026-04-13 14:19:24.728,T,6886.25,1,,,
2026-04-13 14:19:24.728,T,6886.25,1,,,
2026-04-13 14:19:24.728,T,6886.0,1,,,
2026-04-13 14:19:24.728,T,6886.25,1,,,
2026-04-13 14:19:24.728,T,6886.25,4,,,
2026-04-13 14:19:24.728,T,6886.25,3,,,
2026-04-13 14:19:24.728,T,6886.25,1,,,
2026-04-13 14:19:24.728,T,6886.25,1,,,
2026-04-13 14:19:24.728,T,6886.25,1,,,
2026-04-13 14:19:24.728,T,6886.25,1,,,
2026-04-13 14:19:24.728,T,6886.25,1,,,
2026-04-13 14:19:24.728,T,6886.25,1,,,
2026-04-13 14:19:24.728,T,6886.25,1,,,
2026-04-13 14:19:24.728,T,6886.25,1,,,
2026-04-13 14:19:24.728,T,6886.25,1,,,
2026-04-13 14:19:24.728,T,6886.25,1,,,
2026-04-13 14:19:24.728,T,6886.25,1,,,
2026-04-13 14:19:24.728,T,6886.25,1,,,
2026-04-13 14:19:24.728,T,6886.25,1,,,
2026-04-13 14:19:24.728,T,6886.25,1,,,
2026-04-13 14:19:24.728,T,6886.25,2,,,
2026-04-13 14:19:24.728,T,6886.25,1,,,
2026-04-13 14:19:24.728,T,6886.25,1,,,
2026-04-13 14:19:24.728,T,6886.25,1,,,
2026-04-13 14:19:24.728,T,6886.25,2,,,
2026-04-13 14:19:24.728,T,6886.25,3,,,
2026-04-13 14:19:24.728,T,6886.25,1,,,
2026-04-13 14:19:24.729,T,6886.0,1,,,
2026-04-13 14:19:24.729,T,6886.0,1,,,
2026-04-13 14:19:24.729,T,6886.0,1,,,
2026-04-13 14:19:24.729,T,6886.0,1,,,
2026-04-13 14:19:24.729,T,6886.0,3,,,
2026-04-13 14:19:24.729,T,6886.0,1,,,
2026-04-13 14:19:24.729,T,6886.25,1,,,
2026-04-13 14:19:24.730,T,6886.25,2,,,
2026-04-13 14:19:24.730,T,6886.25,1,,,
2026-04-13 14:19:24.730,T,6886.25,1,,,
2026-04-13 14:19:24.730,T,6886.25,1,,,
2026-04-13 14:19:24.730,T,6886.25,1,,,
2026-04-13 14:19:24.730,T,6886.25,1,,,
2026-04-13 14:19:24.730,T,6886.25,1,,,
2026-04-13 14:19:24.730,T,6886.25,3,,,
2026-04-13 14:19:24.730,T,6886.25,3,,,
2026-04-13 14:19:24.730,T,6886.25,1,,,
2026-04-13 14:19:24.730,T,6886.25,1,,,
2026-04-13 14:19:24.730,T,6886.25,1,,,
2026-04-13 14:19:24.730,T,6886.25,1,,,
2026-04-13 14:19:24.730,T,6886.25,2,,,
2026-04-13 14:19:24.730,T,6886.25,1,,,
2026-04-13 14:19:24.730,T,6886.25,1,,,
2026-04-13 14:19:24.730,T,6886.25,4,,,
2026-04-13 14:19:24.730,T,6886.25,3,,,
2026-04-13 14:19:24.730,T,6886.25,5,,,
2026-04-13 14:19:24.730,T,6886.25,1,,,
2026-04-13 14:19:24.730,T,6886.25,1,,,
2026-04-13 14:19:24.730,T,6886.25,1,,,
2026-04-13 14:19:24.730,T,6886.25,1,,,
2026-04-13 14:19:24.730,T,6886.25,1,,,
2026-04-13 14:19:24.730,T,6886.0,1,,,
2026-04-13 14:19:24.731,Q,,,,6886.25,6886.5
2026-04-13 14:19:24.731,T,6886.25,1,,,
2026-04-13 14:19:24.731,T,6886.25,1,,,
2026-04-13 14:19:24.731,T,6886.25,1,,,
2026-04-13 14:19:24.731,T,6886.25,1,,,
2026-04-13 14:19:24.731,T,6886.25,1,,,
2026-04-13 14:19:24.731,T,6886.25,3,,,
2026-04-13 14:19:24.731,T,6886.25,2,,,
2026-04-13 14:19:24.731,T,6886.25,1,,,
2026-04-13 14:19:24.731,T,6886.25,1,,,
2026-04-13 14:19:24.731,T,6886.25,1,,,
2026-04-13 14:19:24.731,T,6886.25,1,,,
2026-04-13 14:19:24.731,T,6886.25,1,,,
2026-04-13 14:19:24.731,T,6886.25,7,,,
2026-04-13 14:19:24.731,T,6886.25,1,,,
2026-04-13 14:19:24.731,T,6886.25,1,,,
2026-04-13 14:19:24.731,T,6886.25,1,,,
2026-04-13 14:19:24.731,T,6886.25,1,,,
2026-04-13 14:19:24.731,T,6886.25,1,,,
2026-04-13 14:19:24.731,T,6886.25,1,,,
2026-04-13 14:19:24.731,T,6886.5,1,,,
2026-04-13 14:19:24.731,T,6886.5,1,,,
2026-04-13 14:19:24.731,T,6886.25,3,,,
2026-04-13 14:19:24.731,T,6886.25,1,,,
2026-04-13 14:19:24.731,T,6886.25,1,,,
2026-04-13 14:19:24.731,T,6886.25,1,,,
2026-04-13 14:19:24.731,T,6886.25,2,,,
2026-04-13 14:19:24.731,T,6886.25,1,,,
2026-04-13 14:19:24.731,T,6886.25,1,,,
2026-04-13 14:19:24.731,T,6886.25,1,,,
2026-04-13 14:19:24.731,T,6886.25,9,,,
2026-04-13 14:19:24.731,T,6886.25,1,,,
2026-04-13 14:19:24.731,T,6886.25,2,,,
2026-04-13 14:19:24.731,T,6886.25,2,,,
2026-04-13 14:19:24.731,T,6886.25,1,,,
2026-04-13 14:19:24.731,T,6886.25,1,,,
2026-04-13 14:19:24.731,T,6886.25,1,,,
2026-04-13 14:19:24.731,T,6886.5,1,,,
2026-04-13 14:19:24.732,T,6886.25,1,,,
2026-04-13 14:19:24.732,T,6886.25,1,,,
2026-04-13 14:19:24.732,Q,,,,6886.5,6886.75
2026-04-13 14:19:24.732,T,6886.5,1,,,
2026-04-13 14:19:24.732,T,6886.5,2,,,
2026-04-13 14:19:24.732,T,6886.5,1,,,
2026-04-13 14:19:24.732,T,6886.5,1,,,
2026-04-13 14:19:24.732,T,6886.5,1,,,
2026-04-13 14:19:24.732,T,6886.5,1,,,
2026-04-13 14:19:24.732,T,6886.5,1,,,
2026-04-13 14:19:24.732,T,6886.5,1,,,
2026-04-13 14:19:24.732,T,6886.5,1,,,
2026-04-13 14:19:24.732,T,6886.5,1,,,
2026-04-13 14:19:24.732,T,6886.5,1,,,
2026-04-13 14:19:24.733,T,6886.75,1,,,
2026-04-13 14:19:24.733,Q,,,,6886.75,6887.0
2026-04-13 14:19:24.733,T,6886.75,4,,,
2026-04-13 14:19:24.733,T,6886.75,1,,,
2026-04-13 14:19:24.733,T,6886.75,3,,,
2026-04-13 14:19:24.733,T,6886.75,2,,,
2026-04-13 14:19:24.733,T,6886.75,1,,,
2026-04-13 14:19:24.733,T,6886.75,1,,,
2026-04-13 14:19:24.733,T,6886.75,1,,,
2026-04-13 14:19:24.733,T,6886.75,1,,,
2026-04-13 14:19:24.733,T,6886.75,1,,,
2026-04-13 14:19:24.733,T,6886.75,2,,,
2026-04-13 14:19:24.733,T,6886.75,1,,,
2026-04-13 14:19:24.733,T,6886.75,1,,,
2026-04-13 14:19:24.733,T,6886.75,1,,,
2026-04-13 14:19:24.733,T,6886.75,1,,,
2026-04-13 14:19:24.733,T,6886.75,1,,,
2026-04-13 14:19:24.733,T,6886.75,1,,,
2026-04-13 14:19:24.733,T,6886.75,1,,,
2026-04-13 14:19:24.733,T,6886.75,1,,,
2026-04-13 14:19:24.733,T,6886.75,1,,,
2026-04-13 14:19:24.733,T,6886.75,1,,,
2026-04-13 14:19:24.733,T,6886.75,1,,,
2026-04-13 14:19:24.733,T,6886.75,1,,,
2026-04-13 14:19:24.733,T,6886.75,1,,,
2026-04-13 14:19:24.734,T,6886.75,1,,,
2026-04-13 14:19:24.734,T,6886.75,1,,,
2026-04-13 14:19:24.734,T,6886.75,1,,,
2026-04-13 14:19:24.734,T,6887.0,1,,,
2026-04-13 14:19:24.734,T,6886.75,1,,,
2026-04-13 14:19:24.734,T,6886.75,1,,,
2026-04-13 14:19:24.734,T,6886.75,1,,,
2026-04-13 14:19:24.734,T,6886.75,1,,,
2026-04-13 14:19:24.734,T,6886.75,1,,,
2026-04-13 14:19:24.734,T,6886.75,2,,,
2026-04-13 14:19:24.734,T,6886.75,1,,,
2026-04-13 14:19:24.734,T,6886.75,1,,,
2026-04-13 14:19:24.734,T,6886.5,1,,,
2026-04-13 14:19:24.734,T,6886.75,1,,,
2026-04-13 14:19:24.734,T,6886.75,1,,,
2026-04-13 14:19:24.734,T,6886.75,1,,,
2026-04-13 14:19:24.734,T,6886.75,1,,,
2026-04-13 14:19:24.734,T,6886.75,1,,,
2026-04-13 14:19:24.734,T,6886.75,1,,,
2026-04-13 14:19:24.734,T,6886.75,1,,,
2026-04-13 14:19:24.734,T,6886.75,1,,,
2026-04-13 14:19:24.734,T,6886.75,1,,,
2026-04-13 14:19:24.734,T,6886.75,1,,,
2026-04-13 14:19:24.734,T,6886.75,1,,,
2026-04-13 14:19:24.734,T,6886.75,1,,,
2026-04-13 14:19:24.734,T,6886.75,4,,,
2026-04-13 14:19:24.734,T,6886.75,1,,,
2026-04-13 14:19:24.734,T,6886.75,1,,,
2026-04-13 14:19:24.734,T,6886.75,1,,,
2026-04-13 14:19:24.734,T,6886.75,1,,,
2026-04-13 14:19:24.736,Q,,,,6887.0,6887.25
2026-04-13 14:19:24.736,T,6887.0,1,,,
2026-04-13 14:19:24.736,T,6887.0,1,,,
2026-04-13 14:19:24.736,T,6887.0,4,,,
2026-04-13 14:19:24.736,T,6887.0,1,,,
2026-04-13 14:19:24.736,T,6887.0,1,,,
2026-04-13 14:19:24.736,T,6887.0,1,,,
2026-04-13 14:19:24.736,T,6887.0,1,,,
2026-04-13 14:19:24.736,T,6887.0,1,,,
2026-04-13 14:19:24.736,T,6887.0,1,,,
2026-04-13 14:19:24.736,T,6887.0,1,,,
2026-04-13 14:19:24.736,T,6887.0,2,,,
2026-04-13 14:19:24.736,T,6887.0,1,,,
2026-04-13 14:19:24.736,T,6887.0,1,,,
2026-04-13 14:19:24.736,T,6887.0,1,,,
2026-04-13 14:19:24.736,T,6887.0,1,,,
2026-04-13 14:19:24.736,T,6887.0,1,,,
2026-04-13 14:19:24.736,T,6887.0,1,,,
2026-04-13 14:19:24.736,T,6887.0,20,,,
2026-04-13 14:19:24.736,T,6887.0,1,,,
2026-04-13 14:19:24.736,T,6887.0,3,,,
2026-04-13 14:19:24.736,T,6887.0,1,,,
2026-04-13 14:19:24.736,T,6887.0,2,,,
2026-04-13 14:19:24.736,T,6887.0,1,,,
2026-04-13 14:19:24.736,T,6887.0,1,,,
2026-04-13 14:19:24.736,T,6887.0,1,,,
2026-04-13 14:19:24.736,T,6887.0,2,,,
2026-04-13 14:19:24.736,T,6887.0,1,,,
2026-04-13 14:19:24.736,T,6887.0,1,,,
2026-04-13 14:19:24.736,T,6887.0,2,,,
2026-04-13 14:19:24.736,T,6887.0,1,,,
2026-04-13 14:19:24.736,T,6887.0,1,,,
2026-04-13 14:19:24.736,T,6887.0,1,,,
2026-04-13 14:19:24.736,T,6887.0,1,,,
2026-04-13 14:19:24.737,Q,,,,6886.75,6887.0
2026-04-13 14:19:24.737,T,6887.0,1,,,
2026-04-13 14:19:24.737,T,6887.0,1,,,
2026-04-13 14:19:24.737,T,6887.0,2,,,
2026-04-13 14:19:24.737,T,6887.0,1,,,
2026-04-13 14:19:24.737,T,6887.0,1,,,
2026-04-13 14:19:24.737,T,6887.0,1,,,
2026-04-13 14:19:24.737,T,6887.0,2,,,
2026-04-13 14:19:24.738,T,6887.0,1,,,
2026-04-13 14:19:24.738,Q,,,,6887.0,6887.25
2026-04-13 14:19:24.738,T,6887.0,1,,,
2026-04-13 14:19:24.738,T,6887.0,1,,,
2026-04-13 14:19:24.738,T,6887.0,1,,,
2026-04-13 14:19:24.738,T,6887.0,1,,,
2026-04-13 14:19:24.738,T,6887.0,1,,,
2026-04-13 14:19:24.738,T,6887.0,1,,,
2026-04-13 14:19:24.738,T,6887.0,1,,,
2026-04-13 14:19:24.738,T,6887.0,1,,,
2026-04-13 14:19:24.738,T,6887.0,1,,,
2026-04-13 14:19:24.738,T,6887.0,1,,,
2026-04-13 14:19:24.738,T,6887.0,1,,,
2026-04-13 14:19:24.738,T,6887.0,1,,,
2026-04-13 14:19:24.738,T,6887.0,1,,,
2026-04-13 14:19:24.738,T,6887.0,7,,,
2026-04-13 14:19:24.738,T,6887.0,3,,,
2026-04-13 14:19:24.738,T,6887.0,1,,,
2026-04-13 14:19:24.738,T,6887.0,3,,,
2026-04-13 14:19:24.738,T,6887.0,1,,,
2026-04-13 14:19:24.738,T,6887.0,1,,,
2026-04-13 14:19:24.738,T,6887.0,1,,,
2026-04-13 14:19:24.738,T,6887.0,1,,,
2026-04-13 14:19:24.738,T,6887.0,2,,,
2026-04-13 14:19:24.738,T,6887.0,1,,,
2026-04-13 14:19:24.738,T,6887.0,1,,,
2026-04-13 14:19:24.738,T,6887.0,2,,,
2026-04-13 14:19:24.738,T,6887.0,2,,,
2026-04-13 14:19:24.738,T,6887.0,2,,,
2026-04-13 14:19:24.738,T,6887.0,1,,,
2026-04-13 14:19:24.738,T,6887.0,1,,,
2026-04-13 14:19:24.738,T,6887.0,1,,,
2026-04-13 14:19:24.738,T,6887.0,1,,,
2026-04-13 14:19:24.738,T,6887.0,1,,,
2026-04-13 14:19:24.738,T,6887.0,1,,,
2026-04-13 14:19:24.738,T,6887.0,1,,,
2026-04-13 14:19:24.739,Q,,,,6886.75,6887.0
2026-04-13 14:19:24.739,T,6887.0,4,,,
2026-04-13 14:19:24.739,T,6887.0,1,,,
2026-04-13 14:19:24.739,T,6887.0,1,,,
2026-04-13 14:19:24.739,T,6887.0,1,,,
2026-04-13 14:19:24.739,T,6887.0,1,,,
2026-04-13 14:19:24.739,T,6887.0,1,,,
2026-04-13 14:19:24.739,T,6887.0,1,,,
2026-04-13 14:19:24.739,T,6887.0,2,,,
2026-04-13 14:19:24.739,Q,,,,6887.0,6887.25
2026-04-13 14:19:24.739,Q,,,,6886.75,6887.0
2026-04-13 14:19:24.739,T,6887.0,1,,,
2026-04-13 14:19:24.739,T,6887.0,1,,,
2026-04-13 14:19:24.739,T,6887.0,1,,,
2026-04-13 14:19:24.739,T,6887.0,1,,,
2026-04-13 14:19:24.739,T,6887.0,1,,,
2026-04-13 14:19:24.739,T,6887.0,3,,,
2026-04-13 14:19:24.739,T,6887.0,1,,,
2026-04-13 14:19:24.739,T,6887.0,1,,,
2026-04-13 14:19:24.739,T,6887.0,1,,,
2026-04-13 14:19:24.739,T,6887.0,1,,,
2026-04-13 14:19:24.739,T,6887.0,1,,,
2026-04-13 14:19:24.739,T,6887.0,2,,,
2026-04-13 14:19:24.739,T,6887.0,1,,,
2026-04-13 14:19:24.739,T,6887.0,2,,,
2026-04-13 14:19:24.739,T,6887.0,2,,,
2026-04-13 14:19:24.739,T,6887.0,1,,,
2026-04-13 14:19:24.739,T,6887.0,1,,,
2026-04-13 14:19:24.739,T,6887.0,1,,,
2026-04-13 14:19:24.739,T,6887.0,1,,,
2026-04-13 14:19:24.739,T,6887.0,1,,,
2026-04-13 14:19:24.739,T,6887.0,1,,,
2026-04-13 14:19:24.739,T,6887.0,1,,,
2026-04-13 14:19:24.739,T,6887.0,1,,,
2026-04-13 14:19:24.739,T,6887.0,1,,,
2026-04-13 14:19:24.739,T,6887.0,4,,,
2026-04-13 14:19:24.739,T,6887.0,1,,,
2026-04-13 14:19:24.739,T,6887.0,1,,,
2026-04-13 14:19:24.740,T,6887.0,1,,,
2026-04-13 14:19:24.740,T,6887.0,1,,,
2026-04-13 14:19:24.740,Q,,,,6886.75,6887.25
2026-04-13 14:19:24.740,T,6887.0,1,,,
2026-04-13 14:19:24.740,Q,,,,6887.0,6887.25
2026-04-13 14:19:24.740,T,6887.25,1,,,
2026-04-13 14:19:24.740,T,6887.25,1,,,
2026-04-13 14:19:24.740,T,6887.25,1,,,
2026-04-13 14:19:24.741,T,6887.0,1,,,
2026-04-13 14:19:24.741,T,6887.0,1,,,
2026-04-13 14:19:24.741,T,6887.0,4,,,
2026-04-13 14:19:24.741,T,6887.0,1,,,
2026-04-13 14:19:24.741,T,6887.0,1,,,
2026-04-13 14:19:24.741,T,6887.0,1,,,
2026-04-13 14:19:24.741,T,6887.0,1,,,
2026-04-13 14:19:24.741,T,6887.0,1,,,
2026-04-13 14:19:24.741,T,6887.0,1,,,
2026-04-13 14:19:24.741,Q,,,,6886.75,6887.0
2026-04-13 14:19:24.741,T,6887.0,1,,,
2026-04-13 14:19:24.741,T,6887.0,1,,,
2026-04-13 14:19:24.741,T,6887.0,1,,,
2026-04-13 14:19:24.741,T,6887.0,1,,,
2026-04-13 14:19:24.741,T,6887.0,1,,,
2026-04-13 14:19:24.741,T,6887.0,1,,,
2026-04-13 14:19:24.741,T,6887.0,1,,,
2026-04-13 14:19:24.741,T,6887.0,1,,,
2026-04-13 14:19:24.741,Q,,,,6887.0,6887.25
2026-04-13 14:19:24.742,T,6887.25,1,,,
2026-04-13 14:19:24.742,T,6887.25,1,,,
2026-04-13 14:19:24.742,T,6887.25,1,,,
2026-04-13 14:19:24.742,T,6887.25,2,,,
2026-04-13 14:19:24.742,T,6887.25,1,,,
2026-04-13 14:19:24.742,T,6887.25,1,,,
2026-04-13 14:19:24.742,T,6887.25,1,,,
2026-04-13 14:19:24.742,T,6887.25,1,,,
2026-04-13 14:19:24.742,T,6887.25,1,,,
2026-04-13 14:19:24.742,T,6887.25,2,,,
2026-04-13 14:19:24.742,T,6887.25,1,,,
2026-04-13 14:19:24.742,T,6887.25,1,,,
2026-04-13 14:19:24.742,T,6887.25,1,,,
2026-04-13 14:19:24.742,T,6887.25,4,,,
2026-04-13 14:19:24.742,T,6887.25,2,,,
2026-04-13 14:19:24.742,T,6887.25,3,,,
2026-04-13 14:19:24.742,T,6887.25,1,,,
2026-04-13 14:19:24.742,T,6887.25,1,,,
2026-04-13 14:19:24.742,T,6887.25,1,,,
2026-04-13 14:19:24.742,T,6887.25,1,,,
2026-04-13 14:19:24.742,T,6887.25,1,,,
2026-04-13 14:19:24.742,T,6887.25,5,,,
2026-04-13 14:19:24.742,T,6887.25,1,,,
2026-04-13 14:19:24.742,T,6887.25,1,,,
2026-04-13 14:19:24.742,T,6887.25,1,,,
2026-04-13 14:19:24.742,T,6887.25,1,,,
2026-04-13 14:19:24.742,T,6887.25,1,,,
2026-04-13 14:19:24.742,T,6887.25,1,,,
2026-04-13 14:19:24.742,T,6887.25,1,,,
2026-04-13 14:19:24.742,T,6887.25,1,,,
2026-04-13 14:19:24.743,T,6887.25,1,,,
2026-04-13 14:19:24.743,T,6887.25,1,,,
2026-04-13 14:19:24.743,T,6887.0,1,,,
2026-04-13 14:19:24.743,T,6887.0,1,,,
2026-04-13 14:19:24.743,T,6887.0,1,,,
2026-04-13 14:19:24.743,T,6887.0,1,,,
2026-04-13 14:19:24.743,T,6887.0,1,,,
2026-04-13 14:19:24.743,T,6887.0,1,,,
2026-04-13 14:19:24.743,T,6887.0,1,,,
2026-04-13 14:19:24.743,T,6887.0,1,,,
2026-04-13 14:19:24.743,T,6887.0,1,,,
2026-04-13 14:19:24.743,T,6887.0,1,,,
2026-04-13 14:19:24.743,T,6887.0,1,,,
2026-04-13 14:19:24.743,T,6887.0,1,,,
2026-04-13 14:19:24.743,T,6887.0,1,,,
2026-04-13 14:19:24.743,T,6887.0,1,,,
2026-04-13 14:19:24.743,T,6887.0,2,,,
2026-04-13 14:19:24.743,T,6887.0,1,,,
2026-04-13 14:19:24.743,T,6887.0,1,,,
2026-04-13 14:19:24.743,T,6887.0,1,,,
2026-04-13 14:19:24.743,T,6887.0,1,,,
2026-04-13 14:19:24.743,T,6887.0,1,,,
2026-04-13 14:19:24.743,T,6887.0,1,,,
2026-04-13 14:19:24.743,T,6887.0,1,,,
2026-04-13 14:19:24.743,T,6887.0,1,,,
2026-04-13 14:19:24.743,T,6887.0,1,,,
2026-04-13 14:19:24.743,T,6887.0,1,,,
2026-04-13 14:19:24.743,T,6887.0,1,,,
2026-04-13 14:19:24.743,T,6887.0,1,,,
2026-04-13 14:19:24.743,T,6887.0,1,,,
2026-04-13 14:19:24.743,T,6887.0,1,,,
2026-04-13 14:19:24.743,T,6887.0,1,,,
2026-04-13 14:19:24.743,T,6887.0,2,,,
2026-04-13 14:19:24.743,T,6887.0,1,,,
2026-04-13 14:19:24.743,T,6887.0,1,,,
2026-04-13 14:19:24.743,T,6887.0,1,,,
2026-04-13 14:19:24.743,T,6887.0,1,,,
2026-04-13 14:19:24.744,T,6887.0,1,,,
2026-04-13 14:19:24.744,Q,,,,6886.75,6887.0
2026-04-13 14:19:24.744,Q,,,,6886.75,6887.25
2026-04-13 14:19:24.744,T,6887.0,4,,,
2026-04-13 14:19:24.744,T,6886.75,1,,,
2026-04-13 14:19:24.744,T,6887.0,1,,,
2026-04-13 14:19:24.744,T,6887.0,1,,,
2026-04-13 14:19:24.744,T,6887.0,1,,,
2026-04-13 14:19:24.744,T,6887.0,1,,,
2026-04-13 14:19:24.744,T,6887.0,1,,,
2026-04-13 14:19:24.744,T,6887.0,1,,,
2026-04-13 14:19:24.744,T,6887.0,2,,,
2026-04-13 14:19:24.745,T,6887.0,1,,,
2026-04-13 14:19:24.745,T,6887.0,1,,,
2026-04-13 14:19:24.745,T,6887.0,1,,,
2026-04-13 14:19:24.745,T,6887.0,1,,,
2026-04-13 14:19:24.745,T,6887.0,1,,,
2026-04-13 14:19:24.745,T,6887.0,1,,,
2026-04-13 14:19:24.745,T,6887.0,1,,,
2026-04-13 14:19:24.745,T,6887.0,1,,,
2026-04-13 14:19:24.745,T,6887.0,1,,,
2026-04-13 14:19:24.745,Q,,,,6887.0,6887.25
2026-04-13 14:19:24.745,T,6887.0,1,,,
2026-04-13 14:19:24.745,T,6887.0,1,,,
2026-04-13 14:19:24.745,T,6887.0,1,,,
2026-04-13 14:19:24.745,T,6887.0,1,,,
2026-04-13 14:19:24.745,T,6887.0,1,,,
2026-04-13 14:19:24.745,T,6887.0,1,,,
2026-04-13 14:19:24.745,T,6887.0,1,,,
2026-04-13 14:19:24.745,T,6887.0,1,,,
2026-04-13 14:19:24.745,T,6887.0,1,,,
2026-04-13 14:19:24.745,T,6887.0,1,,,
2026-04-13 14:19:24.745,T,6887.0,1,,,
2026-04-13 14:19:24.745,T,6887.0,1,,,
2026-04-13 14:19:24.745,T,6887.0,1,,,
2026-04-13 14:19:24.745,T,6887.0,1,,,
2026-04-13 14:19:24.745,T,6887.0,1,,,
2026-04-13 14:19:24.745,Q,,,,6886.75,6887.0
2026-04-13 14:19:24.745,T,6887.0,1,,,
2026-04-13 14:19:24.746,T,6887.0,1,,,
2026-04-13 14:19:24.746,T,6887.0,1,,,
2026-04-13 14:19:24.746,T,6887.0,1,,,
2026-04-13 14:19:24.746,T,6887.0,1,,,
2026-04-13 14:19:24.746,T,6887.0,1,,,
2026-04-13 14:19:24.746,T,6887.0,1,,,
2026-04-13 14:19:24.746,T,6887.0,2,,,
2026-04-13 14:19:24.746,T,6887.0,1,,,
2026-04-13 14:19:24.746,T,6887.0,1,,,
2026-04-13 14:19:24.746,T,6887.0,1,,,
2026-04-13 14:19:24.746,T,6887.0,1,,,
2026-04-13 14:19:24.746,T,6887.0,1,,,
2026-04-13 14:19:24.746,T,6887.0,1,,,
2026-04-13 14:19:24.746,T,6887.0,1,,,
2026-04-13 14:19:24.746,T,6887.0,1,,,
2026-04-13 14:19:24.746,T,6887.0,1,,,
2026-04-13 14:19:24.746,T,6887.0,1,,,
2026-04-13 14:19:24.746,T,6887.0,1,,,
2026-04-13 14:19:24.746,T,6887.0,1,,,
2026-04-13 14:19:24.746,T,6887.0,1,,,
2026-04-13 14:19:24.746,T,6887.0,1,,,
2026-04-13 14:19:24.746,T,6887.0,2,,,
2026-04-13 14:19:24.746,T,6887.0,1,,,
2026-04-13 14:19:24.746,T,6887.0,1,,,
2026-04-13 14:19:24.746,T,6887.0,2,,,
2026-04-13 14:19:24.746,T,6887.0,2,,,
2026-04-13 14:19:24.746,T,6887.0,1,,,
2026-04-13 14:19:24.746,T,6887.0,1,,,
2026-04-13 14:19:24.746,T,6887.0,1,,,
2026-04-13 14:19:24.747,T,6887.0,1,,,
2026-04-13 14:19:24.747,T,6886.75,1,,,
2026-04-13 14:19:24.747,T,6887.0,1,,,
2026-04-13 14:19:24.747,T,6887.0,1,,,
2026-04-13 14:19:24.747,T,6887.0,1,,,
2026-04-13 14:19:24.747,T,6887.0,1,,,
2026-04-13 14:19:24.747,T,6887.0,1,,,
2026-04-13 14:19:24.747,T,6887.0,2,,,
2026-04-13 14:19:24.747,T,6887.0,1,,,
2026-04-13 14:19:24.747,T,6887.0,1,,,
2026-04-13 14:19:24.748,Q,,,,6887.0,6887.25
2026-04-13 14:19:24.748,T,6887.0,1,,,
2026-04-13 14:19:24.748,T,6887.0,2,,,
2026-04-13 14:19:24.748,T,6887.0,1,,,
2026-04-13 14:19:24.748,Q,,,,6886.75,6887.0
2026-04-13 14:19:24.748,T,6887.0,1,,,
2026-04-13 14:19:24.748,T,6887.0,1,,,
2026-04-13 14:19:24.748,T,6887.0,1,,,
2026-04-13 14:19:24.748,T,6887.0,1,,,
2026-04-13 14:19:24.748,T,6887.0,1,,,
2026-04-13 14:19:24.748,T,6887.0,1,,,
2026-04-13 14:19:24.748,T,6887.0,1,,,
2026-04-13 14:19:24.748,T,6887.0,1,,,
2026-04-13 14:19:24.748,T,6887.0,1,,,
2026-04-13 14:19:24.748,T,6887.0,1,,,
2026-04-13 14:19:24.748,T,6887.0,1,,,
2026-04-13 14:19:24.749,T,6887.0,1,,,
2026-04-13 14:19:24.750,Q,,,,6886.5,6886.75
2026-04-13 14:19:24.750,T,6886.75,1,,,
2026-04-13 14:19:24.750,T,6886.75,1,,,
2026-04-13 14:19:24.750,T,6886.75,1,,,
2026-04-13 14:19:24.750,T,6886.75,1,,,
2026-04-13 14:19:24.750,T,6886.75,1,,,
2026-04-13 14:19:24.750,T,6886.75,1,,,
2026-04-13 14:19:24.750,T,6886.75,1,,,
2026-04-13 14:19:24.750,T,6886.75,1,,,
2026-04-13 14:19:24.750,T,6886.75,1,,,
2026-04-13 14:19:24.750,T,6886.75,1,,,
2026-04-13 14:19:24.750,T,6886.75,1,,,
2026-04-13 14:19:24.750,T,6886.75,1,,,
2026-04-13 14:19:24.750,T,6886.75,1,,,
2026-04-13 14:19:24.750,T,6886.75,1,,,
2026-04-13 14:19:24.750,T,6886.75,1,,,
2026-04-13 14:19:24.750,T,6886.5,1,,,
2026-04-13 14:19:24.750,T,6886.75,1,,,
2026-04-13 14:19:24.751,T,6886.75,1,,,
2026-04-13 14:19:24.751,T,6886.75,1,,,
2026-04-13 14:19:24.751,T,6886.75,1,,,
2026-04-13 14:19:24.751,T,6886.75,2,,,
2026-04-13 14:19:24.751,T,6886.75,1,,,
2026-04-13 14:19:24.751,T,6886.75,1,,,
2026-04-13 14:19:24.751,T,6886.75,1,,,
2026-04-13 14:19:24.751,T,6886.75,1,,,
2026-04-13 14:19:24.752,T,6886.75,1,,,
2026-04-13 14:19:24.752,T,6886.75,1,,,
2026-04-13 14:19:24.752,T,6886.5,3,,,
2026-04-13 14:19:24.752,T,6886.5,1,,,
2026-04-13 14:19:24.752,Q,,,,6886.75,6887.0
2026-04-13 14:19:24.753,T,6886.75,1,,,
2026-04-13 14:19:24.753,T,6886.75,1,,,
2026-04-13 14:19:24.753,T,6886.75,1,,,
2026-04-13 14:19:24.753,T,6886.75,1,,,
2026-04-13 14:19:24.753,T,6886.75,1,,,
2026-04-13 14:19:24.753,T,6886.75,1,,,
2026-04-13 14:19:24.753,T,6886.75,1,,,
2026-04-13 14:19:24.753,T,6886.75,1,,,
2026-04-13 14:19:24.753,T,6886.75,1,,,
2026-04-13 14:19:24.753,T,6886.75,2,,,
2026-04-13 14:19:24.753,T,6886.75,1,,,
2026-04-13 14:19:24.753,T,6886.75,1,,,
2026-04-13 14:19:24.753,T,6886.75,1,,,
2026-04-13 14:19:24.753,T,6886.75,1,,,
2026-04-13 14:19:24.753,T,6886.75,1,,,
2026-04-13 14:19:24.753,T,6886.75,1,,,
2026-04-13 14:19:24.753,T,6886.75,1,,,
2026-04-13 14:19:24.753,T,6886.75,2,,,
2026-04-13 14:19:24.753,T,6886.75,5,,,
2026-04-13 14:19:24.753,T,6886.75,1,,,
2026-04-13 14:19:24.753,T,6886.75,1,,,
2026-04-13 14:19:24.753,T,6886.75,1,,,
2026-04-13 14:19:24.753,T,6886.75,1,,,
2026-04-13 14:19:24.753,T,6886.75,1,,,
2026-04-13 14:19:24.753,T,6886.75,1,,,
2026-04-13 14:19:24.753,T,6886.75,1,,,
2026-04-13 14:19:24.753,T,6886.75,2,,,
2026-04-13 14:19:24.753,T,6886.75,1,,,
2026-04-13 14:19:24.753,T,6886.75,1,,,
2026-04-13 14:19:24.753,T,6886.75,1,,,
2026-04-13 14:19:24.753,T,6886.75,1,,,
2026-04-13 14:19:24.753,T,6886.75,1,,,
2026-04-13 14:19:24.753,T,6887.0,1,,,
2026-04-13 14:19:24.753,T,6887.0,1,,,
2026-04-13 14:19:24.754,T,6887.0,1,,,
2026-04-13 14:19:24.754,T,6887.0,1,,,
2026-04-13 14:19:24.754,T,6887.0,4,,,
2026-04-13 14:19:24.754,T,6887.0,1,,,
2026-04-13 14:19:24.754,T,6887.0,1,,,
2026-04-13 14:19:24.754,T,6887.0,1,,,
2026-04-13 14:19:24.754,T,6887.0,1,,,
2026-04-13 14:19:24.754,T,6887.0,1,,,
2026-04-13 14:19:24.754,T,6887.0,1,,,
2026-04-13 14:19:24.754,T,6887.0,1,,,
2026-04-13 14:19:24.754,T,6887.0,1,,,
2026-04-13 14:19:24.754,T,6887.0,1,,,
2026-04-13 14:19:24.754,T,6887.0,1,,,
2026-04-13 14:19:24.754,T,6887.0,1,,,
2026-04-13 14:19:24.754,T,6887.0,1,,,
2026-04-13 14:19:24.754,T,6887.0,1,,,
2026-04-13 14:19:24.754,T,6887.0,1,,,
2026-04-13 14:19:24.754,T,6887.0,1,,,
2026-04-13 14:19:24.754,T,6887.0,1,,,
2026-04-13 14:19:24.754,T,6887.0,1,,,
2026-04-13 14:19:24.754,T,6887.0,2,,,
2026-04-13 14:19:24.754,T,6887.0,1,,,
2026-04-13 14:19:24.754,T,6887.0,3,,,
2026-04-13 14:19:24.754,T,6887.0,1,,,
2026-04-13 14:19:24.754,T,6887.0,1,,,
2026-04-13 14:19:24.754,T,6887.0,1,,,
2026-04-13 14:19:24.755,T,6887.0,1,,,
2026-04-13 14:19:24.755,T,6886.75,1,,,
2026-04-13 14:19:24.755,T,6886.75,1,,,
2026-04-13 14:19:24.755,T,6886.75,1,,,
2026-04-13 14:19:24.755,Q,,,,6886.5,6886.75
2026-04-13 14:19:24.755,T,6886.75,1,,,
2026-04-13 14:19:24.755,T,6886.75,1,,,
2026-04-13 14:19:24.755,T,6886.75,1,,,
2026-04-13 14:19:24.755,T,6886.75,1,,,
2026-04-13 14:19:24.755,T,6886.75,1,,,
2026-04-13 14:19:24.755,T,6886.75,1,,,
2026-04-13 14:19:24.755,T,6886.75,1,,,
2026-04-13 14:19:24.755,T,6886.75,1,,,
2026-04-13 14:19:24.756,Q,,,,6886.75,6887.0
2026-04-13 14:19:24.756,T,6886.75,1,,,
2026-04-13 14:19:24.756,T,6886.75,2,,,
2026-04-13 14:19:24.756,T,6886.75,1,,,
2026-04-13 14:19:24.756,T,6886.75,1,,,
2026-04-13 14:19:24.756,T,6886.75,1,,,
2026-04-13 14:19:24.756,T,6886.75,1,,,
2026-04-13 14:19:24.756,T,6886.75,1,,,
2026-04-13 14:19:24.756,T,6886.75,2,,,
2026-04-13 14:19:24.756,T,6886.75,1,,,
2026-04-13 14:19:24.756,T,6886.75,1,,,
2026-04-13 14:19:24.756,T,6886.75,1,,,
2026-04-13 14:19:24.756,T,6886.75,1,,,
2026-04-13 14:19:24.756,T,6886.75,1,,,
2026-04-13 14:19:24.756,T,6886.75,1,,,
2026-04-13 14:19:24.756,T,6887.0,4,,,
2026-04-13 14:19:24.756,T,6887.0,1,,,
2026-04-13 14:19:24.756,T,6887.0,1,,,
2026-04-13 14:19:24.756,T,6887.0,1,,,
2026-04-13 14:19:24.756,T,6887.0,1,,,
2026-04-13 14:19:24.756,T,6886.75,1,,,
2026-04-13 14:19:24.757,T,6887.0,1,,,
2026-04-13 14:19:24.757,T,6886.75,1,,,
2026-04-13 14:19:24.758,T,6887.0,1,,,
2026-04-13 14:19:24.758,T,6886.75,1,,,
2026-04-13 14:19:24.759,T,6887.0,1,,,
2026-04-13 14:19:24.759,T,6887.0,1,,,
2026-04-13 14:19:24.759,T,6887.0,1,,,
2026-04-13 14:19:24.759,T,6887.0,1,,,
2026-04-13 14:19:24.759,T,6887.0,1,,,
2026-04-13 14:19:24.759,T,6887.0,1,,,
2026-04-13 14:19:24.759,T,6887.0,1,,,
2026-04-13 14:19:24.759,T,6887.0,1,,,
2026-04-13 14:19:24.759,T,6887.0,2,,,
2026-04-13 14:19:24.759,T,6887.0,1,,,
2026-04-13 14:19:24.759,T,6887.0,1,,,
2026-04-13 14:19:24.759,T,6887.0,1,,,
2026-04-13 14:19:24.759,T,6887.0,1,,,
2026-04-13 14:19:24.759,T,6887.0,1,,,
2026-04-13 14:19:24.759,T,6887.0,1,,,
2026-04-13 14:19:24.759,T,6887.0,1,,,
2026-04-13 14:19:24.759,T,6887.0,1,,,
2026-04-13 14:19:24.759,T,6887.0,1,,,
2026-04-13 14:19:24.759,T,6887.0,1,,,
2026-04-13 14:19:24.759,T,6887.0,1,,,
2026-04-13 14:19:24.759,Q,,,,6886.75,6887.25
2026-04-13 14:19:24.759,Q,,,,6887.0,6887.25
2026-04-13 14:19:24.760,T,6887.0,3,,,
2026-04-13 14:19:24.760,T,6887.0,1,,,
2026-04-13 14:19:24.760,T,6887.0,1,,,
2026-04-13 14:19:24.760,T,6887.0,1,,,
2026-04-13 14:19:24.760,T,6887.0,1,,,
2026-04-13 14:19:24.760,T,6887.0,2,,,
2026-04-13 14:19:24.760,T,6887.0,2,,,
2026-04-13 14:19:24.760,T,6887.0,1,,,
2026-04-13 14:19:24.760,T,6887.0,1,,,
2026-04-13 14:19:24.760,T,6887.0,2,,,
2026-04-13 14:19:24.760,T,6887.0,1,,,
2026-04-13 14:19:24.760,T,6887.0,1,,,
2026-04-13 14:19:24.760,Q,,,,6886.75,6887.0
2026-04-13 14:19:24.760,T,6887.0,1,,,
2026-04-13 14:19:24.760,T,6887.0,1,,,
2026-04-13 14:19:24.760,T,6887.0,1,,,
2026-04-13 14:19:24.760,T,6887.0,1,,,
2026-04-13 14:19:24.760,Q,,,,6887.0,6887.25
2026-04-13 14:19:24.760,T,6887.25,1,,,
2026-04-13 14:19:24.760,T,6887.25,1,,,
2026-04-13 14:19:24.760,T,6887.25,1,,,
2026-04-13 14:19:24.760,T,6887.25,1,,,
2026-04-13 14:19:24.760,T,6887.25,1,,,
2026-04-13 14:19:24.761,T,6887.0,2,,,
2026-04-13 14:19:24.761,Q,,,,6887.0,6887.5
2026-04-13 14:19:24.761,T,6887.25,1,,,
2026-04-13 14:19:24.761,T,6887.25,1,,,
2026-04-13 14:19:24.761,T,6887.25,1,,,
2026-04-13 14:19:24.761,T,6887.25,1,,,
2026-04-13 14:19:24.761,T,6887.25,1,,,
2026-04-13 14:19:24.761,T,6887.25,1,,,
2026-04-13 14:19:24.761,T,6887.25,1,,,
2026-04-13 14:19:24.761,T,6887.25,1,,,
2026-04-13 14:19:24.761,T,6887.25,1,,,
2026-04-13 14:19:24.761,T,6887.25,1,,,
2026-04-13 14:19:24.761,T,6887.25,1,,,
2026-04-13 14:19:24.761,T,6887.25,1,,,
2026-04-13 14:19:24.761,T,6887.0,1,,,
2026-04-13 14:19:24.761,T,6887.25,1,,,
2026-04-13 14:19:24.761,Q,,,,6887.0,6887.25
2026-04-13 14:19:24.762,T,6887.0,2,,,
2026-04-13 14:19:24.762,T,6887.25,4,,,
2026-04-13 14:19:24.762,T,6887.25,1,,,
2026-04-13 14:19:24.762,T,6887.25,1,,,
2026-04-13 14:19:24.762,T,6887.25,1,,,
2026-04-13 14:19:24.762,T,6887.25,1,,,
2026-04-13 14:19:24.762,T,6887.25,2,,,
2026-04-13 14:19:24.762,Q,,,,6887.25,6887.5
2026-04-13 14:19:24.762,T,6887.25,1,,,
2026-04-13 14:19:24.762,T,6887.25,1,,,
2026-04-13 14:19:24.762,T,6887.25,1,,,
2026-04-13 14:19:24.762,T,6887.25,1,,,
2026-04-13 14:19:24.762,T,6887.25,1,,,
2026-04-13 14:19:24.762,T,6887.25,1,,,
2026-04-13 14:19:24.762,T,6887.25,1,,,
2026-04-13 14:19:24.763,T,6887.25,1,,,
2026-04-13 14:19:24.763,T,6887.5,1,,,
2026-04-13 14:19:24.763,T,6887.5,1,,,
2026-04-13 14:19:24.763,T,6887.25,1,,,
2026-04-13 14:19:24.763,T,6887.25,1,,,
2026-04-13 14:19:24.763,T,6887.5,1,,,
2026-04-13 14:19:24.763,T,6887.5,1,,,
2026-04-13 14:19:24.763,T,6887.5,1,,,
2026-04-13 14:19:24.763,T,6887.5,1,,,
2026-04-13 14:19:24.763,T,6887.5,1,,,
2026-04-13 14:19:24.763,T,6887.5,1,,,
2026-04-13 14:19:24.763,T,6887.5,1,,,
2026-04-13 14:19:24.763,T,6887.5,1,,,
2026-04-13 14:19:24.763,T,6887.5,1,,,
2026-04-13 14:19:24.763,T,6887.5,1,,,
2026-04-13 14:19:24.763,T,6887.5,1,,,
2026-04-13 14:19:24.763,T,6887.5,1,,,
2026-04-13 14:19:24.764,T,6887.5,4,,,
2026-04-13 14:19:24.764,T,6887.5,1,,,
2026-04-13 14:19:24.764,T,6887.5,1,,,
2026-04-13 14:19:24.764,T,6887.5,1,,,
2026-04-13 14:19:24.764,T,6887.5,5,,,
2026-04-13 14:19:24.764,T,6887.5,1,,,
2026-04-13 14:19:24.764,T,6887.5,1,,,
2026-04-13 14:19:24.764,T,6887.5,1,,,
2026-04-13 14:19:24.764,T,6887.5,1,,,
2026-04-13 14:19:24.764,T,6887.5,1,,,
2026-04-13 14:19:24.764,T,6887.5,1,,,
2026-04-13 14:19:24.764,T,6887.5,1,,,
2026-04-13 14:19:24.765,Q,,,,6887.25,6887.75
2026-04-13 14:19:24.765,T,6887.5,1,,,
2026-04-13 14:19:24.765,T,6887.5,1,,,
2026-04-13 14:19:24.765,T,6887.5,1,,,
2026-04-13 14:19:24.765,T,6887.5,1,,,
2026-04-13 14:19:24.765,T,6887.5,1,,,
2026-04-13 14:19:24.765,T,6887.5,1,,,
2026-04-13 14:19:24.765,T,6887.5,1,,,
2026-04-13 14:19:24.765,T,6887.5,3,,,
2026-04-13 14:19:24.765,T,6887.5,1,,,
2026-04-13 14:19:24.765,T,6887.5,1,,,
2026-04-13 14:19:24.765,T,6887.5,1,,,
2026-04-13 14:19:24.765,T,6887.5,1,,,
2026-04-13 14:19:24.765,T,6887.5,1,,,
2026-04-13 14:19:24.765,T,6887.5,1,,,
2026-04-13 14:19:24.765,T,6887.5,1,,,
2026-04-13 14:19:24.765,T,6887.5,2,,,
2026-04-13 14:19:24.765,T,6887.5,1,,,
2026-04-13 14:19:24.765,T,6887.5,1,,,
2026-04-13 14:19:24.765,T,6887.5,2,,,
2026-04-13 14:19:24.765,T,6887.5,1,,,
2026-04-13 14:19:24.765,T,6887.5,1,,,
2026-04-13 14:19:24.765,T,6887.5,2,,,
2026-04-13 14:19:24.765,Q,,,,6887.5,6887.75
2026-04-13 14:19:24.765,Q,,,,6887.25,6887.5
2026-04-13 14:19:24.765,T,6887.5,1,,,
2026-04-13 14:19:24.765,T,6887.5,4,,,
2026-04-13 14:19:24.765,T,6887.5,1,,,
2026-04-13 14:19:24.765,T,6887.5,1,,,
2026-04-13 14:19:24.765,T,6887.5,1,,,
2026-04-13 14:19:24.765,T,6887.5,1,,,
2026-04-13 14:19:24.766,T,6887.5,1,,,
2026-04-13 14:19:24.766,T,6887.5,1,,,
2026-04-13 14:19:24.767,T,6887.25,1,,,
2026-04-13 14:19:24.767,T,6887.25,1,,,
2026-04-13 14:19:24.767,T,6887.25,1,,,
2026-04-13 14:19:24.767,T,6887.25,1,,,
2026-04-13 14:19:24.767,T,6887.5,1,,,
2026-04-13 14:19:24.767,T,6887.5,1,,,
2026-04-13 14:19:24.767,T,6887.5,1,,,
2026-04-13 14:19:24.767,T,6887.5,1,,,
2026-04-13 14:19:24.767,T,6887.5,1,,,
2026-04-13 14:19:24.767,T,6887.5,1,,,
2026-04-13 14:19:24.767,T,6887.5,1,,,
2026-04-13 14:19:24.767,T,6887.5,1,,,
2026-04-13 14:19:24.767,Q,,,,6887.5,6887.75
2026-04-13 14:19:24.768,T,6887.75,1,,,
2026-04-13 14:19:24.768,T,6887.75,1,,,
2026-04-13 14:19:24.768,T,6887.75,1,,,
2026-04-13 14:19:24.768,T,6887.75,1,,,
2026-04-13 14:19:24.768,T,6887.75,1,,,
2026-04-13 14:19:24.768,T,6887.75,1,,,
2026-04-13 14:19:24.768,T,6887.75,1,,,
2026-04-13 14:19:24.768,T,6887.75,1,,,
2026-04-13 14:19:24.768,T,6887.75,1,,,
2026-04-13 14:19:24.768,T,6887.75,2,,,
2026-04-13 14:19:24.768,T,6887.75,1,,,
2026-04-13 14:19:24.768,T,6887.75,1,,,
2026-04-13 14:19:24.768,T,6887.75,1,,,
2026-04-13 14:19:24.768,T,6887.75,1,,,
2026-04-13 14:19:24.768,T,6887.75,1,,,
2026-04-13 14:19:24.768,T,6887.75,1,,,
2026-04-13 14:19:24.768,T,6887.75,1,,,
2026-04-13 14:19:24.768,T,6887.75,1,,,
2026-04-13 14:19:24.768,T,6887.75,1,,,
2026-04-13 14:19:24.768,T,6887.75,1,,,
2026-04-13 14:19:24.768,T,6887.75,2,,,
2026-04-13 14:19:24.768,T,6887.75,1,,,
2026-04-13 14:19:24.768,T,6887.75,1,,,
2026-04-13 14:19:24.768,T,6887.75,1,,,
2026-04-13 14:19:24.768,T,6887.75,1,,,
2026-04-13 14:19:24.768,T,6887.75,1,,,
2026-04-13 14:19:24.768,T,6887.75,2,,,
2026-04-13 14:19:24.768,T,6887.75,1,,,
2026-04-13 14:19:24.768,T,6887.75,1,,,
2026-04-13 14:19:24.768,T,6887.75,3,,,
2026-04-13 14:19:24.768,T,6887.75,1,,,
2026-04-13 14:19:24.769,T,6887.75,1,,,
2026-04-13 14:19:24.769,T,6887.75,1,,,
2026-04-13 14:19:24.769,T,6887.75,2,,,
2026-04-13 14:19:24.769,T,6887.75,4,,,
2026-04-13 14:19:24.769,T,6887.75,1,,,
2026-04-13 14:19:24.769,T,6887.75,1,,,
2026-04-13 14:19:24.769,T,6887.75,1,,,
2026-04-13 14:19:24.769,T,6887.75,1,,,
2026-04-13 14:19:24.769,T,6887.75,1,,,
2026-04-13 14:19:24.769,T,6887.75,1,,,
2026-04-13 14:19:24.769,T,6887.75,1,,,
2026-04-13 14:19:24.769,T,6887.75,2,,,
2026-04-13 14:19:24.769,T,6887.75,3,,,
2026-04-13 14:19:24.769,T,6887.75,2,,,
2026-04-13 14:19:24.769,T,6887.75,2,,,
2026-04-13 14:19:24.769,T,6887.75,1,,,
2026-04-13 14:19:24.769,T,6887.75,1,,,
2026-04-13 14:19:24.769,T,6887.75,1,,,
2026-04-13 14:19:24.769,T,6887.75,2,,,
2026-04-13 14:19:24.769,T,6887.75,1,,,
2026-04-13 14:19:24.769,T,6887.75,1,,,
2026-04-13 14:19:24.769,T,6887.75,1,,,
2026-04-13 14:19:24.769,T,6887.75,1,,,
2026-04-13 14:19:24.769,T,6887.75,1,,,
2026-04-13 14:19:24.769,T,6887.75,1,,,
2026-04-13 14:19:24.769,T,6887.75,1,,,
2026-04-13 14:19:24.769,T,6887.5,1,,,
2026-04-13 14:19:24.769,Q,,,,6887.5,6888.0
2026-04-13 14:19:24.769,T,6887.75,1,,,
2026-04-13 14:19:24.769,T,6887.75,1,,,
2026-04-13 14:19:24.769,T,6887.75,1,,,
2026-04-13 14:19:24.769,T,6887.75,1,,,
2026-04-13 14:19:24.769,T,6888.0,1,,,
2026-04-13 14:19:24.769,T,6888.0,1,,,
2026-04-13 14:19:24.769,T,6888.0,3,,,
2026-04-13 14:19:24.769,T,6888.0,1,,,
2026-04-13 14:19:24.769,T,6887.75,1,,,
2026-04-13 14:19:24.769,T,6887.75,1,,,
2026-04-13 14:19:24.769,T,6887.75,1,,,
2026-04-13 14:19:24.769,T,6887.75,1,,,
2026-04-13 14:19:24.769,T,6887.75,1,,,
2026-04-13 14:19:24.769,T,6887.75,2,,,
2026-04-13 14:19:24.769,T,6887.75,2,,,
2026-04-13 14:19:24.769,T,6887.75,1,,,
2026-04-13 14:19:24.770,T,6888.0,1,,,
2026-04-13 14:19:24.770,T,6888.0,1,,,
2026-04-13 14:19:24.770,T,6888.0,1,,,
2026-04-13 14:19:24.770,T,6888.0,1,,,
2026-04-13 14:19:24.770,T,6887.75,1,,,
2026-04-13 14:19:24.770,T,6887.75,1,,,
2026-04-13 14:19:24.770,T,6887.75,1,,,
2026-04-13 14:19:24.770,Q,,,,6887.75,6888.0
2026-04-13 14:19:24.770,T,6887.75,2,,,
2026-04-13 14:19:24.770,T,6887.75,1,,,
2026-04-13 14:19:24.770,T,6887.75,1,,,
2026-04-13 14:19:24.770,T,6887.75,1,,,
2026-04-13 14:19:24.770,T,6887.75,1,,,
2026-04-13 14:19:24.770,T,6887.75,2,,,
2026-04-13 14:19:24.770,T,6887.75,1,,,
2026-04-13 14:19:24.770,T,6887.75,1,,,
2026-04-13 14:19:24.770,T,6887.75,2,,,
2026-04-13 14:19:24.770,T,6887.75,4,,,
2026-04-13 14:19:24.770,T,6887.75,1,,,
2026-04-13 14:19:24.770,T,6887.75,1,,,
2026-04-13 14:19:24.770,T,6887.75,1,,,
2026-04-13 14:19:24.770,T,6887.75,1,,,
2026-04-13 14:19:24.771,T,6888.0,1,,,
2026-04-13 14:19:24.771,T,6888.0,1,,,
2026-04-13 14:19:24.771,T,6888.0,1,,,
2026-04-13 14:19:24.771,T,6888.0,1,,,
2026-04-13 14:19:24.771,T,6888.0,1,,,
2026-04-13 14:19:24.771,T,6888.0,1,,,
2026-04-13 14:19:24.771,T,6888.0,1,,,
2026-04-13 14:19:24.771,T,6888.0,2,,,
2026-04-13 14:19:24.771,T,6888.0,1,,,
2026-04-13 14:19:24.771,T,6888.0,2,,,
2026-04-13 14:19:24.771,T,6888.0,1,,,
2026-04-13 14:19:24.771,T,6888.0,1,,,
2026-04-13 14:19:24.771,T,6888.0,1,,,
2026-04-13 14:19:24.771,T,6888.0,1,,,
2026-04-13 14:19:24.771,T,6888.0,10,,,
2026-04-13 14:19:24.771,T,6888.0,1,,,
2026-04-13 14:19:24.771,T,6888.0,1,,,
2026-04-13 14:19:24.771,T,6888.0,1,,,
2026-04-13 14:19:24.771,T,6888.0,2,,,
2026-04-13 14:19:24.771,T,6888.0,1,,,
2026-04-13 14:19:24.771,T,6888.0,1,,,
2026-04-13 14:19:24.771,T,6888.0,1,,,
2026-04-13 14:19:24.771,T,6888.0,1,,,
2026-04-13 14:19:24.771,T,6888.0,1,,,
2026-04-13 14:19:24.771,T,6888.0,1,,,
2026-04-13 14:19:24.771,T,6888.0,1,,,
2026-04-13 14:19:24.771,T,6888.0,1,,,
2026-04-13 14:19:24.771,T,6888.0,1,,,
2026-04-13 14:19:24.771,T,6888.0,1,,,
2026-04-13 14:19:24.771,T,6888.0,1,,,
2026-04-13 14:19:24.771,T,6888.0,3,,,
2026-04-13 14:19:24.771,T,6888.0,1,,,
2026-04-13 14:19:24.771,T,6888.0,1,,,
2026-04-13 14:19:24.771,T,6888.0,2,,,
2026-04-13 14:19:24.771,T,6888.0,1,,,
2026-04-13 14:19:24.771,T,6888.0,1,,,
2026-04-13 14:19:24.771,T,6888.0,1,,,
2026-04-13 14:19:24.771,T,6888.0,1,,,
2026-04-13 14:19:24.771,T,6888.0,1,,,
2026-04-13 14:19:24.771,T,6888.0,1,,,
2026-04-13 14:19:24.771,T,6888.0,1,,,
2026-04-13 14:19:24.771,T,6888.0,1,,,
2026-04-13 14:19:24.772,T,6888.0,1,,,
2026-04-13 14:19:24.772,T,6888.0,3,,,
2026-04-13 14:19:24.772,T,6888.0,1,,,
2026-04-13 14:19:24.772,T,6887.75,1,,,
2026-04-13 14:19:24.772,T,6887.75,1,,,
2026-04-13 14:19:24.773,T,6888.0,1,,,
2026-04-13 14:19:24.773,T,6888.0,1,,,
2026-04-13 14:19:24.773,T,6887.75,1,,,
2026-04-13 14:19:24.773,T,6887.75,1,,,
2026-04-13 14:19:24.773,T,6887.75,1,,,
2026-04-13 14:19:24.773,T,6887.75,1,,,
2026-04-13 14:19:24.773,T,6887.75,1,,,
2026-04-13 14:19:24.773,T,6887.75,1,,,
2026-04-13 14:19:24.773,T,6887.75,1,,,
2026-04-13 14:19:24.773,T,6887.75,1,,,
2026-04-13 14:19:24.773,T,6887.75,1,,,
2026-04-13 14:19:24.773,T,6887.75,1,,,
2026-04-13 14:19:24.773,T,6887.75,1,,,
2026-04-13 14:19:24.773,T,6887.75,3,,,
2026-04-13 14:19:24.773,T,6887.75,1,,,
2026-04-13 14:19:24.773,T,6887.75,1,,,
2026-04-13 14:19:24.773,T,6887.75,1,,,
2026-04-13 14:19:24.773,T,6887.75,1,,,
2026-04-13 14:19:24.773,T,6887.75,1,,,
2026-04-13 14:19:24.773,T,6887.75,1,,,
2026-04-13 14:19:24.773,T,6887.75,1,,,
2026-04-13 14:19:24.773,T,6887.75,1,,,
2026-04-13 14:19:24.773,T,6887.75,1,,,
2026-04-13 14:19:24.773,T,6887.5,1,,,
2026-04-13 14:19:24.774,Q,,,,6887.5,6887.75
2026-04-13 14:19:24.774,T,6887.5,1,,,
2026-04-13 14:19:24.774,T,6887.5,1,,,
2026-04-13 14:19:24.774,T,6887.5,1,,,
2026-04-13 14:19:24.774,T,6887.5,1,,,
2026-04-13 14:19:24.774,T,6887.5,1,,,
2026-04-13 14:19:24.774,T,6887.5,1,,,
2026-04-13 14:19:24.774,T,6887.5,1,,,
2026-04-13 14:19:24.774,T,6887.5,1,,,
2026-04-13 14:19:24.774,T,6887.5,1,,,
2026-04-13 14:19:24.774,T,6887.5,2,,,
2026-04-13 14:19:24.774,T,6887.5,1,,,
2026-04-13 14:19:24.774,T,6887.5,1,,,
2026-04-13 14:19:24.774,T,6887.5,1,,,
2026-04-13 14:19:24.774,T,6887.5,1,,,
2026-04-13 14:19:24.774,T,6887.5,1,,,
2026-04-13 14:19:24.774,T,6887.5,1,,,
2026-04-13 14:19:24.774,T,6887.5,1,,,
2026-04-13 14:19:24.774,T,6887.5,4,,,
2026-04-13 14:19:24.774,T,6887.5,1,,,
2026-04-13 14:19:24.774,T,6887.5,1,,,
2026-04-13 14:19:24.774,T,6887.5,1,,,
2026-04-13 14:19:24.774,T,6887.5,1,,,
2026-04-13 14:19:24.774,T,6887.5,1,,,
2026-04-13 14:19:24.774,T,6887.5,1,,,
2026-04-13 14:19:24.774,T,6887.5,1,,,
2026-04-13 14:19:24.774,T,6887.5,1,,,
2026-04-13 14:19:24.774,T,6887.5,1,,,
2026-04-13 14:19:24.774,T,6887.5,1,,,
2026-04-13 14:19:24.774,T,6887.5,1,,,
2026-04-13 14:19:24.774,T,6887.5,1,,,
2026-04-13 14:19:24.774,T,6887.5,3,,,
2026-04-13 14:19:24.774,T,6887.75,1,,,
2026-04-13 14:19:24.774,T,6887.5,1,,,
2026-04-13 14:19:24.774,T,6887.5,1,,,
2026-04-13 14:19:24.775,Q,,,,6887.25,6887.75
2026-04-13 14:19:24.775,T,6887.25,1,,,
2026-04-13 14:19:24.775,T,6887.25,1,,,
2026-04-13 14:19:24.775,T,6887.25,1,,,
2026-04-13 14:19:24.775,Q,,,,6887.25,6887.5
2026-04-13 14:19:24.775,Q,,,,6887.5,6887.75
2026-04-13 14:19:24.775,T,6887.5,1,,,
2026-04-13 14:19:24.775,T,6887.5,1,,,
2026-04-13 14:19:24.775,T,6887.5,1,,,
2026-04-13 14:19:24.775,T,6887.5,1,,,
2026-04-13 14:19:24.775,T,6887.5,1,,,
2026-04-13 14:19:24.775,T,6887.5,2,,,
2026-04-13 14:19:24.775,T,6887.5,1,,,
2026-04-13 14:19:24.775,T,6887.5,1,,,
2026-04-13 14:19:24.775,T,6887.5,3,,,
2026-04-13 14:19:24.775,T,6887.5,1,,,
2026-04-13 14:19:24.775,T,6887.5,1,,,
2026-04-13 14:19:24.776,T,6887.5,1,,,
2026-04-13 14:19:24.776,T,6887.75,1,,,
2026-04-13 14:19:24.776,T,6887.75,1,,,
2026-04-13 14:19:24.776,T,6887.75,1,,,
2026-04-13 14:19:24.776,T,6887.75,1,,,
2026-04-13 14:19:24.776,T,6887.75,1,,,
2026-04-13 14:19:24.776,T,6887.75,1,,,
2026-04-13 14:19:24.776,T,6887.75,1,,,
2026-04-13 14:19:24.776,T,6887.75,1,,,
2026-04-13 14:19:24.776,T,6887.75,1,,,
2026-04-13 14:19:24.776,T,6887.75,1,,,
2026-04-13 14:19:24.776,T,6887.75,1,,,
2026-04-13 14:19:24.776,T,6887.75,1,,,
2026-04-13 14:19:24.776,T,6887.75,2,,,
2026-04-13 14:19:24.776,T,6887.75,2,,,
2026-04-13 14:19:24.776,T,6887.75,1,,,
2026-04-13 14:19:24.776,T,6887.75,1,,,
2026-04-13 14:19:24.776,T,6887.75,1,,,
2026-04-13 14:19:24.776,T,6887.75,1,,,
2026-04-13 14:19:24.776,T,6887.75,1,,,
2026-04-13 14:19:24.776,T,6887.75,1,,,
2026-04-13 14:19:24.776,T,6887.75,1,,,
2026-04-13 14:19:24.776,T,6887.75,1,,,
2026-04-13 14:19:24.776,T,6887.75,1,,,
2026-04-13 14:19:24.776,T,6887.75,1,,,
2026-04-13 14:19:24.776,T,6887.75,1,,,
2026-04-13 14:19:24.776,T,6887.75,3,,,
2026-04-13 14:19:24.776,T,6887.5,1,,,
2026-04-13 14:19:24.776,T,6887.75,1,,,
2026-04-13 14:19:24.776,T,6887.5,2,,,
2026-04-13 14:19:24.776,T,6887.75,1,,,
2026-04-13 14:19:24.777,T,6887.5,1,,,
2026-04-13 14:19:24.777,T,6887.75,1,,,
2026-04-13 14:19:24.778,T,6887.75,1,,,
2026-04-13 14:19:24.778,T,6887.5,1,,,
2026-04-13 14:19:24.778,T,6887.5,1,,,
2026-04-13 14:19:24.778,T,6887.5,1,,,
2026-04-13 14:19:24.778,T,6887.5,1,,,
2026-04-13 14:19:24.778,T,6887.5,1,,,
2026-04-13 14:19:24.778,T,6887.5,1,,,
2026-04-13 14:19:24.778,T,6887.5,1,,,
2026-04-13 14:19:24.778,T,6887.5,1,,,
2026-04-13 14:19:24.778,T,6887.5,1,,,
2026-04-13 14:19:24.778,T,6887.5,1,,,
2026-04-13 14:19:24.778,T,6887.5,1,,,
2026-04-13 14:19:24.778,T,6887.5,1,,,
2026-04-13 14:19:24.778,T,6887.5,1,,,
2026-04-13 14:19:24.778,T,6887.5,1,,,
2026-04-13 14:19:24.778,Q,,,,6887.25,6887.5
2026-04-13 14:19:24.778,T,6887.5,1,,,
2026-04-13 14:19:24.779,T,6887.5,2,,,
2026-04-13 14:19:24.779,T,6887.5,1,,,
2026-04-13 14:19:24.779,T,6887.5,1,,,
2026-04-13 14:19:24.779,T,6887.5,1,,,
2026-04-13 14:19:24.779,T,6887.5,1,,,
2026-04-13 14:19:24.779,T,6887.5,1,,,
2026-04-13 14:19:24.779,T,6887.5,1,,,
2026-04-13 14:19:24.779,T,6887.5,3,,,
2026-04-13 14:19:24.779,Q,,,,6887.25,6887.75
2026-04-13 14:19:24.779,Q,,,,6887.25,6887.5
2026-04-13 14:19:24.779,Q,,,,6887.25,6887.75
2026-04-13 14:19:24.779,T,6887.5,1,,,
2026-04-13 14:19:24.779,T,6887.5,1,,,
2026-04-13 14:19:24.779,T,6887.5,1,,,
2026-04-13 14:19:24.779,T,6887.5,1,,,
2026-04-13 14:19:24.779,T,6887.5,1,,,
2026-04-13 14:19:24.779,T,6887.5,1,,,
2026-04-13 14:19:24.779,T,6887.5,2,,,
2026-04-13 14:19:24.780,Q,,,,6887.25,6887.5
2026-04-13 14:19:24.780,T,6887.25,1,,,
2026-04-13 14:19:24.780,T,6887.25,1,,,
2026-04-13 14:19:24.780,T,6887.25,1,,,
2026-04-13 14:19:24.780,T,6887.25,1,,,
2026-04-13 14:19:24.781,T,6887.5,1,,,
2026-04-13 14:19:24.781,T,6887.5,2,,,
2026-04-13 14:19:24.781,Q,,,,6887.0,6887.5
2026-04-13 14:19:24.781,T,6887.25,1,,,
2026-04-13 14:19:24.781,T,6887.25,1,,,
2026-04-13 14:19:24.781,T,6887.25,1,,,
2026-04-13 14:19:24.781,T,6887.25,1,,,
2026-04-13 14:19:24.781,T,6887.25,1,,,
2026-04-13 14:19:24.781,T,6887.25,1,,,
2026-04-13 14:19:24.781,T,6887.25,1,,,
2026-04-13 14:19:24.781,T,6887.25,1,,,
2026-04-13 14:19:24.781,T,6887.25,1,,,
2026-04-13 14:19:24.781,T,6887.25,5,,,
2026-04-13 14:19:24.781,T,6887.25,1,,,
2026-04-13 14:19:24.781,T,6887.25,1,,,
2026-04-13 14:19:24.781,T,6887.25,1,,,
2026-04-13 14:19:24.781,T,6887.25,1,,,
2026-04-13 14:19:24.781,T,6887.25,1,,,
2026-04-13 14:19:24.781,T,6887.25,1,,,
2026-04-13 14:19:24.781,T,6887.25,1,,,
2026-04-13 14:19:24.781,T,6887.25,1,,,
2026-04-13 14:19:24.781,T,6887.25,3,,,
2026-04-13 14:19:24.781,T,6887.25,1,,,
2026-04-13 14:19:24.781,T,6887.25,1,,,
2026-04-13 14:19:24.781,T,6887.25,1,,,
2026-04-13 14:19:24.781,T,6887.25,1,,,
2026-04-13 14:19:24.781,T,6887.25,1,,,
2026-04-13 14:19:24.781,T,6887.25,1,,,
2026-04-13 14:19:24.781,T,6887.25,1,,,
2026-04-13 14:19:24.781,Q,,,,6887.0,6887.25
2026-04-13 14:19:24.782,T,6887.25,1,,,
2026-04-13 14:19:24.782,T,6887.25,1,,,
2026-04-13 14:19:24.782,T,6887.25,1,,,
2026-04-13 14:19:24.782,T,6887.25,1,,,
2026-04-13 14:19:24.782,T,6887.25,4,,,
2026-04-13 14:19:24.782,T,6887.25,1,,,
2026-04-13 14:19:24.782,T,6887.25,1,,,
2026-04-13 14:19:24.782,T,6887.25,1,,,
2026-04-13 14:19:24.782,T,6887.25,1,,,
2026-04-13 14:19:24.782,T,6887.25,2,,,
2026-04-13 14:19:24.782,T,6887.25,1,,,
2026-04-13 14:19:24.782,T,6887.25,1,,,
2026-04-13 14:19:24.782,T,6887.25,1,,,
2026-04-13 14:19:24.782,T,6887.25,1,,,
2026-04-13 14:19:24.782,T,6887.25,1,,,
2026-04-13 14:19:24.782,T,6887.25,1,,,
2026-04-13 14:19:24.782,T,6887.25,1,,,
2026-04-13 14:19:24.782,T,6887.25,1,,,
2026-04-13 14:19:24.782,T,6887.25,1,,,
2026-04-13 14:19:24.782,T,6887.25,1,,,
2026-04-13 14:19:24.783,T,6887.25,1,,,
2026-04-13 14:19:24.783,T,6887.25,1,,,
2026-04-13 14:19:24.783,T,6887.25,1,,,
2026-04-13 14:19:24.783,T,6887.25,1,,,
2026-04-13 14:19:24.783,T,6887.25,1,,,
2026-04-13 14:19:24.783,T,6887.25,1,,,
2026-04-13 14:19:24.783,T,6887.25,1,,,
2026-04-13 14:19:24.783,Q,,,,6887.25,6887.5
2026-04-13 14:19:24.783,T,6887.25,1,,,
2026-04-13 14:19:24.783,T,6887.25,2,,,
2026-04-13 14:19:24.783,T,6887.25,2,,,
2026-04-13 14:19:24.783,T,6887.25,1,,,
2026-04-13 14:19:24.783,T,6887.25,1,,,
2026-04-13 14:19:24.783,T,6887.25,1,,,
2026-04-13 14:19:24.783,T,6887.25,1,,,
2026-04-13 14:19:24.783,Q,,,,6887.0,6887.25
2026-04-13 14:19:24.784,T,6887.25,1,,,
2026-04-13 14:19:24.784,T,6887.25,1,,,
2026-04-13 14:19:24.784,T,6887.25,1,,,
2026-04-13 14:19:24.784,T,6887.25,1,,,
2026-04-13 14:19:24.784,T,6887.25,1,,,
2026-04-13 14:19:24.784,T,6887.25,1,,,
2026-04-13 14:19:24.784,T,6887.25,1,,,
2026-04-13 14:19:24.784,T,6887.25,1,,,
2026-04-13 14:19:24.784,T,6887.25,1,,,
2026-04-13 14:19:24.784,T,6887.25,1,,,
2026-04-13 14:19:24.784,Q,,,,6887.25,6887.5
2026-04-13 14:19:24.784,T,6887.25,4,,,
2026-04-13 14:19:24.784,T,6887.25,1,,,
2026-04-13 14:19:24.784,T,6887.25,1,,,
2026-04-13 14:19:24.784,T,6887.5,1,,,
2026-04-13 14:19:24.785,T,6887.25,1,,,
2026-04-13 14:19:24.785,T,6887.25,1,,,
2026-04-13 14:19:24.785,T,6887.25,2,,,
2026-04-13 14:19:24.785,T,6887.25,1,,,
2026-04-13 14:19:24.785,T,6887.25,1,,,
2026-04-13 14:19:24.785,T,6887.25,1,,,
2026-04-13 14:19:24.785,T,6887.25,1,,,
2026-04-13 14:19:24.785,T,6887.25,1,,,
2026-04-13 14:19:24.785,T,6887.5,1,,,
2026-04-13 14:19:24.786,T,6887.5,1,,,
2026-04-13 14:19:24.786,T,6887.25,1,,,
2026-04-13 14:19:24.786,T,6887.25,1,,,
2026-04-13 14:19:24.786,T,6887.5,4,,,
2026-04-13 14:19:24.786,T,6887.5,1,,,
2026-04-13 14:19:24.786,T,6887.5,1,,,
2026-04-13 14:19:24.786,T,6887.5,1,,,
2026-04-13 14:19:24.786,T,6887.5,1,,,
2026-04-13 14:19:24.786,T,6887.5,1,,,
2026-04-13 14:19:24.786,T,6887.5,1,,,
2026-04-13 14:19:24.786,T,6887.5,1,,,
2026-04-13 14:19:24.786,T,6887.5,1,,,
2026-04-13 14:19:24.786,T,6887.5,1,,,
2026-04-13 14:19:24.786,T,6887.5,1,,,
2026-04-13 14:19:24.786,T,6887.5,2,,,
2026-04-13 14:19:24.786,T,6887.5,1,,,
2026-04-13 14:19:24.786,T,6887.5,2,,,
2026-04-13 14:19:24.786,T,6887.5,1,,,
2026-04-13 14:19:24.786,T,6887.5,1,,,
2026-04-13 14:19:24.786,T,6887.5,1,,,
2026-04-13 14:19:24.786,T,6887.5,1,,,
2026-04-13 14:19:24.787,Q,,,,6887.5,6887.75
2026-04-13 14:19:24.787,T,6887.75,1,,,
2026-04-13 14:19:24.787,T,6887.75,1,,,
2026-04-13 14:19:24.787,T,6887.75,1,,,
2026-04-13 14:19:24.787,T,6887.75,1,,,
2026-04-13 14:19:24.787,T,6887.5,1,,,
2026-04-13 14:19:24.788,T,6887.75,1,,,
2026-04-13 14:19:24.788,T,6887.5,1,,,
2026-04-13 14:19:24.788,T,6887.5,1,,,
2026-04-13 14:19:24.788,T,6887.5,1,,,
2026-04-13 14:19:24.788,T,6887.5,1,,,
2026-04-13 14:19:24.788,T,6887.5,1,,,
2026-04-13 14:19:24.788,T,6887.5,1,,,
2026-04-13 14:19:24.788,T,6887.5,1,,,
2026-04-13 14:19:24.788,T,6887.5,1,,,
2026-04-13 14:19:24.788,T,6887.5,1,,,
2026-04-13 14:19:24.788,T,6887.5,1,,,
2026-04-13 14:19:24.788,T,6887.5,1,,,
2026-04-13 14:19:24.788,T,6887.5,3,,,
2026-04-13 14:19:24.788,T,6887.5,2,,,
2026-04-13 14:19:24.788,T,6887.5,1,,,
2026-04-13 14:19:24.788,T,6887.5,1,,,
2026-04-13 14:19:24.788,T,6887.25,1,,,
2026-04-13 14:19:24.788,T,6887.5,1,,,
2026-04-13 14:19:24.788,T,6887.5,3,,,
2026-04-13 14:19:24.788,T,6887.5,1,,,
2026-04-13 14:19:24.788,T,6887.5,1,,,
2026-04-13 14:19:24.788,T,6887.5,1,,,
2026-04-13 14:19:24.788,T,6887.5,1,,,
2026-04-13 14:19:24.788,T,6887.5,1,,,
2026-04-13 14:19:24.788,T,6887.5,1,,,
2026-04-13 14:19:24.788,T,6887.5,1,,,
2026-04-13 14:19:24.788,T,6887.5,3,,,
2026-04-13 14:19:24.788,T,6887.5,1,,,
2026-04-13 14:19:24.788,T,6887.5,1,,,
2026-04-13 14:19:24.788,T,6887.5,1,,,
2026-04-13 14:19:24.788,T,6887.5,1,,,
2026-04-13 14:19:24.789,T,6887.5,1,,,
2026-04-13 14:19:24.789,Q,,,,6887.25,6887.75
2026-04-13 14:19:24.789,T,6887.5,1,,,
2026-04-13 14:19:24.789,T,6887.5,1,,,
2026-04-13 14:19:24.789,T,6887.5,2,,,
2026-04-13 14:19:24.789,T,6887.5,1,,,
2026-04-13 14:19:24.789,Q,,,,6887.25,6887.5
2026-04-13 14:19:24.789,T,6887.5,4,,,
2026-04-13 14:19:24.789,T,6887.5,1,,,
2026-04-13 14:19:24.789,T,6887.5,1,,,
2026-04-13 14:19:24.789,T,6887.5,2,,,
2026-04-13 14:19:24.789,T,6887.5,1,,,
2026-04-13 14:19:24.789,T,6887.5,1,,,
2026-04-13 14:19:24.789,T,6887.5,1,,,
2026-04-13 14:19:24.789,T,6887.5,1,,,
2026-04-13 14:19:24.789,T,6887.5,1,,,
2026-04-13 14:19:24.789,T,6887.5,1,,,
2026-04-13 14:19:24.790,T,6887.5,2,,,
2026-04-13 14:19:24.790,T,6887.5,1,,,
2026-04-13 14:19:24.790,Q,,,,6887.25,6887.75
2026-04-13 14:19:24.790,Q,,,,6887.5,6887.75
2026-04-13 14:19:24.790,T,6887.5,1,,,
2026-04-13 14:19:24.790,T,6887.5,1,,,
2026-04-13 14:19:24.790,Q,,,,6887.25,6887.75
2026-04-13 14:19:24.790,Q,,,,6887.25,6887.5
2026-04-13 14:19:24.790,T,6887.5,3,,,
2026-04-13 14:19:24.790,T,6887.5,1,,,
2026-04-13 14:19:24.790,T,6887.5,1,,,
2026-04-13 14:19:24.791,T,6887.5,1,,,
2026-04-13 14:19:24.791,T,6887.5,1,,,
2026-04-13 14:19:24.791,T,6887.5,4,,,
2026-04-13 14:19:24.791,T,6887.5,1,,,
2026-04-13 14:19:24.791,T,6887.5,1,,,
2026-04-13 14:19:24.791,T,6887.5,1,,,
2026-04-13 14:19:24.791,T,6887.5,1,,,
2026-04-13 14:19:24.791,T,6887.5,1,,,
2026-04-13 14:19:24.791,T,6887.5,2,,,
2026-04-13 14:19:24.791,T,6887.5,1,,,
2026-04-13 14:19:24.791,T,6887.5,1,,,
2026-04-13 14:19:24.791,T,6887.5,1,,,
2026-04-13 14:19:24.791,T,6887.5,2,,,
2026-04-13 14:19:24.791,T,6887.5,1,,,
2026-04-13 14:19:24.791,T,6887.5,1,,,
2026-04-13 14:19:24.791,T,6887.5,1,,,
2026-04-13 14:19:24.791,T,6887.5,1,,,
2026-04-13 14:19:24.791,T,6887.5,1,,,
2026-04-13 14:19:24.791,T,6887.5,1,,,
2026-04-13 14:19:24.791,T,6887.5,1,,,
2026-04-13 14:19:24.791,T,6887.5,1,,,
2026-04-13 14:19:24.791,T,6887.5,2,,,
2026-04-13 14:19:24.791,T,6887.5,2,,,
2026-04-13 14:19:24.792,Q,,,,6887.5,6887.75
2026-04-13 14:19:24.792,T,6887.5,1,,,
2026-04-13 14:19:24.792,T,6887.5,1,,,
2026-04-13 14:19:24.792,T,6887.5,1,,,
2026-04-13 14:19:24.792,T,6887.5,1,,,
2026-04-13 14:19:24.792,T,6887.5,1,,,
2026-04-13 14:19:24.792,Q,,,,6887.25,6887.5
2026-04-13 14:19:24.792,T,6887.5,1,,,
2026-04-13 14:19:24.792,T,6887.5,3,,,
2026-04-13 14:19:24.792,T,6887.5,1,,,
2026-04-13 14:19:24.792,T,6887.5,1,,,
2026-04-13 14:19:24.792,T,6887.5,1,,,
2026-04-13 14:19:24.792,T,6887.5,1,,,
2026-04-13 14:19:24.792,T,6887.5,1,,,
2026-04-13 14:19:24.792,T,6887.5,1,,,
2026-04-13 14:19:24.792,T,6887.5,1,,,
2026-04-13 14:19:24.792,T,6887.5,1,,,
2026-04-13 14:19:24.792,T,6887.25,1,,,
2026-04-13 14:19:24.792,T,6887.5,3,,,
2026-04-13 14:19:24.792,T,6887.5,1,,,
2026-04-13 14:19:24.792,T,6887.5,1,,,
2026-04-13 14:19:24.792,T,6887.5,1,,,
2026-04-13 14:19:24.793,Q,,,,6887.5,6887.75
2026-04-13 14:19:24.793,T,6887.75,1,,,
2026-04-13 14:19:24.793,T,6887.5,1,,,
2026-04-13 14:19:24.793,T,6887.5,1,,,
2026-04-13 14:19:24.793,T,6887.5,1,,,
2026-04-13 14:19:24.793,T,6887.5,1,,,
2026-04-13 14:19:24.793,T,6887.5,1,,,
2026-04-13 14:19:24.793,T,6887.5,2,,,
2026-04-13 14:19:24.794,Q,,,,6887.25,6887.5
2026-04-13 14:19:24.794,T,6887.25,1,,,
2026-04-13 14:19:24.794,T,6887.25,1,,,
2026-04-13 14:19:24.794,T,6887.25,1,,,
2026-04-13 14:19:24.794,T,6887.25,1,,,
2026-04-13 14:19:24.794,T,6887.25,1,,,
2026-04-13 14:19:24.794,T,6887.25,1,,,
2026-04-13 14:19:24.794,T,6887.25,1,,,
2026-04-13 14:19:24.794,T,6887.25,1,,,
2026-04-13 14:19:24.794,T,6887.25,1,,,
2026-04-13 14:19:24.794,T,6887.25,1,,,
2026-04-13 14:19:24.794,Q,,,,6887.0,6887.25
2026-04-13 14:19:24.794,T,6887.25,1,,,
2026-04-13 14:19:24.794,T,6887.25,3,,,
2026-04-13 14:19:24.794,T,6887.25,1,,,
2026-04-13 14:19:24.794,T,6887.25,1,,,
2026-04-13 14:19:24.794,T,6887.25,1,,,
2026-04-13 14:19:24.794,T,6887.25,1,,,
2026-04-13 14:19:24.794,T,6887.25,1,,,
2026-04-13 14:19:24.794,T,6887.25,1,,,
2026-04-13 14:19:24.795,Q,,,,6887.0,6887.5
2026-04-13 14:19:24.795,T,6887.25,4,,,
2026-04-13 14:19:24.795,T,6887.25,1,,,
2026-04-13 14:19:24.795,T,6887.25,1,,,
2026-04-13 14:19:24.795,T,6887.25,1,,,
2026-04-13 14:19:24.795,Q,,,,6887.25,6887.5
2026-04-13 14:19:24.795,Q,,,,6887.0,6887.5
2026-04-13 14:19:24.795,T,6887.25,1,,,
2026-04-13 14:19:24.795,Q,,,,6887.0,6887.25
2026-04-13 14:19:24.795,T,6887.25,1,,,
2026-04-13 14:19:24.795,T,6887.25,1,,,
2026-04-13 14:19:24.795,T,6887.25,1,,,
2026-04-13 14:19:24.795,T,6887.25,3,,,
2026-04-13 14:19:24.795,T,6887.25,1,,,
2026-04-13 14:19:24.795,T,6887.25,1,,,
2026-04-13 14:19:24.795,T,6887.25,1,,,
2026-04-13 14:19:24.795,T,6887.25,1,,,
2026-04-13 14:19:24.795,Q,,,,6887.25,6887.5
2026-04-13 14:19:24.796,Q,,,,6887.0,6887.5
2026-04-13 14:19:24.796,T,6887.25,1,,,
2026-04-13 14:19:24.796,T,6887.25,1,,,
2026-04-13 14:19:24.796,T,6887.25,1,,,
2026-04-13 14:19:24.796,T,6887.25,1,,,
2026-04-13 14:19:24.796,T,6887.25,1,,,
2026-04-13 14:19:24.796,T,6887.25,1,,,
2026-04-13 14:19:24.796,T,6887.25,1,,,
2026-04-13 14:19:24.796,T,6887.25,4,,,
2026-04-13 14:19:24.796,Q,,,,6887.25,6887.5
2026-04-13 14:19:24.796,T,6887.25,1,,,
2026-04-13 14:19:24.796,T,6887.25,1,,,
2026-04-13 14:19:24.797,Q,,,,6887.25,6887.75
2026-04-13 14:19:24.797,T,6887.5,1,,,
2026-04-13 14:19:24.797,T,6887.5,1,,,
2026-04-13 14:19:24.797,T,6887.5,1,,,
2026-04-13 14:19:24.797,T,6887.5,4,,,
2026-04-13 14:19:24.797,T,6887.5,1,,,
2026-04-13 14:19:24.797,T,6887.5,1,,,
2026-04-13 14:19:24.797,T,6887.5,1,,,
2026-04-13 14:19:24.797,T,6887.5,1,,,
2026-04-13 14:19:24.797,T,6887.5,1,,,
2026-04-13 14:19:24.797,T,6887.5,1,,,
2026-04-13 14:19:24.797,T,6887.5,2,,,
2026-04-13 14:19:24.797,T,6887.5,1,,,
2026-04-13 14:19:24.797,T,6887.5,1,,,
2026-04-13 14:19:24.797,T,6887.5,1,,,
2026-04-13 14:19:24.797,T,6887.5,1,,,
2026-04-13 14:19:24.797,T,6887.5,1,,,
2026-04-13 14:19:24.797,T,6887.5,1,,,
2026-04-13 14:19:24.797,T,6887.5,1,,,
2026-04-13 14:19:24.797,T,6887.5,1,,,
2026-04-13 14:19:24.797,T,6887.5,8,,,
2026-04-13 14:19:24.797,T,6887.5,1,,,
2026-04-13 14:19:24.797,T,6887.5,1,,,
2026-04-13 14:19:24.797,T,6887.5,1,,,
2026-04-13 14:19:24.797,T,6887.5,1,,,
2026-04-13 14:19:24.797,T,6887.5,1,,,
2026-04-13 14:19:24.797,T,6887.5,1,,,
2026-04-13 14:19:24.797,T,6887.5,1,,,
2026-04-13 14:19:24.797,T,6887.5,1,,,
2026-04-13 14:19:24.797,T,6887.5,1,,,
2026-04-13 14:19:24.797,T,6887.5,1,,,
2026-04-13 14:19:24.797,T,6887.5,2,,,
2026-04-13 14:19:24.797,T,6887.5,2,,,
2026-04-13 14:19:24.797,T,6887.5,1,,,
2026-04-13 14:19:24.797,T,6887.5,1,,,
2026-04-13 14:19:24.797,T,6887.5,1,,,
2026-04-13 14:19:24.797,T,6887.5,1,,,
2026-04-13 14:19:24.797,T,6887.5,2,,,
2026-04-13 14:19:24.797,T,6887.5,2,,,
2026-04-13 14:19:24.797,T,6887.5,1,,,
2026-04-13 14:19:24.797,T,6887.5,1,,,
2026-04-13 14:19:24.797,T,6887.5,1,,,
2026-04-13 14:19:24.797,T,6887.5,1,,,
2026-04-13 14:19:24.797,T,6887.5,1,,,
2026-04-13 14:19:24.797,T,6887.5,1,,,
2026-04-13 14:19:24.797,T,6887.5,1,,,
2026-04-13 14:19:24.797,T,6887.5,1,,,
2026-04-13 14:19:24.797,T,6887.5,1,,,
2026-04-13 14:19:24.797,T,6887.5,1,,,
2026-04-13 14:19:24.797,T,6887.5,2,,,
2026-04-13 14:19:24.797,T,6887.5,1,,,
2026-04-13 14:19:24.797,T,6887.5,1,,,
2026-04-13 14:19:24.797,T,6887.5,1,,,
2026-04-13 14:19:24.797,T,6887.5,1,,,
2026-04-13 14:19:24.797,T,6887.5,1,,,
2026-04-13 14:19:24.797,T,6887.5,1,,,
2026-04-13 14:19:24.797,T,6887.5,2,,,
2026-04-13 14:19:24.798,Q,,,,6887.25,6887.5
2026-04-13 14:19:24.798,T,6887.25,1,,,
2026-04-13 14:19:24.798,T,6887.25,1,,,
2026-04-13 14:19:24.798,T,6887.25,1,,,
2026-04-13 14:19:24.798,T,6887.25,1,,,
2026-04-13 14:19:24.798,T,6887.25,1,,,
2026-04-13 14:19:24.798,T,6887.25,1,,,
2026-04-13 14:19:24.798,T,6887.25,1,,,
2026-04-13 14:19:24.798,T,6887.25,1,,,
2026-04-13 14:19:24.798,T,6887.25,1,,,
2026-04-13 14:19:24.798,T,6887.25,1,,,
2026-04-13 14:19:24.798,T,6887.25,3,,,
2026-04-13 14:19:24.798,T,6887.25,1,,,
2026-04-13 14:19:24.798,T,6887.25,1,,,
2026-04-13 14:19:24.798,T,6887.25,1,,,
2026-04-13 14:19:24.798,T,6887.25,2,,,
2026-04-13 14:19:24.798,T,6887.25,1,,,
2026-04-13 14:19:24.798,T,6887.25,1,,,
2026-04-13 14:19:24.798,T,6887.25,1,,,
2026-04-13 14:19:24.798,T,6887.25,1,,,
2026-04-13 14:19:24.798,T,6887.25,1,,,
2026-04-13 14:19:24.798,T,6887.25,1,,,
2026-04-13 14:19:24.798,T,6887.25,1,,,
2026-04-13 14:19:24.799,Q,,,,6887.0,6887.25
2026-04-13 14:19:24.799,T,6887.25,1,,,
2026-04-13 14:19:24.799,T,6887.25,1,,,
2026-04-13 14:19:24.799,T,6887.25,1,,,
2026-04-13 14:19:24.799,T,6887.25,1,,,
2026-04-13 14:19:24.799,T,6887.25,4,,,
2026-04-13 14:19:24.799,T,6887.25,1,,,
2026-04-13 14:19:24.799,T,6887.25,1,,,
2026-04-13 14:19:24.799,T,6887.25,1,,,
2026-04-13 14:19:24.799,T,6887.25,1,,,
2026-04-13 14:19:24.799,T,6887.25,1,,,
2026-04-13 14:19:24.799,T,6887.25,1,,,
2026-04-13 14:19:24.799,T,6887.25,1,,,
2026-04-13 14:19:24.799,T,6887.25,1,,,
2026-04-13 14:19:24.799,T,6887.25,1,,,
2026-04-13 14:19:24.799,T,6887.25,1,,,
2026-04-13 14:19:24.799,T,6887.25,1,,,
2026-04-13 14:19:24.799,T,6887.25,3,,,
2026-04-13 14:19:24.799,T,6887.25,1,,,
2026-04-13 14:19:24.799,T,6887.25,1,,,
2026-04-13 14:19:24.799,T,6887.25,2,,,
2026-04-13 14:19:24.799,T,6887.25,1,,,
2026-04-13 14:19:24.799,T,6887.25,1,,,
2026-04-13 14:19:24.799,Q,,,,6887.0,6887.5
2026-04-13 14:19:24.799,Q,,,,6887.25,6887.5
2026-04-13 14:19:24.800,T,6887.25,2,,,
2026-04-13 14:19:24.800,T,6887.5,1,,,
2026-04-13 14:19:24.800,T,6887.5,1,,,
2026-04-13 14:19:24.800,T,6887.5,1,,,
2026-04-13 14:19:24.801,T,6887.5,1,,,
2026-04-13 14:19:24.801,T,6887.5,1,,,
2026-04-13 14:19:24.801,T,6887.5,1,,,
2026-04-13 14:19:24.801,T,6887.5,5,,,
2026-04-13 14:19:24.801,T,6887.5,2,,,
2026-04-13 14:19:24.801,T,6887.5,1,,,
2026-04-13 14:19:24.801,T,6887.5,1,,,
2026-04-13 14:19:24.801,T,6887.5,1,,,
2026-04-13 14:19:24.801,T,6887.5,2,,,
2026-04-13 14:19:24.801,T,6887.5,1,,,
2026-04-13 14:19:24.801,T,6887.5,1,,,
2026-04-13 14:19:24.801,T,6887.5,1,,,
2026-04-13 14:19:24.802,Q,,,,6887.25,6887.75
2026-04-13 14:19:24.802,T,6887.5,1,,,
2026-04-13 14:19:24.802,T,6887.5,1,,,
2026-04-13 14:19:24.802,T,6887.5,1,,,
2026-04-13 14:19:24.802,T,6887.5,1,,,
2026-04-13 14:19:24.802,T,6887.5,1,,,
2026-04-13 14:19:24.802,T,6887.5,1,,,
2026-04-13 14:19:24.802,T,6887.5,1,,,
2026-04-13 14:19:24.802,T,6887.5,1,,,
2026-04-13 14:19:24.802,T,6887.5,5,,,
2026-04-13 14:19:24.802,T,6887.5,1,,,
2026-04-13 14:19:24.802,T,6887.5,1,,,
2026-04-13 14:19:24.802,T,6887.5,2,,,
2026-04-13 14:19:24.802,T,6887.5,1,,,
2026-04-13 14:19:24.802,T,6887.5,1,,,
2026-04-13 14:19:24.802,T,6887.5,1,,,
2026-04-13 14:19:24.802,T,6887.5,1,,,
2026-04-13 14:19:24.802,Q,,,,6887.5,6887.75
2026-04-13 14:19:24.802,T,6887.5,1,,,
2026-04-13 14:19:24.803,Q,,,,6887.75,6888.0
2026-04-13 14:19:24.803,T,6887.75,1,,,
2026-04-13 14:19:24.803,T,6887.75,2,,,
2026-04-13 14:19:24.803,T,6887.75,1,,,
2026-04-13 14:19:24.803,T,6887.75,1,,,
2026-04-13 14:19:24.803,T,6887.75,1,,,
2026-04-13 14:19:24.803,T,6887.75,1,,,
2026-04-13 14:19:24.803,T,6887.75,1,,,
2026-04-13 14:19:24.803,T,6887.75,1,,,
2026-04-13 14:19:24.803,T,6887.75,1,,,
2026-04-13 14:19:24.803,T,6887.75,1,,,
2026-04-13 14:19:24.803,T,6887.75,1,,,
2026-04-13 14:19:24.803,T,6887.75,1,,,
2026-04-13 14:19:24.803,T,6887.75,1,,,
2026-04-13 14:19:24.803,T,6887.75,2,,,
2026-04-13 14:19:24.803,T,6887.75,1,,,
2026-04-13 14:19:24.803,T,6887.75,1,,,
2026-04-13 14:19:24.803,T,6887.75,1,,,
2026-04-13 14:19:24.803,T,6887.75,1,,,
2026-04-13 14:19:24.803,T,6887.75,4,,,
2026-04-13 14:19:24.803,T,6887.75,1,,,
2026-04-13 14:19:24.803,T,6887.75,1,,,
2026-04-13 14:19:24.803,T,6887.75,1,,,
2026-04-13 14:19:24.803,T,6887.75,1,,,
2026-04-13 14:19:24.803,T,6887.75,1,,,
2026-04-13 14:19:24.803,T,6887.75,1,,,
2026-04-13 14:19:24.803,T,6887.75,1,,,
2026-04-13 14:19:24.803,T,6887.75,1,,,
2026-04-13 14:19:24.803,T,6887.75,1,,,
2026-04-13 14:19:24.804,Q,,,,6887.5,6887.75
2026-04-13 14:19:24.804,T,6887.75,1,,,
2026-04-13 14:19:24.804,T,6887.75,1,,,
2026-04-13 14:19:24.804,T,6887.75,1,,,
2026-04-13 14:19:24.804,T,6887.75,1,,,
2026-04-13 14:19:24.804,T,6887.75,1,,,
2026-04-13 14:19:24.804,T,6887.75,1,,,
2026-04-13 14:19:24.804,T,6887.75,1,,,
2026-04-13 14:19:24.804,T,6887.75,1,,,
2026-04-13 14:19:24.804,T,6887.75,1,,,
2026-04-13 14:19:24.804,T,6887.75,1,,,
2026-04-13 14:19:24.804,T,6887.75,2,,,
2026-04-13 14:19:24.804,T,6887.75,1,,,
2026-04-13 14:19:24.804,T,6887.75,1,,,
2026-04-13 14:19:24.804,T,6887.75,1,,,
2026-04-13 14:19:24.804,Q,,,,6887.75,6888.0
2026-04-13 14:19:24.804,T,6887.75,4,,,
2026-04-13 14:19:24.804,T,6887.75,1,,,
2026-04-13 14:19:24.804,T,6887.75,1,,,
2026-04-13 14:19:24.804,Q,,,,6887.5,6887.75
2026-04-13 14:19:24.804,T,6887.75,4,,,
2026-04-13 14:19:24.804,T,6887.75,1,,,
2026-04-13 14:19:24.804,T,6887.75,1,,,
2026-04-13 14:19:24.804,T,6887.75,1,,,
2026-04-13 14:19:24.804,T,6887.75,1,,,
2026-04-13 14:19:24.804,T,6887.75,1,,,
2026-04-13 14:19:24.804,T,6887.75,1,,,
2026-04-13 14:19:24.804,T,6887.75,1,,,
2026-04-13 14:19:24.804,T,6887.75,1,,,
2026-04-13 14:19:24.804,T,6887.75,1,,,
2026-04-13 14:19:24.804,T,6887.75,1,,,
2026-04-13 14:19:24.804,T,6887.75,4,,,
2026-04-13 14:19:24.804,T,6887.75,1,,,
2026-04-13 14:19:24.804,T,6887.75,3,,,
2026-04-13 14:19:24.804,T,6887.75,1,,,
2026-04-13 14:19:24.804,T,6887.75,1,,,
2026-04-13 14:19:24.804,T,6887.75,1,,,
2026-04-13 14:19:24.805,Q,,,,6887.75,6888.0
2026-04-13 14:19:24.805,T,6887.75,4,,,
2026-04-13 14:19:24.805,T,6887.75,1,,,
2026-04-13 14:19:24.805,T,6887.75,1,,,
2026-04-13 14:19:24.805,T,6887.75,1,,,
2026-04-13 14:19:24.805,T,6887.75,1,,,
2026-04-13 14:19:24.805,T,6887.75,1,,,
2026-04-13 14:19:24.805,T,6887.75,2,,,
2026-04-13 14:19:24.805,Q,,,,6887.5,6887.75
2026-04-13 14:19:24.805,T,6887.75,1,,,
2026-04-13 14:19:24.805,T,6887.5,1,,,
2026-04-13 14:19:24.805,T,6887.5,1,,,
2026-04-13 14:19:24.805,T,6887.5,1,,,
2026-04-13 14:19:24.806,T,6887.5,1,,,
2026-04-13 14:19:24.806,T,6887.5,1,,,
2026-04-13 14:19:24.806,T,6887.5,1,,,
2026-04-13 14:19:24.806,T,6887.5,1,,,
2026-04-13 14:19:24.806,T,6887.5,1,,,
2026-04-13 14:19:24.806,T,6887.5,1,,,
2026-04-13 14:19:24.806,T,6887.5,1,,,
2026-04-13 14:19:24.806,T,6887.5,1,,,
2026-04-13 14:19:24.806,T,6887.5,1,,,
2026-04-13 14:19:24.806,T,6887.75,1,,,
2026-04-13 14:19:24.806,T,6887.75,1,,,
2026-04-13 14:19:24.807,T,6887.75,2,,,
2026-04-13 14:19:24.807,T,6887.75,2,,,
2026-04-13 14:19:24.807,T,6887.75,2,,,
2026-04-13 14:19:24.807,T,6887.75,1,,,
2026-04-13 14:19:24.807,T,6887.75,1,,,
2026-04-13 14:19:24.807,T,6887.75,1,,,
2026-04-13 14:19:24.807,T,6887.75,1,,,
2026-04-13 14:19:24.807,T,6887.75,1,,,
2026-04-13 14:19:24.807,T,6887.75,1,,,
2026-04-13 14:19:24.807,T,6887.75,1,,,
2026-04-13 14:19:24.807,T,6887.75,1,,,
2026-04-13 14:19:24.807,T,6887.75,1,,,
2026-04-13 14:19:24.807,Q,,,,6887.25,6887.5
2026-04-13 14:19:24.807,T,6887.5,7,,,
2026-04-13 14:19:24.807,T,6887.5,1,,,
2026-04-13 14:19:24.807,T,6887.5,1,,,
2026-04-13 14:19:24.807,T,6887.5,1,,,
2026-04-13 14:19:24.807,T,6887.5,1,,,
2026-04-13 14:19:24.807,T,6887.5,1,,,
2026-04-13 14:19:24.808,T,6887.5,2,,,
2026-04-13 14:19:24.808,T,6887.5,1,,,
2026-04-13 14:19:24.808,T,6887.5,1,,,
2026-04-13 14:19:24.808,T,6887.5,1,,,
2026-04-13 14:19:24.808,T,6887.5,1,,,
2026-04-13 14:19:24.808,T,6887.5,1,,,
2026-04-13 14:19:24.808,T,6887.5,1,,,
2026-04-13 14:19:24.808,T,6887.5,1,,,
2026-04-13 14:19:24.808,T,6887.5,1,,,
2026-04-13 14:19:24.808,T,6887.5,1,,,
2026-04-13 14:19:24.808,T,6887.5,1,,,
2026-04-13 14:19:24.808,T,6887.5,1,,,
2026-04-13 14:19:24.808,T,6887.5,1,,,
2026-04-13 14:19:24.808,T,6887.5,1,,,
2026-04-13 14:19:24.808,T,6887.5,1,,,
2026-04-13 14:19:24.808,Q,,,,6887.5,6887.75
2026-04-13 14:19:24.808,T,6887.5,1,,,
2026-04-13 14:19:24.808,T,6887.5,1,,,
2026-04-13 14:19:24.808,T,6887.5,2,,,
2026-04-13 14:19:24.808,T,6887.5,1,,,
2026-04-13 14:19:24.808,T,6887.5,1,,,
2026-04-13 14:19:24.808,T,6887.5,1,,,
2026-04-13 14:19:24.808,T,6887.5,1,,,
2026-04-13 14:19:24.808,T,6887.5,1,,,
2026-04-13 14:19:24.808,T,6887.5,1,,,
2026-04-13 14:19:24.808,T,6887.5,1,,,
2026-04-13 14:19:24.808,T,6887.5,2,,,
2026-04-13 14:19:24.808,T,6887.5,1,,,
2026-04-13 14:19:24.808,T,6887.5,1,,,
2026-04-13 14:19:24.808,T,6887.5,1,,,
2026-04-13 14:19:24.808,T,6887.5,1,,,
2026-04-13 14:19:24.809,T,6887.5,1,,,
2026-04-13 14:19:24.809,T,6887.5,1,,,
2026-04-13 14:19:24.809,T,6887.5,1,,,
2026-04-13 14:19:24.809,T,6887.5,1,,,
2026-04-13 14:19:24.809,T,6887.5,1,,,
2026-04-13 14:19:24.809,T,6887.5,1,,,
2026-04-13 14:19:24.809,T,6887.5,1,,,
2026-04-13 14:19:24.809,T,6887.5,1,,,
2026-04-13 14:19:24.809,T,6887.5,1,,,
2026-04-13 14:19:24.809,Q,,,,6887.25,6887.75
2026-04-13 14:19:24.809,Q,,,,6887.5,6887.75
2026-04-13 14:19:24.809,Q,,,,6887.25,6887.75
2026-04-13 14:19:24.810,T,6887.5,1,,,
2026-04-13 14:19:24.810,T,6887.5,1,,,
2026-04-13 14:19:24.810,T,6887.5,1,,,
2026-04-13 14:19:24.810,T,6887.5,1,,,
2026-04-13 14:19:24.810,T,6887.5,1,,,
2026-04-13 14:19:24.810,T,6887.5,1,,,
2026-04-13 14:19:24.810,T,6887.5,1,,,
2026-04-13 14:19:24.810,T,6887.5,1,,,
2026-04-13 14:19:24.810,T,6887.5,1,,,
2026-04-13 14:19:24.810,T,6887.5,1,,,
2026-04-13 14:19:24.810,T,6887.5,1,,,
2026-04-13 14:19:24.810,T,6887.5,1,,,
2026-04-13 14:19:24.810,T,6887.5,2,,,
2026-04-13 14:19:24.810,T,6887.5,2,,,
2026-04-13 14:19:24.810,T,6887.5,1,,,
2026-04-13 14:19:24.810,T,6887.5,1,,,
2026-04-13 14:19:24.810,T,6887.5,1,,,
2026-04-13 14:19:24.810,T,6887.75,1,,,
2026-04-13 14:19:24.810,T,6887.75,1,,,
2026-04-13 14:19:24.810,T,6887.75,1,,,
2026-04-13 14:19:24.810,T,6887.75,1,,,
2026-04-13 14:19:24.810,T,6887.75,1,,,
2026-04-13 14:19:24.810,Q,,,,6887.5,6887.75
2026-04-13 14:19:24.810,T,6887.75,1,,,
2026-04-13 14:19:24.811,T,6887.75,2,,,
2026-04-13 14:19:24.811,T,6887.75,1,,,
2026-04-13 14:19:24.811,T,6887.75,1,,,
2026-04-13 14:19:24.811,T,6887.75,1,,,
2026-04-13 14:19:24.811,T,6887.75,1,,,
2026-04-13 14:19:24.812,T,6887.5,1,,,
2026-04-13 14:19:24.812,T,6887.5,1,,,
2026-04-13 14:19:24.812,T,6887.5,1,,,
2026-04-13 14:19:24.812,T,6887.5,1,,,
2026-04-13 14:19:24.812,T,6887.5,1,,,
2026-04-13 14:19:24.812,T,6887.5,1,,,
2026-04-13 14:19:24.812,T,6887.5,2,,,
2026-04-13 14:19:24.812,T,6887.5,1,,,
2026-04-13 14:19:24.812,T,6887.5,1,,,
2026-04-13 14:19:24.812,Q,,,,6887.25,6887.5
2026-04-13 14:19:24.812,Q,,,,6887.5,6887.75
2026-04-13 14:19:24.812,T,6887.5,1,,,
2026-04-13 14:19:24.812,T,6887.5,1,,,
2026-04-13 14:19:24.812,T,6887.5,2,,,
2026-04-13 14:19:24.812,T,6887.5,1,,,
2026-04-13 14:19:24.812,T,6887.5,1,,,
2026-04-13 14:19:24.812,T,6887.5,1,,,
2026-04-13 14:19:24.812,T,6887.5,4,,,
2026-04-13 14:19:24.812,T,6887.5,1,,,
2026-04-13 14:19:24.812,T,6887.5,1,,,
2026-04-13 14:19:24.812,T,6887.5,1,,,
2026-04-13 14:19:24.812,T,6887.5,1,,,
2026-04-13 14:19:24.812,T,6887.5,1,,,
2026-04-13 14:19:24.812,T,6887.5,1,,,
2026-04-13 14:19:24.812,T,6887.5,2,,,
2026-04-13 14:19:24.812,T,6887.5,1,,,
2026-04-13 14:19:24.812,T,6887.5,1,,,
2026-04-13 14:19:24.812,T,6887.5,1,,,
2026-04-13 14:19:24.812,T,6887.5,1,,,
2026-04-13 14:19:24.812,T,6887.5,1,,,
2026-04-13 14:19:24.812,T,6887.75,1,,,
2026-04-13 14:19:24.812,T,6887.75,1,,,
2026-04-13 14:19:24.812,T,6887.75,1,,,
2026-04-13 14:19:24.812,T,6887.75,1,,,
2026-04-13 14:19:24.812,T,6887.75,1,,,
2026-04-13 14:19:24.812,T,6887.75,2,,,
2026-04-13 14:19:24.812,T,6887.75,1,,,
2026-04-13 14:19:24.812,T,6887.75,1,,,
2026-04-13 14:19:24.812,T,6887.75,1,,,
2026-04-13 14:19:24.814,T,6887.75,1,,,
2026-04-13 14:19:24.814,T,6887.75,1,,,
2026-04-13 14:19:24.814,T,6887.75,1,,,
2026-04-13 14:19:24.814,T,6887.75,1,,,
2026-04-13 14:19:24.814,T,6887.75,1,,,
2026-04-13 14:19:24.814,T,6887.75,1,,,
2026-04-13 14:19:24.814,T,6887.75,1,,,
2026-04-13 14:19:24.814,T,6887.75,1,,,
2026-04-13 14:19:24.814,T,6887.75,1,,,
2026-04-13 14:19:24.814,T,6887.75,2,,,
2026-04-13 14:19:24.814,T,6887.75,1,,,
2026-04-13 14:19:24.814,T,6887.75,1,,,
2026-04-13 14:19:24.814,T,6887.75,1,,,
2026-04-13 14:19:24.814,T,6887.75,1,,,
2026-04-13 14:19:24.814,T,6887.75,1,,,
2026-04-13 14:19:24.814,Q,,,,6887.5,6888.0
2026-04-13 14:19:24.814,Q,,,,6887.5,6887.75
2026-04-13 14:19:24.814,T,6887.75,1,,,
2026-04-13 14:19:24.814,T,6887.75,1,,,
2026-04-13 14:19:24.814,T,6887.75,1,,,
2026-04-13 14:19:24.814,T,6887.75,1,,,
2026-04-13 14:19:24.814,T,6887.75,1,,,
2026-04-13 14:19:24.814,T,6887.75,1,,,
2026-04-13 14:19:24.814,T,6887.75,1,,,
2026-04-13 14:19:24.814,T,6887.75,1,,,
2026-04-13 14:19:24.814,T,6887.75,1,,,
2026-04-13 14:19:24.815,Q,,,,6887.5,6888.0
2026-04-13 14:19:24.815,T,6887.75,1,,,
2026-04-13 14:19:24.815,T,6887.75,1,,,
2026-04-13 14:19:24.815,T,6887.75,1,,,
2026-04-13 14:19:24.815,T,6887.75,1,,,
2026-04-13 14:19:24.815,T,6887.75,2,,,
2026-04-13 14:19:24.815,T,6887.75,1,,,
2026-04-13 14:19:24.815,T,6887.75,1,,,
2026-04-13 14:19:24.815,T,6887.75,1,,,
2026-04-13 14:19:24.815,T,6887.75,1,,,
2026-04-13 14:19:24.815,T,6887.5,1,,,
2026-04-13 14:19:24.815,T,6887.5,1,,,
2026-04-13 14:19:24.815,T,6887.5,2,,,
2026-04-13 14:19:24.815,T,6887.5,1,,,
2026-04-13 14:19:24.815,T,6887.5,1,,,
2026-04-13 14:19:24.815,T,6887.5,1,,,
2026-04-13 14:19:24.815,T,6887.5,1,,,
2026-04-13 14:19:24.815,T,6887.5,2,,,
2026-04-13 14:19:24.815,Q,,,,6887.5,6887.75
2026-04-13 14:19:24.815,T,6887.5,1,,,
2026-04-13 14:19:24.816,T,6887.75,1,,,
2026-04-13 14:19:24.816,T,6887.75,1,,,
2026-04-13 14:19:24.816,T,6887.75,1,,,
2026-04-13 14:19:24.816,T,6887.75,1,,,
2026-04-13 14:19:24.816,T,6887.75,1,,,
2026-04-13 14:19:24.816,T,6887.75,1,,,
2026-04-13 14:19:24.816,T,6887.75,1,,,
2026-04-13 14:19:24.816,Q,,,,6887.75,6888.0
2026-04-13 14:19:24.816,T,6887.75,2,,,
2026-04-13 14:19:24.816,T,6887.75,1,,,
2026-04-13 14:19:24.816,T,6887.75,1,,,
2026-04-13 14:19:24.816,Q,,,,6887.5,6887.75
2026-04-13 14:19:24.816,T,6887.5,1,,,
2026-04-13 14:19:24.816,Q,,,,6887.5,6888.0
2026-04-13 14:19:24.816,T,6887.75,2,,,
2026-04-13 14:19:24.816,T,6887.75,2,,,
2026-04-13 14:19:24.816,T,6887.75,1,,,
2026-04-13 14:19:24.816,T,6887.75,1,,,
2026-04-13 14:19:24.816,T,6887.75,1,,,
2026-04-13 14:19:24.816,T,6887.75,1,,,
2026-04-13 14:19:24.816,T,6887.75,1,,,
2026-04-13 14:19:24.816,T,6887.75,1,,,
2026-04-13 14:19:24.816,T,6887.75,1,,,
2026-04-13 14:19:24.816,T,6887.75,1,,,
2026-04-13 14:19:24.817,Q,,,,6887.75,6888.0
2026-04-13 14:19:24.817,Q,,,,6887.5,6888.0
2026-04-13 14:19:24.817,T,6887.75,1,,,
2026-04-13 14:19:24.817,T,6887.75,1,,,
2026-04-13 14:19:24.817,T,6887.75,1,,,
2026-04-13 14:19:24.817,T,6887.75,3,,,
2026-04-13 14:19:24.817,Q,,,,6887.75,6888.0
2026-04-13 14:19:24.817,T,6887.75,3,,,
2026-04-13 14:19:24.817,T,6887.75,1,,,
2026-04-13 14:19:24.817,T,6887.75,1,,,
2026-04-13 14:19:24.817,T,6887.75,2,,,
2026-04-13 14:19:24.817,T,6887.75,1,,,
2026-04-13 14:19:24.817,Q,,,,6887.5,6888.0
2026-04-13 14:19:24.818,Q,,,,6887.75,6888.0
2026-04-13 14:19:24.818,T,6888.0,1,,,
2026-04-13 14:19:24.818,T,6887.75,4,,,
2026-04-13 14:19:24.818,T,6887.75,1,,,
2026-04-13 14:19:24.818,T,6887.75,1,,,
2026-04-13 14:19:24.818,T,6887.75,1,,,
2026-04-13 14:19:24.818,T,6887.75,1,,,
2026-04-13 14:19:24.818,T,6887.75,1,,,
2026-04-13 14:19:24.818,T,6887.75,5,,,
2026-04-13 14:19:24.818,T,6887.75,1,,,
2026-04-13 14:19:24.818,T,6887.75,4,,,
2026-04-13 14:19:24.818,T,6887.75,1,,,
2026-04-13 14:19:24.818,T,6887.75,1,,,
2026-04-13 14:19:24.818,T,6887.75,2,,,
2026-04-13 14:19:24.818,T,6887.75,1,,,
2026-04-13 14:19:24.818,T,6887.75,2,,,
2026-04-13 14:19:24.818,T,6887.75,1,,,
2026-04-13 14:19:24.818,T,6887.75,1,,,
2026-04-13 14:19:24.818,T,6887.75,1,,,
2026-04-13 14:19:24.818,T,6887.75,1,,,
2026-04-13 14:19:24.818,T,6887.75,1,,,
2026-04-13 14:19:24.819,Q,,,,6887.5,6887.75
2026-04-13 14:19:24.819,T,6887.75,1,,,
2026-04-13 14:19:24.819,T,6887.75,1,,,
2026-04-13 14:19:24.819,T,6887.5,1,,,
2026-04-13 14:19:24.819,T,6887.5,1,,,
2026-04-13 14:19:24.819,T,6887.5,1,,,
2026-04-13 14:19:24.819,T,6887.5,1,,,
2026-04-13 14:19:24.819,T,6887.5,1,,,
2026-04-13 14:19:24.819,T,6887.5,1,,,
2026-04-13 14:19:24.819,T,6887.5,1,,,
2026-04-13 14:19:24.819,T,6887.5,1,,,
2026-04-13 14:19:24.819,T,6887.5,1,,,
2026-04-13 14:19:24.819,T,6887.5,1,,,
2026-04-13 14:19:24.819,T,6887.5,13,,,
2026-04-13 14:19:24.819,T,6887.5,1,,,
2026-04-13 14:19:24.819,T,6887.5,1,,,
2026-04-13 14:19:24.819,T,6887.5,1,,,
2026-04-13 14:19:24.819,T,6887.5,1,,,
2026-04-13 14:19:24.819,T,6887.5,1,,,
2026-04-13 14:19:24.819,T,6887.5,1,,,
2026-04-13 14:19:24.820,Q,,,,6887.25,6887.5
2026-04-13 14:19:24.820,T,6887.5,1,,,
2026-04-13 14:19:24.820,T,6887.5,1,,,
2026-04-13 14:19:24.820,T,6887.5,1,,,
2026-04-13 14:19:24.820,T,6887.5,1,,,
2026-04-13 14:19:24.820,T,6887.5,1,,,
2026-04-13 14:19:24.820,T,6887.5,1,,,
2026-04-13 14:19:24.820,T,6887.5,1,,,
2026-04-13 14:19:24.820,T,6887.5,1,,,
2026-04-13 14:19:24.820,T,6887.5,3,,,
2026-04-13 14:19:24.820,T,6887.5,1,,,
2026-04-13 14:19:24.820,T,6887.5,1,,,
2026-04-13 14:19:24.820,T,6887.5,1,,,
2026-04-13 14:19:24.820,T,6887.5,1,,,
2026-04-13 14:19:24.820,Q,,,,6887.25,6887.75
2026-04-13 14:19:24.820,Q,,,,6887.5,6887.75
2026-04-13 14:19:24.820,Q,,,,6887.25,6887.5
2026-04-13 14:19:24.820,T,6887.5,1,,,
2026-04-13 14:19:24.820,T,6887.5,1,,,
2026-04-13 14:19:24.820,T,6887.5,1,,,
2026-04-13 14:19:24.820,T,6887.25,2,,,
2026-04-13 14:19:24.820,T,6887.25,1,,,
2026-04-13 14:19:24.820,T,6887.25,1,,,
2026-04-13 14:19:24.822,T,6887.25,1,,,
2026-04-13 14:19:24.822,T,6887.25,1,,,
2026-04-13 14:19:24.822,T,6887.25,1,,,
2026-04-13 14:19:24.822,T,6887.25,1,,,
2026-04-13 14:19:24.822,T,6887.25,1,,,
2026-04-13 14:19:24.822,T,6887.25,1,,,
2026-04-13 14:19:24.822,T,6887.25,1,,,
2026-04-13 14:19:24.822,T,6887.25,1,,,
2026-04-13 14:19:24.822,T,6887.25,1,,,
2026-04-13 14:19:24.822,T,6887.25,1,,,
2026-04-13 14:19:24.822,T,6887.25,2,,,
2026-04-13 14:19:24.822,T,6887.25,1,,,
2026-04-13 14:19:24.822,T,6887.25,1,,,
2026-04-13 14:19:24.822,T,6887.25,1,,,
2026-04-13 14:19:24.822,T,6887.25,1,,,
2026-04-13 14:19:24.822,T,6887.25,1,,,
2026-04-13 14:19:24.822,T,6887.25,1,,,
2026-04-13 14:19:24.822,T,6887.25,1,,,
2026-04-13 14:19:24.822,T,6887.25,1,,,
2026-04-13 14:19:24.822,T,6887.25,1,,,
2026-04-13 14:19:24.822,Q,,,,6887.0,6887.25
2026-04-13 14:19:24.823,T,6887.25,1,,,
2026-04-13 14:19:24.823,Q,,,,6886.75,6887.0
2026-04-13 14:19:24.823,T,6887.0,1,,,
2026-04-13 14:19:24.823,T,6887.0,1,,,
2026-04-13 14:19:24.823,T,6887.0,1,,,
2026-04-13 14:19:24.823,T,6887.0,1,,,
2026-04-13 14:19:24.823,T,6887.0,1,,,
2026-04-13 14:19:24.823,T,6887.0,1,,,
2026-04-13 14:19:24.823,T,6887.0,1,,,
2026-04-13 14:19:24.823,T,6887.0,1,,,
2026-04-13 14:19:24.823,T,6887.0,1,,,
2026-04-13 14:19:24.823,T,6887.0,1,,,
2026-04-13 14:19:24.823,T,6887.0,1,,,
2026-04-13 14:19:24.823,T,6887.0,1,,,
2026-04-13 14:19:24.823,T,6887.0,1,,,
2026-04-13 14:19:24.823,T,6887.0,1,,,
2026-04-13 14:19:24.823,T,6887.0,2,,,
2026-04-13 14:19:24.823,T,6887.0,1,,,
2026-04-13 14:19:24.823,T,6887.0,1,,,
2026-04-13 14:19:24.823,T,6887.0,1,,,
2026-04-13 14:19:24.823,T,6887.0,1,,,
2026-04-13 14:19:24.823,T,6887.0,3,,,
2026-04-13 14:19:24.823,T,6887.0,2,,,
2026-04-13 14:19:24.823,T,6887.0,1,,,
2026-04-13 14:19:24.823,T,6887.0,1,,,
2026-04-13 14:19:24.823,T,6887.0,1,,,
2026-04-13 14:19:24.823,T,6887.0,1,,,
2026-04-13 14:19:24.823,T,6887.0,1,,,
2026-04-13 14:19:24.823,T,6887.0,1,,,
2026-04-13 14:19:24.823,T,6887.0,1,,,
2026-04-13 14:19:24.824,T,6886.75,2,,,
2026-04-13 14:19:24.824,T,6886.75,1,,,
2026-04-13 14:19:24.824,T,6886.75,1,,,
2026-04-13 14:19:24.824,T,6886.75,1,,,
2026-04-13 14:19:24.824,T,6886.75,1,,,
2026-04-13 14:19:24.824,T,6886.75,1,,,
2026-04-13 14:19:24.824,T,6886.75,1,,,
2026-04-13 14:19:24.824,T,6886.75,1,,,
2026-04-13 14:19:24.824,T,6886.75,1,,,
2026-04-13 14:19:24.824,T,6886.75,1,,,
2026-04-13 14:19:24.824,T,6886.75,1,,,
2026-04-13 14:19:24.824,T,6886.75,1,,,
2026-04-13 14:19:24.824,T,6886.75,1,,,
2026-04-13 14:19:24.824,T,6886.75,1,,,
2026-04-13 14:19:24.824,T,6886.75,1,,,
2026-04-13 14:19:24.824,T,6886.75,1,,,
2026-04-13 14:19:24.824,T,6886.75,1,,,
2026-04-13 14:19:24.824,T,6886.75,1,,,
2026-04-13 14:19:24.824,T,6886.75,1,,,
2026-04-13 14:19:24.824,T,6886.75,1,,,
2026-04-13 14:19:24.824,T,6886.75,1,,,
2026-04-13 14:19:24.824,T,6886.75,1,,,
2026-04-13 14:19:24.824,T,6886.75,1,,,
2026-04-13 14:19:24.824,T,6886.75,1,,,
2026-04-13 14:19:24.824,T,6886.75,1,,,
2026-04-13 14:19:24.824,T,6886.75,1,,,
2026-04-13 14:19:24.824,T,6886.75,1,,,
2026-04-13 14:19:24.824,T,6886.75,1,,,
2026-04-13 14:19:24.824,T,6886.75,1,,,
2026-04-13 14:19:24.825,Q,,,,6886.5,6887.0
2026-04-13 14:19:24.825,T,6886.75,1,,,
2026-04-13 14:19:24.825,T,6886.75,1,,,
2026-04-13 14:19:24.825,T,6886.75,1,,,
2026-04-13 14:19:24.825,T,6886.75,1,,,
2026-04-13 14:19:24.825,T,6886.75,1,,,
2026-04-13 14:19:24.825,T,6886.75,1,,,
2026-04-13 14:19:24.825,T,6886.75,1,,,
2026-04-13 14:19:24.825,Q,,,,6886.75,6887.0
2026-04-13 14:19:24.825,T,6886.75,4,,,
2026-04-13 14:19:24.825,T,6886.75,1,,,
2026-04-13 14:19:24.826,T,6886.75,1,,,
2026-04-13 14:19:24.826,T,6886.75,1,,,
2026-04-13 14:19:24.826,T,6887.0,1,,,
2026-04-13 14:19:24.827,T,6886.75,1,,,
2026-04-13 14:19:24.827,T,6887.0,3,,,
2026-04-13 14:19:24.827,T,6887.0,1,,,
2026-04-13 14:19:24.827,T,6887.0,1,,,
2026-04-13 14:19:24.827,T,6887.0,1,,,
2026-04-13 14:19:24.827,T,6887.0,1,,,
2026-04-13 14:19:24.827,T,6887.0,1,,,
2026-04-13 14:19:24.827,T,6887.0,1,,,
2026-04-13 14:19:24.827,T,6887.0,1,,,
2026-04-13 14:19:24.827,T,6887.0,1,,,
2026-04-13 14:19:24.827,T,6887.0,1,,,
2026-04-13 14:19:24.827,T,6887.0,1,,,
2026-04-13 14:19:24.827,T,6887.0,1,,,
2026-04-13 14:19:24.827,T,6887.0,1,,,
2026-04-13 14:19:24.827,T,6887.0,1,,,
2026-04-13 14:19:24.827,Q,,,,6887.0,6887.25
2026-04-13 14:19:24.827,Q,,,,6886.75,6887.0
2026-04-13 14:19:24.827,T,6887.0,1,,,
2026-04-13 14:19:24.827,T,6887.0,1,,,
2026-04-13 14:19:24.827,T,6887.0,1,,,
2026-04-13 14:19:24.827,T,6887.0,1,,,
2026-04-13 14:19:24.827,T,6887.0,1,,,
2026-04-13 14:19:24.827,T,6887.0,1,,,
2026-04-13 14:19:24.828,T,6887.0,1,,,
2026-04-13 14:19:24.828,T,6887.0,1,,,
2026-04-13 14:19:24.828,T,6887.0,1,,,
2026-04-13 14:19:24.828,T,6887.0,1,,,
2026-04-13 14:19:24.828,T,6887.0,1,,,
2026-04-13 14:19:24.828,T,6887.0,1,,,
2026-04-13 14:19:24.828,T,6887.0,1,,,
2026-04-13 14:19:24.828,T,6887.0,1,,,
2026-04-13 14:19:24.828,T,6887.0,1,,,
2026-04-13 14:19:24.828,T,6887.0,1,,,
2026-04-13 14:19:24.828,Q,,,,6886.75,6887.25
2026-04-13 14:19:24.828,Q,,,,6887.0,6887.25
2026-04-13 14:19:24.828,T,6887.25,1,,,
2026-04-13 14:19:24.828,T,6887.25,1,,,
2026-04-13 14:19:24.829,T,6887.25,1,,,
2026-04-13 14:19:24.829,T,6887.25,1,,,
2026-04-13 14:19:24.829,T,6887.25,1,,,
2026-04-13 14:19:24.829,T,6887.25,1,,,
2026-04-13 14:19:24.829,T,6887.25,1,,,
2026-04-13 14:19:24.829,T,6887.25,1,,,
2026-04-13 14:19:24.829,T,6887.25,1,,,
2026-04-13 14:19:24.829,T,6887.25,1,,,
2026-04-13 14:19:24.829,T,6887.25,1,,,
2026-04-13 14:19:24.829,T,6887.25,1,,,
2026-04-13 14:19:24.829,T,6887.25,1,,,
2026-04-13 14:19:24.829,T,6887.25,1,,,
2026-04-13 14:19:24.829,T,6887.25,1,,,
2026-04-13 14:19:24.829,T,6887.25,1,,,
2026-04-13 14:19:24.829,T,6887.25,1,,,
2026-04-13 14:19:24.829,T,6887.25,1,,,
2026-04-13 14:19:24.829,T,6887.25,1,,,
2026-04-13 14:19:24.829,T,6887.25,3,,,
2026-04-13 14:19:24.829,Q,,,,6887.25,6887.5
2026-04-13 14:19:24.829,T,6887.25,1,,,
2026-04-13 14:19:24.829,T,6887.25,1,,,
2026-04-13 14:19:24.829,T,6887.25,1,,,
2026-04-13 14:19:24.829,T,6887.25,1,,,
2026-04-13 14:19:24.829,T,6887.25,1,,,
2026-04-13 14:19:24.829,T,6887.25,3,,,
2026-04-13 14:19:24.829,T,6887.25,1,,,
2026-04-13 14:19:24.829,T,6887.25,1,,,
2026-04-13 14:19:24.830,Q,,,,6887.0,6887.25
2026-04-13 14:19:24.830,T,6887.25,1,,,
2026-04-13 14:19:24.830,T,6887.25,4,,,
2026-04-13 14:19:24.830,T,6887.25,1,,,
2026-04-13 14:19:24.830,T,6887.25,1,,,
2026-04-13 14:19:24.830,T,6887.25,1,,,
2026-04-13 14:19:24.830,T,6887.25,1,,,
2026-04-13 14:19:24.830,T,6887.25,2,,,
2026-04-13 14:19:24.830,T,6887.25,2,,,
2026-04-13 14:19:24.830,T,6887.25,1,,,
2026-04-13 14:19:24.830,T,6887.0,1,,,
2026-04-13 14:19:24.831,T,6887.0,1,,,
2026-04-13 14:19:24.832,T,6887.25,1,,,
2026-04-13 14:19:24.832,T,6887.25,1,,,
2026-04-13 14:19:24.832,T,6887.25,1,,,
2026-04-13 14:19:24.832,T,6887.25,1,,,
2026-04-13 14:19:24.832,T,6887.25,1,,,
2026-04-13 14:19:24.832,T,6887.25,1,,,
2026-04-13 14:19:24.832,T,6887.25,1,,,
2026-04-13 14:19:24.832,T,6887.25,1,,,
2026-04-13 14:19:24.832,T,6887.25,1,,,
2026-04-13 14:19:24.832,T,6887.25,1,,,
2026-04-13 14:19:24.832,T,6887.25,1,,,
2026-04-13 14:19:24.832,T,6887.25,2,,,
2026-04-13 14:19:24.832,T,6887.25,2,,,
2026-04-13 14:19:24.832,T,6887.25,1,,,
2026-04-13 14:19:24.832,T,6887.25,1,,,
2026-04-13 14:19:24.832,T,6887.25,1,,,
2026-04-13 14:19:24.832,T,6887.25,1,,,
2026-04-13 14:19:24.832,T,6887.25,1,,,
2026-04-13 14:19:24.832,T,6887.25,1,,,
2026-04-13 14:19:24.832,T,6887.25,1,,,
2026-04-13 14:19:24.832,T,6887.25,1,,,
2026-04-13 14:19:24.832,T,6887.25,4,,,
2026-04-13 14:19:24.832,T,6887.25,1,,,
2026-04-13 14:19:24.832,T,6887.25,1,,,
2026-04-13 14:19:24.832,T,6887.25,1,,,
2026-04-13 14:19:24.832,T,6887.25,1,,,
2026-04-13 14:19:24.832,T,6887.25,1,,,
2026-04-13 14:19:24.832,T,6887.25,1,,,
2026-04-13 14:19:24.832,T,6887.25,1,,,
2026-04-13 14:19:24.832,T,6887.25,1,,,
2026-04-13 14:19:24.832,T,6887.25,1,,,
2026-04-13 14:19:24.832,T,6887.25,1,,,
2026-04-13 14:19:24.832,T,6887.25,1,,,
2026-04-13 14:19:24.832,T,6887.25,1,,,
2026-04-13 14:19:24.832,T,6887.25,1,,,
2026-04-13 14:19:24.832,T,6887.25,1,,,
2026-04-13 14:19:24.832,T,6887.25,1,,,
2026-04-13 14:19:24.832,T,6887.25,1,,,
2026-04-13 14:19:24.832,T,6887.25,1,,,
2026-04-13 14:19:24.833,Q,,,,6887.25,6887.5
2026-04-13 14:19:24.833,T,6887.25,1,,,
2026-04-13 14:19:24.833,T,6887.25,1,,,
2026-04-13 14:19:24.833,T,6887.25,1,,,
2026-04-13 14:19:24.833,T,6887.25,1,,,
2026-04-13 14:19:24.833,T,6887.25,1,,,
2026-04-13 14:19:24.833,T,6887.25,2,,,
2026-04-13 14:19:24.833,T,6887.25,1,,,
2026-04-13 14:19:24.833,T,6887.25,1,,,
2026-04-13 14:19:24.833,T,6887.25,1,,,
2026-04-13 14:19:24.833,T,6887.25,1,,,
2026-04-13 14:19:24.833,T,6887.25,1,,,
2026-04-13 14:19:24.833,T,6887.25,1,,,
2026-04-13 14:19:24.833,T,6887.25,1,,,
2026-04-13 14:19:24.833,T,6887.25,1,,,
2026-04-13 14:19:24.833,Q,,,,6887.0,6887.25
2026-04-13 14:19:24.833,T,6887.25,1,,,
2026-04-13 14:19:24.833,T,6887.25,1,,,
2026-04-13 14:19:24.833,T,6887.25,1,,,
2026-04-13 14:19:24.833,T,6887.25,1,,,
2026-04-13 14:19:24.833,T,6887.0,1,,,
2026-04-13 14:19:24.834,T,6887.25,1,,,
2026-04-13 14:19:24.835,Q,,,,6887.0,6887.5
2026-04-13 14:19:24.835,T,6887.25,1,,,
2026-04-13 14:19:24.835,T,6887.25,1,,,
2026-04-13 14:19:24.835,T,6887.25,1,,,
2026-04-13 14:19:24.835,T,6887.25,1,,,
2026-04-13 14:19:24.835,T,6887.25,1,,,
2026-04-13 14:19:24.835,T,6887.25,1,,,
2026-04-13 14:19:24.835,T,6887.25,1,,,
2026-04-13 14:19:24.835,T,6887.25,1,,,
2026-04-13 14:19:24.835,T,6887.25,1,,,
2026-04-13 14:19:24.835,T,6887.25,1,,,
2026-04-13 14:19:24.835,T,6887.25,1,,,
2026-04-13 14:19:24.835,T,6887.25,1,,,
2026-04-13 14:19:24.835,T,6887.25,1,,,
2026-04-13 14:19:24.835,T,6887.25,1,,,
2026-04-13 14:19:24.835,T,6887.25,1,,,
2026-04-13 14:19:24.835,T,6887.25,1,,,
2026-04-13 14:19:24.835,T,6887.25,1,,,
2026-04-13 14:19:24.835,T,6887.25,1,,,
2026-04-13 14:19:24.835,T,6887.25,1,,,
2026-04-13 14:19:24.835,T,6887.25,1,,,
2026-04-13 14:19:24.835,T,6887.25,1,,,
2026-04-13 14:19:24.835,T,6887.25,1,,,
2026-04-13 14:19:24.835,T,6887.25,1,,,
2026-04-13 14:19:24.835,T,6887.25,4,,,
2026-04-13 14:19:24.835,T,6887.25,1,,,
2026-04-13 14:19:24.835,T,6887.25,1,,,
2026-04-13 14:19:24.835,T,6887.25,1,,,
2026-04-13 14:19:24.835,T,6887.25,1,,,
2026-04-13 14:19:24.835,T,6887.25,1,,,
2026-04-13 14:19:24.835,T,6887.25,1,,,
2026-04-13 14:19:24.835,T,6887.25,1,,,
2026-04-13 14:19:24.835,T,6887.25,1,,,
2026-04-13 14:19:24.835,T,6887.25,3,,,
2026-04-13 14:19:24.835,T,6887.25,1,,,
2026-04-13 14:19:24.836,Q,,,,6887.0,6887.25
2026-04-13 14:19:24.836,T,6887.25,1,,,
2026-04-13 14:19:24.836,T,6887.25,1,,,
2026-04-13 14:19:24.837,T,6887.25,1,,,
2026-04-13 14:19:24.837,T,6887.25,1,,,
2026-04-13 14:19:24.837,T,6887.25,1,,,
2026-04-13 14:19:24.837,T,6887.25,2,,,
2026-04-13 14:19:24.837,T,6887.25,1,,,
2026-04-13 14:19:24.837,T,6887.25,1,,,
2026-04-13 14:19:24.837,T,6887.25,1,,,
2026-04-13 14:19:24.837,T,6887.25,1,,,
2026-04-13 14:19:24.837,T,6887.25,1,,,
2026-04-13 14:19:24.837,T,6887.25,1,,,
2026-04-13 14:19:24.837,T,6887.25,1,,,
2026-04-13 14:19:24.837,T,6887.25,2,,,
2026-04-13 14:19:24.837,T,6887.25,1,,,
2026-04-13 14:19:24.838,T,6887.25,1,,,
2026-04-13 14:19:24.838,T,6887.25,1,,,
2026-04-13 14:19:24.838,T,6887.25,1,,,
2026-04-13 14:19:24.838,T,6887.25,1,,,
2026-04-13 14:19:24.838,T,6887.25,1,,,
2026-04-13 14:19:24.838,T,6887.25,1,,,
2026-04-13 14:19:24.838,T,6887.25,1,,,
2026-04-13 14:19:24.838,Q,,,,6887.0,6887.5
2026-04-13 14:19:24.838,Q,,,,6887.0,6887.25
2026-04-13 14:19:24.838,Q,,,,6887.25,6887.5
2026-04-13 14:19:24.838,T,6887.25,1,,,
2026-04-13 14:19:24.838,T,6887.25,1,,,
2026-04-13 14:19:24.838,T,6887.25,1,,,
2026-04-13 14:19:24.838,T,6887.25,1,,,
2026-04-13 14:19:24.838,T,6887.25,4,,,
2026-04-13 14:19:24.838,T,6887.25,1,,,
2026-04-13 14:19:24.838,T,6887.25,2,,,
2026-04-13 14:19:24.838,T,6887.25,1,,,
2026-04-13 14:19:24.838,T,6887.25,3,,,
2026-04-13 14:19:24.838,T,6887.25,1,,,
2026-04-13 14:19:24.838,T,6887.25,1,,,
2026-04-13 14:19:24.838,T,6887.25,1,,,
2026-04-13 14:19:24.839,T,6887.25,1,,,
2026-04-13 14:19:24.839,T,6887.25,1,,,
2026-04-13 14:19:24.839,T,6887.25,1,,,
2026-04-13 14:19:24.839,T,6887.25,1,,,
2026-04-13 14:19:24.839,T,6887.25,1,,,
2026-04-13 14:19:24.839,T,6887.25,1,,,
2026-04-13 14:19:24.839,Q,,,,6887.0,6887.25
2026-04-13 14:19:24.839,T,6887.25,1,,,
2026-04-13 14:19:24.839,T,6887.0,1,,,
2026-04-13 14:19:24.840,T,6887.25,1,,,
2026-04-13 14:19:24.840,T,6887.0,1,,,
2026-04-13 14:19:24.840,T,6887.0,1,,,
2026-04-13 14:19:24.840,T,6887.0,1,,,
2026-04-13 14:19:24.840,T,6887.0,1,,,
2026-04-13 14:19:24.840,T,6887.0,1,,,
2026-04-13 14:19:24.840,T,6887.0,1,,,
2026-04-13 14:19:24.840,T,6887.0,1,,,
2026-04-13 14:19:24.840,T,6887.0,3,,,
2026-04-13 14:19:24.840,T,6887.0,1,,,
2026-04-13 14:19:24.840,T,6887.0,1,,,
2026-04-13 14:19:24.840,T,6887.0,1,,,
2026-04-13 14:19:24.840,T,6887.0,1,,,
2026-04-13 14:19:24.840,T,6887.0,1,,,
2026-04-13 14:19:24.840,T,6887.0,1,,,
2026-04-13 14:19:24.840,T,6887.0,1,,,
2026-04-13 14:19:24.840,T,6887.0,1,,,
2026-04-13 14:19:24.840,T,6887.0,1,,,
2026-04-13 14:19:24.840,T,6887.0,1,,,
2026-04-13 14:19:24.840,T,6887.0,1,,,
2026-04-13 14:19:24.840,T,6887.0,1,,,
2026-04-13 14:19:24.840,T,6887.0,1,,,
2026-04-13 14:19:24.840,T,6887.0,1,,,
2026-04-13 14:19:24.840,T,6887.0,1,,,
2026-04-13 14:19:24.840,T,6887.0,1,,,
2026-04-13 14:19:24.840,T,6887.0,1,,,
2026-04-13 14:19:24.840,T,6887.0,1,,,
2026-04-13 14:19:24.840,T,6887.0,3,,,
2026-04-13 14:19:24.840,T,6887.0,4,,,
2026-04-13 14:19:24.840,T,6887.0,2,,,
2026-04-13 14:19:24.840,T,6887.0,1,,,
2026-04-13 14:19:24.840,T,6887.0,1,,,
2026-04-13 14:19:24.840,T,6887.0,1,,,
2026-04-13 14:19:24.840,T,6887.0,1,,,
2026-04-13 14:19:24.840,T,6887.0,1,,,
2026-04-13 14:19:24.840,T,6887.0,1,,,
2026-04-13 14:19:24.840,T,6887.0,1,,,
2026-04-13 14:19:24.840,T,6887.0,1,,,
2026-04-13 14:19:24.840,T,6887.0,2,,,
2026-04-13 14:19:24.840,T,6887.0,1,,,
2026-04-13 14:19:24.840,T,6887.0,1,,,
2026-04-13 14:19:24.840,T,6887.0,1,,,
2026-04-13 14:19:24.840,T,6887.0,1,,,
2026-04-13 14:19:24.840,T,6887.0,1,,,
2026-04-13 14:19:24.840,T,6887.0,3,,,
2026-04-13 14:19:24.840,T,6887.0,2,,,
2026-04-13 14:19:24.840,T,6887.0,1,,,
2026-04-13 14:19:24.840,T,6887.0,1,,,
2026-04-13 14:19:24.840,T,6887.0,1,,,
2026-04-13 14:19:24.840,T,6887.0,1,,,
2026-04-13 14:19:24.840,T,6887.0,1,,,
2026-04-13 14:19:24.840,T,6887.0,1,,,
2026-04-13 14:19:24.840,T,6887.0,1,,,
2026-04-13 14:19:24.840,T,6887.0,1,,,
2026-04-13 14:19:24.840,T,6887.0,1,,,
2026-04-13 14:19:24.840,T,6887.0,1,,,
2026-04-13 14:19:24.841,T,6887.0,1,,,
2026-04-13 14:19:24.841,T,6887.0,1,,,
2026-04-13 14:19:24.841,T,6887.0,1,,,
2026-04-13 14:19:24.841,T,6887.0,1,,,
2026-04-13 14:19:24.841,T,6887.0,1,,,
2026-04-13 14:19:24.841,Q,,,,6886.75,6887.25
2026-04-13 14:19:24.841,Q,,,,6887.0,6887.25
2026-04-13 14:19:24.841,T,6887.0,1,,,
2026-04-13 14:19:24.841,Q,,,,6886.75,6887.25
2026-04-13 14:19:24.841,T,6887.0,1,,,
2026-04-13 14:19:24.841,T,6887.0,2,,,
2026-04-13 14:19:24.841,T,6887.0,1,,,
2026-04-13 14:19:24.841,T,6887.0,1,,,
2026-04-13 14:19:24.841,T,6887.0,1,,,
2026-04-13 14:19:24.841,T,6887.0,1,,,
2026-04-13 14:19:24.841,T,6887.0,1,,,
2026-04-13 14:19:24.842,T,6887.0,1,,,
2026-04-13 14:19:24.842,T,6887.0,1,,,
2026-04-13 14:19:24.842,T,6887.0,1,,,
2026-04-13 14:19:24.842,T,6887.0,1,,,
2026-04-13 14:19:24.842,T,6887.0,1,,,
2026-04-13 14:19:24.842,Q,,,,6886.75,6887.0
2026-04-13 14:19:24.842,T,6887.0,1,,,
2026-04-13 14:19:24.842,T,6887.0,1,,,
2026-04-13 14:19:24.842,T,6887.0,1,,,
2026-04-13 14:19:24.842,T,6887.0,1,,,
2026-04-13 14:19:24.842,T,6887.0,2,,,
2026-04-13 14:19:24.842,Q,,,,6887.0,6887.25
2026-04-13 14:19:24.842,Q,,,,6886.75,6887.0
2026-04-13 14:19:24.842,T,6887.0,1,,,
2026-04-13 14:19:24.842,T,6887.0,1,,,
2026-04-13 14:19:24.842,T,6887.0,1,,,
2026-04-13 14:19:24.842,T,6887.0,1,,,
2026-04-13 14:19:24.842,T,6887.0,1,,,
2026-04-13 14:19:24.842,T,6887.0,1,,,
2026-04-13 14:19:24.842,T,6887.0,1,,,
2026-04-13 14:19:24.842,T,6887.0,1,,,
2026-04-13 14:19:24.842,T,6887.0,1,,,
2026-04-13 14:19:24.842,T,6887.0,1,,,
2026-04-13 14:19:24.842,T,6887.0,1,,,
2026-04-13 14:19:24.843,Q,,,,6887.0,6887.25
2026-04-13 14:19:24.843,T,6887.0,1,,,
2026-04-13 14:19:24.843,T,6887.0,1,,,
2026-04-13 14:19:24.843,T,6887.0,1,,,
2026-04-13 14:19:24.843,T,6887.0,1,,,
2026-04-13 14:19:24.843,T,6887.0,1,,,
2026-04-13 14:19:24.843,T,6887.0,1,,,
2026-04-13 14:19:24.843,T,6887.0,1,,,
2026-04-13 14:19:24.843,T,6887.0,1,,,
2026-04-13 14:19:24.843,T,6887.0,1,,,
2026-04-13 14:19:24.843,T,6887.0,1,,,
2026-04-13 14:19:24.843,T,6887.0,1,,,
2026-04-13 14:19:24.843,T,6887.0,1,,,
2026-04-13 14:19:24.843,T,6887.0,1,,,
2026-04-13 14:19:24.843,T,6887.0,1,,,
2026-04-13 14:19:24.843,T,6887.0,2,,,
2026-04-13 14:19:24.843,T,6887.0,1,,,
2026-04-13 14:19:24.843,T,6887.0,1,,,
2026-04-13 14:19:24.843,T,6887.0,1,,,
2026-04-13 14:19:24.843,T,6887.0,1,,,
2026-04-13 14:19:24.843,Q,,,,6886.75,6887.25
2026-04-13 14:19:24.843,Q,,,,6887.0,6887.25
2026-04-13 14:19:24.843,T,6887.0,1,,,
2026-04-13 14:19:24.844,Q,,,,6886.75,6887.0
2026-04-13 14:19:24.844,T,6887.0,2,,,
2026-04-13 14:19:24.844,T,6886.75,1,,,
2026-04-13 14:19:24.844,T,6886.75,1,,,
2026-04-13 14:19:24.844,T,6886.75,1,,,
2026-04-13 14:19:24.844,T,6886.75,1,,,
2026-04-13 14:19:24.844,T,6886.75,1,,,
2026-04-13 14:19:24.844,T,6886.75,1,,,
2026-04-13 14:19:24.844,T,6886.75,1,,,
2026-04-13 14:19:24.844,T,6886.75,1,,,
2026-04-13 14:19:24.844,T,6886.75,1,,,
2026-04-13 14:19:24.844,T,6886.75,1,,,
2026-04-13 14:19:24.844,T,6886.75,1,,,
2026-04-13 14:19:24.844,T,6886.75,1,,,
2026-04-13 14:19:24.844,T,6886.75,3,,,
2026-04-13 14:19:24.844,T,6886.75,13,,,
2026-04-13 14:19:24.844,T,6886.75,5,,,
2026-04-13 14:19:24.844,T,6886.75,1,,,
2026-04-13 14:19:24.845,T,6886.75,1,,,
2026-04-13 14:19:24.845,Q,,,,6887.0,6887.25
2026-04-13 14:19:24.845,T,6887.0,1,,,
2026-04-13 14:19:24.845,T,6887.0,1,,,
2026-04-13 14:19:24.845,T,6887.0,1,,,
2026-04-13 14:19:24.845,T,6887.0,1,,,
2026-04-13 14:19:24.845,T,6887.0,1,,,
2026-04-13 14:19:24.845,T,6887.0,5,,,
2026-04-13 14:19:24.845,T,6887.0,2,,,
2026-04-13 14:19:24.845,T,6887.0,1,,,
2026-04-13 14:19:24.845,T,6887.0,1,,,
2026-04-13 14:19:24.845,T,6887.0,2,,,
2026-04-13 14:19:24.845,T,6887.0,1,,,
2026-04-13 14:19:24.845,T,6887.0,1,,,
2026-04-13 14:19:24.845,T,6887.0,1,,,
2026-04-13 14:19:24.845,T,6887.0,1,,,
2026-04-13 14:19:24.845,T,6887.0,1,,,
2026-04-13 14:19:24.851,T,6887.0,1,,,
2026-04-13 14:19:24.851,T,6887.0,1,,,
2026-04-13 14:19:24.851,T,6887.0,1,,,
2026-04-13 14:19:24.851,T,6887.0,1,,,
2026-04-13 14:19:24.851,T,6887.0,3,,,
2026-04-13 14:19:24.852,T,6887.0,1,,,
2026-04-13 14:19:24.852,T,6887.0,1,,,
2026-04-13 14:19:24.853,Q,,,,6886.75,6887.0
2026-04-13 14:19:24.853,T,6887.0,1,,,
2026-04-13 14:19:24.853,T,6887.0,1,,,
2026-04-13 14:19:24.853,T,6887.0,1,,,
2026-04-13 14:19:24.853,T,6887.0,1,,,
2026-04-13 14:19:24.853,T,6887.0,1,,,
2026-04-13 14:19:24.853,T,6887.0,1,,,
2026-04-13 14:19:24.853,T,6887.0,1,,,
2026-04-13 14:19:24.853,T,6887.0,1,,,
2026-04-13 14:19:24.853,T,6887.0,2,,,
2026-04-13 14:19:24.853,T,6887.0,2,,,
2026-04-13 14:19:24.853,T,6887.0,1,,,
2026-04-13 14:19:24.853,T,6886.75,1,,,
2026-04-13 14:19:24.853,T,6886.75,1,,,
2026-04-13 14:19:24.853,T,6886.75,5,,,
2026-04-13 14:19:24.853,T,6886.75,1,,,
2026-04-13 14:19:24.853,T,6886.75,1,,,
2026-04-13 14:19:24.853,T,6886.75,1,,,
2026-04-13 14:19:24.853,T,6886.75,1,,,
2026-04-13 14:19:24.853,T,6886.75,1,,,
2026-04-13 14:19:24.853,T,6886.75,1,,,
2026-04-13 14:19:24.853,T,6886.75,2,,,
2026-04-13 14:19:24.853,T,6886.75,3,,,
2026-04-13 14:19:24.853,T,6886.75,2,,,
2026-04-13 14:19:24.853,T,6886.75,3,,,
2026-04-13 14:19:24.853,T,6886.75,3,,,
2026-04-13 14:19:24.853,T,6886.75,1,,,
2026-04-13 14:19:24.853,T,6886.75,1,,,
2026-04-13 14:19:24.853,T,6886.75,1,,,
2026-04-13 14:19:24.853,T,6886.75,1,,,
2026-04-13 14:19:24.854,Q,,,,6886.75,6887.25
2026-04-13 14:19:24.854,T,6887.0,1,,,
2026-04-13 14:19:24.854,T,6887.0,1,,,
2026-04-13 14:19:24.854,T,6887.0,2,,,
2026-04-13 14:19:24.854,T,6887.0,1,,,
2026-04-13 14:19:24.854,T,6887.0,1,,,
2026-04-13 14:19:24.854,T,6887.0,3,,,
2026-04-13 14:19:24.854,T,6887.0,2,,,
2026-04-13 14:19:24.854,T,6887.0,1,,,
2026-04-13 14:19:24.854,T,6887.0,1,,,
2026-04-13 14:19:24.854,T,6887.0,1,,,
2026-04-13 14:19:24.854,T,6887.0,1,,,
2026-04-13 14:19:24.854,T,6887.0,3,,,
2026-04-13 14:19:24.854,T,6887.0,1,,,
2026-04-13 14:19:24.854,T,6887.0,1,,,
2026-04-13 14:19:24.854,T,6887.0,1,,,
2026-04-13 14:19:24.854,T,6887.0,2,,,
2026-04-13 14:19:24.854,T,6887.0,2,,,
2026-04-13 14:19:24.854,T,6887.0,1,,,
2026-04-13 14:19:24.854,T,6887.0,1,,,
2026-04-13 14:19:24.854,T,6887.0,1,,,
2026-04-13 14:19:24.854,T,6887.0,1,,,
2026-04-13 14:19:24.854,T,6887.0,1,,,
2026-04-13 14:19:24.854,T,6887.0,1,,,
2026-04-13 14:19:24.854,T,6887.0,1,,,
2026-04-13 14:19:24.854,T,6887.0,1,,,
2026-04-13 14:19:24.854,T,6887.0,1,,,
2026-04-13 14:19:24.854,T,6887.0,1,,,
2026-04-13 14:19:24.854,T,6887.0,1,,,
2026-04-13 14:19:24.854,T,6887.0,1,,,
2026-04-13 14:19:24.855,T,6887.0,1,,,
2026-04-13 14:19:24.855,T,6887.0,1,,,
2026-04-13 14:19:24.855,Q,,,,6886.75,6887.0
2026-04-13 14:19:24.855,T,6887.0,1,,,
2026-04-13 14:19:24.855,T,6887.0,1,,,
2026-04-13 14:19:24.855,Q,,,,6887.0,6887.25
2026-04-13 14:19:24.855,Q,,,,6886.75,6887.0
2026-04-13 14:19:24.855,T,6887.0,1,,,
2026-04-13 14:19:24.855,T,6887.0,1,,,
2026-04-13 14:19:24.855,T,6887.0,1,,,
2026-04-13 14:19:24.855,T,6887.0,1,,,
2026-04-13 14:19:24.855,T,6887.0,1,,,
2026-04-13 14:19:24.855,T,6887.0,1,,,
2026-04-13 14:19:24.855,T,6887.0,1,,,
2026-04-13 14:19:24.855,T,6887.0,1,,,
2026-04-13 14:19:24.855,T,6887.0,1,,,
2026-04-13 14:19:24.855,T,6887.0,1,,,
2026-04-13 14:19:24.855,T,6887.0,1,,,
2026-04-13 14:19:24.855,T,6887.0,1,,,
2026-04-13 14:19:24.855,T,6887.0,2,,,
2026-04-13 14:19:24.855,T,6887.0,1,,,
2026-04-13 14:19:24.855,T,6887.0,1,,,
2026-04-13 14:19:24.855,T,6887.0,1,,,
2026-04-13 14:19:24.855,T,6887.0,1,,,
2026-04-13 14:19:24.855,T,6887.0,1,,,
2026-04-13 14:19:24.855,T,6887.0,1,,,
2026-04-13 14:19:24.855,T,6887.0,1,,,
2026-04-13 14:19:24.856,T,6887.0,1,,,
2026-04-13 14:19:24.856,T,6887.0,1,,,
2026-04-13 14:19:24.856,T,6887.0,1,,,
2026-04-13 14:19:24.856,T,6887.0,1,,,
2026-04-13 14:19:24.856,T,6887.0,1,,,
2026-04-13 14:19:24.856,T,6887.0,1,,,
2026-04-13 14:19:24.856,T,6887.0,1,,,
2026-04-13 14:19:24.856,T,6887.0,1,,,
2026-04-13 14:19:24.856,T,6887.0,1,,,
2026-04-13 14:19:24.856,T,6887.0,1,,,
2026-04-13 14:19:24.856,T,6887.0,1,,,
2026-04-13 14:19:24.856,T,6887.0,1,,,
2026-04-13 14:19:24.856,T,6887.0,1,,,
2026-04-13 14:19:24.856,T,6887.0,1,,,
2026-04-13 14:19:24.856,T,6887.0,2,,,
2026-04-13 14:19:24.856,T,6887.0,1,,,
2026-04-13 14:19:24.856,T,6887.0,2,,,
2026-04-13 14:19:24.856,T,6887.0,1,,,
2026-04-13 14:19:24.856,T,6887.0,1,,,
2026-04-13 14:19:24.856,T,6887.0,2,,,
2026-04-13 14:19:24.856,T,6887.0,1,,,
2026-04-13 14:19:24.856,T,6887.0,2,,,
2026-04-13 14:19:24.856,T,6887.0,2,,,
2026-04-13 14:19:24.856,T,6887.0,4,,,
2026-04-13 14:19:24.856,T,6887.0,3,,,
2026-04-13 14:19:24.856,T,6887.0,1,,,
2026-04-13 14:19:24.857,T,6887.0,4,,,
2026-04-13 14:19:24.857,T,6887.0,1,,,
2026-04-13 14:19:24.857,T,6887.0,1,,,
2026-04-13 14:19:24.857,T,6887.0,1,,,
2026-04-13 14:19:24.857,T,6887.0,1,,,
2026-04-13 14:19:24.857,T,6887.0,1,,,
2026-04-13 14:19:24.857,T,6887.0,1,,,
2026-04-13 14:19:24.857,T,6887.0,1,,,
2026-04-13 14:19:24.857,T,6887.0,1,,,
2026-04-13 14:19:24.857,T,6887.0,1,,,
2026-04-13 14:19:24.857,T,6887.0,1,,,
2026-04-13 14:19:24.857,T,6887.0,1,,,
2026-04-13 14:19:24.857,Q,,,,6887.0,6887.25
2026-04-13 14:19:24.857,T,6887.0,1,,,
2026-04-13 14:19:24.857,T,6887.0,1,,,
2026-04-13 14:19:24.857,T,6887.0,3,,,
2026-04-13 14:19:24.857,T,6887.0,1,,,
2026-04-13 14:19:24.857,T,6887.0,1,,,
2026-04-13 14:19:24.857,Q,,,,6886.75,6887.0
2026-04-13 14:19:24.857,T,6887.0,1,,,
2026-04-13 14:19:24.857,T,6887.0,1,,,
2026-04-13 14:19:24.857,T,6887.0,1,,,
2026-04-13 14:19:24.857,T,6887.0,1,,,
2026-04-13 14:19:24.857,T,6887.0,2,,,
2026-04-13 14:19:24.857,T,6887.0,1,,,
2026-04-13 14:19:24.857,T,6887.0,1,,,
2026-04-13 14:19:24.858,Q,,,,6886.75,6887.25
2026-04-13 14:19:24.858,Q,,,,6886.75,6887.0
2026-04-13 14:19:24.858,T,6886.75,1,,,
2026-04-13 14:19:24.858,T,6887.0,1,,,
2026-04-13 14:19:24.858,T,6887.0,4,,,
2026-04-13 14:19:24.858,T,6887.0,1,,,
2026-04-13 14:19:24.858,T,6887.0,1,,,
2026-04-13 14:19:24.858,T,6887.0,1,,,
2026-04-13 14:19:24.858,T,6887.0,1,,,
2026-04-13 14:19:24.858,T,6887.0,2,,,
2026-04-13 14:19:24.858,T,6887.0,1,,,
2026-04-13 14:19:24.858,T,6887.0,1,,,
2026-04-13 14:19:24.858,T,6887.0,1,,,
2026-04-13 14:19:24.858,T,6887.0,1,,,
2026-04-13 14:19:24.858,T,6887.0,1,,,
2026-04-13 14:19:24.859,Q,,,,6887.0,6887.25
2026-04-13 14:19:24.859,T,6887.25,1,,,
2026-04-13 14:19:24.859,T,6887.25,1,,,
2026-04-13 14:19:24.859,T,6887.25,2,,,
2026-04-13 14:19:24.859,T,6887.25,1,,,
2026-04-13 14:19:24.859,T,6887.25,1,,,
2026-04-13 14:19:24.859,T,6887.25,1,,,
2026-04-13 14:19:24.859,T,6887.25,1,,,
2026-04-13 14:19:24.859,T,6887.25,1,,,
2026-04-13 14:19:24.859,T,6887.25,1,,,
2026-04-13 14:19:24.859,T,6887.25,1,,,
2026-04-13 14:19:24.859,T,6887.25,1,,,
2026-04-13 14:19:24.859,T,6887.25,1,,,
2026-04-13 14:19:24.859,T,6887.25,1,,,
2026-04-13 14:19:24.859,T,6887.25,2,,,
2026-04-13 14:19:24.859,T,6887.25,1,,,
2026-04-13 14:19:24.859,T,6887.25,1,,,
2026-04-13 14:19:24.859,T,6887.25,1,,,
2026-04-13 14:19:24.859,T,6887.25,1,,,
2026-04-13 14:19:24.859,T,6887.25,2,,,
2026-04-13 14:19:24.859,T,6887.25,1,,,
2026-04-13 14:19:24.859,T,6887.25,1,,,
2026-04-13 14:19:24.859,T,6887.25,1,,,
2026-04-13 14:19:24.859,T,6887.25,4,,,
2026-04-13 14:19:24.859,T,6887.25,1,,,
2026-04-13 14:19:24.859,T,6887.25,1,,,
2026-04-13 14:19:24.859,T,6887.25,1,,,
2026-04-13 14:19:24.859,T,6887.25,1,,,
2026-04-13 14:19:24.859,T,6887.25,2,,,
2026-04-13 14:19:24.859,T,6887.25,1,,,
2026-04-13 14:19:24.859,T,6887.25,1,,,
2026-04-13 14:19:24.859,T,6887.5,4,,,
2026-04-13 14:19:24.859,T,6887.5,4,,,
2026-04-13 14:19:24.859,T,6887.5,1,,,
2026-04-13 14:19:24.859,T,6887.5,1,,,
2026-04-13 14:19:24.859,T,6887.5,1,,,
2026-04-13 14:19:24.859,T,6887.5,1,,,
2026-04-13 14:19:24.859,T,6887.5,1,,,
2026-04-13 14:19:24.859,T,6887.5,1,,,
2026-04-13 14:19:24.859,T,6887.5,1,,,
2026-04-13 14:19:24.859,T,6887.5,1,,,
2026-04-13 14:19:24.859,T,6887.5,1,,,
2026-04-13 14:19:24.859,T,6887.5,1,,,
2026-04-13 14:19:24.859,T,6887.5,1,,,
2026-04-13 14:19:24.859,T,6887.5,2,,,
2026-04-13 14:19:24.859,T,6887.5,1,,,
2026-04-13 14:19:24.859,T,6887.5,1,,,
2026-04-13 14:19:24.859,T,6887.5,1,,,
2026-04-13 14:19:24.859,T,6887.5,1,,,
2026-04-13 14:19:24.859,T,6887.5,1,,,
2026-04-13 14:19:24.859,T,6887.5,1,,,
2026-04-13 14:19:24.859,T,6887.5,1,,,
2026-04-13 14:19:24.859,T,6887.5,1,,,
2026-04-13 14:19:24.859,T,6887.5,1,,,
2026-04-13 14:19:24.859,T,6887.5,1,,,
2026-04-13 14:19:24.859,T,6887.5,1,,,
2026-04-13 14:19:24.859,T,6887.5,1,,,
2026-04-13 14:19:24.859,T,6887.5,3,,,
2026-04-13 14:19:24.859,T,6887.5,2,,,
2026-04-13 14:19:24.859,T,6887.5,1,,,
2026-04-13 14:19:24.859,T,6887.5,1,,,
2026-04-13 14:19:24.859,T,6887.5,4,,,
2026-04-13 14:19:24.859,T,6887.5,1,,,
2026-04-13 14:19:24.859,T,6887.5,5,,,
2026-04-13 14:19:24.859,T,6887.5,1,,,
2026-04-13 14:19:24.859,T,6887.5,1,,,
2026-04-13 14:19:24.859,T,6887.5,1,,,
2026-04-13 14:19:24.859,T,6887.5,5,,,
2026-04-13 14:19:24.859,T,6887.5,1,,,
2026-04-13 14:19:24.859,T,6887.5,1,,,
2026-04-13 14:19:24.859,T,6887.5,2,,,
2026-04-13 14:19:24.859,T,6887.5,1,,,
2026-04-13 14:19:24.859,T,6887.5,1,,,
2026-04-13 14:19:24.859,T,6887.25,1,,,
2026-04-13 14:19:24.859,T,6887.25,1,,,
2026-04-13 14:19:24.859,T,6887.25,1,,,
2026-04-13 14:19:24.859,T,6887.25,1,,,
2026-04-13 14:19:24.859,T,6887.25,1,,,
2026-04-13 14:19:24.859,T,6887.25,1,,,
2026-04-13 14:19:24.859,T,6887.25,2,,,
2026-04-13 14:19:24.859,T,6887.25,1,,,
2026-04-13 14:19:24.859,T,6887.25,1,,,
2026-04-13 14:19:24.860,T,6887.25,3,,,
2026-04-13 14:19:24.860,T,6887.25,1,,,
2026-04-13 14:19:24.860,T,6887.25,1,,,
2026-04-13 14:19:24.860,T,6887.25,3,,,
2026-04-13 14:19:24.860,T,6887.25,1,,,
2026-04-13 14:19:24.860,T,6887.25,1,,,
2026-04-13 14:19:24.860,T,6887.25,1,,,
2026-04-13 14:19:24.860,T,6887.25,1,,,
2026-04-13 14:19:24.860,T,6887.25,1,,,
2026-04-13 14:19:24.860,T,6887.25,1,,,
2026-04-13 14:19:24.860,T,6887.25,1,,,
2026-04-13 14:19:24.860,T,6887.25,1,,,
2026-04-13 14:19:24.860,T,6887.25,1,,,
2026-04-13 14:19:24.860,T,6887.25,1,,,
2026-04-13 14:19:24.860,T,6887.25,1,,,
2026-04-13 14:19:24.860,T,6887.25,1,,,
2026-04-13 14:19:24.860,T,6887.0,1,,,
2026-04-13 14:19:24.860,T,6887.0,1,,,
2026-04-13 14:19:24.860,T,6887.25,3,,,
2026-04-13 14:19:24.860,T,6887.25,1,,,
2026-04-13 14:19:24.860,T,6887.25,1,,,
2026-04-13 14:19:24.860,T,6887.25,1,,,
2026-04-13 14:19:24.860,T,6887.25,1,,,
2026-04-13 14:19:24.860,T,6887.25,1,,,
2026-04-13 14:19:24.860,T,6887.25,1,,,
2026-04-13 14:19:24.860,T,6887.25,1,,,
2026-04-13 14:19:24.860,T,6887.25,2,,,
2026-04-13 14:19:24.860,T,6887.25,1,,,
2026-04-13 14:19:24.860,T,6887.25,1,,,
2026-04-13 14:19:24.860,T,6887.25,1,,,
2026-04-13 14:19:24.860,T,6887.25,1,,,
2026-04-13 14:19:24.860,T,6887.25,1,,,
2026-04-13 14:19:24.860,T,6887.25,1,,,
2026-04-13 14:19:24.861,T,6887.25,1,,,
2026-04-13 14:19:24.861,T,6887.25,1,,,
2026-04-13 14:19:24.861,T,6887.25,1,,,
2026-04-13 14:19:24.861,T,6887.25,1,,,
2026-04-13 14:19:24.861,T,6887.25,2,,,
2026-04-13 14:19:24.861,T,6887.25,2,,,
2026-04-13 14:19:24.861,T,6887.25,2,,,
2026-04-13 14:19:24.861,T,6887.25,1,,,
2026-04-13 14:19:24.861,T,6887.25,2,,,
2026-04-13 14:19:24.861,T,6887.25,1,,,
2026-04-13 14:19:24.861,T,6887.25,1,,,
2026-04-13 14:19:24.861,T,6887.25,1,,,
2026-04-13 14:19:24.861,T,6887.25,1,,,
2026-04-13 14:19:24.861,T,6887.25,1,,,
2026-04-13 14:19:24.861,T,6887.25,1,,,
2026-04-13 14:19:24.861,T,6887.25,1,,,
2026-04-13 14:19:24.861,T,6887.25,1,,,
2026-04-13 14:19:24.861,T,6887.25,1,,,
2026-04-13 14:19:24.861,T,6887.25,1,,,
2026-04-13 14:19:24.861,Q,,,,6887.0,6887.5
2026-04-13 14:19:24.861,Q,,,,6887.25,6887.5
2026-04-13 14:19:24.862,T,6887.25,1,,,
2026-04-13 14:19:24.862,T,6887.25,1,,,
2026-04-13 14:19:24.862,T,6887.25,2,,,
2026-04-13 14:19:24.862,T,6887.25,1,,,
2026-04-13 14:19:24.862,T,6887.25,1,,,
2026-04-13 14:19:24.862,Q,,,,6887.0,6887.25
2026-04-13 14:19:24.862,Q,,,,6887.25,6887.5
2026-04-13 14:19:24.863,T,6887.5,1,,,
2026-04-13 14:19:24.863,T,6887.25,2,,,
2026-04-13 14:19:24.863,T,6887.25,1,,,
2026-04-13 14:19:24.863,T,6887.25,1,,,
2026-04-13 14:19:24.863,T,6887.25,1,,,
2026-04-13 14:19:24.863,T,6887.25,1,,,
2026-04-13 14:19:24.863,T,6887.25,1,,,
2026-04-13 14:19:24.863,T,6887.25,1,,,
2026-04-13 14:19:24.864,T,6887.5,1,,,
2026-04-13 14:19:24.864,T,6887.5,2,,,
2026-04-13 14:19:24.864,T,6887.5,3,,,
2026-04-13 14:19:24.864,T,6887.5,2,,,
2026-04-13 14:19:24.864,T,6887.5,1,,,
2026-04-13 14:19:24.864,T,6887.5,2,,,
2026-04-13 14:19:24.864,T,6887.5,1,,,
2026-04-13 14:19:24.864,T,6887.5,1,,,
2026-04-13 14:19:24.864,T,6887.5,1,,,
2026-04-13 14:19:24.864,T,6887.5,1,,,
2026-04-13 14:19:24.864,T,6887.5,1,,,
2026-04-13 14:19:24.864,T,6887.5,1,,,
2026-04-13 14:19:24.864,T,6887.5,2,,,
2026-04-13 14:19:24.864,T,6887.5,1,,,
2026-04-13 14:19:24.864,T,6887.5,1,,,
2026-04-13 14:19:24.864,T,6887.5,4,,,
2026-04-13 14:19:24.864,T,6887.5,1,,,
2026-04-13 14:19:24.865,T,6887.5,1,,,
2026-04-13 14:19:24.865,T,6887.5,1,,,
2026-04-13 14:19:24.865,T,6887.5,1,,,
2026-04-13 14:19:24.865,Q,,,,6887.0,6887.25
2026-04-13 14:19:24.865,T,6887.25,1,,,
2026-04-13 14:19:24.865,T,6887.25,1,,,
2026-04-13 14:19:24.865,T,6887.25,1,,,
2026-04-13 14:19:24.865,T,6887.25,1,,,
2026-04-13 14:19:24.865,T,6887.25,1,,,
2026-04-13 14:19:24.865,T,6887.25,1,,,
2026-04-13 14:19:24.865,T,6887.25,1,,,
2026-04-13 14:19:24.865,T,6887.25,1,,,
2026-04-13 14:19:24.865,T,6887.25,1,,,
2026-04-13 14:19:24.865,T,6887.25,1,,,
2026-04-13 14:19:24.865,T,6887.25,1,,,
2026-04-13 14:19:24.865,T,6887.25,1,,,
2026-04-13 14:19:24.865,T,6887.25,1,,,
2026-04-13 14:19:24.865,T,6887.25,2,,,
2026-04-13 14:19:24.865,T,6887.0,1,,,
2026-04-13 14:19:24.866,T,6887.25,1,,,
2026-04-13 14:19:24.866,T,6887.25,1,,,
2026-04-13 14:19:24.866,T,6887.25,1,,,
2026-04-13 14:19:24.866,T,6887.25,1,,,
2026-04-13 14:19:24.866,T,6887.0,1,,,
2026-04-13 14:19:24.867,T,6887.0,1,,,
2026-04-13 14:19:24.867,T,6887.0,1,,,
2026-04-13 14:19:24.867,T,6887.0,1,,,
2026-04-13 14:19:24.867,T,6887.0,1,,,
2026-04-13 14:19:24.867,T,6887.0,1,,,
2026-04-13 14:19:24.867,T,6887.0,1,,,
2026-04-13 14:19:24.867,T,6887.0,1,,,
2026-04-13 14:19:24.867,T,6887.0,1,,,
2026-04-13 14:19:24.867,T,6887.0,1,,,
2026-04-13 14:19:24.867,T,6887.0,1,,,
2026-04-13 14:19:24.867,T,6887.0,1,,,
2026-04-13 14:19:24.867,T,6887.0,2,,,
2026-04-13 14:19:24.867,T,6887.0,1,,,
2026-04-13 14:19:24.867,T,6887.0,1,,,
2026-04-13 14:19:24.867,T,6887.0,1,,,
2026-04-13 14:19:24.867,T,6887.0,1,,,
2026-04-13 14:19:24.867,T,6887.0,1,,,
2026-04-13 14:19:24.867,T,6887.0,1,,,
2026-04-13 14:19:24.867,T,6887.0,1,,,
2026-04-13 14:19:24.867,T,6887.0,2,,,
2026-04-13 14:19:24.867,T,6887.0,2,,,
2026-04-13 14:19:24.867,T,6887.0,1,,,
2026-04-13 14:19:24.867,T,6887.0,3,,,
2026-04-13 14:19:24.867,T,6887.0,3,,,
2026-04-13 14:19:24.867,T,6887.0,1,,,
2026-04-13 14:19:24.867,T,6887.0,1,,,
2026-04-13 14:19:24.867,T,6887.0,1,,,
2026-04-13 14:19:24.867,T,6887.0,1,,,
2026-04-13 14:19:24.867,T,6887.0,2,,,
2026-04-13 14:19:24.867,T,6887.0,2,,,
2026-04-13 14:19:24.867,T,6887.0,1,,,
2026-04-13 14:19:24.867,T,6887.0,2,,,
2026-04-13 14:19:24.867,T,6887.0,1,,,
2026-04-13 14:19:24.867,T,6887.0,1,,,
2026-04-13 14:19:24.867,T,6887.0,1,,,
2026-04-13 14:19:24.867,T,6887.0,1,,,
2026-04-13 14:19:24.867,T,6887.0,1,,,
2026-04-13 14:19:24.868,Q,,,,6886.75,6887.25
2026-04-13 14:19:24.868,T,6887.0,1,,,
2026-04-13 14:19:24.868,T,6887.0,1,,,
2026-04-13 14:19:24.868,T,6887.0,1,,,
2026-04-13 14:19:24.868,T,6887.0,1,,,
2026-04-13 14:19:24.868,T,6887.0,1,,,
2026-04-13 14:19:24.868,T,6887.0,1,,,
2026-04-13 14:19:24.868,T,6887.0,1,,,
2026-04-13 14:19:24.868,Q,,,,6887.0,6887.25
2026-04-13 14:19:24.868,T,6887.0,1,,,
2026-04-13 14:19:24.868,T,6887.0,1,,,
2026-04-13 14:19:24.868,T,6887.0,1,,,
2026-04-13 14:19:24.868,T,6887.0,1,,,
2026-04-13 14:19:24.869,T,6887.25,1,,,
2026-04-13 14:19:24.869,T,6887.0,1,,,
2026-04-13 14:19:24.869,T,6887.0,1,,,
2026-04-13 14:19:24.869,T,6887.0,1,,,
2026-04-13 14:19:24.869,T,6887.0,1,,,
2026-04-13 14:19:24.869,T,6887.0,1,,,
2026-04-13 14:19:24.869,T,6887.0,1,,,
2026-04-13 14:19:24.869,T,6887.0,1,,,
2026-04-13 14:19:24.869,T,6887.0,1,,,
2026-04-13 14:19:24.869,T,6887.0,1,,,
2026-04-13 14:19:24.869,T,6887.0,1,,,
2026-04-13 14:19:24.869,T,6887.0,1,,,
2026-04-13 14:19:24.869,Q,,,,6886.75,6887.0
2026-04-13 14:19:24.870,T,6887.0,1,,,
2026-04-13 14:19:24.870,T,6887.0,2,,,
2026-04-13 14:19:24.870,T,6887.0,1,,,
2026-04-13 14:19:24.870,T,6887.0,1,,,
2026-04-13 14:19:24.870,T,6887.0,1,,,
2026-04-13 14:19:24.870,T,6887.0,1,,,
2026-04-13 14:19:24.870,T,6887.0,2,,,
2026-04-13 14:19:24.870,T,6886.75,2,,,
2026-04-13 14:19:24.870,T,6886.75,1,,,
2026-04-13 14:19:24.870,T,6886.75,2,,,
2026-04-13 14:19:24.870,T,6886.75,1,,,
2026-04-13 14:19:24.870,T,6886.75,2,,,
2026-04-13 14:19:24.870,T,6886.75,2,,,
2026-04-13 14:19:24.870,T,6886.75,1,,,
2026-04-13 14:19:24.870,T,6886.75,1,,,
2026-04-13 14:19:24.870,T,6886.75,1,,,
2026-04-13 14:19:24.870,T,6886.75,1,,,
2026-04-13 14:19:24.870,T,6886.75,1,,,
2026-04-13 14:19:24.870,T,6886.75,1,,,
2026-04-13 14:19:24.870,T,6886.75,2,,,
2026-04-13 14:19:24.870,T,6886.75,1,,,
2026-04-13 14:19:24.870,T,6886.75,1,,,
2026-04-13 14:19:24.871,Q,,,,6886.5,6886.75
2026-04-13 14:19:24.871,T,6886.75,2,,,
2026-04-13 14:19:24.871,T,6886.75,1,,,
2026-04-13 14:19:24.871,T,6886.75,1,,,
2026-04-13 14:19:24.871,T,6886.75,1,,,
2026-04-13 14:19:24.871,T,6886.75,1,,,
2026-04-13 14:19:24.871,T,6886.75,1,,,
2026-04-13 14:19:24.871,T,6886.75,1,,,
2026-04-13 14:19:24.871,T,6886.75,2,,,
2026-04-13 14:19:24.871,T,6886.75,1,,,
2026-04-13 14:19:24.871,T,6886.75,1,,,
2026-04-13 14:19:24.871,T,6886.75,10,,,
2026-04-13 14:19:24.871,T,6886.75,41,,,
2026-04-13 14:19:24.871,T,6886.75,1,,,
2026-04-13 14:19:24.871,T,6886.75,1,,,
2026-04-13 14:19:24.871,T,6886.75,1,,,
2026-04-13 14:19:24.871,T,6886.75,1,,,
2026-04-13 14:19:24.871,T,6886.75,1,,,
2026-04-13 14:19:24.871,T,6886.75,2,,,
2026-04-13 14:19:24.871,T,6886.75,1,,,
2026-04-13 14:19:24.871,T,6886.75,1,,,
2026-04-13 14:19:24.871,T,6886.75,1,,,
2026-04-13 14:19:24.872,T,6886.5,1,,,
2026-04-13 14:19:24.872,Q,,,,6886.75,6887.0
2026-04-13 14:19:24.872,T,6886.75,1,,,
2026-04-13 14:19:24.872,T,6886.75,2,,,
2026-04-13 14:19:24.872,T,6886.75,1,,,
2026-04-13 14:19:24.872,T,6886.75,1,,,
2026-04-13 14:19:24.872,T,6886.75,2,,,
2026-04-13 14:19:24.872,T,6886.75,2,,,
2026-04-13 14:19:24.872,T,6886.75,1,,,
2026-04-13 14:19:24.872,T,6886.75,1,,,
2026-04-13 14:19:24.872,T,6886.75,1,,,
2026-04-13 14:19:24.872,T,6886.75,1,,,
2026-04-13 14:19:24.872,T,6886.75,1,,,
2026-04-13 14:19:24.872,T,6886.75,1,,,
2026-04-13 14:19:24.872,T,6886.75,1,,,
2026-04-13 14:19:24.872,T,6886.75,2,,,
2026-04-13 14:19:24.872,T,6886.75,1,,,
2026-04-13 14:19:24.872,T,6886.75,1,,,
2026-04-13 14:19:24.872,T,6886.75,2,,,
2026-04-13 14:19:24.872,T,6886.75,1,,,
2026-04-13 14:19:24.872,T,6886.75,1,,,
2026-04-13 14:19:24.872,T,6886.75,2,,,
2026-04-13 14:19:24.872,T,6886.75,1,,,
2026-04-13 14:19:24.872,T,6886.75,2,,,
2026-04-13 14:19:24.872,T,6886.75,1,,,
2026-04-13 14:19:24.872,T,6886.75,1,,,
2026-04-13 14:19:24.872,T,6886.75,2,,,
2026-04-13 14:19:24.872,T,6886.75,1,,,
2026-04-13 14:19:24.872,T,6886.75,1,,,
2026-04-13 14:19:24.872,T,6886.75,1,,,
2026-04-13 14:19:24.872,T,6886.75,1,,,
2026-04-13 14:19:24.873,Q,,,,6886.5,6886.75
2026-04-13 14:19:24.873,T,6886.75,2,,,
2026-04-13 14:19:24.873,T,6886.75,1,,,
2026-04-13 14:19:24.873,T,6886.75,3,,,
2026-04-13 14:19:24.873,T,6886.75,1,,,
2026-04-13 14:19:24.873,T,6886.75,1,,,
2026-04-13 14:19:24.873,T,6886.75,2,,,
2026-04-13 14:19:24.873,T,6886.75,1,,,
2026-04-13 14:19:24.873,T,6886.75,1,,,
2026-04-13 14:19:24.873,T,6886.75,1,,,
2026-04-13 14:19:24.873,T,6886.75,1,,,
2026-04-13 14:19:24.873,T,6886.75,1,,,
2026-04-13 14:19:24.873,T,6886.75,1,,,
2026-04-13 14:19:24.873,T,6886.75,1,,,
2026-04-13 14:19:24.873,T,6886.75,1,,,
2026-04-13 14:19:24.873,T,6886.75,1,,,
2026-04-13 14:19:24.873,T,6886.75,1,,,
2026-04-13 14:19:24.873,T,6886.75,1,,,
2026-04-13 14:19:24.873,T,6886.75,1,,,
2026-04-13 14:19:24.873,T,6886.75,1,,,
2026-04-13 14:19:24.873,T,6886.75,1,,,
2026-04-13 14:19:24.873,T,6886.75,3,,,
2026-04-13 14:19:24.873,T,6886.75,2,,,
2026-04-13 14:19:24.873,T,6886.75,1,,,
2026-04-13 14:19:24.873,T,6886.75,1,,,
2026-04-13 14:19:24.873,T,6886.75,1,,,
2026-04-13 14:19:24.873,T,6886.75,1,,,
2026-04-13 14:19:24.873,T,6886.75,1,,,
2026-04-13 14:19:24.873,T,6886.75,1,,,
2026-04-13 14:19:24.873,T,6886.75,1,,,
2026-04-13 14:19:24.873,T,6886.75,1,,,
2026-04-13 14:19:24.873,T,6886.75,1,,,
2026-04-13 14:19:24.874,T,6886.75,1,,,
2026-04-13 14:19:24.874,T,6886.75,1,,,
2026-04-13 14:19:24.874,T,6886.75,1,,,
2026-04-13 14:19:24.874,T,6886.75,1,,,
2026-04-13 14:19:24.874,Q,,,,6886.75,6887.0
2026-04-13 14:19:24.874,T,6886.75,1,,,
2026-04-13 14:19:24.874,T,6886.75,1,,,
2026-04-13 14:19:24.874,T,6886.75,1,,,
2026-04-13 14:19:24.874,T,6886.75,1,,,
2026-04-13 14:19:24.874,T,6886.75,1,,,
2026-04-13 14:19:24.874,T,6886.75,1,,,
2026-04-13 14:19:24.874,Q,,,,6886.5,6886.75
2026-04-13 14:19:24.874,Q,,,,6886.75,6887.0
2026-04-13 14:19:24.874,T,6886.75,1,,,
2026-04-13 14:19:24.874,T,6886.75,1,,,
2026-04-13 14:19:24.874,T,6886.75,1,,,
2026-04-13 14:19:24.874,T,6886.75,1,,,
2026-04-13 14:19:24.874,T,6886.75,1,,,
2026-04-13 14:19:24.875,Q,,,,6886.5,6886.75
2026-04-13 14:19:24.875,T,6886.75,1,,,
2026-04-13 14:19:24.875,T,6886.75,1,,,
2026-04-13 14:19:24.875,T,6886.75,1,,,
2026-04-13 14:19:24.875,T,6886.75,1,,,
2026-04-13 14:19:24.875,T,6886.75,1,,,
2026-04-13 14:19:24.875,T,6886.75,1,,,
2026-04-13 14:19:24.875,T,6886.75,1,,,
2026-04-13 14:19:24.875,T,6886.75,1,,,
2026-04-13 14:19:24.875,T,6886.75,1,,,
2026-04-13 14:19:24.875,T,6886.75,1,,,
2026-04-13 14:19:24.875,T,6886.75,1,,,
2026-04-13 14:19:24.875,T,6886.75,1,,,
2026-04-13 14:19:24.875,T,6886.75,1,,,
2026-04-13 14:19:24.875,T,6886.75,1,,,
2026-04-13 14:19:24.875,T,6886.75,1,,,
2026-04-13 14:19:24.875,T,6886.75,3,,,
2026-04-13 14:19:24.875,T,6886.75,1,,,
2026-04-13 14:19:24.875,T,6886.75,1,,,
2026-04-13 14:19:24.875,T,6886.75,1,,,
2026-04-13 14:19:24.875,T,6886.75,1,,,
2026-04-13 14:19:24.875,Q,,,,6886.75,6887.0
2026-04-13 14:19:24.875,T,6886.75,1,,,
2026-04-13 14:19:24.875,T,6886.75,1,,,
2026-04-13 14:19:24.875,T,6886.75,1,,,
2026-04-13 14:19:24.875,T,6886.75,1,,,
2026-04-13 14:19:24.875,T,6886.75,1,,,
2026-04-13 14:19:24.875,T,6886.5,1,,,
2026-04-13 14:19:24.876,Q,,,,6886.5,6886.75
2026-04-13 14:19:24.876,Q,,,,6886.5,6887.0
2026-04-13 14:19:24.876,T,6886.75,1,,,
2026-04-13 14:19:24.876,T,6886.75,1,,,
2026-04-13 14:19:24.876,Q,,,,6886.75,6887.0
2026-04-13 14:19:24.876,T,6886.75,1,,,
2026-04-13 14:19:24.876,Q,,,,6886.5,6886.75
2026-04-13 14:19:24.876,T,6886.75,4,,,
2026-04-13 14:19:24.876,T,6886.75,1,,,
2026-04-13 14:19:24.876,T,6886.75,1,,,
2026-04-13 14:19:24.876,T,6886.75,1,,,
2026-04-13 14:19:24.877,T,6886.75,1,,,
2026-04-13 14:19:24.877,T,6886.75,1,,,
2026-04-13 14:19:24.877,T,6886.75,2,,,
2026-04-13 14:19:24.877,T,6886.75,1,,,
2026-04-13 14:19:24.877,T,6886.75,1,,,
2026-04-13 14:19:24.877,T,6886.75,1,,,
2026-04-13 14:19:24.877,T,6886.75,1,,,
2026-04-13 14:19:24.877,Q,,,,6886.75,6887.0
2026-04-13 14:19:24.877,T,6886.75,1,,,
2026-04-13 14:19:24.877,T,6887.0,1,,,
2026-04-13 14:19:24.877,T,6887.0,1,,,
2026-04-13 14:19:24.877,T,6887.0,1,,,
2026-04-13 14:19:24.878,T,6887.0,2,,,
2026-04-13 14:19:24.878,T,6887.0,1,,,
2026-04-13 14:19:24.878,T,6887.0,1,,,
2026-04-13 14:19:24.878,T,6887.0,1,,,
2026-04-13 14:19:24.878,T,6887.0,1,,,
2026-04-13 14:19:24.878,T,6887.0,1,,,
2026-04-13 14:19:24.878,Q,,,,6887.0,6887.25
2026-04-13 14:19:24.878,T,6887.25,1,,,
2026-04-13 14:19:24.878,T,6887.25,1,,,
2026-04-13 14:19:24.878,T,6887.25,1,,,
2026-04-13 14:19:24.878,T,6887.25,1,,,
2026-04-13 14:19:24.878,T,6887.25,1,,,
2026-04-13 14:19:24.878,T,6887.25,1,,,
2026-04-13 14:19:24.878,T,6887.25,1,,,
2026-04-13 14:19:24.878,T,6887.25,1,,,
2026-04-13 14:19:24.878,T,6887.25,1,,,
2026-04-13 14:19:24.878,T,6887.25,1,,,
2026-04-13 14:19:24.878,T,6887.25,1,,,
2026-04-13 14:19:24.878,T,6887.25,3,,,
2026-04-13 14:19:24.878,T,6887.25,1,,,
2026-04-13 14:19:24.878,T,6887.25,1,,,
2026-04-13 14:19:24.878,T,6887.25,1,,,
2026-04-13 14:19:24.878,T,6887.25,1,,,
2026-04-13 14:19:24.878,T,6887.25,1,,,
2026-04-13 14:19:24.878,T,6887.25,1,,,
2026-04-13 14:19:24.878,T,6887.25,2,,,
2026-04-13 14:19:24.878,T,6887.25,1,,,
2026-04-13 14:19:24.878,T,6887.25,1,,,
2026-04-13 14:19:24.878,T,6887.25,1,,,
2026-04-13 14:19:24.878,T,6887.25,1,,,
2026-04-13 14:19:24.878,T,6887.25,1,,,
2026-04-13 14:19:24.878,T,6887.25,2,,,
2026-04-13 14:19:24.878,T,6887.25,1,,,
2026-04-13 14:19:24.879,T,6887.0,1,,,
2026-04-13 14:19:24.879,T,6887.0,2,,,
2026-04-13 14:19:24.879,T,6887.0,1,,,
2026-04-13 14:19:24.880,T,6887.0,1,,,
2026-04-13 14:19:24.880,T,6887.0,1,,,
2026-04-13 14:19:24.880,T,6887.0,2,,,
2026-04-13 14:19:24.881,T,6887.25,1,,,
2026-04-13 14:19:24.881,T,6887.25,1,,,
2026-04-13 14:19:24.881,T,6887.25,1,,,
2026-04-13 14:19:24.881,T,6887.25,1,,,
2026-04-13 14:19:24.881,T,6887.25,2,,,
2026-04-13 14:19:24.881,T,6887.25,2,,,
2026-04-13 14:19:24.881,T,6887.25,1,,,
2026-04-13 14:19:24.881,T,6887.25,1,,,
2026-04-13 14:19:24.881,T,6887.25,1,,,
2026-04-13 14:19:24.881,T,6887.25,2,,,
2026-04-13 14:19:24.881,T,6887.25,1,,,
2026-04-13 14:19:24.881,T,6887.25,1,,,
2026-04-13 14:19:24.881,T,6887.25,1,,,
2026-04-13 14:19:24.881,T,6887.25,1,,,
2026-04-13 14:19:24.881,T,6887.25,1,,,
2026-04-13 14:19:24.882,T,6887.25,1,,,
2026-04-13 14:19:24.882,T,6887.25,1,,,
2026-04-13 14:19:24.882,T,6887.25,1,,,
2026-04-13 14:19:24.882,T,6887.25,1,,,
2026-04-13 14:19:24.882,T,6887.25,4,,,
2026-04-13 14:19:24.882,T,6887.25,1,,,
2026-04-13 14:19:24.882,T,6887.25,1,,,
2026-04-13 14:19:24.882,Q,,,,6887.25,6887.5
2026-04-13 14:19:24.882,T,6887.25,1,,,
2026-04-13 14:19:24.882,T,6887.25,1,,,
2026-04-13 14:19:24.882,Q,,,,6887.0,6887.5
2026-04-13 14:19:24.882,Q,,,,6887.0,6887.25
2026-04-13 14:19:24.882,T,6887.25,1,,,
2026-04-13 14:19:24.883,T,6887.25,1,,,
2026-04-13 14:19:24.883,T,6887.25,1,,,
2026-04-13 14:19:24.883,T,6887.0,1,,,
2026-04-13 14:19:24.883,T,6887.25,1,,,
2026-04-13 14:19:24.883,T,6887.25,1,,,
2026-04-13 14:19:24.883,T,6887.25,1,,,
2026-04-13 14:19:24.883,T,6887.25,1,,,
2026-04-13 14:19:24.883,T,6887.25,1,,,
2026-04-13 14:19:24.883,T,6887.25,1,,,
2026-04-13 14:19:24.883,T,6887.25,1,,,
2026-04-13 14:19:24.883,Q,,,,6887.25,6887.5
2026-04-13 14:19:24.883,T,6887.25,1,,,
2026-04-13 14:19:24.883,T,6887.25,1,,,
2026-04-13 14:19:24.883,T,6887.25,1,,,
2026-04-13 14:19:24.883,T,6887.25,1,,,
2026-04-13 14:19:24.883,T,6887.25,1,,,
2026-04-13 14:19:24.883,Q,,,,6887.0,6887.5
2026-04-13 14:19:24.883,Q,,,,6887.25,6887.5
2026-04-13 14:19:24.883,T,6887.25,1,,,
2026-04-13 14:19:24.883,T,6887.25,1,,,
2026-04-13 14:19:24.884,Q,,,,6887.0,6887.25
2026-04-13 14:19:24.884,T,6887.25,1,,,
2026-04-13 14:19:24.884,Q,,,,6887.25,6887.5
2026-04-13 14:19:24.884,T,6887.25,1,,,
2026-04-13 14:19:24.884,T,6887.25,1,,,
2026-04-13 14:19:24.884,T,6887.25,1,,,
2026-04-13 14:19:24.884,Q,,,,6887.0,6887.25
2026-04-13 14:19:24.884,T,6887.25,1,,,
2026-04-13 14:19:24.884,T,6887.25,1,,,
2026-04-13 14:19:24.884,T,6887.25,1,,,
2026-04-13 14:19:24.884,T,6887.25,1,,,
2026-04-13 14:19:24.884,T,6887.25,1,,,
2026-04-13 14:19:24.884,T,6887.25,1,,,
2026-04-13 14:19:24.884,T,6887.25,1,,,
2026-04-13 14:19:24.884,T,6887.25,1,,,
2026-04-13 14:19:24.884,T,6887.25,1,,,
2026-04-13 14:19:24.884,T,6887.25,1,,,
2026-04-13 14:19:24.884,T,6887.25,1,,,
2026-04-13 14:19:24.885,T,6887.25,1,,,
2026-04-13 14:19:24.885,T,6887.25,1,,,
2026-04-13 14:19:24.885,T,6887.25,1,,,
2026-04-13 14:19:24.885,T,6887.25,1,,,
2026-04-13 14:19:24.885,Q,,,,6887.25,6887.5
2026-04-13 14:19:24.885,T,6887.25,1,,,
2026-04-13 14:19:24.885,T,6887.25,1,,,
2026-04-13 14:19:24.885,T,6887.25,1,,,
2026-04-13 14:19:24.885,T,6887.25,1,,,
2026-04-13 14:19:24.885,T,6887.25,1,,,
2026-04-13 14:19:24.885,Q,,,,6887.0,6887.25
2026-04-13 14:19:24.885,T,6887.25,1,,,
2026-04-13 14:19:24.885,T,6887.25,1,,,
2026-04-13 14:19:24.885,T,6887.25,1,,,
2026-04-13 14:19:24.885,T,6887.25,1,,,
2026-04-13 14:19:24.885,T,6887.25,1,,,
2026-04-13 14:19:24.885,T,6887.25,1,,,
2026-04-13 14:19:24.885,Q,,,,6887.0,6887.5
2026-04-13 14:19:24.885,Q,,,,6887.0,6887.25
2026-04-13 14:19:24.886,T,6887.0,1,,,
2026-04-13 14:19:24.886,T,6887.0,1,,,
2026-04-13 14:19:24.886,T,6887.0,1,,,
2026-04-13 14:19:24.886,T,6887.0,1,,,
2026-04-13 14:19:24.886,T,6887.0,1,,,
2026-04-13 14:19:24.886,T,6887.0,1,,,
2026-04-13 14:19:24.886,T,6887.0,1,,,
2026-04-13 14:19:24.886,T,6887.0,1,,,
2026-04-13 14:19:24.886,T,6887.0,1,,,
2026-04-13 14:19:24.886,T,6887.0,1,,,
2026-04-13 14:19:24.886,T,6887.0,1,,,
2026-04-13 14:19:24.886,T,6887.0,2,,,
2026-04-13 14:19:24.886,T,6887.0,1,,,
2026-04-13 14:19:24.886,Q,,,,6886.75,6887.0
2026-04-13 14:19:24.886,T,6887.0,1,,,
2026-04-13 14:19:24.886,T,6887.0,1,,,
2026-04-13 14:19:24.886,T,6887.0,1,,,
2026-04-13 14:19:24.886,T,6887.0,1,,,
2026-04-13 14:19:24.886,T,6887.0,1,,,
2026-04-13 14:19:24.886,T,6887.0,1,,,
2026-04-13 14:19:24.886,Q,,,,6887.0,6887.25
2026-04-13 14:19:24.886,T,6887.0,1,,,
2026-04-13 14:19:24.886,T,6887.0,1,,,
2026-04-13 14:19:24.886,T,6887.0,1,,,
2026-04-13 14:19:24.886,T,6887.0,1,,,
2026-04-13 14:19:24.886,Q,,,,6886.75,6887.0
2026-04-13 14:19:24.887,T,6887.0,1,,,
2026-04-13 14:19:24.887,T,6887.0,1,,,
2026-04-13 14:19:24.887,T,6887.0,2,,,
2026-04-13 14:19:24.887,T,6887.0,1,,,
2026-04-13 14:19:24.887,T,6887.0,1,,,
2026-04-13 14:19:24.887,T,6887.0,2,,,
2026-04-13 14:19:24.887,T,6887.25,1,,,
2026-04-13 14:19:24.887,T,6887.25,1,,,
2026-04-13 14:19:24.887,T,6887.25,2,,,
2026-04-13 14:19:24.887,T,6887.0,1,,,
2026-04-13 14:19:24.887,T,6887.0,2,,,
2026-04-13 14:19:24.887,T,6887.0,1,,,
2026-04-13 14:19:24.887,T,6887.0,4,,,
2026-04-13 14:19:24.887,T,6887.0,1,,,
2026-04-13 14:19:24.887,T,6887.0,1,,,
2026-04-13 14:19:24.887,T,6887.0,1,,,
2026-04-13 14:19:24.887,Q,,,,6887.0,6887.25
2026-04-13 14:19:24.887,T,6887.0,1,,,
2026-04-13 14:19:24.888,T,6887.25,1,,,
2026-04-13 14:19:24.888,Q,,,,6887.25,6887.5
2026-04-13 14:19:24.888,T,6887.25,1,,,
2026-04-13 14:19:24.888,T,6887.25,2,,,
2026-04-13 14:19:24.888,T,6887.25,1,,,
2026-04-13 14:19:24.888,T,6887.25,1,,,
2026-04-13 14:19:24.888,T,6887.25,1,,,
2026-04-13 14:19:24.888,T,6887.25,1,,,
2026-04-13 14:19:24.888,T,6887.25,1,,,
2026-04-13 14:19:24.888,T,6887.25,1,,,
2026-04-13 14:19:24.888,T,6887.25,1,,,
2026-04-13 14:19:24.888,T,6887.25,1,,,
2026-04-13 14:19:24.888,T,6887.25,1,,,
2026-04-13 14:19:24.888,T,6887.25,2,,,
2026-04-13 14:19:24.888,T,6887.25,1,,,
2026-04-13 14:19:24.888,T,6887.25,1,,,
2026-04-13 14:19:24.888,T,6887.25,1,,,
2026-04-13 14:19:24.888,T,6887.25,1,,,
2026-04-13 14:19:24.888,T,6887.25,1,,,
2026-04-13 14:19:24.888,T,6887.25,1,,,
2026-04-13 14:19:24.888,T,6887.25,1,,,
2026-04-13 14:19:24.888,T,6887.25,1,,,
2026-04-13 14:19:24.888,T,6887.25,2,,,
2026-04-13 14:19:24.888,T,6887.25,1,,,
2026-04-13 14:19:24.888,T,6887.25,1,,,
2026-04-13 14:19:24.888,T,6887.25,1,,,
2026-04-13 14:19:24.888,T,6887.25,1,,,
2026-04-13 14:19:24.888,T,6887.25,1,,,
2026-04-13 14:19:24.888,T,6887.25,1,,,
2026-04-13 14:19:24.888,T,6887.25,1,,,
2026-04-13 14:19:24.888,T,6887.25,1,,,
2026-04-13 14:19:24.888,T,6887.25,1,,,
2026-04-13 14:19:24.888,T,6887.25,1,,,
2026-04-13 14:19:24.888,T,6887.25,1,,,
2026-04-13 14:19:24.888,T,6887.25,1,,,
2026-04-13 14:19:24.888,T,6887.25,1,,,
2026-04-13 14:19:24.888,T,6887.25,1,,,
2026-04-13 14:19:24.888,T,6887.25,1,,,
2026-04-13 14:19:24.888,T,6887.25,1,,,
2026-04-13 14:19:24.888,T,6887.25,1,,,
2026-04-13 14:19:24.888,T,6887.25,1,,,
2026-04-13 14:19:24.889,T,6887.5,1,,,
2026-04-13 14:19:24.889,Q,,,,6887.0,6887.25
2026-04-13 14:19:24.889,T,6887.25,1,,,
2026-04-13 14:19:24.889,T,6887.25,1,,,
2026-04-13 14:19:24.889,T,6887.25,1,,,
2026-04-13 14:19:24.889,T,6887.25,1,,,
2026-04-13 14:19:24.889,T,6887.25,1,,,
2026-04-13 14:19:24.889,T,6887.25,2,,,
2026-04-13 14:19:24.889,T,6887.25,1,,,
2026-04-13 14:19:24.889,T,6887.25,2,,,
2026-04-13 14:19:24.889,T,6887.25,1,,,
2026-04-13 14:19:24.889,T,6887.25,1,,,
2026-04-13 14:19:24.889,T,6887.25,1,,,
2026-04-13 14:19:24.889,T,6887.25,1,,,
2026-04-13 14:19:24.889,T,6887.25,1,,,
2026-04-13 14:19:24.889,T,6887.25,1,,,
2026-04-13 14:19:24.889,T,6887.25,1,,,
2026-04-13 14:19:24.889,T,6887.25,1,,,
2026-04-13 14:19:24.889,T,6887.25,1,,,
2026-04-13 14:19:24.889,T,6887.25,1,,,
2026-04-13 14:19:24.890,T,6887.25,4,,,
2026-04-13 14:19:24.890,T,6887.25,1,,,
2026-04-13 14:19:24.890,T,6887.25,1,,,
2026-04-13 14:19:24.890,T,6887.25,1,,,
2026-04-13 14:19:24.890,T,6887.25,1,,,
2026-04-13 14:19:24.890,T,6887.25,1,,,
2026-04-13 14:19:24.890,T,6887.25,1,,,
2026-04-13 14:19:24.890,Q,,,,6887.25,6887.5
2026-04-13 14:19:24.890,Q,,,,6887.0,6887.5
2026-04-13 14:19:24.890,T,6887.25,1,,,
2026-04-13 14:19:24.890,T,6887.25,1,,,
2026-04-13 14:19:24.890,T,6887.25,1,,,
2026-04-13 14:19:24.890,T,6887.25,1,,,
2026-04-13 14:19:24.890,T,6887.25,1,,,
2026-04-13 14:19:24.890,T,6887.25,1,,,
2026-04-13 14:19:24.890,T,6887.25,1,,,
2026-04-13 14:19:24.890,T,6887.25,1,,,
2026-04-13 14:19:24.890,T,6887.25,1,,,
2026-04-13 14:19:24.890,T,6887.25,1,,,
2026-04-13 14:19:24.890,T,6887.25,1,,,
2026-04-13 14:19:24.890,T,6887.25,1,,,
2026-04-13 14:19:24.890,T,6887.25,1,,,
2026-04-13 14:19:24.890,T,6887.25,1,,,
2026-04-13 14:19:24.891,Q,,,,6887.25,6887.5
2026-04-13 14:19:24.891,T,6887.0,1,,,
2026-04-13 14:19:24.891,T,6887.25,2,,,
2026-04-13 14:19:24.891,T,6887.25,1,,,
2026-04-13 14:19:24.891,T,6887.25,1,,,
2026-04-13 14:19:24.891,T,6887.25,1,,,
2026-04-13 14:19:24.892,T,6887.25,2,,,
2026-04-13 14:19:24.892,T,6887.25,1,,,
2026-04-13 14:19:24.892,T,6887.25,2,,,
2026-04-13 14:19:24.892,T,6887.25,2,,,
2026-04-13 14:19:24.892,T,6887.25,1,,,
2026-04-13 14:19:24.892,T,6887.25,1,,,
2026-04-13 14:19:24.892,T,6887.25,1,,,
2026-04-13 14:19:24.892,T,6887.25,1,,,
2026-04-13 14:19:24.892,T,6887.25,1,,,
2026-04-13 14:19:24.892,T,6887.25,1,,,
2026-04-13 14:19:24.892,T,6887.25,4,,,
2026-04-13 14:19:24.892,T,6887.25,3,,,
2026-04-13 14:19:24.892,T,6887.25,1,,,
2026-04-13 14:19:24.892,T,6887.25,1,,,
2026-04-13 14:19:24.892,T,6887.25,1,,,
2026-04-13 14:19:24.892,T,6887.25,1,,,
2026-04-13 14:19:24.892,T,6887.25,2,,,
2026-04-13 14:19:24.892,T,6887.25,1,,,
2026-04-13 14:19:24.892,T,6887.25,1,,,
2026-04-13 14:19:24.892,T,6887.25,3,,,
2026-04-13 14:19:24.892,T,6887.25,1,,,
2026-04-13 14:19:24.892,T,6887.25,1,,,
2026-04-13 14:19:24.892,T,6887.25,2,,,
2026-04-13 14:19:24.892,T,6887.25,1,,,
2026-04-13 14:19:24.892,T,6887.25,1,,,
2026-04-13 14:19:24.892,T,6887.25,1,,,
2026-04-13 14:19:24.892,T,6887.25,1,,,
2026-04-13 14:19:24.892,T,6887.25,1,,,
2026-04-13 14:19:24.892,T,6887.25,1,,,
2026-04-13 14:19:24.892,T,6887.25,1,,,
2026-04-13 14:19:24.892,T,6887.25,2,,,
2026-04-13 14:19:24.892,Q,,,,6887.0,6887.5
2026-04-13 14:19:24.893,Q,,,,6887.0,6887.25
2026-04-13 14:19:24.893,T,6887.25,1,,,
2026-04-13 14:19:24.893,T,6887.25,1,,,
2026-04-13 14:19:24.893,T,6887.25,1,,,
2026-04-13 14:19:24.893,T,6887.25,1,,,
2026-04-13 14:19:24.893,Q,,,,6887.0,6887.5
2026-04-13 14:19:24.893,T,6887.0,1,,,
2026-04-13 14:19:24.893,T,6887.25,4,,,
2026-04-13 14:19:24.893,T,6887.25,1,,,
2026-04-13 14:19:24.893,T,6887.25,1,,,
2026-04-13 14:19:24.893,Q,,,,6887.0,6887.25
2026-04-13 14:19:24.893,T,6887.25,1,,,
2026-04-13 14:19:24.893,T,6887.25,3,,,
2026-04-13 14:19:24.893,T,6887.25,1,,,
2026-04-13 14:19:24.893,T,6887.25,1,,,
2026-04-13 14:19:24.893,T,6887.25,1,,,
2026-04-13 14:19:24.893,T,6887.25,1,,,
2026-04-13 14:19:24.893,T,6887.25,1,,,
2026-04-13 14:19:24.893,T,6887.25,1,,,
2026-04-13 14:19:24.893,T,6887.25,1,,,
2026-04-13 14:19:24.893,T,6887.25,1,,,
2026-04-13 14:19:24.893,T,6887.25,1,,,
2026-04-13 14:19:24.893,T,6887.25,1,,,
2026-04-13 14:19:24.893,T,6887.25,1,,,
2026-04-13 14:19:24.893,T,6887.25,1,,,
2026-04-13 14:19:24.893,T,6887.25,1,,,
2026-04-13 14:19:24.893,T,6887.25,1,,,
2026-04-13 14:19:24.893,T,6887.25,1,,,
2026-04-13 14:19:24.894,Q,,,,6887.25,6887.5
2026-04-13 14:19:24.894,T,6887.25,1,,,
2026-04-13 14:19:24.894,T,6887.25,1,,,
2026-04-13 14:19:24.894,T,6887.25,1,,,
2026-04-13 14:19:24.894,T,6887.25,1,,,
2026-04-13 14:19:24.894,T,6887.25,1,,,
2026-04-13 14:19:24.894,T,6887.25,1,,,
2026-04-13 14:19:24.894,T,6887.25,1,,,
2026-04-13 14:19:24.894,T,6887.25,1,,,
2026-04-13 14:19:24.894,T,6887.25,1,,,
2026-04-13 14:19:24.894,T,6887.25,1,,,
2026-04-13 14:19:24.894,Q,,,,6887.0,6887.25
2026-04-13 14:19:24.894,T,6887.25,1,,,
2026-04-13 14:19:24.894,T,6887.25,1,,,
2026-04-13 14:19:24.894,T,6887.25,1,,,
2026-04-13 14:19:24.894,T,6887.25,1,,,
2026-04-13 14:19:24.894,T,6887.25,1,,,
2026-04-13 14:19:24.894,T,6887.25,2,,,
2026-04-13 14:19:24.894,T,6887.25,1,,,
2026-04-13 14:19:24.894,T,6887.25,2,,,
2026-04-13 14:19:24.894,T,6887.25,3,,,
2026-04-13 14:19:24.894,T,6887.25,1,,,
2026-04-13 14:19:24.894,T,6887.25,1,,,
2026-04-13 14:19:24.894,T,6887.25,1,,,
2026-04-13 14:19:24.894,T,6887.25,1,,,
2026-04-13 14:19:24.894,T,6887.25,2,,,
2026-04-13 14:19:24.894,T,6887.25,1,,,
2026-04-13 14:19:24.894,T,6887.25,1,,,
2026-04-13 14:19:24.895,Q,,,,6887.25,6887.5
2026-04-13 14:19:24.895,T,6887.25,1,,,
2026-04-13 14:19:24.895,T,6887.25,1,,,
2026-04-13 14:19:24.895,Q,,,,6887.0,6887.25
2026-04-13 14:19:24.895,T,6887.25,1,,,
2026-04-13 14:19:24.895,T,6887.25,2,,,
2026-04-13 14:19:24.895,T,6887.25,1,,,
2026-04-13 14:19:24.895,T,6887.25,1,,,
2026-04-13 14:19:24.895,T,6887.25,1,,,
2026-04-13 14:19:24.895,T,6887.0,1,,,
2026-04-13 14:19:24.895,Q,,,,6887.0,6887.5
2026-04-13 14:19:24.895,Q,,,,6887.25,6887.5
2026-04-13 14:19:24.895,T,6887.25,1,,,
2026-04-13 14:19:24.895,T,6887.25,2,,,
2026-04-13 14:19:24.895,T,6887.25,1,,,
2026-04-13 14:19:24.895,T,6887.25,1,,,
2026-04-13 14:19:24.895,T,6887.25,1,,,
2026-04-13 14:19:24.895,T,6887.25,1,,,
2026-04-13 14:19:24.895,T,6887.25,1,,,
2026-04-13 14:19:24.895,T,6887.25,1,,,
2026-04-13 14:19:24.895,T,6887.25,1,,,
2026-04-13 14:19:24.895,T,6887.25,1,,,
2026-04-13 14:19:24.895,T,6887.25,1,,,
2026-04-13 14:19:24.895,T,6887.25,1,,,
2026-04-13 14:19:24.896,Q,,,,6887.0,6887.25
2026-04-13 14:19:24.896,T,6887.25,1,,,
2026-04-13 14:19:24.896,T,6887.25,2,,,
2026-04-13 14:19:24.896,T,6887.25,2,,,
2026-04-13 14:19:24.896,T,6887.25,3,,,
2026-04-13 14:19:24.896,T,6887.25,1,,,
2026-04-13 14:19:24.896,T,6887.25,1,,,
2026-04-13 14:19:24.896,Q,,,,6887.0,6887.5
2026-04-13 14:19:24.896,T,6887.25,1,,,
2026-04-13 14:19:24.896,T,6887.25,1,,,
2026-04-13 14:19:24.896,T,6887.25,1,,,
2026-04-13 14:19:24.896,T,6887.25,1,,,
2026-04-13 14:19:24.896,T,6887.25,1,,,
2026-04-13 14:19:24.896,T,6887.25,1,,,
2026-04-13 14:19:24.896,T,6887.25,1,,,
2026-04-13 14:19:24.896,T,6887.25,1,,,
2026-04-13 14:19:24.897,T,6887.25,1,,,
2026-04-13 14:19:24.897,T,6887.25,1,,,
2026-04-13 14:19:24.897,T,6887.25,1,,,
2026-04-13 14:19:24.897,Q,,,,6887.25,6887.5
2026-04-13 14:19:24.897,T,6887.25,1,,,
2026-04-13 14:19:24.897,Q,,,,6887.0,6887.25
2026-04-13 14:19:24.897,Q,,,,6887.25,6887.5
2026-04-13 14:19:24.897,T,6887.25,1,,,
2026-04-13 14:19:24.897,T,6887.25,1,,,
2026-04-13 14:19:24.897,T,6887.25,1,,,
2026-04-13 14:19:24.897,T,6887.25,1,,,
2026-04-13 14:19:24.898,Q,,,,6887.0,6887.5
2026-04-13 14:19:24.898,Q,,,,6887.0,6887.25
2026-04-13 14:19:24.898,Q,,,,6887.0,6887.5
2026-04-13 14:19:24.898,T,6887.25,1,,,
2026-04-13 14:19:24.898,T,6887.25,1,,,
2026-04-13 14:19:24.898,T,6887.25,1,,,
2026-04-13 14:19:24.898,T,6887.25,1,,,
2026-04-13 14:19:24.898,T,6887.25,2,,,
2026-04-13 14:19:24.898,T,6887.25,1,,,
2026-04-13 14:19:24.898,Q,,,,6887.25,6887.5
2026-04-13 14:19:24.898,Q,,,,6887.0,6887.25
2026-04-13 14:19:24.898,T,6887.25,1,,,
2026-04-13 14:19:24.898,T,6887.25,1,,,
2026-04-13 14:19:24.898,T,6887.25,1,,,
2026-04-13 14:19:24.898,T,6887.25,2,,,
2026-04-13 14:19:24.898,T,6887.25,1,,,
2026-04-13 14:19:24.898,Q,,,,6887.25,6887.5
2026-04-13 14:19:24.898,T,6887.25,1,,,
2026-04-13 14:19:24.898,T,6887.25,1,,,
2026-04-13 14:19:24.898,T,6887.25,1,,,
2026-04-13 14:19:24.898,T,6887.25,1,,,
2026-04-13 14:19:24.898,T,6887.25,1,,,
2026-04-13 14:19:24.898,T,6887.25,1,,,
2026-04-13 14:19:24.899,T,6887.25,1,,,
2026-04-13 14:19:24.899,T,6887.25,1,,,
2026-04-13 14:19:24.899,T,6887.25,1,,,
2026-04-13 14:19:24.899,T,6887.25,1,,,
2026-04-13 14:19:24.899,T,6887.25,1,,,
2026-04-13 14:19:24.899,T,6887.25,1,,,
2026-04-13 14:19:24.899,T,6887.25,1,,,
2026-04-13 14:19:24.899,Q,,,,6887.0,6887.5
2026-04-13 14:19:24.899,T,6887.5,1,,,
2026-04-13 14:19:24.899,T,6887.25,1,,,
2026-04-13 14:19:24.899,T,6887.25,1,,,
2026-04-13 14:19:24.899,T,6887.25,4,,,
2026-04-13 14:19:24.899,T,6887.25,1,,,
2026-04-13 14:19:24.899,T,6887.25,1,,,
2026-04-13 14:19:24.899,Q,,,,6887.25,6887.5
2026-04-13 14:19:24.899,T,6887.25,1,,,
2026-04-13 14:19:24.899,T,6887.25,1,,,
2026-04-13 14:19:24.900,T,6887.25,1,,,
2026-04-13 14:19:24.900,T,6887.25,1,,,
2026-04-13 14:19:24.900,T,6887.25,1,,,
2026-04-13 14:19:24.900,T,6887.25,1,,,
2026-04-13 14:19:24.900,Q,,,,6887.0,6887.25
2026-04-13 14:19:24.900,T,6887.25,1,,,
2026-04-13 14:19:24.900,T,6887.25,1,,,
2026-04-13 14:19:24.900,T,6887.25,1,,,
2026-04-13 14:19:24.900,T,6887.25,1,,,
2026-04-13 14:19:24.900,T,6887.25,1,,,
2026-04-13 14:19:24.900,T,6887.25,1,,,
2026-04-13 14:19:24.900,T,6887.25,1,,,
2026-04-13 14:19:24.901,T,6887.25,1,,,
2026-04-13 14:19:24.901,T,6887.25,1,,,
2026-04-13 14:19:24.901,T,6887.25,1,,,
2026-04-13 14:19:24.901,T,6887.25,1,,,
2026-04-13 14:19:24.901,T,6887.25,1,,,
2026-04-13 14:19:24.901,T,6887.5,1,,,
2026-04-13 14:19:24.901,T,6887.5,2,,,
2026-04-13 14:19:24.901,T,6887.5,1,,,
2026-04-13 14:19:24.901,Q,,,,6887.25,6887.5
2026-04-13 14:19:24.901,T,6887.25,1,,,
2026-04-13 14:19:24.901,T,6887.25,1,,,
2026-04-13 14:19:24.901,T,6887.25,1,,,
2026-04-13 14:19:24.901,T,6887.0,1,,,
2026-04-13 14:19:24.901,T,6887.25,1,,,
2026-04-13 14:19:24.901,T,6887.25,1,,,
2026-04-13 14:19:24.901,Q,,,,6887.0,6887.5
2026-04-13 14:19:24.901,T,6887.25,1,,,
2026-04-13 14:19:24.901,T,6887.25,1,,,
2026-04-13 14:19:24.901,T,6887.25,1,,,
2026-04-13 14:19:24.901,T,6887.25,1,,,
2026-04-13 14:19:24.901,T,6887.25,1,,,
2026-04-13 14:19:24.901,T,6887.25,1,,,
2026-04-13 14:19:24.901,Q,,,,6887.0,6887.25
2026-04-13 14:19:24.902,T,6887.0,1,,,
2026-04-13 14:19:24.902,T,6887.0,1,,,
2026-04-13 14:19:24.902,T,6887.25,1,,,
2026-04-13 14:19:24.905,T,6887.0,1,,,
2026-04-13 14:19:24.905,T,6887.0,1,,,
2026-04-13 14:19:24.905,T,6887.0,1,,,
2026-04-13 14:19:24.905,T,6887.0,1,,,
2026-04-13 14:19:24.905,T,6887.0,1,,,
2026-04-13 14:19:24.905,T,6887.0,1,,,
2026-04-13 14:19:24.905,T,6887.0,1,,,
2026-04-13 14:19:24.905,T,6887.0,1,,,
2026-04-13 14:19:24.905,T,6887.0,1,,,
2026-04-13 14:19:24.905,T,6887.0,1,,,
2026-04-13 14:19:24.905,T,6887.0,1,,,
2026-04-13 14:19:24.905,T,6887.0,1,,,
2026-04-13 14:19:24.905,T,6887.0,1,,,
2026-04-13 14:19:24.905,T,6887.0,1,,,
2026-04-13 14:19:24.905,T,6887.0,1,,,
2026-04-13 14:19:24.905,T,6887.0,1,,,
2026-04-13 14:19:24.905,T,6887.0,1,,,
2026-04-13 14:19:24.905,T,6887.0,1,,,
2026-04-13 14:19:24.905,T,6887.0,1,,,
2026-04-13 14:19:24.905,T,6887.0,1,,,
2026-04-13 14:19:24.905,T,6887.0,1,,,
2026-04-13 14:19:24.905,T,6887.0,1,,,
2026-04-13 14:19:24.905,T,6887.0,2,,,
2026-04-13 14:19:24.905,T,6887.0,1,,,
2026-04-13 14:19:24.905,T,6887.0,1,,,
2026-04-13 14:19:24.905,T,6887.0,1,,,
2026-04-13 14:19:24.906,T,6887.25,4,,,
2026-04-13 14:19:24.906,T,6887.25,1,,,
2026-04-13 14:19:24.906,T,6887.25,1,,,
2026-04-13 14:19:24.906,T,6887.25,1,,,
2026-04-13 14:19:24.906,T,6887.25,2,,,
2026-04-13 14:19:24.906,T,6887.25,1,,,
2026-04-13 14:19:24.906,T,6887.25,1,,,
2026-04-13 14:19:24.906,T,6887.25,1,,,
2026-04-13 14:19:24.906,T,6887.25,1,,,
2026-04-13 14:19:24.906,T,6887.25,1,,,
2026-04-13 14:19:24.906,T,6887.25,5,,,
2026-04-13 14:19:24.906,T,6887.25,1,,,
2026-04-13 14:19:24.906,T,6887.25,1,,,
2026-04-13 14:19:24.906,T,6887.25,1,,,
2026-04-13 14:19:24.906,T,6887.25,1,,,
2026-04-13 14:19:24.906,T,6887.25,1,,,
2026-04-13 14:19:24.906,T,6887.25,1,,,
2026-04-13 14:19:24.906,T,6887.25,2,,,
2026-04-13 14:19:24.906,T,6887.25,1,,,
2026-04-13 14:19:24.907,T,6887.25,1,,,
2026-04-13 14:19:24.907,T,6887.25,1,,,
2026-04-13 14:19:24.907,T,6887.25,1,,,
2026-04-13 14:19:24.907,T,6887.25,1,,,
2026-04-13 14:19:24.907,T,6887.25,1,,,
2026-04-13 14:19:24.907,T,6887.25,1,,,
2026-04-13 14:19:24.907,T,6887.25,1,,,
2026-04-13 14:19:24.907,T,6887.25,1,,,
2026-04-13 14:19:24.907,Q,,,,6887.0,6887.5
2026-04-13 14:19:24.907,Q,,,,6887.0,6887.25
2026-04-13 14:19:24.907,T,6887.25,1,,,
2026-04-13 14:19:24.907,T,6887.25,1,,,
2026-04-13 14:19:24.907,T,6887.25,1,,,
2026-04-13 14:19:24.907,T,6887.25,1,,,
2026-04-13 14:19:24.907,T,6887.25,1,,,
2026-04-13 14:19:24.907,Q,,,,6887.25,6887.5
2026-04-13 14:19:24.907,T,6887.25,1,,,
2026-04-13 14:19:24.907,T,6887.25,1,,,
2026-04-13 14:19:24.907,T,6887.25,1,,,
2026-04-13 14:19:24.907,T,6887.25,1,,,
2026-04-13 14:19:24.907,T,6887.25,1,,,
2026-04-13 14:19:24.911,T,6887.25,1,,,
2026-04-13 14:19:24.911,T,6887.25,4,,,
2026-04-13 14:19:24.911,T,6887.25,1,,,
2026-04-13 14:19:24.911,T,6887.25,1,,,
2026-04-13 14:19:24.911,T,6887.25,1,,,
2026-04-13 14:19:24.911,T,6887.25,3,,,
2026-04-13 14:19:24.911,T,6887.25,2,,,
2026-04-13 14:19:24.911,T,6887.25,1,,,
2026-04-13 14:19:24.911,T,6887.25,1,,,
2026-04-13 14:19:24.911,T,6887.25,1,,,
2026-04-13 14:19:24.911,T,6887.25,1,,,
2026-04-13 14:19:24.911,T,6887.25,1,,,
2026-04-13 14:19:24.911,Q,,,,6887.0,6887.25
2026-04-13 14:19:24.911,T,6887.25,1,,,
2026-04-13 14:19:24.911,T,6887.25,4,,,
2026-04-13 14:19:24.911,T,6887.25,1,,,
2026-04-13 14:19:24.911,T,6887.25,1,,,
2026-04-13 14:19:24.911,T,6887.25,1,,,
2026-04-13 14:19:24.912,T,6887.25,1,,,
2026-04-13 14:19:24.912,T,6887.25,1,,,
2026-04-13 14:19:24.912,T,6887.25,1,,,
2026-04-13 14:19:24.912,T,6887.25,1,,,
2026-04-13 14:19:24.912,T,6887.25,1,,,
2026-04-13 14:19:24.912,Q,,,,6887.0,6887.5
2026-04-13 14:19:24.912,T,6887.0,1,,,
2026-04-13 14:19:24.912,T,6887.0,2,,,
2026-04-13 14:19:24.912,T,6887.0,1,,,
2026-04-13 14:19:24.912,T,6887.0,2,,,
2026-04-13 14:19:24.912,T,6887.0,1,,,
2026-04-13 14:19:24.912,T,6887.0,1,,,
2026-04-13 14:19:24.912,T,6887.0,1,,,
2026-04-13 14:19:24.912,T,6887.0,1,,,
2026-04-13 14:19:24.912,Q,,,,6887.0,6887.25
2026-04-13 14:19:24.912,Q,,,,6887.25,6887.5
2026-04-13 14:19:24.912,T,6887.25,1,,,
2026-04-13 14:19:24.912,T,6887.25,1,,,
2026-04-13 14:19:24.912,T,6887.25,1,,,
2026-04-13 14:19:24.912,T,6887.25,1,,,
2026-04-13 14:19:24.912,T,6887.25,1,,,
2026-04-13 14:19:24.912,T,6887.25,1,,,
2026-04-13 14:19:24.912,T,6887.25,1,,,
2026-04-13 14:19:24.913,T,6887.25,1,,,
2026-04-13 14:19:24.913,T,6887.25,1,,,
2026-04-13 14:19:24.913,Q,,,,6887.0,6887.5
2026-04-13 14:19:24.913,T,6887.25,1,,,
2026-04-13 14:19:24.913,T,6887.25,1,,,
2026-04-13 14:19:24.913,T,6887.25,1,,,
2026-04-13 14:19:24.913,T,6887.25,1,,,
2026-04-13 14:19:24.913,Q,,,,6887.0,6887.25
2026-04-13 14:19:24.913,T,6887.25,2,,,
2026-04-13 14:19:24.914,Q,,,,6887.25,6887.5
2026-04-13 14:19:24.914,T,6887.25,1,,,
2026-04-13 14:19:24.914,T,6887.25,1,,,
2026-04-13 14:19:24.914,T,6887.25,1,,,
2026-04-13 14:19:24.914,T,6887.25,4,,,
2026-04-13 14:19:24.914,T,6887.25,2,,,
2026-04-13 14:19:24.914,T,6887.25,1,,,
2026-04-13 14:19:24.914,T,6887.25,2,,,
2026-04-13 14:19:24.914,T,6887.25,1,,,
2026-04-13 14:19:24.914,T,6887.25,1,,,
2026-04-13 14:19:24.914,T,6887.25,1,,,
2026-04-13 14:19:24.914,T,6887.25,1,,,
2026-04-13 14:19:24.914,T,6887.25,2,,,
2026-04-13 14:19:24.914,T,6887.25,1,,,
2026-04-13 14:19:24.914,T,6887.25,1,,,
2026-04-13 14:19:24.915,T,6887.5,1,,,
2026-04-13 14:19:24.915,T,6887.25,1,,,
2026-04-13 14:19:24.915,T,6887.25,1,,,
2026-04-13 14:19:24.916,T,6887.25,1,,,
2026-04-13 14:19:24.916,T,6887.25,1,,,
2026-04-13 14:19:24.916,T,6887.25,1,,,
2026-04-13 14:19:24.916,T,6887.25,1,,,
2026-04-13 14:19:24.916,T,6887.25,1,,,
2026-04-13 14:19:24.916,T,6887.25,1,,,
2026-04-13 14:19:24.916,T,6887.25,3,,,
2026-04-13 14:19:24.916,T,6887.25,1,,,
2026-04-13 14:19:24.916,T,6887.25,1,,,
2026-04-13 14:19:24.916,T,6887.25,1,,,
2026-04-13 14:19:24.916,T,6887.25,1,,,
2026-04-13 14:19:24.916,T,6887.25,1,,,
2026-04-13 14:19:24.916,T,6887.25,1,,,
2026-04-13 14:19:24.916,T,6887.25,1,,,
2026-04-13 14:19:24.916,T,6887.25,1,,,
2026-04-13 14:19:24.916,Q,,,,6887.0,6887.25
2026-04-13 14:19:24.916,T,6887.25,1,,,
2026-04-13 14:19:24.916,T,6887.25,2,,,
2026-04-13 14:19:24.916,T,6887.25,4,,,
2026-04-13 14:19:24.916,T,6887.25,1,,,
2026-04-13 14:19:24.916,T,6887.25,1,,,
2026-04-13 14:19:24.916,T,6887.25,1,,,
2026-04-13 14:19:24.916,Q,,,,6887.25,6887.5
2026-04-13 14:19:24.916,T,6887.25,1,,,
2026-04-13 14:19:24.916,T,6887.25,1,,,
2026-04-13 14:19:24.916,T,6887.25,1,,,
2026-04-13 14:19:24.916,T,6887.25,1,,,
2026-04-13 14:19:24.916,T,6887.25,1,,,
2026-04-13 14:19:24.916,T,6887.25,1,,,
2026-04-13 14:19:24.916,T,6887.25,1,,,
2026-04-13 14:19:24.917,Q,,,,6887.5,6887.75
2026-04-13 14:19:24.917,T,6887.5,1,,,
2026-04-13 14:19:24.917,T,6887.5,1,,,
2026-04-13 14:19:24.917,T,6887.5,1,,,
2026-04-13 14:19:24.917,T,6887.5,1,,,
2026-04-13 14:19:24.917,T,6887.5,1,,,
2026-04-13 14:19:24.917,T,6887.5,1,,,
2026-04-13 14:19:24.917,T,6887.5,1,,,
2026-04-13 14:19:24.917,T,6887.5,1,,,
2026-04-13 14:19:24.917,T,6887.5,1,,,
2026-04-13 14:19:24.917,T,6887.5,1,,,
2026-04-13 14:19:24.917,T,6887.5,1,,,
2026-04-13 14:19:24.917,T,6887.5,1,,,
2026-04-13 14:19:24.917,T,6887.5,1,,,
2026-04-13 14:19:24.917,T,6887.5,4,,,
2026-04-13 14:19:24.917,T,6887.5,2,,,
2026-04-13 14:19:24.917,T,6887.5,1,,,
2026-04-13 14:19:24.917,T,6887.5,1,,,
2026-04-13 14:19:24.917,T,6887.5,1,,,
2026-04-13 14:19:24.917,T,6887.5,2,,,
2026-04-13 14:19:24.917,T,6887.5,2,,,
2026-04-13 14:19:24.917,T,6887.5,2,,,
2026-04-13 14:19:24.917,T,6887.5,1,,,
2026-04-13 14:19:24.917,T,6887.5,1,,,
2026-04-13 14:19:24.917,T,6887.5,1,,,
2026-04-13 14:19:24.917,T,6887.5,2,,,
2026-04-13 14:19:24.917,T,6887.5,1,,,
2026-04-13 14:19:24.917,T,6887.5,1,,,
2026-04-13 14:19:24.917,T,6887.5,1,,,
2026-04-13 14:19:24.917,T,6887.5,1,,,
2026-04-13 14:19:24.917,T,6887.5,1,,,
2026-04-13 14:19:24.917,T,6887.5,1,,,
2026-04-13 14:19:24.917,T,6887.5,1,,,
2026-04-13 14:19:24.917,T,6887.5,1,,,
2026-04-13 14:19:24.917,T,6887.5,1,,,
2026-04-13 14:19:24.917,T,6887.5,1,,,
2026-04-13 14:19:24.917,T,6887.5,1,,,
2026-04-13 14:19:24.917,Q,,,,6887.25,6887.5
2026-04-13 14:19:24.917,T,6887.5,1,,,
2026-04-13 14:19:24.917,T,6887.5,1,,,
2026-04-13 14:19:24.917,T,6887.5,1,,,
2026-04-13 14:19:24.917,T,6887.5,1,,,
2026-04-13 14:19:24.917,T,6887.5,1,,,
2026-04-13 14:19:24.917,T,6887.5,1,,,
2026-04-13 14:19:24.917,T,6887.5,1,,,
2026-04-13 14:19:24.917,T,6887.5,1,,,
2026-04-13 14:19:24.917,T,6887.5,1,,,
2026-04-13 14:19:24.917,T,6887.5,1,,,
2026-04-13 14:19:24.917,T,6887.5,1,,,
2026-04-13 14:19:24.917,T,6887.5,1,,,
2026-04-13 14:19:24.918,T,6887.5,2,,,
2026-04-13 14:19:24.918,T,6887.5,1,,,
2026-04-13 14:19:24.918,T,6887.5,1,,,
2026-04-13 14:19:24.918,T,6887.5,1,,,
2026-04-13 14:19:24.918,T,6887.5,1,,,
2026-04-13 14:19:24.918,T,6887.5,1,,,
2026-04-13 14:19:24.918,T,6887.5,1,,,
2026-04-13 14:19:24.918,T,6887.5,1,,,
2026-04-13 14:19:24.918,Q,,,,6887.5,6887.75
2026-04-13 14:19:24.918,T,6887.75,1,,,
2026-04-13 14:19:24.919,T,6887.75,1,,,
2026-04-13 14:19:24.919,T,6887.75,1,,,
2026-04-13 14:19:24.920,T,6887.75,3,,,
2026-04-13 14:19:24.920,T,6887.75,1,,,
2026-04-13 14:19:24.920,T,6887.75,1,,,
2026-04-13 14:19:24.920,T,6887.75,1,,,
2026-04-13 14:19:24.920,T,6887.75,1,,,
2026-04-13 14:19:24.920,T,6887.75,1,,,
2026-04-13 14:19:24.920,T,6887.75,1,,,
2026-04-13 14:19:24.920,T,6887.75,1,,,
2026-04-13 14:19:24.920,T,6887.75,1,,,
2026-04-13 14:19:24.920,T,6887.75,1,,,
2026-04-13 14:19:24.920,T,6887.75,1,,,
2026-04-13 14:19:24.920,T,6887.75,1,,,
2026-04-13 14:19:24.920,T,6887.75,1,,,
2026-04-13 14:19:24.920,T,6887.75,1,,,
2026-04-13 14:19:24.920,T,6887.75,1,,,
2026-04-13 14:19:24.920,T,6887.75,1,,,
2026-04-13 14:19:24.920,T,6887.75,1,,,
2026-04-13 14:19:24.920,T,6887.75,1,,,
2026-04-13 14:19:24.920,T,6887.75,1,,,
2026-04-13 14:19:24.920,T,6887.75,1,,,
2026-04-13 14:19:24.920,T,6887.75,1,,,
2026-04-13 14:19:24.920,T,6887.75,1,,,
2026-04-13 14:19:24.920,T,6887.75,1,,,
2026-04-13 14:19:24.920,T,6887.75,1,,,
2026-04-13 14:19:24.920,T,6887.75,1,,,
2026-04-13 14:19:24.920,T,6887.75,2,,,
2026-04-13 14:19:24.920,T,6887.75,2,,,
2026-04-13 14:19:24.920,T,6887.75,1,,,
2026-04-13 14:19:24.920,T,6887.75,1,,,
2026-04-13 14:19:24.920,T,6887.75,1,,,
2026-04-13 14:19:24.920,T,6887.75,1,,,
2026-04-13 14:19:24.920,T,6887.75,1,,,
2026-04-13 14:19:24.920,T,6887.75,1,,,
2026-04-13 14:19:24.920,T,6887.75,3,,,
2026-04-13 14:19:24.920,T,6887.75,1,,,
2026-04-13 14:19:24.920,T,6887.75,4,,,
2026-04-13 14:19:24.920,T,6887.75,2,,,
2026-04-13 14:19:24.920,T,6887.75,1,,,
2026-04-13 14:19:24.920,T,6887.75,1,,,
2026-04-13 14:19:24.920,T,6887.75,1,,,
2026-04-13 14:19:24.920,T,6887.75,2,,,
2026-04-13 14:19:24.920,Q,,,,6887.25,6887.5
2026-04-13 14:19:24.920,T,6887.5,1,,,
2026-04-13 14:19:24.920,T,6887.5,1,,,
2026-04-13 14:19:24.920,T,6887.5,1,,,
2026-04-13 14:19:24.920,T,6887.5,1,,,
2026-04-13 14:19:24.920,T,6887.5,2,,,
2026-04-13 14:19:24.920,T,6887.5,1,,,
2026-04-13 14:19:24.920,T,6887.5,1,,,
2026-04-13 14:19:24.920,T,6887.5,1,,,
2026-04-13 14:19:24.920,T,6887.5,1,,,
2026-04-13 14:19:24.920,T,6887.5,1,,,
2026-04-13 14:19:24.920,T,6887.5,1,,,
2026-04-13 14:19:24.920,T,6887.5,1,,,
2026-04-13 14:19:24.920,T,6887.5,1,,,
2026-04-13 14:19:24.920,T,6887.5,1,,,
2026-04-13 14:19:24.920,T,6887.5,1,,,
2026-04-13 14:19:24.920,T,6887.5,1,,,
2026-04-13 14:19:24.920,T,6887.5,1,,,
2026-04-13 14:19:24.920,T,6887.5,1,,,
2026-04-13 14:19:24.920,T,6887.5,1,,,
2026-04-13 14:19:24.920,T,6887.5,1,,,
2026-04-13 14:19:24.920,T,6887.5,3,,,
2026-04-13 14:19:24.920,T,6887.5,1,,,
2026-04-13 14:19:24.920,T,6887.5,1,,,
2026-04-13 14:19:24.920,T,6887.5,1,,,
2026-04-13 14:19:24.920,T,6887.5,1,,,
2026-04-13 14:19:24.920,T,6887.5,2,,,
2026-04-13 14:19:24.920,T,6887.5,1,,,
2026-04-13 14:19:24.920,T,6887.5,1,,,
2026-04-13 14:19:24.920,T,6887.5,1,,,
2026-04-13 14:19:24.920,T,6887.5,1,,,
2026-04-13 14:19:24.921,T,6887.5,1,,,
2026-04-13 14:19:24.921,T,6887.5,1,,,
2026-04-13 14:19:24.921,T,6887.5,1,,,
2026-04-13 14:19:24.921,T,6887.5,1,,,
2026-04-13 14:19:24.921,T,6887.5,1,,,
2026-04-13 14:19:24.921,T,6887.5,1,,,
2026-04-13 14:19:24.921,T,6887.5,3,,,
2026-04-13 14:19:24.921,T,6887.5,1,,,
2026-04-13 14:19:24.921,T,6887.5,1,,,
2026-04-13 14:19:24.921,Q,,,,6887.25,6887.75
2026-04-13 14:19:24.921,Q,,,,6887.25,6887.5
2026-04-13 14:19:24.922,Q,,,,6887.5,6887.75
2026-04-13 14:19:24.922,T,6887.5,1,,,
2026-04-13 14:19:24.922,T,6887.5,1,,,
2026-04-13 14:19:24.922,T,6887.5,3,,,
2026-04-13 14:19:24.922,T,6887.5,1,,,
2026-04-13 14:19:24.922,T,6887.5,1,,,
2026-04-13 14:19:24.922,T,6887.5,1,,,
2026-04-13 14:19:24.922,T,6887.5,1,,,
2026-04-13 14:19:24.922,T,6887.5,1,,,
2026-04-13 14:19:24.922,T,6887.5,1,,,
2026-04-13 14:19:24.922,T,6887.5,1,,,
2026-04-13 14:19:24.922,T,6887.5,1,,,
2026-04-13 14:19:24.922,T,6887.5,4,,,
2026-04-13 14:19:24.922,T,6887.5,1,,,
2026-04-13 14:19:24.922,T,6887.5,1,,,
2026-04-13 14:19:24.922,T,6887.5,1,,,
2026-04-13 14:19:24.922,T,6887.5,1,,,
2026-04-13 14:19:24.922,T,6887.5,1,,,
2026-04-13 14:19:24.922,T,6887.5,1,,,
2026-04-13 14:19:24.922,T,6887.5,1,,,
2026-04-13 14:19:24.922,T,6887.5,1,,,
2026-04-13 14:19:24.922,Q,,,,6887.25,6887.5
2026-04-13 14:19:24.922,T,6887.5,1,,,
2026-04-13 14:19:24.922,T,6887.5,1,,,
2026-04-13 14:19:24.922,T,6887.5,1,,,
2026-04-13 14:19:24.922,T,6887.5,1,,,
2026-04-13 14:19:24.922,T,6887.5,1,,,
2026-04-13 14:19:24.922,T,6887.5,1,,,
2026-04-13 14:19:24.923,Q,,,,6887.5,6887.75
2026-04-13 14:19:24.923,T,6887.75,1,,,
2026-04-13 14:19:24.923,T,6887.75,1,,,
2026-04-13 14:19:24.923,T,6887.75,1,,,
2026-04-13 14:19:24.923,T,6887.75,4,,,
2026-04-13 14:19:24.923,T,6887.75,1,,,
2026-04-13 14:19:24.923,T,6887.75,1,,,
2026-04-13 14:19:24.923,T,6887.75,2,,,
2026-04-13 14:19:24.923,T,6887.75,1,,,
2026-04-13 14:19:24.923,T,6887.5,1,,,
2026-04-13 14:19:24.924,T,6887.75,1,,,
2026-04-13 14:19:24.924,T,6887.75,1,,,
2026-04-13 14:19:24.924,T,6887.75,1,,,
2026-04-13 14:19:24.924,T,6887.75,1,,,
2026-04-13 14:19:24.924,T,6887.75,1,,,
2026-04-13 14:19:24.924,T,6887.75,1,,,
2026-04-13 14:19:24.924,T,6887.75,1,,,
2026-04-13 14:19:24.924,T,6887.75,1,,,
2026-04-13 14:19:24.924,T,6887.75,1,,,
2026-04-13 14:19:24.924,T,6887.75,1,,,
2026-04-13 14:19:24.924,T,6887.75,1,,,
2026-04-13 14:19:24.924,T,6887.75,4,,,
2026-04-13 14:19:24.924,T,6887.75,1,,,
2026-04-13 14:19:24.924,T,6887.75,1,,,
2026-04-13 14:19:24.924,T,6887.75,1,,,
2026-04-13 14:19:24.924,T,6887.75,1,,,
2026-04-13 14:19:24.924,T,6887.75,1,,,
2026-04-13 14:19:24.924,T,6887.75,1,,,
2026-04-13 14:19:24.924,T,6887.75,1,,,
2026-04-13 14:19:24.924,T,6887.75,1,,,
2026-04-13 14:19:24.924,T,6887.75,2,,,
2026-04-13 14:19:24.924,T,6887.75,1,,,
2026-04-13 14:19:24.925,T,6887.75,1,,,
2026-04-13 14:19:24.925,T,6887.75,1,,,
2026-04-13 14:19:24.925,T,6887.75,1,,,
2026-04-13 14:19:24.925,T,6887.75,1,,,
2026-04-13 14:19:24.925,T,6887.75,1,,,
2026-04-13 14:19:24.925,T,6887.75,1,,,
2026-04-13 14:19:24.925,T,6887.75,2,,,
2026-04-13 14:19:24.925,T,6887.75,1,,,
2026-04-13 14:19:24.925,T,6887.75,1,,,
2026-04-13 14:19:24.925,T,6887.75,1,,,
2026-04-13 14:19:24.925,T,6887.75,1,,,
2026-04-13 14:19:24.925,T,6887.75,1,,,
2026-04-13 14:19:24.925,T,6887.75,1,,,
2026-04-13 14:19:24.925,T,6887.75,1,,,
2026-04-13 14:19:24.925,T,6887.75,1,,,
2026-04-13 14:19:24.925,T,6887.75,1,,,
2026-04-13 14:19:24.925,T,6887.75,1,,,
2026-04-13 14:19:24.925,T,6887.75,1,,,
2026-04-13 14:19:24.925,T,6887.75,1,,,
2026-04-13 14:19:24.925,T,6887.75,1,,,
2026-04-13 14:19:24.925,T,6887.75,1,,,
2026-04-13 14:19:24.925,T,6887.75,1,,,
2026-04-13 14:19:24.925,Q,,,,6887.75,6888.0
2026-04-13 14:19:24.925,T,6887.75,2,,,
2026-04-13 14:19:24.925,T,6887.75,1,,,
2026-04-13 14:19:24.925,T,6887.75,1,,,
2026-04-13 14:19:24.925,T,6887.75,1,,,
2026-04-13 14:19:24.925,T,6887.75,1,,,
2026-04-13 14:19:24.925,T,6887.75,1,,,
2026-04-13 14:19:24.925,T,6887.75,1,,,
2026-04-13 14:19:24.926,T,6887.75,1,,,
2026-04-13 14:19:24.926,T,6887.75,2,,,
2026-04-13 14:19:24.926,T,6887.75,1,,,
2026-04-13 14:19:24.926,T,6887.75,1,,,
2026-04-13 14:19:24.926,T,6887.75,1,,,
2026-04-13 14:19:24.926,T,6887.75,1,,,
2026-04-13 14:19:24.926,T,6887.75,1,,,
2026-04-13 14:19:24.926,T,6887.75,1,,,
2026-04-13 14:19:24.926,T,6887.75,1,,,
2026-04-13 14:19:24.926,T,6887.75,1,,,
2026-04-13 14:19:24.926,T,6887.75,2,,,
2026-04-13 14:19:24.926,T,6887.75,1,,,
2026-04-13 14:19:24.926,T,6887.75,1,,,
2026-04-13 14:19:24.926,Q,,,,6887.5,6887.75
2026-04-13 14:19:24.926,T,6887.75,1,,,
2026-04-13 14:19:24.926,T,6887.75,1,,,
2026-04-13 14:19:24.926,T,6887.75,1,,,
2026-04-13 14:19:24.926,T,6887.75,1,,,
2026-04-13 14:19:24.926,T,6887.75,1,,,
2026-04-13 14:19:24.926,T,6887.75,2,,,
2026-04-13 14:19:24.926,T,6887.75,2,,,
2026-04-13 14:19:24.926,T,6887.75,4,,,
2026-04-13 14:19:24.926,T,6887.75,1,,,
2026-04-13 14:19:24.926,T,6887.75,1,,,
2026-04-13 14:19:24.926,T,6887.75,1,,,
2026-04-13 14:19:24.926,T,6887.75,1,,,
2026-04-13 14:19:24.926,T,6887.75,2,,,
2026-04-13 14:19:24.926,T,6887.75,1,,,
2026-04-13 14:19:24.926,T,6887.75,1,,,
2026-04-13 14:19:24.926,T,6887.75,1,,,
2026-04-13 14:19:24.926,T,6887.5,1,,,
2026-04-13 14:19:24.926,T,6887.75,4,,,
2026-04-13 14:19:24.926,T,6887.75,2,,,
2026-04-13 14:19:24.926,T,6887.75,1,,,
2026-04-13 14:19:24.926,T,6887.75,1,,,
2026-04-13 14:19:24.926,T,6887.75,2,,,
2026-04-13 14:19:24.926,T,6887.75,1,,,
2026-04-13 14:19:24.926,T,6887.75,1,,,
2026-04-13 14:19:24.926,T,6887.75,1,,,
2026-04-13 14:19:24.926,T,6887.75,1,,,
2026-04-13 14:19:24.926,T,6887.75,1,,,
2026-04-13 14:19:24.926,T,6887.75,1,,,
2026-04-13 14:19:24.926,T,6887.75,1,,,
2026-04-13 14:19:24.926,T,6887.75,1,,,
2026-04-13 14:19:24.926,T,6887.75,1,,,
2026-04-13 14:19:24.926,T,6887.75,1,,,
2026-04-13 14:19:24.926,T,6887.75,4,,,
2026-04-13 14:19:24.926,T,6887.75,1,,,
2026-04-13 14:19:24.926,T,6887.75,1,,,
2026-04-13 14:19:24.926,T,6887.75,1,,,
2026-04-13 14:19:24.926,T,6887.75,1,,,
2026-04-13 14:19:24.926,T,6887.75,1,,,
2026-04-13 14:19:24.926,T,6887.75,1,,,
2026-04-13 14:19:24.926,T,6887.75,1,,,
2026-04-13 14:19:24.927,T,6887.75,1,,,
2026-04-13 14:19:24.927,T,6887.75,1,,,
2026-04-13 14:19:24.927,T,6887.75,2,,,
2026-04-13 14:19:24.927,T,6887.75,1,,,
2026-04-13 14:19:24.927,T,6887.75,1,,,
2026-04-13 14:19:24.927,T,6887.75,1,,,
2026-04-13 14:19:24.927,T,6887.75,1,,,
2026-04-13 14:19:24.927,T,6887.75,1,,,
2026-04-13 14:19:24.927,T,6887.75,1,,,
2026-04-13 14:19:24.927,T,6887.75,1,,,
2026-04-13 14:19:24.927,T,6887.75,1,,,
2026-04-13 14:19:24.927,T,6887.75,2,,,
2026-04-13 14:19:24.927,T,6887.75,1,,,
2026-04-13 14:19:24.927,T,6887.75,1,,,
2026-04-13 14:19:24.927,T,6887.75,1,,,
2026-04-13 14:19:24.927,T,6887.75,1,,,
2026-04-13 14:19:24.927,T,6887.75,1,,,
2026-04-13 14:19:24.927,T,6887.75,1,,,
2026-04-13 14:19:24.927,T,6887.75,1,,,
2026-04-13 14:19:24.927,T,6887.75,1,,,
2026-04-13 14:19:24.927,Q,,,,6887.5,6888.0
2026-04-13 14:19:24.927,Q,,,,6887.75,6888.0
2026-04-13 14:19:24.927,T,6887.75,1,,,
2026-04-13 14:19:24.927,T,6887.75,1,,,
2026-04-13 14:19:24.927,T,6887.75,1,,,
2026-04-13 14:19:24.927,T,6887.75,1,,,
2026-04-13 14:19:24.927,T,6887.75,1,,,
2026-04-13 14:19:24.927,T,6887.75,1,,,
2026-04-13 14:19:24.927,T,6887.75,1,,,
2026-04-13 14:19:24.927,T,6887.75,7,,,
2026-04-13 14:19:24.927,T,6887.75,1,,,
2026-04-13 14:19:24.927,T,6887.75,1,,,
2026-04-13 14:19:24.927,T,6887.75,1,,,
2026-04-13 14:19:24.927,T,6887.75,2,,,
2026-04-13 14:19:24.927,T,6887.75,2,,,
2026-04-13 14:19:24.927,T,6887.75,1,,,
2026-04-13 14:19:24.927,T,6887.75,1,,,
2026-04-13 14:19:24.927,T,6887.75,2,,,
2026-04-13 14:19:24.927,T,6887.75,1,,,
2026-04-13 14:19:24.928,Q,,,,6887.5,6887.75
2026-04-13 14:19:24.928,Q,,,,6887.5,6888.0
2026-04-13 14:19:24.928,T,6888.0,1,,,
2026-04-13 14:19:24.928,T,6888.0,1,,,
2026-04-13 14:19:24.928,T,6888.0,1,,,
2026-04-13 14:19:24.928,Q,,,,6887.75,6888.0
2026-04-13 14:19:24.928,T,6887.75,1,,,
2026-04-13 14:19:24.928,Q,,,,6887.5,6887.75
2026-04-13 14:19:24.928,T,6887.75,2,,,
2026-04-13 14:19:24.928,T,6887.75,1,,,
2026-04-13 14:19:24.928,T,6887.75,1,,,
2026-04-13 14:19:24.928,T,6887.75,1,,,
2026-04-13 14:19:24.928,T,6887.75,2,,,
2026-04-13 14:19:24.928,T,6887.75,1,,,
2026-04-13 14:19:24.928,T,6887.75,1,,,
2026-04-13 14:19:24.929,T,6887.5,2,,,
2026-04-13 14:19:24.929,T,6887.5,1,,,
2026-04-13 14:19:24.929,T,6887.5,1,,,
2026-04-13 14:19:24.929,T,6887.5,1,,,
2026-04-13 14:19:24.929,T,6887.5,1,,,
2026-04-13 14:19:24.929,T,6887.5,1,,,
2026-04-13 14:19:24.929,T,6887.5,1,,,
2026-04-13 14:19:24.929,T,6887.5,1,,,
2026-04-13 14:19:24.929,T,6887.5,1,,,
2026-04-13 14:19:24.929,T,6887.5,1,,,
2026-04-13 14:19:24.929,T,6887.5,1,,,
2026-04-13 14:19:24.929,T,6887.5,1,,,
2026-04-13 14:19:24.929,T,6887.5,1,,,
2026-04-13 14:19:24.929,T,6887.5,1,,,
2026-04-13 14:19:24.929,T,6887.5,1,,,
2026-04-13 14:19:24.929,T,6887.5,2,,,
2026-04-13 14:19:24.929,T,6887.5,1,,,
2026-04-13 14:19:24.929,T,6887.5,1,,,
2026-04-13 14:19:24.929,T,6887.5,1,,,
2026-04-13 14:19:24.929,Q,,,,6887.25,6887.5
2026-04-13 14:19:24.929,T,6887.25,1,,,
2026-04-13 14:19:24.929,T,6887.25,1,,,
2026-04-13 14:19:24.929,T,6887.25,1,,,
2026-04-13 14:19:24.929,T,6887.25,1,,,
2026-04-13 14:19:24.930,T,6887.25,1,,,
2026-04-13 14:19:24.930,T,6887.25,1,,,
2026-04-13 14:19:24.930,T,6887.25,2,,,
2026-04-13 14:19:24.930,T,6887.25,1,,,
2026-04-13 14:19:24.930,T,6887.25,1,,,
2026-04-13 14:19:24.930,T,6887.25,2,,,
2026-04-13 14:19:24.930,T,6887.25,1,,,
2026-04-13 14:19:24.930,T,6887.25,2,,,
2026-04-13 14:19:24.930,T,6887.25,1,,,
2026-04-13 14:19:24.930,T,6887.25,6,,,
2026-04-13 14:19:24.930,T,6887.25,1,,,
2026-04-13 14:19:24.930,T,6887.25,1,,,
2026-04-13 14:19:24.930,T,6887.25,1,,,
2026-04-13 14:19:24.930,T,6887.25,1,,,
2026-04-13 14:19:24.930,T,6887.25,1,,,
2026-04-13 14:19:24.930,T,6887.25,1,,,
2026-04-13 14:19:24.930,T,6887.25,1,,,
2026-04-13 14:19:24.930,T,6887.25,1,,,
2026-04-13 14:19:24.930,T,6887.5,1,,,
2026-04-13 14:19:24.931,T,6887.25,4,,,
2026-04-13 14:19:24.931,T,6887.25,1,,,
2026-04-13 14:19:24.931,T,6887.25,1,,,
2026-04-13 14:19:24.931,T,6887.25,1,,,
2026-04-13 14:19:24.931,T,6887.25,1,,,
2026-04-13 14:19:24.931,T,6887.25,2,,,
2026-04-13 14:19:24.931,T,6887.25,1,,,
2026-04-13 14:19:24.931,T,6887.25,1,,,
2026-04-13 14:19:24.931,T,6887.25,1,,,
2026-04-13 14:19:24.931,T,6887.25,1,,,
2026-04-13 14:19:24.931,T,6887.25,1,,,
2026-04-13 14:19:24.931,T,6887.25,1,,,
2026-04-13 14:19:24.931,T,6887.25,1,,,
2026-04-13 14:19:24.931,T,6887.25,1,,,
2026-04-13 14:19:24.931,T,6887.25,1,,,
2026-04-13 14:19:24.931,Q,,,,6887.0,6887.25
2026-04-13 14:19:24.931,Q,,,,6886.75,6887.0
2026-04-13 14:19:24.931,T,6887.0,1,,,
2026-04-13 14:19:24.931,T,6887.0,1,,,
2026-04-13 14:19:24.931,T,6887.0,1,,,
2026-04-13 14:19:24.931,T,6887.0,1,,,
2026-04-13 14:19:24.931,T,6887.0,1,,,
2026-04-13 14:19:24.931,T,6887.0,1,,,
2026-04-13 14:19:24.931,T,6887.0,1,,,
2026-04-13 14:19:24.931,T,6887.0,1,,,
2026-04-13 14:19:24.931,T,6887.0,1,,,
2026-04-13 14:19:24.931,T,6887.0,1,,,
2026-04-13 14:19:24.932,T,6887.0,1,,,
2026-04-13 14:19:24.932,T,6887.0,1,,,
2026-04-13 14:19:24.932,T,6887.0,1,,,
2026-04-13 14:19:24.932,T,6887.0,2,,,
2026-04-13 14:19:24.932,T,6887.0,1,,,
2026-04-13 14:19:24.932,T,6887.0,1,,,
2026-04-13 14:19:24.932,T,6887.0,1,,,
2026-04-13 14:19:24.932,T,6887.0,1,,,
2026-04-13 14:19:24.932,T,6887.0,1,,,
2026-04-13 14:19:24.932,T,6887.0,1,,,
2026-04-13 14:19:24.932,T,6887.0,1,,,
2026-04-13 14:19:24.932,T,6887.0,1,,,
2026-04-13 14:19:24.932,T,6887.0,1,,,
2026-04-13 14:19:24.932,T,6887.0,1,,,
2026-04-13 14:19:24.932,T,6887.0,1,,,
2026-04-13 14:19:24.932,T,6887.0,1,,,
2026-04-13 14:19:24.932,T,6887.0,1,,,
2026-04-13 14:19:24.932,T,6887.0,3,,,
2026-04-13 14:19:24.932,T,6887.0,1,,,
2026-04-13 14:19:24.932,T,6887.0,1,,,
2026-04-13 14:19:24.932,T,6887.0,1,,,
2026-04-13 14:19:24.932,T,6887.0,2,,,
2026-04-13 14:19:24.932,T,6887.0,1,,,
2026-04-13 14:19:24.932,T,6887.0,2,,,
2026-04-13 14:19:24.932,T,6887.0,1,,,
2026-04-13 14:19:24.932,T,6887.0,1,,,
2026-04-13 14:19:24.932,T,6887.0,1,,,
2026-04-13 14:19:24.932,T,6887.0,1,,,
2026-04-13 14:19:24.933,T,6887.0,1,,,
2026-04-13 14:19:24.933,T,6887.0,1,,,
2026-04-13 14:19:24.933,T,6887.0,1,,,
2026-04-13 14:19:24.933,T,6887.0,1,,,
2026-04-13 14:19:24.933,T,6887.0,1,,,
2026-04-13 14:19:24.933,T,6887.0,1,,,
2026-04-13 14:19:24.933,Q,,,,6887.0,6887.25
2026-04-13 14:19:24.933,T,6887.0,1,,,
2026-04-13 14:19:24.933,T,6887.0,1,,,
2026-04-13 14:19:24.933,T,6887.0,1,,,
2026-04-13 14:19:24.933,Q,,,,6886.75,6887.0
2026-04-13 14:19:24.933,T,6887.0,1,,,
2026-04-13 14:19:24.933,T,6887.0,1,,,
2026-04-13 14:19:24.933,T,6887.0,1,,,
2026-04-13 14:19:24.933,Q,,,,6887.0,6887.25
2026-04-13 14:19:24.934,T,6887.0,1,,,
2026-04-13 14:19:24.936,T,6887.0,1,,,
2026-04-13 14:19:24.936,T,6887.0,1,,,
2026-04-13 14:19:24.936,T,6887.0,1,,,
2026-04-13 14:19:24.936,T,6887.0,1,,,
2026-04-13 14:19:24.936,T,6887.0,1,,,
2026-04-13 14:19:24.936,T,6887.0,1,,,
2026-04-13 14:19:24.936,T,6887.0,1,,,
2026-04-13 14:19:24.936,T,6887.0,1,,,
2026-04-13 14:19:24.936,T,6887.0,1,,,
2026-04-13 14:19:24.936,T,6887.0,1,,,
2026-04-13 14:19:24.936,T,6887.0,1,,,
2026-04-13 14:19:24.936,T,6887.0,6,,,
2026-04-13 14:19:24.936,T,6887.0,1,,,
2026-04-13 14:19:24.936,T,6887.0,1,,,
2026-04-13 14:19:24.936,T,6887.0,1,,,
2026-04-13 14:19:24.936,T,6887.0,1,,,
2026-04-13 14:19:24.936,T,6887.0,1,,,
2026-04-13 14:19:24.936,Q,,,,6886.75,6887.25
2026-04-13 14:19:24.936,Q,,,,6887.0,6887.25
2026-04-13 14:19:24.937,T,6886.75,1,,,
2026-04-13 14:19:24.937,T,6886.75,1,,,
2026-04-13 14:19:24.937,T,6887.0,1,,,
2026-04-13 14:19:24.937,T,6887.0,1,,,
2026-04-13 14:19:24.937,T,6887.0,3,,,
2026-04-13 14:19:24.937,T,6887.0,1,,,
2026-04-13 14:19:24.937,T,6887.0,1,,,
2026-04-13 14:19:24.937,T,6887.0,1,,,
2026-04-13 14:19:24.937,Q,,,,6886.75,6887.0
2026-04-13 14:19:24.937,T,6887.0,1,,,
2026-04-13 14:19:24.937,T,6887.0,1,,,
2026-04-13 14:19:24.937,T,6887.0,4,,,
2026-04-13 14:19:24.937,T,6887.0,2,,,
2026-04-13 14:19:24.937,T,6887.0,1,,,
2026-04-13 14:19:24.937,T,6887.0,1,,,
2026-04-13 14:19:24.937,T,6887.0,1,,,
2026-04-13 14:19:24.937,T,6887.0,1,,,
2026-04-13 14:19:24.937,T,6887.0,1,,,
2026-04-13 14:19:24.937,T,6887.0,1,,,
2026-04-13 14:19:24.937,T,6887.0,1,,,
2026-04-13 14:19:24.937,T,6887.0,1,,,
2026-04-13 14:19:24.938,T,6887.0,1,,,
2026-04-13 14:19:24.938,T,6887.0,1,,,
2026-04-13 14:19:24.938,T,6887.0,1,,,
2026-04-13 14:19:24.938,T,6887.0,1,,,
2026-04-13 14:19:24.938,T,6887.0,1,,,
2026-04-13 14:19:24.938,Q,,,,6887.0,6887.25
2026-04-13 14:19:24.938,T,6887.25,1,,,
2026-04-13 14:19:24.938,T,6887.25,1,,,
2026-04-13 14:19:24.938,Q,,,,6887.25,6887.5
2026-04-13 14:19:24.938,T,6887.25,2,,,
2026-04-13 14:19:24.938,T,6887.25,1,,,
2026-04-13 14:19:24.938,T,6887.25,1,,,
2026-04-13 14:19:24.938,T,6887.25,1,,,
2026-04-13 14:19:24.938,T,6887.25,1,,,
2026-04-13 14:19:24.938,T,6887.25,1,,,
2026-04-13 14:19:24.938,T,6887.25,1,,,
2026-04-13 14:19:24.938,T,6887.25,2,,,
2026-04-13 14:19:24.938,T,6887.25,2,,,
2026-04-13 14:19:24.938,T,6887.25,1,,,
2026-04-13 14:19:24.938,T,6887.25,1,,,
2026-04-13 14:19:24.938,T,6887.25,1,,,
2026-04-13 14:19:24.938,T,6887.25,2,,,
2026-04-13 14:19:24.938,T,6887.25,10,,,
2026-04-13 14:19:24.938,T,6887.25,1,,,
2026-04-13 14:19:24.938,T,6887.25,1,,,
2026-04-13 14:19:24.938,T,6887.25,2,,,
2026-04-13 14:19:24.938,T,6887.25,1,,,
2026-04-13 14:19:24.938,T,6887.25,2,,,
2026-04-13 14:19:24.938,T,6887.25,1,,,
2026-04-13 14:19:24.938,T,6887.25,1,,,
2026-04-13 14:19:24.938,T,6887.25,1,,,
2026-04-13 14:19:24.939,Q,,,,6887.0,6887.25
2026-04-13 14:19:24.939,T,6887.25,1,,,
2026-04-13 14:19:24.939,T,6887.25,1,,,
2026-04-13 14:19:24.939,T,6887.25,1,,,
2026-04-13 14:19:24.939,T,6887.25,1,,,
2026-04-13 14:19:24.939,T,6887.25,1,,,
2026-04-13 14:19:24.939,T,6887.25,1,,,
2026-04-13 14:19:24.939,T,6887.25,1,,,
2026-04-13 14:19:24.939,T,6887.25,1,,,
2026-04-13 14:19:24.939,T,6887.25,1,,,
2026-04-13 14:19:24.939,T,6887.25,1,,,
2026-04-13 14:19:24.939,T,6887.25,1,,,
2026-04-13 14:19:24.939,T,6887.25,1,,,
2026-04-13 14:19:24.939,T,6887.25,1,,,
2026-04-13 14:19:24.939,Q,,,,6887.25,6887.5
2026-04-13 14:19:24.939,Q,,,,6887.0,6887.25
2026-04-13 14:19:24.939,T,6887.25,1,,,
2026-04-13 14:19:24.940,T,6887.25,1,,,
2026-04-13 14:19:24.940,T,6887.25,1,,,
2026-04-13 14:19:24.940,T,6887.25,1,,,
2026-04-13 14:19:24.940,T,6887.0,1,,,
2026-04-13 14:19:24.941,T,6887.25,1,,,
2026-04-13 14:19:24.941,T,6887.25,1,,,
2026-04-13 14:19:24.941,T,6887.25,2,,,
2026-04-13 14:19:24.941,T,6887.25,1,,,
2026-04-13 14:19:24.941,T,6887.25,1,,,
2026-04-13 14:19:24.941,T,6887.25,1,,,
2026-04-13 14:19:24.941,T,6887.25,2,,,
2026-04-13 14:19:24.941,T,6887.25,1,,,
2026-04-13 14:19:24.941,T,6887.25,1,,,
2026-04-13 14:19:24.941,T,6887.25,1,,,
2026-04-13 14:19:24.941,T,6887.25,1,,,
2026-04-13 14:19:24.941,T,6887.25,1,,,
2026-04-13 14:19:24.941,T,6887.25,1,,,
2026-04-13 14:19:24.941,T,6887.25,2,,,
2026-04-13 14:19:24.941,T,6887.25,1,,,
2026-04-13 14:19:24.941,T,6887.25,1,,,
2026-04-13 14:19:24.941,T,6887.25,1,,,
2026-04-13 14:19:24.941,T,6887.25,1,,,
2026-04-13 14:19:24.941,T,6887.25,1,,,
2026-04-13 14:19:24.941,T,6887.25,1,,,
2026-04-13 14:19:24.941,T,6887.25,4,,,
2026-04-13 14:19:24.941,T,6887.25,1,,,
2026-04-13 14:19:24.941,T,6887.25,1,,,
2026-04-13 14:19:24.941,T,6887.25,1,,,
2026-04-13 14:19:24.941,T,6887.25,1,,,
2026-04-13 14:19:24.941,T,6887.25,1,,,
2026-04-13 14:19:24.941,T,6887.25,1,,,
2026-04-13 14:19:24.941,T,6887.25,1,,,
2026-04-13 14:19:24.941,T,6887.25,1,,,
2026-04-13 14:19:24.941,T,6887.25,1,,,
2026-04-13 14:19:24.941,Q,,,,6887.0,6887.5
2026-04-13 14:19:24.941,Q,,,,6887.25,6887.5
2026-04-13 14:19:24.941,T,6887.5,1,,,
2026-04-13 14:19:24.942,T,6887.5,1,,,
2026-04-13 14:19:24.942,T,6887.25,1,,,
2026-04-13 14:19:24.942,T,6887.25,1,,,
2026-04-13 14:19:24.942,T,6887.5,1,,,
2026-04-13 14:19:24.942,T,6887.5,1,,,
2026-04-13 14:19:24.943,Q,,,,6887.0,6887.5
2026-04-13 14:19:24.943,T,6887.25,1,,,
2026-04-13 14:19:24.943,T,6887.25,1,,,
2026-04-13 14:19:24.943,T,6887.25,1,,,
2026-04-13 14:19:24.943,T,6887.25,1,,,
2026-04-13 14:19:24.943,T,6887.25,1,,,
2026-04-13 14:19:24.943,T,6887.25,1,,,
2026-04-13 14:19:24.943,T,6887.25,1,,,
2026-04-13 14:19:24.943,T,6887.25,1,,,
2026-04-13 14:19:24.943,T,6887.25,1,,,
2026-04-13 14:19:24.943,T,6887.25,1,,,
2026-04-13 14:19:24.943,T,6887.25,1,,,
2026-04-13 14:19:24.943,T,6887.25,1,,,
2026-04-13 14:19:24.943,T,6887.25,1,,,
2026-04-13 14:19:24.943,T,6887.25,1,,,
2026-04-13 14:19:24.943,T,6887.25,1,,,
2026-04-13 14:19:24.943,Q,,,,6887.25,6887.5
2026-04-13 14:19:24.943,T,6887.25,1,,,
2026-04-13 14:19:24.943,Q,,,,6887.0,6887.25
2026-04-13 14:19:24.943,T,6887.25,1,,,
2026-04-13 14:19:24.944,T,6887.0,1,,,
2026-04-13 14:19:24.944,T,6887.0,1,,,
2026-04-13 14:19:24.944,T,6887.25,1,,,
2026-04-13 14:19:24.944,T,6887.25,1,,,
2026-04-13 14:19:24.945,T,6887.25,1,,,
2026-04-13 14:19:24.945,T,6887.25,1,,,
2026-04-13 14:19:24.945,T,6887.25,1,,,
2026-04-13 14:19:24.945,T,6887.25,1,,,
2026-04-13 14:19:24.945,T,6887.25,1,,,
2026-04-13 14:19:24.945,T,6887.25,1,,,
2026-04-13 14:19:24.945,T,6887.0,1,,,
2026-04-13 14:19:24.946,T,6887.0,2,,,
2026-04-13 14:19:24.946,T,6887.0,1,,,
2026-04-13 14:19:24.946,T,6887.0,1,,,
2026-04-13 14:19:24.946,T,6887.0,1,,,
2026-04-13 14:19:24.946,T,6887.0,1,,,
2026-04-13 14:19:24.946,T,6887.0,2,,,
2026-04-13 14:19:24.946,T,6887.0,1,,,
2026-04-13 14:19:24.946,T,6887.0,1,,,
2026-04-13 14:19:24.946,T,6887.0,1,,,
2026-04-13 14:19:24.946,T,6887.0,1,,,
2026-04-13 14:19:24.946,T,6887.0,1,,,
2026-04-13 14:19:24.946,T,6887.0,1,,,
2026-04-13 14:19:24.946,T,6887.0,2,,,
2026-04-13 14:19:24.946,T,6887.0,1,,,
2026-04-13 14:19:24.946,T,6887.0,1,,,
2026-04-13 14:19:24.946,T,6887.0,1,,,
2026-04-13 14:19:24.946,T,6887.0,2,,,
2026-04-13 14:19:24.946,T,6887.0,1,,,
2026-04-13 14:19:24.947,T,6887.0,2,,,
2026-04-13 14:19:24.947,T,6887.0,1,,,
2026-04-13 14:19:24.947,T,6887.0,1,,,
2026-04-13 14:19:24.947,T,6887.0,1,,,
2026-04-13 14:19:24.947,T,6887.0,1,,,
2026-04-13 14:19:24.947,T,6887.0,1,,,
2026-04-13 14:19:24.947,T,6887.0,1,,,
2026-04-13 14:19:24.947,T,6887.0,1,,,
2026-04-13 14:19:24.947,T,6887.0,1,,,
2026-04-13 14:19:24.947,T,6887.0,4,,,
2026-04-13 14:19:24.947,T,6887.0,1,,,
2026-04-13 14:19:24.947,T,6887.0,1,,,
2026-04-13 14:19:24.947,T,6887.0,1,,,
2026-04-13 14:19:24.947,T,6887.0,1,,,
2026-04-13 14:19:24.947,T,6887.0,1,,,
2026-04-13 14:19:24.947,T,6887.0,1,,,
2026-04-13 14:19:24.947,T,6887.0,1,,,
2026-04-13 14:19:24.947,T,6887.0,2,,,
2026-04-13 14:19:24.947,T,6887.0,2,,,
2026-04-13 14:19:24.947,T,6887.0,1,,,
2026-04-13 14:19:24.947,T,6887.0,1,,,
2026-04-13 14:19:24.947,T,6887.0,1,,,
2026-04-13 14:19:24.947,T,6887.0,1,,,
2026-04-13 14:19:24.947,T,6887.0,1,,,
2026-04-13 14:19:24.947,T,6887.0,1,,,
2026-04-13 14:19:24.947,T,6887.0,1,,,
2026-04-13 14:19:24.947,T,6887.0,1,,,
2026-04-13 14:19:24.947,T,6887.0,1,,,
2026-04-13 14:19:24.947,T,6887.0,1,,,
2026-04-13 14:19:24.947,T,6887.0,2,,,
2026-04-13 14:19:24.947,T,6887.0,1,,,
2026-04-13 14:19:24.947,T,6887.0,2,,,
2026-04-13 14:19:24.947,T,6887.0,1,,,
2026-04-13 14:19:24.947,T,6887.0,1,,,
2026-04-13 14:19:24.947,Q,,,,6886.75,6887.0
2026-04-13 14:19:24.947,T,6887.0,1,,,
2026-04-13 14:19:24.947,T,6886.75,4,,,
2026-04-13 14:19:24.947,T,6886.75,1,,,
2026-04-13 14:19:24.947,T,6886.75,1,,,
2026-04-13 14:19:24.947,T,6886.75,1,,,
2026-04-13 14:19:24.947,T,6886.75,2,,,
2026-04-13 14:19:24.947,T,6886.75,1,,,
2026-04-13 14:19:24.947,T,6886.75,1,,,
2026-04-13 14:19:24.947,T,6886.75,1,,,
2026-04-13 14:19:24.947,T,6886.75,1,,,
2026-04-13 14:19:24.947,T,6886.75,1,,,
2026-04-13 14:19:24.947,T,6886.75,1,,,
2026-04-13 14:19:24.947,T,6886.75,1,,,
2026-04-13 14:19:24.947,T,6886.75,2,,,
2026-04-13 14:19:24.947,T,6886.75,1,,,
2026-04-13 14:19:24.947,T,6886.75,1,,,
2026-04-13 14:19:24.947,T,6886.75,1,,,
2026-04-13 14:19:24.947,T,6886.75,1,,,
2026-04-13 14:19:24.947,T,6886.75,2,,,
2026-04-13 14:19:24.947,T,6886.75,1,,,
2026-04-13 14:19:24.947,T,6886.75,1,,,
2026-04-13 14:19:24.947,T,6886.75,1,,,
2026-04-13 14:19:24.948,Q,,,,6886.5,6886.75
2026-04-13 14:19:24.948,Q,,,,6886.5,6887.0
2026-04-13 14:19:24.948,T,6886.75,1,,,
2026-04-13 14:19:24.948,T,6886.75,3,,,
2026-04-13 14:19:24.948,T,6886.75,1,,,
2026-04-13 14:19:24.948,T,6886.75,1,,,
2026-04-13 14:19:24.948,T,6886.75,1,,,
2026-04-13 14:19:24.948,T,6886.75,1,,,
2026-04-13 14:19:24.948,T,6886.75,1,,,
2026-04-13 14:19:24.948,T,6886.75,1,,,
2026-04-13 14:19:24.948,T,6886.75,1,,,
2026-04-13 14:19:24.948,T,6886.75,1,,,
2026-04-13 14:19:24.948,T,6886.75,1,,,
2026-04-13 14:19:24.948,T,6886.75,1,,,
2026-04-13 14:19:24.948,T,6886.75,1,,,
2026-04-13 14:19:24.948,T,6886.75,1,,,
2026-04-13 14:19:24.948,T,6886.75,1,,,
2026-04-13 14:19:24.948,Q,,,,6886.75,6887.0
2026-04-13 14:19:24.948,T,6886.75,1,,,
2026-04-13 14:19:24.949,T,6886.75,3,,,
2026-04-13 14:19:24.949,T,6886.75,1,,,
2026-04-13 14:19:24.949,T,6886.75,1,,,
2026-04-13 14:19:24.949,T,6886.75,2,,,
2026-04-13 14:19:24.949,T,6886.75,1,,,
2026-04-13 14:19:24.949,T,6886.75,2,,,
2026-04-13 14:19:24.949,T,6887.0,3,,,
2026-04-13 14:19:24.949,T,6887.0,1,,,
2026-04-13 14:19:24.949,T,6887.0,1,,,
2026-04-13 14:19:24.949,T,6887.0,1,,,
2026-04-13 14:19:24.949,T,6887.0,1,,,
2026-04-13 14:19:24.949,T,6887.0,1,,,
2026-04-13 14:19:24.950,T,6887.0,1,,,
2026-04-13 14:19:24.950,T,6887.0,1,,,
2026-04-13 14:19:24.950,T,6887.0,2,,,
2026-04-13 14:19:24.950,T,6887.0,1,,,
2026-04-13 14:19:24.950,T,6887.0,1,,,
2026-04-13 14:19:24.950,T,6887.0,1,,,
2026-04-13 14:19:24.950,T,6887.0,1,,,
2026-04-13 14:19:24.950,T,6887.0,1,,,
2026-04-13 14:19:24.950,T,6887.0,1,,,
2026-04-13 14:19:24.950,T,6887.0,1,,,
2026-04-13 14:19:24.950,T,6887.0,1,,,
2026-04-13 14:19:24.950,T,6887.0,1,,,
2026-04-13 14:19:24.950,T,6887.0,1,,,
2026-04-13 14:19:24.950,T,6887.0,1,,,
2026-04-13 14:19:24.950,T,6887.0,1,,,
2026-04-13 14:19:24.950,T,6887.0,1,,,
2026-04-13 14:19:24.950,T,6887.0,1,,,
2026-04-13 14:19:24.950,T,6887.0,1,,,
2026-04-13 14:19:24.950,T,6887.0,1,,,
2026-04-13 14:19:24.950,T,6887.0,1,,,
2026-04-13 14:19:24.950,T,6887.0,1,,,
2026-04-13 14:19:24.950,T,6887.0,1,,,
2026-04-13 14:19:24.950,T,6887.0,1,,,
2026-04-13 14:19:24.950,T,6887.0,1,,,
2026-04-13 14:19:24.950,T,6887.0,1,,,
2026-04-13 14:19:24.950,T,6887.0,1,,,
2026-04-13 14:19:24.950,T,6887.0,1,,,
2026-04-13 14:19:24.950,T,6887.0,1,,,
2026-04-13 14:19:24.950,T,6887.0,1,,,
2026-04-13 14:19:24.950,T,6887.0,3,,,
2026-04-13 14:19:24.950,T,6887.0,1,,,
2026-04-13 14:19:24.950,T,6887.0,1,,,
2026-04-13 14:19:24.950,T,6887.0,1,,,
2026-04-13 14:19:24.950,Q,,,,6887.0,6887.25
2026-04-13 14:19:24.950,T,6887.0,1,,,
2026-04-13 14:19:24.950,T,6887.0,1,,,
2026-04-13 14:19:24.950,T,6887.0,4,,,
2026-04-13 14:19:24.950,T,6887.0,1,,,
2026-04-13 14:19:24.950,T,6887.0,1,,,
2026-04-13 14:19:24.950,T,6887.0,1,,,
2026-04-13 14:19:24.950,T,6887.0,1,,,
2026-04-13 14:19:24.950,T,6887.0,1,,,
2026-04-13 14:19:24.950,T,6887.0,1,,,
2026-04-13 14:19:24.950,T,6887.0,1,,,
2026-04-13 14:19:24.950,T,6887.0,1,,,
2026-04-13 14:19:24.951,Q,,,,6886.75,6887.25
2026-04-13 14:19:24.951,Q,,,,6886.75,6887.0
2026-04-13 14:19:24.951,T,6887.0,1,,,
2026-04-13 14:19:24.951,T,6887.0,1,,,
2026-04-13 14:19:24.951,T,6887.0,1,,,
2026-04-13 14:19:24.951,Q,,,,6887.0,6887.25
2026-04-13 14:19:24.951,T,6887.0,1,,,
2026-04-13 14:19:24.951,T,6887.0,4,,,
2026-04-13 14:19:24.951,T,6887.0,2,,,
2026-04-13 14:19:24.951,T,6887.0,1,,,
2026-04-13 14:19:24.951,T,6887.0,1,,,
2026-04-13 14:19:24.951,T,6887.0,1,,,
2026-04-13 14:19:24.951,T,6887.0,1,,,
2026-04-13 14:19:24.951,T,6887.0,1,,,
2026-04-13 14:19:24.951,T,6887.0,1,,,
2026-04-13 14:19:24.951,T,6887.0,1,,,
2026-04-13 14:19:24.951,T,6887.0,1,,,
2026-04-13 14:19:24.951,T,6887.0,1,,,
2026-04-13 14:19:24.951,T,6887.0,1,,,
2026-04-13 14:19:24.951,T,6887.0,1,,,
2026-04-13 14:19:24.951,T,6887.0,1,,,
2026-04-13 14:19:24.951,T,6886.75,1,,,
2026-04-13 14:19:24.951,T,6887.0,1,,,
2026-04-13 14:19:24.951,T,6887.0,1,,,
2026-04-13 14:19:24.951,T,6887.0,1,,,
2026-04-13 14:19:24.951,T,6887.0,1,,,
2026-04-13 14:19:24.951,T,6887.0,1,,,
2026-04-13 14:19:24.952,T,6887.0,1,,,
2026-04-13 14:19:24.952,T,6887.0,3,,,
2026-04-13 14:19:24.952,T,6887.0,1,,,
2026-04-13 14:19:24.952,Q,,,,6886.75,6887.25
2026-04-13 14:19:24.952,Q,,,,6886.75,6887.0
2026-04-13 14:19:24.952,T,6887.0,1,,,
2026-04-13 14:19:24.952,T,6886.75,1,,,
2026-04-13 14:19:24.952,T,6886.75,1,,,
2026-04-13 14:19:24.952,T,6886.75,1,,,
2026-04-13 14:19:24.952,T,6886.75,1,,,
2026-04-13 14:19:24.952,T,6886.75,1,,,
2026-04-13 14:19:24.952,T,6886.75,1,,,
2026-04-13 14:19:24.952,T,6886.75,1,,,
2026-04-13 14:19:24.952,T,6886.75,1,,,
2026-04-13 14:19:24.952,T,6886.75,1,,,
2026-04-13 14:19:24.952,T,6886.75,1,,,
2026-04-13 14:19:24.952,T,6886.75,4,,,
2026-04-13 14:19:24.952,T,6886.75,1,,,
2026-04-13 14:19:24.952,T,6886.75,4,,,
2026-04-13 14:19:24.952,T,6886.75,1,,,
2026-04-13 14:19:24.952,T,6886.75,1,,,
2026-04-13 14:19:24.953,T,6886.75,1,,,
2026-04-13 14:19:24.953,T,6886.75,1,,,
2026-04-13 14:19:24.953,T,6886.75,1,,,
2026-04-13 14:19:24.953,Q,,,,6886.5,6886.75
2026-04-13 14:19:24.953,T,6886.75,4,,,
2026-04-13 14:19:24.953,T,6886.75,2,,,
2026-04-13 14:19:24.953,T,6886.75,1,,,
2026-04-13 14:19:24.953,T,6886.75,1,,,
2026-04-13 14:19:24.953,T,6886.75,1,,,
2026-04-13 14:19:24.953,T,6886.75,1,,,
2026-04-13 14:19:24.953,T,6886.75,1,,,
2026-04-13 14:19:24.953,T,6886.75,1,,,
2026-04-13 14:19:24.953,T,6886.75,1,,,
2026-04-13 14:19:24.953,T,6886.5,1,,,
2026-04-13 14:19:24.953,T,6886.5,1,,,
2026-04-13 14:19:24.954,T,6886.5,1,,,
2026-04-13 14:19:24.954,T,6886.5,1,,,
2026-04-13 14:19:24.954,T,6886.5,1,,,
2026-04-13 14:19:24.954,T,6886.5,1,,,
2026-04-13 14:19:24.955,T,6886.5,1,,,
2026-04-13 14:19:24.955,T,6886.5,1,,,
2026-04-13 14:19:24.955,T,6886.5,2,,,
2026-04-13 14:19:24.955,T,6886.75,1,,,
2026-04-13 14:19:24.955,T,6886.5,1,,,
2026-04-13 14:19:24.956,T,6886.75,1,,,
2026-04-13 14:19:24.956,T,6886.75,1,,,
2026-04-13 14:19:24.956,T,6886.75,1,,,
2026-04-13 14:19:24.956,T,6886.75,1,,,
2026-04-13 14:19:24.956,T,6886.75,1,,,
2026-04-13 14:19:24.956,T,6886.75,1,,,
2026-04-13 14:19:24.956,T,6886.75,1,,,
2026-04-13 14:19:24.956,T,6886.75,1,,,
2026-04-13 14:19:24.956,T,6886.75,1,,,
2026-04-13 14:19:24.956,T,6886.75,1,,,
2026-04-13 14:19:24.956,T,6886.75,1,,,
2026-04-13 14:19:24.956,T,6886.75,1,,,
2026-04-13 14:19:24.956,T,6886.75,1,,,
2026-04-13 14:19:24.956,T,6886.75,1,,,
2026-04-13 14:19:24.956,T,6886.75,1,,,
2026-04-13 14:19:24.956,T,6886.75,1,,,
2026-04-13 14:19:24.956,T,6886.75,1,,,
2026-04-13 14:19:24.956,T,6886.75,1,,,
2026-04-13 14:19:24.956,T,6886.75,2,,,
2026-04-13 14:19:24.956,T,6886.75,1,,,
2026-04-13 14:19:24.956,T,6886.75,1,,,
2026-04-13 14:19:24.956,T,6886.75,1,,,
2026-04-13 14:19:24.956,T,6886.75,1,,,
2026-04-13 14:19:24.956,T,6886.75,1,,,
2026-04-13 14:19:24.956,T,6886.75,1,,,
2026-04-13 14:19:24.956,T,6886.75,1,,,
2026-04-13 14:19:24.956,T,6886.75,2,,,
2026-04-13 14:19:24.956,T,6886.75,1,,,
2026-04-13 14:19:24.956,T,6886.75,1,,,
2026-04-13 14:19:24.956,T,6886.75,1,,,
2026-04-13 14:19:24.956,T,6886.75,2,,,
2026-04-13 14:19:24.956,T,6886.75,1,,,
2026-04-13 14:19:24.956,T,6886.75,1,,,
2026-04-13 14:19:24.956,T,6886.75,1,,,
2026-04-13 14:19:24.956,T,6886.75,1,,,
2026-04-13 14:19:24.956,T,6886.75,1,,,
2026-04-13 14:19:24.956,T,6886.75,1,,,
2026-04-13 14:19:24.956,T,6886.75,1,,,
2026-04-13 14:19:24.956,T,6886.75,1,,,
2026-04-13 14:19:24.956,T,6886.75,1,,,
2026-04-13 14:19:24.956,T,6886.75,1,,,
2026-04-13 14:19:24.956,T,6886.75,1,,,
2026-04-13 14:19:24.956,T,6886.75,3,,,
2026-04-13 14:19:24.956,T,6886.75,1,,,
2026-04-13 14:19:24.956,T,6886.75,1,,,
2026-04-13 14:19:24.956,T,6886.75,1,,,
2026-04-13 14:19:24.956,T,6886.75,1,,,
2026-04-13 14:19:24.956,T,6886.75,1,,,
2026-04-13 14:19:24.956,T,6886.75,1,,,
2026-04-13 14:19:24.956,T,6886.75,1,,,
2026-04-13 14:19:24.956,T,6886.75,1,,,
2026-04-13 14:19:24.956,T,6886.75,2,,,
2026-04-13 14:19:24.956,T,6886.75,2,,,
2026-04-13 14:19:24.956,T,6886.75,1,,,
2026-04-13 14:19:24.956,T,6886.75,1,,,
2026-04-13 14:19:24.956,T,6886.75,1,,,
2026-04-13 14:19:24.956,T,6886.75,1,,,
2026-04-13 14:19:24.957,Q,,,,6886.5,6887.0
2026-04-13 14:19:24.957,T,6886.75,1,,,
2026-04-13 14:19:24.957,T,6886.75,1,,,
2026-04-13 14:19:24.957,T,6886.75,1,,,
2026-04-13 14:19:24.957,Q,,,,6886.75,6887.0
2026-04-13 14:19:24.957,T,6886.75,1,,,
2026-04-13 14:19:24.957,T,6886.75,1,,,
2026-04-13 14:19:24.957,T,6886.75,2,,,
2026-04-13 14:19:24.957,T,6886.75,2,,,
2026-04-13 14:19:24.957,T,6886.75,1,,,
2026-04-13 14:19:24.957,T,6886.75,2,,,
2026-04-13 14:19:24.957,T,6886.75,1,,,
2026-04-13 14:19:24.957,T,6886.75,4,,,
2026-04-13 14:19:24.957,T,6886.75,1,,,
2026-04-13 14:19:24.957,T,6886.75,1,,,
2026-04-13 14:19:24.957,T,6886.75,1,,,
2026-04-13 14:19:24.957,T,6886.75,1,,,
2026-04-13 14:19:24.957,T,6886.75,1,,,
2026-04-13 14:19:24.957,T,6886.75,1,,,
2026-04-13 14:19:24.957,T,6886.75,1,,,
2026-04-13 14:19:24.957,T,6886.75,1,,,
2026-04-13 14:19:24.957,T,6886.75,1,,,
2026-04-13 14:19:24.957,T,6886.75,1,,,
2026-04-13 14:19:24.957,T,6886.75,1,,,
2026-04-13 14:19:24.957,T,6886.75,1,,,
2026-04-13 14:19:24.957,T,6886.75,1,,,
2026-04-13 14:19:24.957,T,6886.75,1,,,
2026-04-13 14:19:24.957,T,6886.75,2,,,
2026-04-13 14:19:24.957,T,6886.75,1,,,
2026-04-13 14:19:24.957,T,6886.75,1,,,
2026-04-13 14:19:24.957,T,6886.75,2,,,
2026-04-13 14:19:24.958,T,6886.75,1,,,
2026-04-13 14:19:24.958,T,6886.75,1,,,
2026-04-13 14:19:24.958,T,6886.75,1,,,
2026-04-13 14:19:24.958,T,6886.75,1,,,
2026-04-13 14:19:24.958,T,6886.75,1,,,
2026-04-13 14:19:24.958,T,6886.75,4,,,
2026-04-13 14:19:24.958,T,6886.75,1,,,
2026-04-13 14:19:24.958,T,6886.75,1,,,
2026-04-13 14:19:24.958,T,6886.75,1,,,
2026-04-13 14:19:24.958,T,6886.75,1,,,
2026-04-13 14:19:24.958,T,6886.75,1,,,
2026-04-13 14:19:24.958,T,6886.75,1,,,
2026-04-13 14:19:24.958,T,6886.75,1,,,
2026-04-13 14:19:24.958,T,6886.75,1,,,
2026-04-13 14:19:24.958,T,6886.75,2,,,
2026-04-13 14:19:24.958,T,6886.75,1,,,
2026-04-13 14:19:24.958,T,6886.75,1,,,
2026-04-13 14:19:24.958,Q,,,,6886.5,6887.0
2026-04-13 14:19:24.958,Q,,,,6886.75,6887.0
2026-04-13 14:19:24.958,T,6886.75,4,,,
2026-04-13 14:19:24.958,T,6886.75,1,,,
2026-04-13 14:19:24.958,T,6886.75,1,,,
2026-04-13 14:19:24.958,T,6886.75,1,,,
2026-04-13 14:19:24.958,T,6886.75,1,,,
2026-04-13 14:19:24.959,T,6886.75,1,,,
2026-04-13 14:19:24.959,T,6886.75,1,,,
2026-04-13 14:19:24.959,T,6886.75,4,,,
2026-04-13 14:19:24.959,T,6886.75,1,,,
2026-04-13 14:19:24.959,T,6886.75,1,,,
2026-04-13 14:19:24.959,T,6886.75,1,,,
2026-04-13 14:19:24.959,T,6886.75,1,,,
2026-04-13 14:19:24.959,T,6886.75,1,,,
2026-04-13 14:19:24.959,T,6886.75,2,,,
2026-04-13 14:19:24.959,T,6886.75,1,,,
2026-04-13 14:19:24.959,T,6886.75,4,,,
2026-04-13 14:19:24.959,T,6886.75,1,,,
2026-04-13 14:19:24.959,T,6886.75,1,,,
2026-04-13 14:19:24.959,T,6886.75,1,,,
2026-04-13 14:19:24.959,T,6886.75,1,,,
2026-04-13 14:19:24.959,T,6886.75,1,,,
2026-04-13 14:19:24.959,T,6886.75,1,,,
2026-04-13 14:19:24.959,T,6886.75,1,,,
2026-04-13 14:19:24.959,T,6886.75,4,,,
2026-04-13 14:19:24.960,T,6886.75,1,,,
2026-04-13 14:19:24.960,T,6887.0,3,,,
2026-04-13 14:19:24.960,T,6887.0,2,,,
2026-04-13 14:19:24.960,T,6887.0,1,,,
2026-04-13 14:19:24.960,T,6887.0,1,,,
2026-04-13 14:19:24.960,T,6887.0,4,,,
2026-04-13 14:19:24.960,T,6887.0,1,,,
2026-04-13 14:19:24.960,T,6887.0,1,,,
2026-04-13 14:19:24.960,T,6887.0,1,,,
2026-04-13 14:19:24.960,T,6887.0,1,,,
2026-04-13 14:19:24.960,T,6887.0,1,,,
2026-04-13 14:19:24.960,T,6887.0,1,,,
2026-04-13 14:19:24.960,T,6887.0,1,,,
2026-04-13 14:19:24.960,T,6887.0,1,,,
2026-04-13 14:19:24.960,T,6887.0,1,,,
2026-04-13 14:19:24.960,T,6887.0,1,,,
2026-04-13 14:19:24.960,T,6887.0,1,,,
2026-04-13 14:19:24.960,T,6887.0,1,,,
2026-04-13 14:19:24.960,T,6887.0,2,,,
2026-04-13 14:19:24.960,T,6887.0,29,,,
2026-04-13 14:19:24.960,T,6887.0,3,,,
2026-04-13 14:19:24.960,T,6887.0,3,,,
2026-04-13 14:19:24.960,T,6887.0,2,,,
2026-04-13 14:19:24.960,T,6887.0,1,,,
2026-04-13 14:19:24.960,T,6887.0,1,,,
2026-04-13 14:19:24.960,T,6887.0,1,,,
2026-04-13 14:19:24.960,T,6887.0,1,,,
2026-04-13 14:19:24.960,T,6887.0,1,,,
2026-04-13 14:19:24.960,T,6887.0,1,,,
2026-04-13 14:19:24.960,T,6887.0,1,,,
2026-04-13 14:19:24.960,T,6887.0,2,,,
2026-04-13 14:19:24.960,T,6887.0,1,,,
2026-04-13 14:19:24.960,T,6887.0,1,,,
2026-04-13 14:19:24.960,T,6887.0,1,,,
2026-04-13 14:19:24.960,T,6887.0,1,,,
2026-04-13 14:19:24.960,T,6887.0,1,,,
2026-04-13 14:19:24.960,T,6887.0,1,,,
2026-04-13 14:19:24.960,T,6887.0,1,,,
2026-04-13 14:19:24.960,T,6887.0,1,,,
2026-04-13 14:19:24.960,T,6887.0,1,,,
2026-04-13 14:19:24.960,T,6887.0,1,,,
2026-04-13 14:19:24.960,T,6887.0,2,,,
2026-04-13 14:19:24.960,T,6887.0,2,,,
2026-04-13 14:19:24.961,Q,,,,6887.0,6887.25
2026-04-13 14:19:24.961,T,6887.0,1,,,
2026-04-13 14:19:24.961,T,6887.0,1,,,
2026-04-13 14:19:24.961,T,6887.0,1,,,
2026-04-13 14:19:24.961,T,6887.0,1,,,
2026-04-13 14:19:24.961,T,6887.0,1,,,
2026-04-13 14:19:24.961,T,6887.0,1,,,
2026-04-13 14:19:24.961,T,6887.0,2,,,
2026-04-13 14:19:24.961,T,6887.0,1,,,
2026-04-13 14:19:24.961,T,6887.0,4,,,
2026-04-13 14:19:24.961,T,6887.0,1,,,
2026-04-13 14:19:24.961,T,6887.0,1,,,
2026-04-13 14:19:24.961,T,6887.0,1,,,
2026-04-13 14:19:24.961,T,6887.0,1,,,
2026-04-13 14:19:24.961,Q,,,,6886.75,6887.0
2026-04-13 14:19:24.961,T,6887.0,3,,,
2026-04-13 14:19:24.961,T,6887.0,1,,,
2026-04-13 14:19:24.961,T,6887.0,1,,,
2026-04-13 14:19:24.961,T,6887.0,1,,,
2026-04-13 14:19:24.961,T,6887.0,1,,,
2026-04-13 14:19:24.961,T,6887.0,1,,,
2026-04-13 14:19:24.961,T,6887.0,1,,,
2026-04-13 14:19:24.961,T,6887.0,1,,,
2026-04-13 14:19:24.961,T,6886.75,1,,,
2026-04-13 14:19:24.962,T,6887.0,1,,,
2026-04-13 14:19:24.962,T,6887.0,1,,,
2026-04-13 14:19:24.962,T,6887.0,1,,,
2026-04-13 14:19:24.962,T,6887.0,1,,,
2026-04-13 14:19:24.962,T,6887.0,1,,,
2026-04-13 14:19:24.962,T,6887.0,1,,,
2026-04-13 14:19:24.962,Q,,,,6887.0,6887.25
2026-04-13 14:19:24.962,T,6887.0,3,,,
2026-04-13 14:19:24.962,T,6887.0,2,,,
2026-04-13 14:19:24.962,T,6887.0,1,,,
2026-04-13 14:19:24.962,T,6887.0,1,,,
2026-04-13 14:19:24.962,Q,,,,6887.25,6887.5
2026-04-13 14:19:24.962,T,6887.25,1,,,
2026-04-13 14:19:24.962,T,6887.25,1,,,
2026-04-13 14:19:24.962,T,6887.25,1,,,
2026-04-13 14:19:24.962,T,6887.25,1,,,
2026-04-13 14:19:24.962,T,6887.25,1,,,
2026-04-13 14:19:24.962,T,6887.25,1,,,
2026-04-13 14:19:24.962,T,6887.25,1,,,
2026-04-13 14:19:24.962,T,6887.25,1,,,
2026-04-13 14:19:24.962,T,6887.25,1,,,
2026-04-13 14:19:24.962,T,6887.25,1,,,
2026-04-13 14:19:24.962,T,6887.25,1,,,
2026-04-13 14:19:24.962,T,6887.25,1,,,
2026-04-13 14:19:24.962,T,6887.25,1,,,
2026-04-13 14:19:24.962,T,6887.25,1,,,
2026-04-13 14:19:24.962,T,6887.25,1,,,
2026-04-13 14:19:24.963,T,6887.25,1,,,
2026-04-13 14:19:24.963,T,6887.25,1,,,
2026-04-13 14:19:24.963,T,6887.25,1,,,
2026-04-13 14:19:24.963,T,6887.25,1,,,
2026-04-13 14:19:24.963,T,6887.25,1,,,
2026-04-13 14:19:24.963,T,6887.25,1,,,
2026-04-13 14:19:24.963,T,6887.25,1,,,
2026-04-13 14:19:24.963,T,6887.25,2,,,
2026-04-13 14:19:24.963,T,6887.25,2,,,
2026-04-13 14:19:24.963,T,6887.25,1,,,
2026-04-13 14:19:24.963,T,6887.25,1,,,
2026-04-13 14:19:24.963,T,6887.0,1,,,
2026-04-13 14:19:24.963,Q,,,,6887.0,6887.25
2026-04-13 14:19:24.963,T,6887.25,1,,,
2026-04-13 14:19:24.963,T,6887.25,3,,,
2026-04-13 14:19:24.963,T,6887.25,1,,,
2026-04-13 14:19:24.963,T,6887.25,1,,,
2026-04-13 14:19:24.963,T,6887.25,1,,,
2026-04-13 14:19:24.963,T,6887.25,1,,,
2026-04-13 14:19:24.963,T,6887.25,1,,,
2026-04-13 14:19:24.963,T,6887.25,1,,,
2026-04-13 14:19:24.963,T,6887.25,1,,,
2026-04-13 14:19:24.963,T,6887.25,1,,,
2026-04-13 14:19:24.963,T,6887.25,1,,,
2026-04-13 14:19:24.963,T,6887.25,1,,,
2026-04-13 14:19:24.963,T,6887.25,2,,,
2026-04-13 14:19:24.963,T,6887.25,2,,,
2026-04-13 14:19:24.963,T,6887.25,1,,,
2026-04-13 14:19:24.963,T,6887.25,2,,,
2026-04-13 14:19:24.963,T,6887.25,1,,,
2026-04-13 14:19:24.963,T,6887.25,1,,,
2026-04-13 14:19:24.963,T,6887.25,1,,,
2026-04-13 14:19:24.963,T,6887.25,1,,,
2026-04-13 14:19:24.963,T,6887.0,1,,,
2026-04-13 14:19:24.963,T,6887.25,1,,,
2026-04-13 14:19:24.963,T,6887.25,1,,,
2026-04-13 14:19:24.963,T,6887.25,1,,,
2026-04-13 14:19:24.963,T,6887.25,1,,,
2026-04-13 14:19:24.964,T,6887.25,1,,,
2026-04-13 14:19:24.964,T,6887.25,1,,,
2026-04-13 14:19:24.964,T,6887.25,1,,,
2026-04-13 14:19:24.964,Q,,,,6887.25,6887.5
2026-04-13 14:19:24.964,T,6887.25,2,,,
2026-04-13 14:19:24.964,T,6887.25,2,,,
2026-04-13 14:19:24.964,T,6887.25,1,,,
2026-04-13 14:19:24.964,T,6887.25,2,,,
2026-04-13 14:19:24.964,T,6887.25,1,,,
2026-04-13 14:19:24.964,T,6887.25,1,,,
2026-04-13 14:19:24.964,T,6887.25,1,,,
2026-04-13 14:19:24.964,T,6887.25,1,,,
2026-04-13 14:19:24.964,T,6887.25,1,,,
2026-04-13 14:19:24.964,T,6887.25,4,,,
2026-04-13 14:19:24.964,T,6887.25,1,,,
2026-04-13 14:19:24.964,T,6887.25,1,,,
2026-04-13 14:19:24.964,T,6887.25,2,,,
2026-04-13 14:19:24.964,T,6887.25,1,,,
2026-04-13 14:19:24.964,T,6887.25,1,,,
2026-04-13 14:19:24.964,T,6887.25,1,,,
2026-04-13 14:19:24.964,T,6887.5,1,,,
2026-04-13 14:19:24.965,T,6887.5,1,,,
2026-04-13 14:19:24.965,T,6887.5,1,,,
2026-04-13 14:19:24.965,T,6887.25,2,,,
2026-04-13 14:19:24.965,T,6887.25,1,,,
2026-04-13 14:19:24.966,T,6887.5,1,,,
2026-04-13 14:19:24.966,T,6887.5,1,,,
2026-04-13 14:19:24.966,T,6887.5,1,,,
2026-04-13 14:19:24.966,T,6887.5,1,,,
2026-04-13 14:19:24.966,T,6887.25,1,,,
2026-04-13 14:19:24.966,T,6887.5,1,,,
2026-04-13 14:19:24.966,T,6887.5,1,,,
2026-04-13 14:19:24.967,Q,,,,6887.5,6887.75
2026-04-13 14:19:24.967,T,6887.5,1,,,
2026-04-13 14:19:24.967,T,6887.5,1,,,
2026-04-13 14:19:24.967,T,6887.5,1,,,
2026-04-13 14:19:24.967,T,6887.5,1,,,
2026-04-13 14:19:24.967,T,6887.5,1,,,
2026-04-13 14:19:24.967,T,6887.5,1,,,
2026-04-13 14:19:24.967,T,6887.5,1,,,
2026-04-13 14:19:24.967,T,6887.5,1,,,
2026-04-13 14:19:24.967,T,6887.5,1,,,
2026-04-13 14:19:24.967,T,6887.5,1,,,
2026-04-13 14:19:24.967,T,6887.5,2,,,
2026-04-13 14:19:24.967,T,6887.5,1,,,
2026-04-13 14:19:24.967,T,6887.5,1,,,
2026-04-13 14:19:24.967,T,6887.5,1,,,
2026-04-13 14:19:24.967,T,6887.5,1,,,
2026-04-13 14:19:24.967,T,6887.5,1,,,
2026-04-13 14:19:24.967,T,6887.5,1,,,
2026-04-13 14:19:24.967,T,6887.5,1,,,
2026-04-13 14:19:24.967,T,6887.5,1,,,
2026-04-13 14:19:24.967,T,6887.5,1,,,
2026-04-13 14:19:24.967,T,6887.5,1,,,
2026-04-13 14:19:24.967,T,6887.5,1,,,
2026-04-13 14:19:24.967,T,6887.5,1,,,
2026-04-13 14:19:24.967,T,6887.5,1,,,
2026-04-13 14:19:24.967,T,6887.5,1,,,
2026-04-13 14:19:24.967,T,6887.5,1,,,
2026-04-13 14:19:24.967,T,6887.5,1,,,
2026-04-13 14:19:24.967,T,6887.5,1,,,
2026-04-13 14:19:24.967,T,6887.5,1,,,
2026-04-13 14:19:24.967,T,6887.5,1,,,
2026-04-13 14:19:24.967,T,6887.5,1,,,
2026-04-13 14:19:24.967,T,6887.5,1,,,
2026-04-13 14:19:24.967,T,6887.5,3,,,
2026-04-13 14:19:24.967,T,6887.5,4,,,
2026-04-13 14:19:24.967,T,6887.5,1,,,
2026-04-13 14:19:24.967,T,6887.5,1,,,
2026-04-13 14:19:24.967,T,6887.5,2,,,
2026-04-13 14:19:24.967,T,6887.5,1,,,
2026-04-13 14:19:24.967,T,6887.5,4,,,
2026-04-13 14:19:24.967,T,6887.5,1,,,
2026-04-13 14:19:24.967,T,6887.5,1,,,
2026-04-13 14:19:24.967,T,6887.5,1,,,
2026-04-13 14:19:24.967,T,6887.5,1,,,
2026-04-13 14:19:24.967,T,6887.5,2,,,
2026-04-13 14:19:24.967,T,6887.5,1,,,
2026-04-13 14:19:24.967,T,6887.5,1,,,
2026-04-13 14:19:24.967,T,6887.25,1,,,
2026-04-13 14:19:24.967,T,6887.5,2,,,
2026-04-13 14:19:24.967,T,6887.5,1,,,
2026-04-13 14:19:24.967,T,6887.5,1,,,
2026-04-13 14:19:24.967,T,6887.5,1,,,
2026-04-13 14:19:24.967,T,6887.5,1,,,
2026-04-13 14:19:24.968,T,6887.5,1,,,
2026-04-13 14:19:24.968,T,6887.5,1,,,
2026-04-13 14:19:24.968,T,6887.5,1,,,
2026-04-13 14:19:24.968,T,6887.5,1,,,
2026-04-13 14:19:24.968,T,6887.5,1,,,
2026-04-13 14:19:24.968,T,6887.5,2,,,
2026-04-13 14:19:24.968,Q,,,,6887.25,6887.5
2026-04-13 14:19:24.968,T,6887.5,4,,,
2026-04-13 14:19:24.968,T,6887.5,1,,,
2026-04-13 14:19:24.968,T,6887.5,1,,,
2026-04-13 14:19:24.968,T,6887.5,1,,,
2026-04-13 14:19:24.968,Q,,,,6887.5,6887.75
2026-04-13 14:19:24.968,T,6887.75,1,,,
2026-04-13 14:19:24.968,Q,,,,6887.25,6887.5
2026-04-13 14:19:24.969,T,6887.5,1,,,
2026-04-13 14:19:24.969,T,6887.5,1,,,
2026-04-13 14:19:24.969,T,6887.5,2,,,
2026-04-13 14:19:24.969,T,6887.5,1,,,
2026-04-13 14:19:24.969,T,6887.5,2,,,
2026-04-13 14:19:24.969,T,6887.5,1,,,
2026-04-13 14:19:24.969,T,6887.5,1,,,
2026-04-13 14:19:24.969,T,6887.5,2,,,
2026-04-13 14:19:24.969,T,6887.5,1,,,
2026-04-13 14:19:24.969,T,6887.5,1,,,
2026-04-13 14:19:24.969,T,6887.25,1,,,
2026-04-13 14:19:24.969,T,6887.25,1,,,
2026-04-13 14:19:24.969,T,6887.25,1,,,
2026-04-13 14:19:24.969,T,6887.25,1,,,
2026-04-13 14:19:24.969,T,6887.5,1,,,
2026-04-13 14:19:24.969,T,6887.5,3,,,
2026-04-13 14:19:24.969,T,6887.5,1,,,
2026-04-13 14:19:24.970,T,6887.25,1,,,
2026-04-13 14:19:24.970,T,6887.25,1,,,
2026-04-13 14:19:24.970,T,6887.25,1,,,
2026-04-13 14:19:24.970,T,6887.25,1,,,
2026-04-13 14:19:24.970,T,6887.25,1,,,
2026-04-13 14:19:24.970,T,6887.25,1,,,
2026-04-13 14:19:24.970,T,6887.25,1,,,
2026-04-13 14:19:24.970,T,6887.25,1,,,
2026-04-13 14:19:24.970,T,6887.25,1,,,
2026-04-13 14:19:24.970,T,6887.25,1,,,
2026-04-13 14:19:24.970,T,6887.25,1,,,
2026-04-13 14:19:24.970,T,6887.25,1,,,
2026-04-13 14:19:24.970,T,6887.25,3,,,
2026-04-13 14:19:24.970,T,6887.25,2,,,
2026-04-13 14:19:24.970,T,6887.25,1,,,
2026-04-13 14:19:24.970,Q,,,,6887.0,6887.25
2026-04-13 14:19:24.970,T,6887.25,1,,,
2026-04-13 14:19:24.970,T,6887.25,1,,,
2026-04-13 14:19:24.970,T,6887.25,1,,,
2026-04-13 14:19:24.970,T,6887.25,1,,,
2026-04-13 14:19:24.970,T,6887.25,1,,,
2026-04-13 14:19:24.971,T,6887.0,1,,,
2026-04-13 14:19:24.971,T,6887.0,1,,,
2026-04-13 14:19:24.971,T,6887.0,1,,,
2026-04-13 14:19:24.971,T,6887.0,1,,,
2026-04-13 14:19:24.971,T,6887.0,1,,,
2026-04-13 14:19:24.971,T,6887.0,1,,,
2026-04-13 14:19:24.971,T,6887.0,1,,,
2026-04-13 14:19:24.971,T,6887.0,1,,,
2026-04-13 14:19:24.971,T,6887.0,1,,,
2026-04-13 14:19:24.971,T,6887.0,2,,,
2026-04-13 14:19:24.971,T,6887.0,1,,,
2026-04-13 14:19:24.971,T,6887.0,1,,,
2026-04-13 14:19:24.971,T,6887.0,4,,,
2026-04-13 14:19:24.971,T,6887.0,1,,,
2026-04-13 14:19:24.971,T,6887.0,1,,,
2026-04-13 14:19:24.971,T,6887.0,1,,,
2026-04-13 14:19:24.971,T,6887.0,1,,,
2026-04-13 14:19:24.971,T,6887.0,1,,,
2026-04-13 14:19:24.971,T,6887.0,1,,,
2026-04-13 14:19:24.971,Q,,,,6886.75,6887.0
2026-04-13 14:19:24.971,T,6887.0,1,,,
2026-04-13 14:19:24.971,T,6887.0,1,,,
2026-04-13 14:19:24.971,T,6887.0,1,,,
2026-04-13 14:19:24.971,T,6887.0,2,,,
2026-04-13 14:19:24.971,T,6887.0,1,,,
2026-04-13 14:19:24.971,T,6887.0,1,,,
2026-04-13 14:19:24.971,Q,,,,6887.0,6887.25
2026-04-13 14:19:24.972,T,6887.0,3,,,
2026-04-13 14:19:24.972,T,6887.0,3,,,
2026-04-13 14:19:24.972,T,6887.0,1,,,
2026-04-13 14:19:24.972,T,6887.0,1,,,
2026-04-13 14:19:24.972,T,6887.0,1,,,
2026-04-13 14:19:24.972,T,6887.0,1,,,
2026-04-13 14:19:24.972,T,6887.0,1,,,
2026-04-13 14:19:24.972,T,6887.0,1,,,
2026-04-13 14:19:24.972,T,6887.0,1,,,
2026-04-13 14:19:24.972,T,6887.0,1,,,
2026-04-13 14:19:24.972,T,6887.0,1,,,
2026-04-13 14:19:24.972,T,6887.0,1,,,
2026-04-13 14:19:24.972,T,6887.0,1,,,
2026-04-13 14:19:24.972,T,6887.0,1,,,
2026-04-13 14:19:24.972,T,6887.0,1,,,
2026-04-13 14:19:24.972,T,6886.75,1,,,
2026-04-13 14:19:24.972,T,6886.75,1,,,
2026-04-13 14:19:24.972,T,6886.75,1,,,
2026-04-13 14:19:24.972,T,6886.75,2,,,
2026-04-13 14:19:24.972,T,6886.75,1,,,
2026-04-13 14:19:24.972,T,6886.75,1,,,
2026-04-13 14:19:24.972,T,6886.75,2,,,
2026-04-13 14:19:24.972,T,6886.75,1,,,
2026-04-13 14:19:24.972,T,6886.75,1,,,
2026-04-13 14:19:24.972,T,6886.75,1,,,
2026-04-13 14:19:24.972,T,6886.75,1,,,
2026-04-13 14:19:24.972,T,6886.75,4,,,
2026-04-13 14:19:24.972,T,6886.75,1,,,
2026-04-13 14:19:24.972,T,6886.75,1,,,
2026-04-13 14:19:24.972,T,6886.75,2,,,
2026-04-13 14:19:24.972,T,6887.0,1,,,
2026-04-13 14:19:24.972,T,6887.0,1,,,
2026-04-13 14:19:24.972,T,6887.0,1,,,
2026-04-13 14:19:24.972,T,6887.0,1,,,
2026-04-13 14:19:24.972,T,6887.0,1,,,
2026-04-13 14:19:24.972,T,6887.0,1,,,
2026-04-13 14:19:24.973,T,6887.25,1,,,
2026-04-13 14:19:24.973,T,6887.25,1,,,
2026-04-13 14:19:24.973,T,6887.25,1,,,
2026-04-13 14:19:24.973,T,6887.25,1,,,
2026-04-13 14:19:24.973,T,6887.25,1,,,
2026-04-13 14:19:24.973,T,6887.25,1,,,
2026-04-13 14:19:24.973,T,6887.25,1,,,
2026-04-13 14:19:24.973,Q,,,,6887.25,6887.5
2026-04-13 14:19:24.974,T,6887.5,2,,,
2026-04-13 14:19:24.974,T,6887.25,1,,,
2026-04-13 14:19:24.974,T,6887.5,3,,,
2026-04-13 14:19:24.974,T,6887.5,1,,,
2026-04-13 14:19:24.974,T,6887.5,1,,,
2026-04-13 14:19:24.974,T,6887.5,1,,,
2026-04-13 14:19:24.974,T,6887.5,1,,,
2026-04-13 14:19:24.974,Q,,,,6887.5,6887.75
2026-04-13 14:19:24.975,T,6887.5,1,,,
2026-04-13 14:19:24.975,T,6887.5,1,,,
2026-04-13 14:19:24.975,T,6887.5,1,,,
2026-04-13 14:19:24.975,T,6887.5,1,,,
2026-04-13 14:19:24.975,T,6887.5,1,,,
2026-04-13 14:19:24.975,T,6887.5,1,,,
2026-04-13 14:19:24.975,T,6887.5,1,,,
2026-04-13 14:19:24.975,T,6887.5,1,,,
2026-04-13 14:19:24.975,T,6887.5,3,,,
2026-04-13 14:19:24.975,T,6887.5,1,,,
2026-04-13 14:19:24.975,T,6887.5,1,,,
2026-04-13 14:19:24.975,T,6887.5,1,,,
2026-04-13 14:19:24.975,T,6887.5,1,,,
2026-04-13 14:19:24.975,T,6887.5,1,,,
2026-04-13 14:19:24.975,T,6887.5,2,,,
2026-04-13 14:19:24.975,T,6887.5,1,,,
2026-04-13 14:19:24.975,T,6887.5,2,,,
2026-04-13 14:19:24.975,Q,,,,6887.25,6887.5
2026-04-13 14:19:24.975,T,6887.25,1,,,
2026-04-13 14:19:24.975,Q,,,,6887.0,6887.25
2026-04-13 14:19:24.976,T,6887.25,1,,,
2026-04-13 14:19:24.976,T,6887.25,1,,,
2026-04-13 14:19:24.976,T,6887.25,1,,,
2026-04-13 14:19:24.976,T,6887.25,1,,,
2026-04-13 14:19:24.976,T,6887.25,1,,,
2026-04-13 14:19:24.976,T,6887.25,1,,,
2026-04-13 14:19:24.976,T,6887.25,1,,,
2026-04-13 14:19:24.976,T,6887.25,1,,,
2026-04-13 14:19:24.976,T,6887.25,1,,,
2026-04-13 14:19:24.976,T,6887.25,1,,,
2026-04-13 14:19:24.976,T,6887.25,1,,,
2026-04-13 14:19:24.976,T,6887.25,1,,,
2026-04-13 14:19:24.976,T,6887.25,3,,,
2026-04-13 14:19:24.976,T,6887.25,1,,,
2026-04-13 14:19:24.976,T,6887.25,1,,,
2026-04-13 14:19:24.976,T,6887.25,1,,,
2026-04-13 14:19:24.976,T,6887.25,1,,,
2026-04-13 14:19:24.976,T,6887.25,1,,,
2026-04-13 14:19:24.976,T,6887.0,1,,,
2026-04-13 14:19:24.976,T,6887.25,1,,,
2026-04-13 14:19:24.976,T,6887.25,1,,,
2026-04-13 14:19:24.976,T,6887.25,1,,,
2026-04-13 14:19:24.976,T,6887.25,2,,,
2026-04-13 14:19:24.976,T,6887.25,1,,,
2026-04-13 14:19:24.976,T,6887.25,1,,,
2026-04-13 14:19:24.976,T,6887.25,1,,,
2026-04-13 14:19:24.976,T,6887.25,1,,,
2026-04-13 14:19:24.976,T,6887.25,1,,,
2026-04-13 14:19:24.976,T,6887.25,1,,,
2026-04-13 14:19:24.976,T,6887.25,1,,,
2026-04-13 14:19:24.976,T,6887.25,1,,,
2026-04-13 14:19:24.976,T,6887.25,1,,,
2026-04-13 14:19:24.976,T,6887.25,1,,,
2026-04-13 14:19:24.976,T,6887.25,1,,,
2026-04-13 14:19:24.976,T,6887.25,1,,,
2026-04-13 14:19:24.976,T,6887.25,1,,,
2026-04-13 14:19:24.976,T,6887.25,1,,,
2026-04-13 14:19:24.976,T,6887.25,1,,,
2026-04-13 14:19:24.976,T,6887.25,1,,,
2026-04-13 14:19:24.976,T,6887.25,1,,,
2026-04-13 14:19:24.976,T,6887.25,1,,,
2026-04-13 14:19:24.976,T,6887.25,1,,,
2026-04-13 14:19:24.977,T,6887.25,2,,,
2026-04-13 14:19:24.977,T,6887.25,1,,,
2026-04-13 14:19:24.977,T,6887.25,1,,,
2026-04-13 14:19:24.977,T,6887.25,1,,,
2026-04-13 14:19:24.977,T,6887.25,1,,,
2026-04-13 14:19:24.977,T,6887.25,1,,,
2026-04-13 14:19:24.977,T,6887.25,1,,,
2026-04-13 14:19:24.977,T,6887.25,2,,,
2026-04-13 14:19:24.977,T,6887.25,2,,,
2026-04-13 14:19:24.977,T,6887.25,4,,,
2026-04-13 14:19:24.977,T,6887.25,2,,,
2026-04-13 14:19:24.977,T,6887.25,1,,,
2026-04-13 14:19:24.977,T,6887.25,1,,,
2026-04-13 14:19:24.977,T,6887.25,1,,,
2026-04-13 14:19:24.977,T,6887.25,1,,,
2026-04-13 14:19:24.977,T,6887.25,1,,,
2026-04-13 14:19:24.977,T,6887.25,1,,,
2026-04-13 14:19:24.977,T,6887.25,1,,,
2026-04-13 14:19:24.977,T,6887.25,1,,,
2026-04-13 14:19:24.977,T,6887.25,1,,,
2026-04-13 14:19:24.977,T,6887.25,1,,,
2026-04-13 14:19:24.977,T,6887.25,1,,,
2026-04-13 14:19:24.977,T,6887.5,1,,,
2026-04-13 14:19:24.977,T,6887.5,1,,,
2026-04-13 14:19:24.977,T,6887.5,1,,,
2026-04-13 14:19:24.977,Q,,,,6887.25,6887.5
2026-04-13 14:19:24.978,Q,,,,6887.5,6887.75
2026-04-13 14:19:24.978,T,6887.5,1,,,
2026-04-13 14:19:24.978,T,6887.5,1,,,
2026-04-13 14:19:24.978,T,6887.5,1,,,
2026-04-13 14:19:24.978,T,6887.5,1,,,
2026-04-13 14:19:24.978,T,6887.5,1,,,
2026-04-13 14:19:24.978,T,6887.5,1,,,
2026-04-13 14:19:24.978,T,6887.5,2,,,
2026-04-13 14:19:24.978,T,6887.5,1,,,
2026-04-13 14:19:24.978,T,6887.5,1,,,
2026-04-13 14:19:24.978,T,6887.5,1,,,
2026-04-13 14:19:24.978,T,6887.5,1,,,
2026-04-13 14:19:24.978,T,6887.5,1,,,
2026-04-13 14:19:24.978,T,6887.5,1,,,
2026-04-13 14:19:24.978,T,6887.5,1,,,
2026-04-13 14:19:24.978,T,6887.5,1,,,
2026-04-13 14:19:24.978,T,6887.75,1,,,
2026-04-13 14:19:24.978,T,6887.75,1,,,
2026-04-13 14:19:24.978,T,6887.75,2,,,
2026-04-13 14:19:24.978,T,6887.75,1,,,
2026-04-13 14:19:24.979,Q,,,,6887.75,6888.0
2026-04-13 14:19:24.979,T,6887.75,1,,,
2026-04-13 14:19:24.979,T,6887.75,1,,,
2026-04-13 14:19:24.979,T,6887.75,1,,,
2026-04-13 14:19:24.979,T,6887.75,1,,,
2026-04-13 14:19:24.979,T,6887.75,1,,,
2026-04-13 14:19:24.979,T,6887.75,1,,,
2026-04-13 14:19:24.979,T,6887.75,1,,,
2026-04-13 14:19:24.979,T,6887.75,1,,,
2026-04-13 14:19:24.979,T,6888.0,1,,,
2026-04-13 14:19:24.979,T,6888.0,1,,,
2026-04-13 14:19:24.979,T,6888.0,1,,,
2026-04-13 14:19:24.979,T,6888.0,1,,,
2026-04-13 14:19:24.979,T,6888.0,1,,,
2026-04-13 14:19:24.979,T,6888.0,1,,,
2026-04-13 14:19:24.979,T,6888.0,1,,,
2026-04-13 14:19:24.979,Q,,,,6887.5,6887.75
2026-04-13 14:19:24.979,T,6887.75,1,,,
2026-04-13 14:19:24.979,T,6887.75,1,,,
2026-04-13 14:19:24.979,T,6887.75,1,,,
2026-04-13 14:19:24.979,T,6887.75,1,,,
2026-04-13 14:19:24.979,T,6887.75,1,,,
2026-04-13 14:19:24.979,T,6887.75,1,,,
2026-04-13 14:19:24.979,T,6887.75,1,,,
2026-04-13 14:19:24.979,T,6887.75,1,,,
2026-04-13 14:19:24.979,T,6887.75,3,,,
2026-04-13 14:19:24.979,T,6887.75,1,,,
2026-04-13 14:19:24.979,T,6887.5,1,,,
2026-04-13 14:19:24.980,T,6887.75,1,,,
2026-04-13 14:19:24.980,Q,,,,6887.5,6888.0
2026-04-13 14:19:24.980,T,6887.75,5,,,
2026-04-13 14:19:24.980,T,6887.75,1,,,
2026-04-13 14:19:24.980,T,6887.75,1,,,
2026-04-13 14:19:24.980,T,6887.75,1,,,
2026-04-13 14:19:24.980,T,6887.75,1,,,
2026-04-13 14:19:24.980,T,6887.75,1,,,
2026-04-13 14:19:24.980,T,6887.75,1,,,
2026-04-13 14:19:24.980,T,6887.75,1,,,
2026-04-13 14:19:24.980,T,6887.75,1,,,
2026-04-13 14:19:24.980,T,6887.75,1,,,
2026-04-13 14:19:24.980,T,6887.75,1,,,
2026-04-13 14:19:24.980,Q,,,,6887.5,6887.75
2026-04-13 14:19:24.981,T,6887.75,1,,,
2026-04-13 14:19:24.981,T,6887.75,1,,,
2026-04-13 14:19:24.981,T,6887.75,1,,,
2026-04-13 14:19:24.982,T,6887.75,1,,,
2026-04-13 14:19:24.982,T,6887.5,1,,,
2026-04-13 14:19:24.982,T,6887.5,1,,,
2026-04-13 14:19:24.982,T,6887.75,1,,,
2026-04-13 14:19:24.982,Q,,,,6887.75,6888.0
2026-04-13 14:19:24.982,T,6887.75,1,,,
2026-04-13 14:19:24.982,T,6887.75,1,,,
2026-04-13 14:19:24.982,T,6887.75,1,,,
2026-04-13 14:19:24.982,T,6887.75,1,,,
2026-04-13 14:19:24.982,T,6887.75,1,,,
2026-04-13 14:19:24.982,T,6887.75,1,,,
2026-04-13 14:19:24.982,T,6887.75,1,,,
2026-04-13 14:19:24.982,T,6887.75,1,,,
2026-04-13 14:19:24.982,T,6887.75,1,,,
2026-04-13 14:19:24.982,T,6887.75,1,,,
2026-04-13 14:19:24.983,Q,,,,6887.5,6887.75
2026-04-13 14:19:24.983,T,6887.75,1,,,
2026-04-13 14:19:24.983,T,6887.75,1,,,
2026-04-13 14:19:24.983,T,6887.75,1,,,
2026-04-13 14:19:24.983,T,6887.75,1,,,
2026-04-13 14:19:24.983,T,6887.75,1,,,
2026-04-13 14:19:24.983,Q,,,,6887.5,6888.0
2026-04-13 14:19:24.983,T,6887.75,1,,,
2026-04-13 14:19:24.983,T,6887.75,1,,,
2026-04-13 14:19:24.983,T,6887.75,1,,,
2026-04-13 14:19:24.983,T,6887.75,1,,,
2026-04-13 14:19:24.983,T,6887.75,1,,,
2026-04-13 14:19:24.983,T,6887.75,1,,,
2026-04-13 14:19:24.983,T,6887.75,1,,,
2026-04-13 14:19:24.983,T,6887.75,1,,,
2026-04-13 14:19:24.983,T,6887.75,1,,,
2026-04-13 14:19:24.983,Q,,,,6887.75,6888.0
2026-04-13 14:19:24.983,T,6887.75,1,,,
2026-04-13 14:19:24.983,T,6887.75,1,,,
2026-04-13 14:19:24.983,T,6887.75,2,,,
2026-04-13 14:19:24.983,T,6887.75,1,,,
2026-04-13 14:19:24.983,T,6887.75,1,,,
2026-04-13 14:19:24.983,T,6887.75,1,,,
2026-04-13 14:19:24.983,T,6887.75,1,,,
2026-04-13 14:19:24.984,T,6888.0,1,,,
2026-04-13 14:19:24.984,T,6888.0,3,,,
2026-04-13 14:19:24.984,T,6888.0,1,,,
2026-04-13 14:19:24.984,T,6888.0,1,,,
2026-04-13 14:19:24.984,T,6887.75,1,,,
2026-04-13 14:19:24.984,T,6887.75,1,,,
2026-04-13 14:19:24.984,T,6887.75,1,,,
2026-04-13 14:19:24.984,T,6887.75,1,,,
2026-04-13 14:19:24.984,Q,,,,6887.5,6887.75
2026-04-13 14:19:24.984,T,6887.5,1,,,
2026-04-13 14:19:24.984,T,6887.5,1,,,
2026-04-13 14:19:24.984,T,6887.5,1,,,
2026-04-13 14:19:24.985,T,6887.5,1,,,
2026-04-13 14:19:24.985,T,6887.5,1,,,
2026-04-13 14:19:24.985,T,6887.5,1,,,
2026-04-13 14:19:24.985,T,6887.5,1,,,
2026-04-13 14:19:24.985,T,6887.5,1,,,
2026-04-13 14:19:24.985,T,6887.5,1,,,
2026-04-13 14:19:24.985,T,6887.5,1,,,
2026-04-13 14:19:24.985,T,6887.5,1,,,
2026-04-13 14:19:24.985,T,6887.5,1,,,
2026-04-13 14:19:24.985,T,6887.5,1,,,
2026-04-13 14:19:24.985,T,6887.5,1,,,
2026-04-13 14:19:24.985,T,6887.5,2,,,
2026-04-13 14:19:24.985,T,6887.5,1,,,
2026-04-13 14:19:24.985,T,6887.5,1,,,
2026-04-13 14:19:24.985,Q,,,,6887.25,6887.5
2026-04-13 14:19:24.985,Q,,,,6887.25,6887.75
2026-04-13 14:19:24.985,T,6887.5,1,,,
2026-04-13 14:19:24.985,T,6887.5,1,,,
2026-04-13 14:19:24.985,T,6887.5,2,,,
2026-04-13 14:19:24.985,T,6887.5,2,,,
2026-04-13 14:19:24.985,T,6887.5,1,,,
2026-04-13 14:19:24.985,T,6887.5,2,,,
2026-04-13 14:19:24.985,T,6887.5,1,,,
2026-04-13 14:19:24.985,T,6887.5,1,,,
2026-04-13 14:19:24.985,T,6887.5,1,,,
2026-04-13 14:19:24.985,T,6887.5,1,,,
2026-04-13 14:19:24.985,T,6887.5,1,,,
2026-04-13 14:19:24.985,T,6887.5,1,,,
2026-04-13 14:19:24.985,T,6887.5,1,,,
2026-04-13 14:19:24.985,T,6887.5,1,,,
2026-04-13 14:19:24.985,T,6887.5,1,,,
2026-04-13 14:19:24.985,Q,,,,6887.5,6887.75
2026-04-13 14:19:24.986,T,6887.75,1,,,
2026-04-13 14:19:24.986,T,6887.5,4,,,
2026-04-13 14:19:24.986,T,6887.5,1,,,
2026-04-13 14:19:24.986,T,6887.75,1,,,
2026-04-13 14:19:24.986,T,6887.75,1,,,
2026-04-13 14:19:41.969,Q,,,,6886.75,6887.0
2026-04-13 14:19:44.048,T,6887.0,1,,,
2026-04-13 14:19:44.048,T,6887.0,1,,,
2026-04-13 14:19:44.048,T,6887.0,2,,,
2026-04-13 14:19:44.048,T,6887.0,1,,,
2026-04-13 14:19:44.048,T,6887.0,1,,,
2026-04-13 14:19:44.048,T,6887.0,4,,,
2026-04-13 14:19:44.048,T,6887.0,1,,,
2026-04-13 14:19:44.048,T,6887.0,2,,,
2026-04-13 14:19:44.048,T,6887.0,1,,,
2026-04-13 14:19:44.048,T,6887.0,1,,,
2026-04-13 14:19:44.048,T,6887.0,1,,,
2026-04-13 14:19:44.048,T,6887.0,1,,,
2026-04-13 14:19:44.048,T,6887.0,1,,,
2026-04-13 14:19:44.048,T,6887.0,2,,,
2026-04-13 14:19:44.048,T,6887.0,1,,,
2026-04-13 14:19:44.048,T,6887.0,1,,,
2026-04-13 14:19:44.048,T,6887.0,1,,,
2026-04-13 14:19:44.048,T,6887.0,1,,,
2026-04-13 14:19:44.048,T,6887.0,1,,,
2026-04-13 14:19:44.048,T,6887.0,1,,,
2026-04-13 14:19:44.048,T,6887.0,1,,,
2026-04-13 14:19:44.048,T,6887.0,1,,,
2026-04-13 14:19:44.048,T,6887.0,1,,,
2026-04-13 14:19:44.048,T,6887.0,1,,,
2026-04-13 14:19:44.048,T,6887.0,1,,,
2026-04-13 14:19:44.048,T,6886.75,1,,,
2026-04-13 14:19:45.021,T,6886.75,3,,,
2026-04-13 14:19:45.021,T,6886.75,1,,,
2026-04-13 14:19:45.021,T,6886.75,1,,,
2026-04-13 14:19:45.021,T,6886.75,1,,,
2026-04-13 14:19:45.021,T,6886.75,1,,,
2026-04-13 14:19:45.021,T,6886.75,1,,,
2026-04-13 14:19:45.021,T,6886.75,1,,,
2026-04-13 14:19:45.021,T,6886.75,1,,,
2026-04-13 14:19:45.038,T,6886.75,2,,,
2026-04-13 14:19:45.038,T,6886.75,2,,,
2026-04-13 14:19:45.038,T,6886.75,1,,,
2026-04-13 14:19:45.038,T,6886.75,1,,,
2026-04-13 14:19:45.038,T,6886.75,1,,,
2026-04-13 14:19:45.038,T,6886.75,1,,,
2026-04-13 14:19:45.038,T,6886.75,1,,,
2026-04-13 14:19:45.038,T,6886.75,1,,,
2026-04-13 14:19:45.038,T,6886.75,1,,,
2026-04-13 14:19:45.038,T,6886.75,1,,,
2026-04-13 14:19:45.038,T,6886.75,1,,,
2026-04-13 14:19:45.038,T,6886.75,3,,,
2026-04-13 14:19:45.038,T,6886.75,1,,,
2026-04-13 14:19:45.038,T,6886.75,1,,,
2026-04-13 14:19:45.038,T,6886.75,1,,,
2026-04-13 14:19:45.038,T,6886.75,1,,,
2026-04-13 14:19:45.038,T,6886.75,3,,,
2026-04-13 14:19:45.038,T,6886.75,2,,,
2026-04-13 14:19:45.038,T,6886.75,1,,,
2026-04-13 14:19:45.038,T,6886.75,1,,,
2026-04-13 14:19:45.038,T,6886.75,2,,,
2026-04-13 14:19:45.038,T,6886.75,1,,,
2026-04-13 14:19:45.038,T,6886.75,1,,,
2026-04-13 14:19:45.038,T,6886.75,1,,,
2026-04-13 14:19:45.038,T,6886.75,4,,,
2026-04-13 14:19:45.038,T,6886.75,1,,,
2026-04-13 14:19:45.038,T,6886.75,1,,,
2026-04-13 14:19:45.038,T,6886.75,1,,,
2026-04-13 14:19:45.038,T,6886.75,1,,,
2026-04-13 14:19:45.038,T,6886.75,1,,,
2026-04-13 14:19:45.038,T,6886.75,1,,,
2026-04-13 14:19:45.038,T,6886.75,1,,,
2026-04-13 14:19:45.038,T,6886.75,4,,,
2026-04-13 14:19:45.038,T,6886.75,1,,,
2026-04-13 14:19:45.038,T,6886.75,1,,,
2026-04-13 14:19:45.038,T,6886.75,1,,,
2026-04-13 14:19:45.038,T,6886.75,1,,,
2026-04-13 14:19:45.038,T,6886.75,1,,,
2026-04-13 14:19:46.150,T,6886.75,1,,,
2026-04-13 14:19:46.187,T,6887.0,1,,,
2026-04-13 14:19:46.187,T,6886.75,1,,,
2026-04-13 14:19:46.187,T,6886.75,1,,,
2026-04-13 14:19:46.339,T,6886.75,1,,,
2026-04-13 14:19:46.339,T,6886.75,1,,,
2026-04-13 14:19:46.339,T,6886.75,1,,,
2026-04-13 14:19:46.339,T,6886.75,1,,,
2026-04-13 14:19:46.339,T,6886.75,1,,,
2026-04-13 14:19:46.339,T,6886.75,1,,,
2026-04-13 14:19:46.339,T,6886.75,1,,,
2026-04-13 14:19:46.339,T,6886.75,1,,,
2026-04-13 14:19:46.339,T,6886.5,1,,,
2026-04-13 14:19:46.339,T,6886.75,1,,,
2026-04-13 14:19:46.484,Q,,,,6886.5,6887.0
2026-04-13 14:19:46.485,T,6886.75,1,,,
2026-04-13 14:19:46.485,T,6886.75,1,,,
2026-04-13 14:19:46.485,T,6886.75,1,,,
2026-04-13 14:19:46.536,T,6886.75,1,,,
2026-04-13 14:19:46.685,Q,,,,6886.5,6886.75
2026-04-13 14:19:46.735,T,6886.75,1,,,
2026-04-13 14:19:46.735,T,6886.75,1,,,
2026-04-13 14:19:46.735,T,6886.75,1,,,
2026-04-13 14:19:46.735,T,6886.75,1,,,
2026-04-13 14:19:46.736,Q,,,,6886.5,6887.0
2026-04-13 14:19:47.250,Q,,,,6886.75,6887.0
2026-04-13 14:19:47.638,Q,,,,6886.5,6886.75
2026-04-13 14:19:47.638,T,6886.75,1,,,
2026-04-13 14:19:47.638,T,6886.75,1,,,
2026-04-13 14:19:47.638,T,6886.75,1,,,
2026-04-13 14:19:47.638,T,6886.75,1,,,
2026-04-13 14:19:47.638,T,6886.75,1,,,
2026-04-13 14:19:48.966,T,6886.75,1,,,
2026-04-13 14:19:49.086,T,6886.75,1,,,
2026-04-13 14:19:49.086,T,6886.75,1,,,
2026-04-13 14:19:49.086,T,6886.75,1,,,
2026-04-13 14:19:49.388,Q,,,,6886.75,6887.0
2026-04-13 14:19:49.389,T,6886.75,1,,,
2026-04-13 14:19:49.389,T,6886.75,1,,,
2026-04-13 14:19:49.389,T,6886.75,1,,,
2026-04-13 14:19:49.389,T,6886.75,1,,,
2026-04-13 14:19:49.389,T,6886.75,1,,,
2026-04-13 14:19:49.436,T,6886.75,1,,,
2026-04-13 14:19:49.436,T,6886.75,1,,,
2026-04-13 14:19:49.437,Q,,,,6886.5,6886.75
2026-04-13 14:19:50.394,Q,,,,6886.75,6887.0
2026-04-13 14:19:50.395,T,6886.75,1,,,
2026-04-13 14:19:50.395,T,6886.75,1,,,
2026-04-13 14:19:50.395,T,6886.75,1,,,
2026-04-13 14:19:50.395,T,6886.75,1,,,
2026-04-13 14:19:50.395,T,6886.75,1,,,
2026-04-13 14:19:50.395,T,6886.75,1,,,
2026-04-13 14:19:50.584,Q,,,,6886.5,6887.0
2026-04-13 14:19:50.585,T,6886.75,1,,,
2026-04-13 14:19:50.585,T,6886.75,1,,,
2026-04-13 14:19:50.585,T,6886.75,1,,,
2026-04-13 14:19:50.585,T,6886.75,1,,,
2026-04-13 14:19:50.585,T,6886.75,1,,,
2026-04-13 14:19:50.585,T,6886.75,1,,,
2026-04-13 14:19:50.585,T,6886.75,1,,,
2026-04-13 14:19:50.585,T,6886.75,1,,,
2026-04-13 14:19:50.636,Q,,,,6886.5,6886.75
2026-04-13 14:19:52.113,T,6886.5,3,,,
2026-04-13 14:19:52.339,Q,,,,6886.5,6887.0
2026-04-13 14:19:52.340,T,6886.75,1,,,
2026-04-13 14:19:52.340,T,6886.75,1,,,
2026-04-13 14:19:52.340,T,6886.75,1,,,
2026-04-13 14:19:52.340,T,6886.75,1,,,
2026-04-13 14:19:52.340,T,6886.75,1,,,
2026-04-13 14:19:52.340,T,6886.75,1,,,
2026-04-13 14:19:52.340,T,6886.75,2,,,
2026-04-13 14:19:52.340,T,6886.75,1,,,
2026-04-13 14:19:52.340,T,6886.75,1,,,
2026-04-13 14:19:52.340,T,6886.75,1,,,
2026-04-13 14:19:52.340,T,6886.75,1,,,
2026-04-13 14:19:52.340,T,6886.75,1,,,
2026-04-13 14:19:52.340,T,6886.75,1,,,
2026-04-13 14:19:52.340,T,6886.75,1,,,
2026-04-13 14:19:52.340,T,6886.75,1,,,
2026-04-13 14:19:52.340,T,6886.75,1,,,
2026-04-13 14:19:52.340,T,6886.75,1,,,
2026-04-13 14:19:52.340,T,6886.75,1,,,
2026-04-13 14:19:52.340,T,6886.75,1,,,
2026-04-13 14:19:52.340,T,6886.75,1,,,
2026-04-13 14:19:52.340,T,6886.75,1,,,
2026-04-13 14:19:52.340,T,6886.75,1,,,
2026-04-13 14:19:52.340,T,6886.75,1,,,
2026-04-13 14:19:52.736,T,6886.5,1,,,
2026-04-13 14:19:52.736,T,6886.5,1,,,
2026-04-13 14:19:52.736,T,6886.5,1,,,
2026-04-13 14:19:52.737,Q,,,,6886.5,6886.75
2026-04-13 14:19:53.738,T,6886.5,1,,,
2026-04-13 14:19:54.591,T,6886.75,1,,,
2026-04-13 14:19:54.591,T,6886.75,1,,,
2026-04-13 14:19:54.591,T,6886.75,1,,,
2026-04-13 14:19:54.591,T,6886.75,1,,,
2026-04-13 14:19:54.591,T,6886.75,1,,,
2026-04-13 14:19:54.812,Q,,,,6886.75,6887.0
2026-04-13 14:19:54.812,T,6887.0,1,,,
2026-04-13 14:19:54.812,T,6886.75,1,,,
2026-04-13 14:19:54.813,T,6886.75,1,,,
2026-04-13 14:19:55.041,T,6886.75,2,,,
2026-04-13 14:19:55.041,T,6886.75,1,,,
2026-04-13 14:19:55.589,T,6886.75,1,,,
2026-04-13 14:19:55.589,T,6886.75,1,,,
2026-04-13 14:19:55.589,T,6886.75,1,,,
2026-04-13 14:19:55.589,T,6886.75,1,,,
2026-04-13 14:19:55.589,T,6886.75,3,,,
2026-04-13 14:19:55.589,T,6886.75,1,,,
2026-04-13 14:19:55.589,T,6886.75,1,,,
2026-04-13 14:19:55.589,T,6887.0,1,,,
2026-04-13 14:19:55.891,T,6886.75,1,,,
2026-04-13 14:19:55.891,T,6886.75,1,,,
2026-04-13 14:19:55.891,T,6886.75,1,,,
2026-04-13 14:19:55.891,T,6886.75,1,,,
2026-04-13 14:19:55.891,T,6886.75,4,,,
2026-04-13 14:19:55.891,T,6886.75,1,,,
2026-04-13 14:19:55.891,T,6886.75,1,,,
2026-04-13 14:19:55.891,T,6886.75,1,,,
2026-04-13 14:19:55.891,T,6886.5,2,,,
2026-04-13 14:19:55.891,T,6886.5,1,,,
2026-04-13 14:19:55.893,Q,,,,6886.5,6886.75
2026-04-13 14:19:56.138,T,6886.5,1,,,
2026-04-13 14:19:56.745,T,6886.75,2,,,
2026-04-13 14:19:56.745,T,6886.75,1,,,
2026-04-13 14:19:56.745,T,6886.75,1,,,
2026-04-13 14:19:56.745,T,6886.75,5,,,
2026-04-13 14:19:56.745,T,6886.75,1,,,
2026-04-13 14:19:56.745,T,6886.75,1,,,
2026-04-13 14:19:56.745,T,6886.75,1,,,
2026-04-13 14:19:56.745,T,6886.75,1,,,
2026-04-13 14:19:56.745,T,6886.75,1,,,
2026-04-13 14:19:56.745,T,6886.75,1,,,
2026-04-13 14:19:56.745,T,6886.75,1,,,
2026-04-13 14:19:56.745,T,6886.75,1,,,
2026-04-13 14:19:56.745,T,6886.75,1,,,
2026-04-13 14:19:56.745,T,6886.75,1,,,
2026-04-13 14:19:56.745,T,6886.75,1,,,
2026-04-13 14:19:56.745,T,6886.75,1,,,
2026-04-13 14:19:56.745,T,6886.75,1,,,
2026-04-13 14:19:56.745,T,6886.75,1,,,
2026-04-13 14:19:56.745,T,6886.75,1,,,
2026-04-13 14:19:56.745,T,6886.75,1,,,
2026-04-13 14:19:56.745,T,6886.75,2,,,
2026-04-13 14:19:56.745,T,6886.75,1,,,
2026-04-13 14:19:56.745,T,6886.75,1,,,
2026-04-13 14:19:56.745,T,6886.75,1,,,
2026-04-13 14:19:56.745,T,6886.75,1,,,
2026-04-13 14:19:56.745,T,6886.75,2,,,
2026-04-13 14:19:56.745,T,6886.75,1,,,
2026-04-13 14:19:56.745,T,6886.75,2,,,
2026-04-13 14:19:56.745,T,6886.75,5,,,
2026-04-13 14:19:56.745,T,6886.75,1,,,
2026-04-13 14:19:56.745,T,6886.75,1,,,
2026-04-13 14:19:56.745,T,6886.75,1,,,
2026-04-13 14:19:56.745,T,6886.75,1,,,
2026-04-13 14:19:56.745,T,6886.75,1,,,
2026-04-13 14:19:56.745,T,6886.75,1,,,
2026-04-13 14:19:56.745,T,6886.75,1,,,
2026-04-13 14:19:56.749,Q,,,,6886.5,6887.0
2026-04-13 14:19:56.786,Q,,,,6886.75,6887.0
2026-04-13 14:19:57.087,Q,,,,6886.5,6887.0
2026-04-13 14:19:57.087,T,6886.75,4,,,
2026-04-13 14:19:57.087,T,6886.75,1,,,
2026-04-13 14:19:57.087,T,6886.75,1,,,
2026-04-13 14:19:57.087,T,6886.75,1,,,
2026-04-13 14:19:57.287,T,6886.5,1,,,
2026-04-13 14:19:57.487,Q,,,,6886.5,6886.75
2026-04-13 14:19:57.885,T,6886.75,1,,,
2026-04-13 14:19:58.091,T,6886.5,1,,,
2026-04-13 14:19:58.537,T,6886.5,1,,,
2026-04-13 14:19:58.939,T,6886.5,1,,,
2026-04-13 14:19:59.784,T,6886.75,1,,,
2026-04-13 14:19:59.985,T,6886.75,1,,,
2026-04-13 14:19:59.985,T,6886.5,1,,,
2026-04-13 14:20:01.154,T,6886.5,1,,,
2026-04-13 14:20:01.237,T,6886.5,1,,,
2026-04-13 14:20:02.236,T,6886.5,1,,,
2026-04-13 14:20:02.588,T,6886.5,1,,,
2026-04-13 14:20:03.140,T,6886.5,1,,,
2026-04-13 14:20:03.140,T,6886.5,1,,,
2026-04-13 14:52:12.200,Q,,,,6894.25,6894.5
2026-04-13 14:52:12.688,T,6894.5,1,,,
2026-04-13 14:52:12.688,T,6894.5,4,,,
2026-04-13 14:52:12.688,T,6894.5,1,,,
2026-04-13 14:52:12.688,T,6894.5,1,,,
2026-04-13 14:52:12.688,T,6894.5,1,,,
2026-04-13 14:52:12.688,T,6894.5,1,,,
2026-04-13 14:52:12.688,T,6894.5,1,,,
2026-04-13 14:52:12.688,T,6894.5,1,,,
2026-04-13 14:52:12.688,T,6894.5,1,,,
2026-04-13 14:52:12.688,T,6894.5,1,,,
2026-04-13 14:52:12.688,T,6894.5,1,,,
2026-04-13 14:52:12.688,T,6894.5,1,,,
2026-04-13 14:52:12.688,T,6894.5,1,,,
2026-04-13 14:52:12.688,T,6894.5,1,,,
2026-04-13 14:52:12.688,T,6894.5,1,,,
2026-04-13 14:52:12.688,T,6894.5,1,,,
2026-04-13 14:52:12.688,T,6894.5,3,,,
2026-04-13 14:52:12.688,T,6894.5,1,,,
2026-04-13 14:52:12.688,T,6894.5,1,,,
2026-04-13 14:52:13.289,T,6894.5,1,,,
2026-04-13 14:52:13.289,T,6894.5,1,,,
2026-04-13 14:52:13.289,T,6894.5,1,,,
2026-04-13 14:52:13.289,T,6894.5,1,,,
2026-04-13 14:52:13.289,T,6894.5,1,,,
2026-04-13 14:52:13.289,T,6894.5,4,,,
2026-04-13 14:52:13.289,T,6894.5,1,,,
2026-04-13 14:52:13.289,T,6894.5,1,,,
2026-04-13 14:52:13.289,T,6894.5,1,,,
2026-04-13 14:52:13.289,T,6894.5,1,,,
2026-04-13 14:52:13.289,T,6894.5,1,,,
2026-04-13 14:52:13.289,T,6894.5,1,,,
2026-04-13 14:52:13.289,T,6894.5,1,,,
2026-04-13 14:52:13.289,T,6894.5,4,,,
2026-04-13 14:52:13.289,T,6894.5,1,,,
2026-04-13 14:52:13.289,T,6894.5,1,,,
2026-04-13 14:52:13.289,T,6894.5,1,,,
2026-04-13 14:52:13.289,T,6894.5,2,,,
2026-04-13 14:52:13.289,T,6894.5,2,,,
2026-04-13 14:52:13.289,T,6894.5,1,,,
2026-04-13 14:52:13.289,T,6894.5,1,,,
2026-04-13 14:52:13.289,T,6894.5,2,,,
2026-04-13 14:52:13.289,T,6894.5,1,,,
2026-04-13 14:52:13.289,T,6894.5,1,,,
2026-04-13 14:52:13.289,T,6894.5,1,,,
2026-04-13 14:52:13.409,T,6894.5,2,,,
2026-04-13 14:52:13.409,T,6894.5,1,,,
2026-04-13 14:52:13.409,T,6894.5,1,,,
2026-04-13 14:52:13.409,T,6894.5,1,,,
2026-04-13 14:52:13.409,T,6894.5,1,,,
2026-04-13 14:52:13.409,T,6894.5,1,,,
2026-04-13 14:52:13.409,T,6894.5,1,,,
2026-04-13 14:52:13.409,T,6894.5,1,,,
2026-04-13 14:52:13.515,T,6894.5,1,,,
2026-04-13 14:52:13.515,T,6894.5,3,,,
2026-04-13 14:52:13.515,T,6894.5,1,,,
2026-04-13 14:52:13.515,T,6894.5,1,,,
2026-04-13 14:52:13.515,T,6894.5,1,,,
2026-04-13 14:52:13.515,T,6894.5,1,,,
2026-04-13 14:52:13.515,T,6894.5,1,,,
2026-04-13 14:52:13.515,T,6894.5,1,,,
2026-04-13 14:52:13.515,T,6894.5,1,,,
2026-04-13 14:52:13.515,T,6894.5,1,,,
2026-04-13 14:52:13.515,T,6894.5,1,,,
2026-04-13 14:52:13.515,T,6894.5,1,,,
2026-04-13 14:52:13.515,T,6894.5,1,,,
2026-04-13 14:52:13.515,T,6894.5,1,,,
2026-04-13 14:52:13.515,T,6894.5,1,,,
2026-04-13 14:52:13.515,T,6894.5,1,,,
2026-04-13 14:52:13.515,T,6894.5,1,,,
2026-04-13 14:52:13.617,Q,,,,6894.5,6894.75
2026-04-13 14:52:13.639,T,6894.5,1,,,
2026-04-13 14:52:13.647,Q,,,,6894.25,6894.75
2026-04-13 14:52:13.658,Q,,,,6894.25,6894.5
2026-04-13 14:52:13.912,T,6894.25,1,,,
2026-04-13 14:52:13.965,T,6894.5,1,,,
2026-04-13 14:52:14.320,Q,,,,6894.25,6894.75
2026-04-13 14:52:14.322,T,6894.5,3,,,
2026-04-13 14:52:14.322,T,6894.5,1,,,
2026-04-13 14:52:14.322,T,6894.5,1,,,
2026-04-13 14:52:14.322,T,6894.5,1,,,
2026-04-13 14:52:14.322,T,6894.5,1,,,
2026-04-13 14:52:14.322,T,6894.5,2,,,
2026-04-13 14:52:14.322,T,6894.5,1,,,
2026-04-13 14:52:14.322,T,6894.5,1,,,
2026-04-13 14:52:14.322,T,6894.5,1,,,
2026-04-13 14:52:14.322,T,6894.5,1,,,
2026-04-13 14:52:14.444,Q,,,,6895.0,6895.25
2026-04-13 14:52:14.459,T,6894.75,1,,,
2026-04-13 14:52:14.459,T,6894.75,1,,,
2026-04-13 14:52:14.459,T,6894.75,1,,,
2026-04-13 14:52:14.459,T,6894.75,1,,,
2026-04-13 14:52:14.459,T,6894.75,1,,,
2026-04-13 14:52:14.459,T,6894.75,3,,,
2026-04-13 14:52:14.459,T,6894.75,1,,,
2026-04-13 14:52:14.459,T,6894.75,1,,,
2026-04-13 14:52:14.459,T,6894.75,1,,,
2026-04-13 14:52:14.459,T,6894.75,1,,,
2026-04-13 14:52:14.459,T,6894.75,1,,,
2026-04-13 14:52:14.459,T,6894.75,1,,,
2026-04-13 14:52:14.459,T,6894.75,3,,,
2026-04-13 14:52:14.459,T,6894.75,1,,,
2026-04-13 14:52:14.459,T,6894.75,1,,,
2026-04-13 14:52:14.459,T,6894.75,1,,,
2026-04-13 14:52:14.459,T,6894.75,1,,,
2026-04-13 14:52:14.459,T,6894.75,1,,,
2026-04-13 14:52:14.459,T,6894.75,1,,,
2026-04-13 14:52:14.459,T,6894.75,1,,,
2026-04-13 14:52:14.459,T,6894.75,1,,,
2026-04-13 14:52:14.459,T,6894.75,1,,,
2026-04-13 14:52:14.459,T,6894.75,1,,,
2026-04-13 14:52:14.459,T,6894.75,1,,,
2026-04-13 14:52:14.459,T,6894.75,1,,,
2026-04-13 14:52:14.459,T,6894.75,1,,,
2026-04-13 14:52:14.459,T,6894.75,1,,,
2026-04-13 14:52:14.459,T,6894.75,1,,,
2026-04-13 14:52:14.459,T,6894.75,1,,,
2026-04-13 14:52:14.459,T,6894.75,1,,,
2026-04-13 14:52:14.459,T,6894.75,2,,,
2026-04-13 14:52:14.459,T,6894.75,1,,,
2026-04-13 14:52:14.459,T,6894.75,1,,,
2026-04-13 14:52:14.459,T,6894.75,1,,,
2026-04-13 14:52:14.459,T,6894.75,1,,,
2026-04-13 14:52:14.459,T,6894.75,1,,,
2026-04-13 14:52:14.459,T,6895.0,2,,,
2026-04-13 14:52:14.459,T,6895.0,1,,,
2026-04-13 14:52:14.459,T,6895.0,1,,,
2026-04-13 14:52:14.459,T,6895.0,1,,,
2026-04-13 14:52:14.459,T,6895.0,2,,,
2026-04-13 14:52:14.459,T,6895.0,1,,,
2026-04-13 14:52:14.459,T,6895.0,1,,,
2026-04-13 14:52:14.459,T,6895.0,1,,,
2026-04-13 14:52:14.459,T,6895.0,1,,,
2026-04-13 14:52:14.459,T,6895.0,1,,,
2026-04-13 14:52:14.459,T,6895.0,1,,,
2026-04-13 14:52:14.459,T,6895.0,1,,,
2026-04-13 14:52:14.459,T,6895.0,1,,,
2026-04-13 14:52:14.459,T,6895.0,1,,,
2026-04-13 14:52:14.459,T,6895.0,1,,,
2026-04-13 14:52:14.459,T,6895.0,3,,,
2026-04-13 14:52:14.459,T,6895.0,3,,,
2026-04-13 14:52:14.459,T,6895.0,4,,,
2026-04-13 14:52:14.459,T,6895.0,2,,,
2026-04-13 14:52:14.459,T,6895.0,1,,,
2026-04-13 14:52:14.459,T,6895.0,1,,,
2026-04-13 14:52:14.459,T,6895.0,1,,,
2026-04-13 14:52:14.459,T,6895.0,1,,,
2026-04-13 14:52:14.459,T,6895.0,1,,,
2026-04-13 14:52:14.459,T,6895.0,1,,,
2026-04-13 14:52:14.459,T,6895.0,2,,,
2026-04-13 14:52:14.459,T,6895.0,8,,,
2026-04-13 14:52:14.459,T,6895.0,1,,,
2026-04-13 14:52:14.459,T,6895.0,1,,,
2026-04-13 14:52:14.459,T,6895.0,1,,,
2026-04-13 14:52:14.459,T,6895.0,1,,,
2026-04-13 14:52:14.459,T,6895.0,1,,,
2026-04-13 14:52:14.459,T,6895.0,1,,,
2026-04-13 14:52:14.459,T,6895.0,1,,,
2026-04-13 14:52:14.459,T,6895.0,1,,,
2026-04-13 14:52:14.459,T,6895.0,1,,,
2026-04-13 14:52:14.459,T,6895.0,1,,,
2026-04-13 14:52:14.459,T,6895.0,1,,,
2026-04-13 14:52:14.459,T,6895.0,1,,,
2026-04-13 14:52:14.459,T,6895.0,1,,,
2026-04-13 14:52:14.459,T,6895.0,2,,,
2026-04-13 14:52:14.459,T,6895.0,3,,,
2026-04-13 14:52:14.459,T,6895.0,1,,,
2026-04-13 14:52:14.459,T,6895.0,1,,,
2026-04-13 14:52:14.459,T,6895.0,2,,,
2026-04-13 14:52:14.459,T,6895.0,1,,,
2026-04-13 14:52:14.459,T,6895.0,1,,,
2026-04-13 14:52:14.459,T,6895.0,1,,,
2026-04-13 14:52:14.459,T,6895.0,1,,,
2026-04-13 14:52:14.459,T,6895.0,1,,,
2026-04-13 14:52:14.459,T,6895.0,1,,,
2026-04-13 14:52:14.459,T,6895.0,2,,,
2026-04-13 14:52:14.459,T,6895.0,1,,,
2026-04-13 14:52:14.459,T,6895.0,1,,,
2026-04-13 14:52:14.459,T,6895.0,1,,,
2026-04-13 14:52:14.459,T,6895.0,1,,,
2026-04-13 14:52:14.459,T,6895.0,1,,,
2026-04-13 14:52:14.459,T,6895.0,1,,,
2026-04-13 14:52:14.459,T,6895.0,1,,,
2026-04-13 14:52:14.459,T,6895.0,1,,,
2026-04-13 14:52:14.459,T,6895.0,1,,,
2026-04-13 14:52:14.459,T,6895.0,1,,,
2026-04-13 14:52:14.459,T,6895.0,1,,,
2026-04-13 14:52:14.459,T,6895.0,1,,,
2026-04-13 14:52:14.459,T,6895.0,2,,,
2026-04-13 14:52:14.483,T,6895.0,1,,,
2026-04-13 14:52:14.483,T,6895.0,1,,,
2026-04-13 14:52:14.483,T,6895.0,1,,,
2026-04-13 14:52:14.483,T,6895.0,1,,,
2026-04-13 14:52:14.483,T,6895.0,1,,,
2026-04-13 14:52:14.483,T,6895.0,1,,,
2026-04-13 14:52:14.483,T,6895.0,1,,,
2026-04-13 14:52:14.483,T,6895.0,1,,,
2026-04-13 14:52:14.483,T,6895.25,1,,,
2026-04-13 14:52:14.483,T,6895.25,1,,,
2026-04-13 14:52:14.483,T,6895.25,1,,,
2026-04-13 14:52:14.483,T,6895.25,4,,,
2026-04-13 14:52:14.483,T,6895.25,1,,,
2026-04-13 14:52:14.483,T,6895.25,1,,,
2026-04-13 14:52:14.483,T,6895.25,1,,,
2026-04-13 14:52:14.483,T,6895.25,1,,,
2026-04-13 14:52:14.483,T,6895.25,1,,,
2026-04-13 14:52:14.483,T,6895.25,1,,,
2026-04-13 14:52:14.483,T,6895.25,1,,,
2026-04-13 14:52:14.483,T,6895.25,1,,,
2026-04-13 14:52:14.483,T,6895.25,1,,,
2026-04-13 14:52:14.483,T,6895.25,1,,,
2026-04-13 14:52:14.483,T,6895.25,50,,,
2026-04-13 14:52:14.483,T,6895.25,1,,,
2026-04-13 14:52:14.483,T,6895.25,1,,,
2026-04-13 14:52:14.483,T,6895.25,1,,,
2026-04-13 14:52:14.483,T,6895.25,2,,,
2026-04-13 14:52:14.483,T,6895.25,1,,,
2026-04-13 14:52:14.483,T,6895.25,3,,,
2026-04-13 14:52:14.483,T,6895.25,1,,,
2026-04-13 14:52:14.483,T,6895.25,3,,,
2026-04-13 14:52:14.483,T,6895.25,1,,,
2026-04-13 14:52:14.483,T,6895.25,1,,,
2026-04-13 14:52:14.483,T,6895.25,1,,,
2026-04-13 14:52:14.483,T,6895.25,1,,,
2026-04-13 14:52:14.483,T,6895.25,1,,,
2026-04-13 14:52:14.483,T,6895.25,4,,,
2026-04-13 14:52:14.483,T,6895.25,1,,,
2026-04-13 14:52:14.483,T,6895.25,1,,,
2026-04-13 14:52:14.483,T,6895.25,3,,,
2026-04-13 14:52:14.483,T,6895.25,1,,,
2026-04-13 14:52:14.483,T,6895.25,1,,,
2026-04-13 14:52:14.483,T,6895.25,1,,,
2026-04-13 14:52:14.483,T,6895.25,1,,,
2026-04-13 14:52:14.483,T,6895.25,1,,,
2026-04-13 14:52:14.483,T,6895.5,1,,,
2026-04-13 14:52:14.483,T,6895.5,1,,,
2026-04-13 14:52:14.483,T,6895.5,1,,,
2026-04-13 14:52:14.483,T,6895.5,1,,,
2026-04-13 14:52:14.483,T,6895.5,1,,,
2026-04-13 14:52:14.483,T,6895.5,1,,,
2026-04-13 14:52:14.483,T,6895.25,1,,,
2026-04-13 14:52:14.483,T,6895.25,2,,,
2026-04-13 14:52:14.483,T,6895.25,1,,,
2026-04-13 14:52:14.483,T,6895.25,1,,,
2026-04-13 14:52:14.483,T,6895.25,1,,,
2026-04-13 14:52:14.483,T,6895.25,1,,,
2026-04-13 14:52:14.483,T,6895.25,1,,,
2026-04-13 14:52:14.483,T,6895.25,1,,,
2026-04-13 14:52:14.483,T,6895.25,1,,,
2026-04-13 14:52:14.483,T,6895.25,1,,,
2026-04-13 14:52:14.483,T,6895.25,1,,,
2026-04-13 14:52:14.483,T,6895.25,1,,,
2026-04-13 14:52:14.483,T,6895.25,1,,,
2026-04-13 14:52:14.483,T,6895.25,1,,,
2026-04-13 14:52:14.483,T,6895.25,1,,,
2026-04-13 14:52:14.483,T,6895.25,1,,,
2026-04-13 14:52:14.483,T,6895.25,1,,,
2026-04-13 14:52:14.483,T,6895.25,1,,,
2026-04-13 14:52:14.483,T,6895.25,1,,,
2026-04-13 14:52:14.483,T,6895.25,1,,,
2026-04-13 14:52:14.483,T,6895.25,1,,,
2026-04-13 14:52:14.483,T,6895.25,4,,,
2026-04-13 14:52:14.483,T,6895.25,1,,,
2026-04-13 14:52:14.483,T,6895.25,1,,,
2026-04-13 14:52:14.483,T,6895.25,1,,,
2026-04-13 14:52:14.483,T,6895.25,2,,,
2026-04-13 14:52:14.483,T,6895.25,2,,,
2026-04-13 14:52:14.483,T,6895.25,1,,,
2026-04-13 14:52:14.483,T,6895.25,1,,,
2026-04-13 14:52:14.483,T,6895.25,1,,,
2026-04-13 14:52:14.483,T,6895.25,1,,,
2026-04-13 14:52:14.483,T,6895.25,1,,,
2026-04-13 14:52:14.483,T,6895.25,1,,,
2026-04-13 14:52:14.483,T,6895.25,1,,,
2026-04-13 14:52:14.483,T,6895.25,1,,,
2026-04-13 14:52:14.483,T,6895.0,2,,,
2026-04-13 14:52:14.483,T,6895.0,1,,,
2026-04-13 14:52:14.483,T,6895.0,1,,,
2026-04-13 14:52:14.483,T,6895.0,1,,,
2026-04-13 14:52:14.483,T,6895.0,1,,,
2026-04-13 14:52:14.522,T,6895.0,4,,,
2026-04-13 14:52:14.522,T,6895.0,1,,,
2026-04-13 14:52:14.522,T,6895.0,1,,,
2026-04-13 14:52:14.522,T,6895.0,1,,,
2026-04-13 14:52:14.769,Q,,,,6894.75,6895.0
2026-04-13 14:52:14.769,T,6895.0,1,,,
2026-04-13 14:52:14.769,T,6895.0,1,,,
2026-04-13 14:52:14.769,T,6895.0,2,,,
2026-04-13 14:52:14.769,T,6895.0,1,,,
2026-04-13 14:52:14.769,T,6895.0,1,,,
2026-04-13 14:52:14.769,T,6895.0,1,,,
2026-04-13 14:52:14.769,T,6895.0,1,,,
2026-04-13 14:52:14.769,T,6895.0,1,,,
2026-04-13 14:52:14.769,T,6895.0,1,,,
2026-04-13 14:52:14.769,T,6895.0,1,,,
2026-04-13 14:52:14.769,T,6895.0,1,,,
2026-04-13 14:52:14.769,T,6895.0,1,,,
2026-04-13 14:52:14.769,T,6895.0,1,,,
2026-04-13 14:52:14.769,T,6895.0,1,,,
2026-04-13 14:52:14.769,T,6895.0,1,,,
2026-04-13 14:52:14.769,T,6895.0,1,,,
2026-04-13 14:52:14.770,Q,,,,6895.0,6895.25
2026-04-13 14:52:14.770,T,6895.0,1,,,
2026-04-13 14:52:14.770,T,6895.0,1,,,
2026-04-13 14:52:14.770,T,6895.0,1,,,
2026-04-13 14:52:14.770,T,6895.0,1,,,
2026-04-13 14:52:14.770,T,6895.0,1,,,
2026-04-13 14:52:14.770,T,6895.0,1,,,
2026-04-13 14:52:14.770,T,6895.0,1,,,
2026-04-13 14:52:14.770,T,6895.0,1,,,
2026-04-13 14:52:14.770,T,6895.0,1,,,
2026-04-13 14:52:14.770,T,6895.0,1,,,
2026-04-13 14:52:14.770,T,6895.0,1,,,
2026-04-13 14:52:14.770,Q,,,,6894.75,6895.0
2026-04-13 14:52:14.790,Q,,,,6895.0,6895.25
2026-04-13 14:52:14.991,T,6895.0,4,,,
2026-04-13 14:52:14.991,T,6895.0,1,,,
2026-04-13 14:52:14.991,T,6895.0,1,,,
2026-04-13 14:52:15.162,T,6895.25,1,,,
2026-04-13 14:52:15.163,T,6895.0,1,,,
2026-04-13 14:52:15.163,T,6895.0,1,,,
2026-04-13 14:52:15.163,T,6895.0,1,,,
2026-04-13 14:52:15.163,T,6895.0,1,,,
2026-04-13 14:52:15.163,T,6895.0,1,,,
2026-04-13 14:52:15.163,T,6895.0,1,,,
2026-04-13 14:52:15.263,T,6895.0,1,,,
2026-04-13 14:52:15.518,T,6895.0,1,,,
2026-04-13 14:52:15.518,T,6895.0,1,,,
2026-04-13 14:52:15.518,T,6895.0,1,,,
2026-04-13 14:52:15.518,T,6895.0,1,,,
2026-04-13 14:52:15.518,T,6895.0,1,,,
2026-04-13 14:52:15.518,T,6895.0,1,,,
2026-04-13 14:52:15.519,Q,,,,6894.75,6895.0
2026-04-13 14:52:15.520,Q,,,,6895.0,6895.25
2026-04-13 14:52:15.520,T,6895.0,1,,,
2026-04-13 14:52:15.520,T,6895.0,3,,,
2026-04-13 14:52:15.520,T,6895.0,1,,,
2026-04-13 14:52:15.520,T,6895.0,1,,,
2026-04-13 14:52:15.520,T,6895.0,1,,,
2026-04-13 14:52:15.520,T,6895.0,1,,,
2026-04-13 14:52:15.521,T,6895.0,1,,,
2026-04-13 14:52:15.521,T,6895.0,1,,,
2026-04-13 14:52:15.521,T,6895.0,1,,,
2026-04-13 14:52:15.521,T,6895.0,1,,,
2026-04-13 14:52:15.521,T,6895.0,1,,,
2026-04-13 14:52:15.521,T,6895.0,1,,,
2026-04-13 14:52:15.521,Q,,,,6894.75,6895.0
2026-04-13 14:52:15.687,T,6895.0,1,,,
2026-04-13 14:52:15.687,T,6895.0,4,,,
2026-04-13 14:52:15.687,T,6895.0,1,,,
2026-04-13 14:52:15.687,T,6895.0,1,,,
2026-04-13 14:52:15.687,T,6895.0,1,,,
2026-04-13 14:52:15.687,T,6895.0,3,,,
2026-04-13 14:52:15.687,T,6895.0,1,,,
2026-04-13 14:52:15.688,Q,,,,6894.75,6895.25
2026-04-13 14:52:15.855,Q,,,,6894.75,6895.0
2026-04-13 14:52:15.987,T,6895.0,1,,,
2026-04-13 14:52:16.103,T,6895.0,4,,,
2026-04-13 14:52:16.103,T,6895.0,1,,,
2026-04-13 14:52:16.103,T,6895.0,2,,,
2026-04-13 14:52:16.103,T,6895.0,1,,,
2026-04-13 14:52:16.103,T,6895.0,1,,,
2026-04-13 14:52:16.103,T,6895.0,1,,,
2026-04-13 14:52:16.279,T,6895.0,1,,,
2026-04-13 14:52:17.038,T,6894.75,1,,,
2026-04-13 14:52:17.038,T,6894.75,1,,,
2026-04-13 14:52:17.038,T,6894.75,1,,,
2026-04-13 14:52:17.038,T,6894.75,1,,,
2026-04-13 14:52:17.038,T,6894.75,1,,,
2026-04-13 14:52:17.038,T,6894.75,1,,,
2026-04-13 14:52:17.038,T,6894.75,1,,,
2026-04-13 14:52:17.038,T,6894.75,1,,,
2026-04-13 14:52:17.038,T,6894.75,1,,,
2026-04-13 14:52:17.040,Q,,,,6894.5,6894.75
2026-04-13 14:52:17.085,T,6894.75,1,,,
2026-04-13 14:52:17.085,T,6894.75,1,,,
2026-04-13 14:52:17.085,T,6894.75,4,,,
2026-04-13 14:52:17.085,T,6894.75,1,,,
2026-04-13 14:52:17.085,T,6894.75,1,,,
2026-04-13 14:52:17.085,T,6894.75,1,,,
2026-04-13 14:52:17.087,Q,,,,6894.5,6895.0
2026-04-13 14:52:17.152,Q,,,,6894.75,6895.0
2026-04-13 14:52:17.188,T,6894.75,1,,,
2026-04-13 14:52:17.188,T,6894.75,1,,,
2026-04-13 14:52:17.188,T,6894.75,1,,,
2026-04-13 14:52:17.188,T,6894.75,1,,,
2026-04-13 14:52:17.188,T,6894.75,1,,,
2026-04-13 14:52:17.188,T,6894.75,1,,,
2026-04-13 14:52:17.188,T,6894.75,1,,,
2026-04-13 14:52:17.188,T,6894.75,1,,,
2026-04-13 14:52:17.188,T,6894.75,1,,,
2026-04-13 14:52:17.188,T,6894.75,1,,,
2026-04-13 14:52:17.188,T,6894.75,1,,,
2026-04-13 14:52:17.423,Q,,,,6894.5,6894.75
2026-04-13 14:52:17.424,T,6894.75,4,,,
2026-04-13 14:52:17.424,T,6894.75,2,,,
2026-04-13 14:52:17.424,T,6894.75,1,,,
2026-04-13 14:52:17.424,T,6894.75,1,,,
2026-04-13 14:52:17.424,T,6894.75,2,,,
2026-04-13 14:52:17.424,T,6894.75,1,,,
2026-04-13 14:52:17.424,T,6894.75,1,,,
2026-04-13 14:52:17.424,T,6894.75,1,,,
2026-04-13 14:52:17.436,T,6894.75,1,,,
2026-04-13 14:52:17.686,T,6894.5,1,,,
2026-04-13 14:52:18.088,Q,,,,6894.75,6895.0
2026-04-13 14:52:18.088,T,6894.75,1,,,
2026-04-13 14:52:18.088,T,6894.75,1,,,
2026-04-13 14:52:18.088,T,6894.75,1,,,
2026-04-13 14:52:18.088,T,6894.75,2,,,
2026-04-13 14:52:18.088,T,6894.75,2,,,
2026-04-13 14:52:18.088,T,6894.75,1,,,
2026-04-13 14:52:18.303,T,6894.75,1,,,
2026-04-13 14:52:18.437,T,6894.75,1,,,
2026-04-13 14:52:18.437,T,6894.75,3,,,
2026-04-13 14:52:18.437,T,6894.75,1,,,
2026-04-13 14:52:18.437,T,6894.75,4,,,
2026-04-13 14:52:18.437,T,6894.75,1,,,
2026-04-13 14:52:18.437,T,6894.75,3,,,
2026-04-13 14:52:18.437,T,6894.75,2,,,
2026-04-13 14:52:18.437,T,6894.75,1,,,
2026-04-13 14:52:18.437,T,6894.75,1,,,
2026-04-13 14:52:18.437,T,6894.75,1,,,
2026-04-13 14:52:18.437,T,6894.75,1,,,
2026-04-13 14:52:18.437,T,6894.75,1,,,
2026-04-13 14:52:18.437,T,6894.75,1,,,
2026-04-13 14:52:18.437,T,6894.75,1,,,
2026-04-13 14:52:18.437,T,6894.75,1,,,
2026-04-13 14:52:18.437,T,6894.75,1,,,
2026-04-13 14:52:18.437,T,6894.75,1,,,
2026-04-13 14:52:18.439,Q,,,,6894.5,6894.75
2026-04-13 14:52:18.488,Q,,,,6894.5,6895.0
2026-04-13 14:52:18.687,Q,,,,6894.75,6895.0
2026-04-13 14:52:18.842,T,6894.75,1,,,
2026-04-13 14:52:18.843,Q,,,,6894.5,6894.75
2026-04-13 14:52:18.886,Q,,,,6894.5,6895.0
2026-04-13 14:52:19.136,Q,,,,6894.75,6895.0
2026-04-13 14:52:20.141,T,6895.0,1,,,
2026-04-13 14:52:20.141,T,6895.0,1,,,
2026-04-13 14:52:20.141,T,6895.0,1,,,
2026-04-13 14:52:20.141,T,6895.0,1,,,
2026-04-13 14:52:20.141,T,6895.0,1,,,
2026-04-13 14:52:20.141,T,6895.0,1,,,
2026-04-13 14:52:20.141,T,6895.0,1,,,
2026-04-13 14:52:20.141,T,6895.0,1,,,
2026-04-13 14:52:20.141,T,6895.0,1,,,
2026-04-13 14:52:20.141,T,6895.0,1,,,
2026-04-13 14:52:20.141,T,6895.0,1,,,
2026-04-13 14:52:20.141,T,6895.0,1,,,
2026-04-13 14:52:20.141,T,6895.0,1,,,
2026-04-13 14:52:20.141,T,6895.0,1,,,
2026-04-13 14:52:20.141,T,6895.0,1,,,
2026-04-13 14:52:20.541,T,6895.0,1,,,
2026-04-13 14:52:20.541,T,6895.0,1,,,
2026-04-13 14:52:20.541,T,6895.0,1,,,
2026-04-13 14:52:20.541,T,6895.0,1,,,
2026-04-13 14:52:20.541,T,6895.0,3,,,
2026-04-13 14:52:20.541,T,6895.0,1,,,
2026-04-13 14:52:20.541,T,6895.0,1,,,
2026-04-13 14:52:20.541,T,6895.0,1,,,
2026-04-13 14:52:20.542,Q,,,,6895.0,6895.25
2026-04-13 14:52:20.835,T,6895.25,1,,,
2026-04-13 14:52:20.835,T,6895.25,3,,,
2026-04-13 14:52:20.835,T,6895.25,1,,,
2026-04-13 14:52:20.835,T,6895.25,1,,,
2026-04-13 14:52:20.835,T,6895.25,1,,,
2026-04-13 14:52:20.835,T,6895.25,1,,,
2026-04-13 14:52:20.835,T,6895.25,1,,,
2026-04-13 14:52:20.835,T,6895.25,1,,,
2026-04-13 14:52:20.886,T,6895.0,1,,,
2026-04-13 14:52:20.886,T,6895.0,1,,,
2026-04-13 14:52:20.886,T,6895.0,1,,,
2026-04-13 14:52:20.886,T,6895.0,1,,,
2026-04-13 14:52:20.886,T,6895.0,1,,,
2026-04-13 14:52:21.387,T,6895.25,1,,,
2026-04-13 14:52:21.543,T,6895.25,4,,,
2026-04-13 14:52:21.648,T,6895.25,1,,,
2026-04-13 14:52:21.648,T,6895.25,1,,,
2026-04-13 14:52:21.648,T,6895.25,1,,,
2026-04-13 14:52:21.648,T,6895.25,3,,,
2026-04-13 14:52:21.648,T,6895.25,1,,,
2026-04-13 14:52:21.648,T,6895.25,1,,,
2026-04-13 14:52:21.648,T,6895.25,2,,,
2026-04-13 14:52:21.788,T,6895.0,4,,,
2026-04-13 14:52:21.788,T,6895.0,1,,,
2026-04-13 14:52:21.788,T,6895.0,1,,,
2026-04-13 14:52:21.788,T,6895.0,1,,,
2026-04-13 14:52:21.788,T,6895.0,1,,,
2026-04-13 14:52:21.788,T,6895.0,1,,,
2026-04-13 14:52:21.788,T,6895.0,3,,,
2026-04-13 14:52:21.788,T,6895.0,1,,,
2026-04-13 14:52:21.788,T,6895.0,1,,,
2026-04-13 14:52:21.788,T,6895.0,1,,,
2026-04-13 14:52:21.788,T,6895.0,1,,,
2026-04-13 14:52:21.788,T,6895.0,1,,,
2026-04-13 14:52:21.788,T,6895.0,1,,,
2026-04-13 14:52:21.788,T,6895.0,1,,,
2026-04-13 14:52:21.984,T,6895.0,1,,,
2026-04-13 14:52:21.984,T,6895.0,4,,,
2026-04-13 14:52:21.984,T,6895.0,1,,,
2026-04-13 14:52:21.984,T,6895.0,2,,,
2026-04-13 14:52:21.984,T,6895.0,1,,,
2026-04-13 14:52:21.984,T,6895.0,1,,,
2026-04-13 14:52:21.984,T,6895.0,2,,,
2026-04-13 14:52:21.984,T,6895.0,1,,,
2026-04-13 14:52:21.984,T,6895.0,1,,,
2026-04-13 14:52:21.984,T,6895.0,1,,,
2026-04-13 14:52:21.984,T,6895.0,2,,,
2026-04-13 14:52:21.984,T,6895.0,1,,,
2026-04-13 14:52:21.984,T,6895.0,1,,,
2026-04-13 14:52:21.984,T,6895.0,1,,,
2026-04-13 14:52:21.984,T,6895.0,1,,,
2026-04-13 14:52:21.984,T,6895.0,1,,,
2026-04-13 14:52:21.984,T,6895.0,1,,,
2026-04-13 14:52:21.984,T,6895.0,1,,,
2026-04-13 14:52:21.984,T,6895.0,1,,,
2026-04-13 14:52:21.984,T,6895.0,2,,,
2026-04-13 14:52:21.984,T,6895.0,1,,,
2026-04-13 14:52:21.984,T,6895.0,1,,,
2026-04-13 14:52:21.984,T,6895.0,1,,,
2026-04-13 14:52:21.984,T,6895.0,1,,,
2026-04-13 14:52:21.984,T,6895.0,1,,,
2026-04-13 14:52:21.984,T,6895.0,1,,,
2026-04-13 14:52:21.984,T,6895.0,1,,,
2026-04-13 14:52:22.458,T,6895.0,1,,,
2026-04-13 14:52:22.787,T,6895.25,1,,,
2026-04-13 14:52:22.787,T,6895.25,1,,,
2026-04-13 14:52:22.787,T,6895.25,1,,,
2026-04-13 14:52:23.562,Q,,,,6894.75,6895.0
2026-04-13 14:52:23.562,T,6895.0,1,,,
2026-04-13 14:52:23.562,T,6895.0,1,,,
2026-04-13 14:52:23.562,T,6895.0,1,,,
2026-04-13 14:52:23.562,T,6895.0,1,,,
2026-04-13 14:52:23.562,T,6895.0,4,,,
2026-04-13 14:52:23.562,T,6895.0,2,,,
2026-04-13 14:52:23.562,T,6895.0,1,,,
2026-04-13 14:52:23.562,T,6895.0,3,,,
2026-04-13 14:52:23.562,T,6895.0,1,,,
2026-04-13 14:52:23.562,T,6895.0,1,,,
2026-04-13 14:52:23.562,T,6895.0,1,,,
2026-04-13 14:52:23.562,T,6895.0,1,,,
2026-04-13 14:52:23.562,T,6895.0,1,,,
2026-04-13 14:52:23.562,T,6895.0,4,,,
2026-04-13 14:52:24.088,T,6895.0,1,,,
2026-04-13 14:52:24.088,T,6895.0,1,,,
2026-04-13 14:52:24.088,T,6895.0,2,,,
2026-04-13 14:52:24.088,T,6895.0,2,,,
2026-04-13 14:52:24.088,T,6895.0,1,,,
2026-04-13 14:52:24.088,T,6895.0,1,,,
2026-04-13 14:52:24.088,T,6895.0,1,,,
2026-04-13 14:52:24.088,T,6895.0,2,,,
2026-04-13 14:52:24.088,T,6895.0,1,,,
2026-04-13 14:52:24.088,T,6895.0,1,,,
2026-04-13 14:52:24.088,T,6895.0,1,,,
2026-04-13 14:52:24.088,T,6895.0,1,,,
2026-04-13 14:52:24.089,Q,,,,6895.0,6895.25
2026-04-13 14:52:24.090,T,6895.0,1,,,
2026-04-13 14:52:24.090,T,6895.0,1,,,
2026-04-13 14:52:24.090,T,6895.25,1,,,
2026-04-13 14:52:24.440,T,6895.0,1,,,
2026-04-13 14:52:24.494,T,6895.25,1,,,
2026-04-13 14:52:24.638,T,6895.25,1,,,
2026-04-13 14:52:24.638,T,6895.0,1,,,
2026-04-13 14:52:24.838,T,6895.0,2,,,
2026-04-13 14:52:25.188,T,6895.25,1,,,
2026-04-13 14:52:25.691,T,6895.25,1,,,
2026-04-13 14:52:25.851,T,6895.25,1,,,
2026-04-13 14:52:26.438,T,6895.25,1,,,
2026-04-13 14:52:26.438,T,6895.25,1,,,
2026-04-13 14:52:26.438,T,6895.25,2,,,
2026-04-13 14:52:26.438,T,6895.25,1,,,
2026-04-13 14:52:26.438,T,6895.25,1,,,
2026-04-13 14:52:26.753,T,6895.0,1,,,
2026-04-13 15:09:22.231,Q,,,,6894.25,6894.5
2026-04-13 15:09:22.747,T,6894.5,1,,,
2026-04-13 15:09:22.747,T,6894.5,1,,,
2026-04-13 15:09:22.747,T,6894.5,1,,,
2026-04-13 15:09:22.747,T,6894.5,1,,,
2026-04-13 15:09:22.747,T,6894.5,1,,,
2026-04-13 15:09:22.747,T,6894.5,1,,,
2026-04-13 15:09:22.747,T,6894.5,1,,,
2026-04-13 15:09:22.747,T,6894.5,1,,,
2026-04-13 15:09:22.747,T,6894.5,1,,,
2026-04-13 15:09:22.747,T,6894.5,3,,,
2026-04-13 15:09:22.747,T,6894.5,1,,,
2026-04-13 15:09:23.047,Q,,,,6894.5,6894.75
2026-04-13 15:09:23.047,T,6894.5,1,,,
2026-04-13 15:09:23.047,T,6894.5,1,,,
2026-04-13 15:09:23.047,T,6894.5,1,,,
2026-04-13 15:09:23.047,T,6894.5,1,,,
2026-04-13 15:09:23.047,T,6894.5,1,,,
2026-04-13 15:09:23.047,T,6894.5,3,,,
2026-04-13 15:09:23.047,T,6894.5,1,,,
2026-04-13 15:09:23.047,T,6894.5,1,,,
2026-04-13 15:09:23.047,T,6894.5,1,,,
2026-04-13 15:09:23.049,Q,,,,6894.25,6894.5
2026-04-13 15:09:23.062,T,6894.5,1,,,
2026-04-13 15:09:23.062,T,6894.5,3,,,
2026-04-13 15:09:23.062,T,6894.5,1,,,
2026-04-13 15:09:23.062,T,6894.5,2,,,
2026-04-13 15:09:23.062,T,6894.5,1,,,
2026-04-13 15:09:23.062,T,6894.5,1,,,
2026-04-13 15:09:23.062,T,6894.5,2,,,
2026-04-13 15:09:23.062,T,6894.5,1,,,
2026-04-13 15:09:23.198,T,6894.5,1,,,
2026-04-13 15:09:23.199,Q,,,,6894.25,6894.75
2026-04-13 15:09:23.199,Q,,,,6894.5,6894.75
2026-04-13 15:09:23.200,T,6894.5,1,,,
2026-04-13 15:09:23.382,T,6894.75,1,,,
2026-04-13 15:09:23.382,T,6894.75,1,,,
2026-04-13 15:09:23.382,T,6894.75,1,,,
2026-04-13 15:09:23.382,T,6894.75,1,,,
2026-04-13 15:09:23.382,T,6894.75,1,,,
2026-04-13 15:09:25.800,T,6894.75,1,,,
2026-04-13 15:09:25.800,T,6894.75,2,,,
2026-04-13 15:09:25.800,T,6894.75,2,,,
2026-04-13 15:09:25.800,T,6894.75,1,,,
2026-04-13 15:09:25.800,T,6894.75,1,,,
2026-04-13 15:09:25.800,T,6894.75,1,,,
2026-04-13 15:09:25.800,T,6894.75,1,,,
2026-04-13 15:09:25.800,T,6894.75,1,,,
2026-04-13 15:09:25.800,T,6894.75,1,,,
2026-04-13 15:09:25.800,T,6894.75,1,,,
2026-04-13 15:09:25.800,T,6894.75,1,,,
2026-04-13 15:09:25.800,T,6894.75,1,,,
2026-04-13 15:09:25.800,T,6894.75,1,,,
2026-04-13 15:09:25.800,T,6894.75,1,,,
2026-04-13 15:09:25.800,T,6894.75,3,,,
2026-04-13 15:09:25.800,T,6894.75,1,,,
2026-04-13 15:09:25.800,T,6894.75,1,,,
2026-04-13 15:09:25.800,T,6894.75,1,,,
2026-04-13 15:09:25.800,T,6894.75,2,,,
2026-04-13 15:09:25.800,T,6894.75,1,,,
2026-04-13 15:09:25.800,T,6894.75,1,,,
2026-04-13 15:09:25.800,T,6894.75,1,,,
2026-04-13 15:09:25.800,T,6894.75,1,,,
2026-04-13 15:09:25.800,T,6894.75,1,,,
2026-04-13 15:09:25.800,T,6894.75,1,,,
2026-04-13 15:09:25.800,T,6894.75,1,,,
2026-04-13 15:09:25.800,T,6894.75,1,,,
2026-04-13 15:09:25.800,T,6894.75,1,,,
2026-04-13 15:09:25.800,T,6894.75,1,,,
2026-04-13 15:09:25.800,T,6894.75,1,,,
2026-04-13 15:09:25.800,T,6894.75,1,,,
2026-04-13 15:09:25.800,T,6894.75,1,,,
2026-04-13 15:09:25.800,T,6894.75,1,,,
2026-04-13 15:09:25.800,T,6894.75,1,,,
2026-04-13 15:09:25.800,T,6894.75,1,,,
2026-04-13 15:09:25.800,T,6894.75,1,,,
2026-04-13 15:09:25.800,T,6894.75,1,,,
2026-04-13 15:09:25.803,T,6894.5,1,,,
2026-04-13 15:09:25.803,T,6894.5,4,,,
2026-04-13 15:09:26.039,T,6894.75,1,,,
2026-04-13 15:09:27.864,T,6894.75,1,,,
2026-04-13 15:09:27.864,T,6894.75,1,,,
2026-04-13 15:09:27.864,T,6894.75,1,,,
2026-04-13 15:09:27.864,T,6894.75,1,,,
2026-04-13 15:09:27.864,T,6894.75,1,,,
2026-04-13 15:09:27.864,T,6894.75,1,,,
2026-04-13 15:09:27.864,T,6894.75,2,,,
2026-04-13 15:09:27.864,T,6894.75,3,,,
2026-04-13 15:09:27.864,T,6894.75,1,,,
2026-04-13 15:09:27.864,T,6894.75,1,,,
2026-04-13 15:09:28.659,Q,,,,6894.5,6895.0
2026-04-13 15:09:28.659,Q,,,,6894.75,6895.0
2026-04-13 15:09:28.660,T,6894.75,1,,,
2026-04-13 15:09:28.661,T,6894.75,1,,,
2026-04-13 15:09:28.661,T,6894.75,1,,,
2026-04-13 15:09:28.661,T,6894.75,1,,,
2026-04-13 15:09:28.661,T,6894.75,1,,,
2026-04-13 15:09:28.661,T,6894.75,1,,,
2026-04-13 15:09:28.661,T,6894.75,1,,,
2026-04-13 15:09:28.661,T,6894.75,1,,,
2026-04-13 15:09:28.661,Q,,,,6894.5,6894.75
2026-04-13 15:09:28.662,T,6894.75,1,,,
2026-04-13 15:09:28.662,T,6894.75,3,,,
2026-04-13 15:09:28.662,T,6894.75,1,,,
2026-04-13 15:09:28.662,T,6894.75,1,,,
2026-04-13 15:09:28.662,T,6894.75,1,,,
2026-04-13 15:09:28.662,T,6894.75,1,,,
2026-04-13 15:09:28.662,Q,,,,6894.5,6895.0
2026-04-13 15:09:28.662,T,6894.75,4,,,
2026-04-13 15:09:28.662,T,6894.75,1,,,
2026-04-13 15:09:28.662,T,6894.75,1,,,
2026-04-13 15:09:28.662,T,6894.75,1,,,
2026-04-13 15:09:28.662,T,6894.75,1,,,
2026-04-13 15:09:28.662,T,6894.75,1,,,
2026-04-13 15:09:28.662,T,6894.75,1,,,
2026-04-13 15:09:28.662,T,6894.75,3,,,
2026-04-13 15:09:28.662,T,6894.75,1,,,
2026-04-13 15:09:28.663,Q,,,,6894.5,6894.75
2026-04-13 15:09:28.663,T,6894.75,1,,,
2026-04-13 15:09:28.663,T,6894.75,1,,,
2026-04-13 15:09:28.663,T,6894.75,1,,,
2026-04-13 15:09:28.663,T,6894.75,1,,,
2026-04-13 15:09:28.663,Q,,,,6894.75,6895.0
2026-04-13 15:09:28.663,T,6894.75,1,,,
2026-04-13 15:09:28.663,T,6894.75,1,,,
2026-04-13 15:09:28.664,T,6894.75,1,,,
2026-04-13 15:09:29.032,T,6895.0,1,,,
2026-04-13 15:09:29.032,T,6895.0,1,,,
2026-04-13 15:09:29.032,T,6895.0,1,,,
2026-04-13 15:09:29.033,T,6895.0,1,,,
2026-04-13 15:09:29.034,T,6894.75,2,,,
2026-04-13 15:09:29.034,T,6894.75,1,,,
2026-04-13 15:09:29.034,T,6894.75,1,,,
2026-04-13 15:09:29.034,T,6894.75,1,,,
2026-04-13 15:09:29.034,T,6894.75,1,,,
2026-04-13 15:09:29.034,T,6894.75,1,,,
2026-04-13 15:09:29.034,T,6894.75,1,,,
2026-04-13 15:09:29.034,T,6894.75,1,,,
2026-04-13 15:09:29.034,T,6894.75,1,,,
2026-04-13 15:09:29.034,T,6894.75,1,,,
2026-04-13 15:09:29.034,T,6894.75,10,,,
2026-04-13 15:09:29.034,T,6894.75,1,,,
2026-04-13 15:09:29.034,T,6894.75,1,,,
2026-04-13 15:09:29.034,T,6894.75,1,,,
2026-04-13 15:09:29.034,T,6894.75,1,,,
2026-04-13 15:09:29.034,T,6894.75,1,,,
2026-04-13 15:09:29.034,T,6894.75,1,,,
2026-04-13 15:09:29.034,T,6894.75,4,,,
2026-04-13 15:09:29.034,T,6894.75,1,,,
2026-04-13 15:09:29.034,T,6894.75,1,,,
2026-04-13 15:09:29.034,T,6894.75,1,,,
2026-04-13 15:09:29.034,T,6894.5,1,,,
2026-04-13 15:09:29.034,T,6894.75,1,,,
2026-04-13 15:09:29.214,Q,,,,6894.5,6895.0
2026-04-13 15:09:29.215,Q,,,,6894.5,6894.75
2026-04-13 15:09:29.446,T,6894.75,1,,,
2026-04-13 15:09:29.446,T,6894.75,1,,,
2026-04-13 15:09:29.446,T,6894.75,4,,,
2026-04-13 15:09:29.446,T,6894.75,1,,,
2026-04-13 15:09:29.446,T,6894.75,1,,,
2026-04-13 15:09:29.447,Q,,,,6894.75,6895.0
2026-04-13 15:09:29.817,T,6894.75,3,,,
2026-04-13 15:09:29.817,T,6894.75,1,,,
2026-04-13 15:09:30.085,T,6895.0,1,,,
2026-04-13 15:09:30.247,T,6894.75,4,,,
2026-04-13 15:09:30.247,T,6894.75,1,,,
2026-04-13 15:09:30.247,T,6894.75,1,,,
2026-04-13 15:09:30.247,T,6894.75,1,,,
2026-04-13 15:09:30.247,T,6894.75,1,,,
2026-04-13 15:09:30.247,T,6894.75,1,,,
2026-04-13 15:09:30.247,T,6894.75,1,,,
2026-04-13 15:09:30.247,T,6894.75,1,,,
2026-04-13 15:09:30.247,T,6894.75,1,,,
2026-04-13 15:09:30.247,T,6894.75,1,,,
2026-04-13 15:09:30.247,T,6894.75,1,,,
2026-04-13 15:09:30.247,T,6894.75,1,,,
2026-04-13 15:09:30.247,T,6894.75,1,,,
2026-04-13 15:09:30.247,T,6894.75,1,,,
2026-04-13 15:09:30.247,T,6894.75,1,,,
2026-04-13 15:09:30.394,Q,,,,6894.5,6894.75
2026-04-13 15:09:30.394,T,6894.75,4,,,
2026-04-13 15:09:30.394,T,6894.75,1,,,
2026-04-13 15:09:30.394,T,6894.75,1,,,
2026-04-13 15:09:30.394,T,6894.75,1,,,
2026-04-13 15:09:30.394,T,6894.75,1,,,
2026-04-13 15:09:30.657,T,6894.75,4,,,
2026-04-13 15:09:30.657,T,6894.75,1,,,
2026-04-13 15:09:30.657,T,6894.75,1,,,
2026-04-13 15:09:30.657,T,6894.75,3,,,
2026-04-13 15:09:30.657,T,6894.75,1,,,
2026-04-13 15:09:30.657,T,6894.75,1,,,
2026-04-13 15:09:30.657,T,6894.75,1,,,
2026-04-13 15:09:30.657,T,6894.75,1,,,
2026-04-13 15:09:30.657,T,6894.75,1,,,
2026-04-13 15:09:30.657,T,6894.75,3,,,
2026-04-13 15:09:30.657,T,6894.75,1,,,
2026-04-13 15:09:30.657,T,6894.75,1,,,
2026-04-13 15:09:30.657,T,6894.75,2,,,
2026-04-13 15:09:30.657,T,6894.75,1,,,
2026-04-13 15:09:30.657,T,6894.75,2,,,
2026-04-13 15:09:30.657,T,6894.75,1,,,
2026-04-13 15:09:30.657,T,6894.75,1,,,
2026-04-13 15:09:30.657,T,6894.75,1,,,
2026-04-13 15:09:30.657,T,6894.75,1,,,
2026-04-13 15:09:30.657,T,6894.75,1,,,
2026-04-13 15:09:30.657,T,6894.75,1,,,
2026-04-13 15:09:30.657,T,6894.75,1,,,
2026-04-13 15:09:30.660,Q,,,,6894.75,6895.0
2026-04-13 15:09:30.739,Q,,,,6894.5,6895.0
2026-04-13 15:09:31.059,Q,,,,6894.5,6894.75
2026-04-13 15:09:31.271,T,6894.75,2,,,
2026-04-13 15:09:32.627,T,6894.75,1,,,
2026-04-13 15:09:32.770,T,6894.75,1,,,
2026-04-13 15:09:34.658,T,6894.75,1,,,
2026-04-13 15:09:34.658,T,6894.75,1,,,
2026-04-13 15:09:35.601,T,6894.75,1,,,
2026-04-13 15:09:35.601,T,6894.75,1,,,
2026-04-13 15:09:35.603,T,6894.75,1,,,
2026-04-13 15:09:35.603,T,6894.75,1,,,
2026-04-13 15:09:35.603,T,6894.75,1,,,
2026-04-13 15:09:35.603,T,6894.75,2,,,
2026-04-13 15:09:35.603,T,6894.75,2,,,
2026-04-13 15:09:35.603,T,6894.75,1,,,
2026-04-13 15:09:35.603,T,6894.75,1,,,
2026-04-13 15:09:35.603,T,6894.75,1,,,
2026-04-13 15:09:35.603,T,6894.75,1,,,
2026-04-13 15:09:35.603,T,6894.75,1,,,
2026-04-13 15:09:35.603,T,6894.75,3,,,
2026-04-13 15:09:35.603,T,6894.75,1,,,
2026-04-13 15:09:35.603,T,6894.75,1,,,
2026-04-13 15:09:35.603,T,6894.75,1,,,
2026-04-13 15:09:35.603,T,6894.75,1,,,
2026-04-13 15:09:35.603,T,6894.75,1,,,
2026-04-13 15:09:35.603,T,6894.75,1,,,
2026-04-13 15:09:35.603,T,6894.75,1,,,
2026-04-13 15:09:35.603,T,6894.75,1,,,
2026-04-13 15:09:35.603,T,6894.75,1,,,
2026-04-13 15:09:35.603,T,6894.75,1,,,
2026-04-13 15:09:35.603,T,6894.75,2,,,
2026-04-13 15:09:35.603,T,6894.75,2,,,
2026-04-13 15:09:35.603,T,6894.75,1,,,
2026-04-13 15:09:35.603,T,6894.75,1,,,
2026-04-13 15:09:35.603,T,6894.75,1,,,
2026-04-13 15:09:35.603,T,6894.75,1,,,
2026-04-13 15:09:35.603,T,6894.75,1,,,
2026-04-13 15:09:35.603,T,6894.75,1,,,
2026-04-13 15:09:35.603,T,6894.75,1,,,
2026-04-13 15:09:35.603,T,6894.75,1,,,
2026-04-13 15:09:35.603,T,6894.75,1,,,
2026-04-13 15:09:35.603,T,6894.75,2,,,
2026-04-13 15:09:35.603,T,6894.75,1,,,
2026-04-13 15:09:35.603,T,6894.75,1,,,
2026-04-13 15:09:35.603,T,6894.75,2,,,
2026-04-13 15:09:35.603,T,6894.75,1,,,
2026-04-13 15:09:35.603,T,6894.75,1,,,
2026-04-13 15:09:35.604,Q,,,,6894.5,6895.0
2026-04-13 15:09:35.604,T,6894.75,1,,,
2026-04-13 15:09:35.604,T,6894.75,1,,,
2026-04-13 15:09:35.604,Q,,,,6894.5,6894.75
2026-04-13 15:09:35.605,T,6894.75,2,,,
2026-04-13 15:09:35.605,T,6894.5,1,,,
2026-04-13 15:09:36.247,T,6894.75,1,,,
2026-04-13 15:09:38.636,T,6894.75,1,,,
2026-04-13 15:09:39.443,Q,,,,6894.75,6895.0
2026-04-13 15:09:39.443,T,6894.75,1,,,
2026-04-13 15:09:39.443,T,6894.75,1,,,
2026-04-13 15:09:39.443,T,6894.75,1,,,
2026-04-13 15:09:39.443,T,6894.75,1,,,
2026-04-13 15:09:39.443,T,6894.75,1,,,
2026-04-13 15:09:39.443,T,6894.75,1,,,
2026-04-13 15:09:39.443,T,6894.75,1,,,
2026-04-13 15:09:39.443,T,6894.75,1,,,
2026-04-13 15:09:39.443,T,6894.75,1,,,
2026-04-13 15:09:39.443,T,6894.75,1,,,
2026-04-13 15:09:39.443,T,6894.75,2,,,
2026-04-13 15:09:39.443,T,6894.75,2,,,
2026-04-13 15:09:39.443,T,6894.75,1,,,
2026-04-13 15:09:39.443,T,6894.75,1,,,
2026-04-13 15:09:39.443,T,6894.75,1,,,
2026-04-13 15:09:39.443,T,6894.75,1,,,
2026-04-13 15:09:39.443,T,6894.75,1,,,
2026-04-13 15:09:39.499,T,6894.75,3,,,
2026-04-13 15:09:39.499,T,6894.75,2,,,
2026-04-13 15:09:39.499,T,6894.75,1,,,
2026-04-13 15:09:39.499,T,6894.75,2,,,
2026-04-13 15:09:39.499,T,6894.75,1,,,
2026-04-13 15:09:39.499,T,6894.75,1,,,
2026-04-13 15:09:39.500,Q,,,,6894.5,6895.0
2026-04-13 15:09:39.600,Q,,,,6894.75,6895.0
2026-04-13 15:09:40.131,T,6895.0,1,,,
2026-04-13 15:09:40.131,T,6895.0,4,,,
2026-04-13 15:09:40.131,T,6895.0,2,,,
2026-04-13 15:09:40.279,T,6894.75,2,,,
2026-04-13 15:09:40.352,T,6894.75,1,,,
2026-04-13 15:09:40.352,T,6894.75,1,,,
2026-04-13 15:09:40.352,T,6894.75,1,,,
2026-04-13 15:09:40.352,T,6894.75,1,,,
2026-04-13 15:09:40.352,T,6894.75,1,,,
2026-04-13 15:09:40.352,T,6894.75,1,,,
2026-04-13 15:09:40.352,T,6894.75,1,,,
2026-04-13 15:09:40.352,T,6894.75,1,,,
2026-04-13 15:09:40.352,T,6894.75,2,,,
2026-04-13 15:09:40.352,T,6894.75,1,,,
2026-04-13 15:09:40.352,T,6894.75,1,,,
2026-04-13 15:09:40.352,T,6894.75,1,,,
2026-04-13 15:09:40.352,T,6894.75,1,,,
2026-04-13 15:09:40.352,T,6894.75,1,,,
2026-04-13 15:09:40.354,Q,,,,6894.5,6894.75
2026-04-13 15:09:40.751,T,6894.75,2,,,
2026-04-13 15:09:41.791,T,6894.75,2,,,
2026-04-13 15:09:41.938,T,6894.75,1,,,
2026-04-13 15:09:42.155,T,6894.5,1,,,
2026-04-13 15:09:42.155,T,6894.5,1,,,
2026-04-13 15:09:42.155,T,6894.5,1,,,
2026-04-13 15:09:42.155,T,6894.5,2,,,
2026-04-13 15:09:42.155,T,6894.5,3,,,
2026-04-13 15:09:42.155,T,6894.5,1,,,
2026-04-13 15:09:42.155,T,6894.5,1,,,
2026-04-13 15:09:42.155,T,6894.5,1,,,
2026-04-13 15:09:42.853,T,6894.5,1,,,
2026-04-13 15:09:43.406,T,6894.75,1,,,
2026-04-13 15:09:43.406,T,6894.75,1,,,
2026-04-13 15:09:43.406,T,6894.75,1,,,
2026-04-13 15:09:43.406,T,6894.75,3,,,
2026-04-13 15:09:43.406,T,6894.75,2,,,
2026-04-13 15:09:43.406,T,6894.75,1,,,
2026-04-13 15:09:43.406,T,6894.75,1,,,
2026-04-13 15:09:43.406,T,6894.75,1,,,
2026-04-13 15:09:43.406,T,6894.75,1,,,
2026-04-13 15:09:43.406,T,6894.75,1,,,
2026-04-13 15:09:43.406,T,6894.75,1,,,
2026-04-13 15:09:43.406,T,6894.75,1,,,
2026-04-13 15:09:43.406,T,6894.75,1,,,
2026-04-13 15:09:43.406,T,6894.75,1,,,
2026-04-13 15:09:43.406,T,6894.75,1,,,
2026-04-13 15:09:43.406,T,6894.75,1,,,
2026-04-13 15:09:43.406,T,6894.75,1,,,
2026-04-13 15:09:43.406,T,6894.75,1,,,
2026-04-13 15:09:43.406,T,6894.75,1,,,
2026-04-13 15:09:43.406,T,6894.75,1,,,
2026-04-13 15:09:43.594,T,6894.75,1,,,
2026-04-13 15:09:43.594,T,6894.75,1,,,
2026-04-13 15:09:43.594,T,6894.75,2,,,
2026-04-13 15:09:43.594,T,6894.75,1,,,
2026-04-13 15:09:43.594,T,6894.75,1,,,
2026-04-13 15:09:43.594,T,6894.75,1,,,
2026-04-13 15:09:43.594,T,6894.75,1,,,
2026-04-13 15:09:43.594,T,6894.75,1,,,
2026-04-13 15:09:43.594,T,6894.75,2,,,
2026-04-13 15:09:43.594,T,6894.75,1,,,
2026-04-13 15:09:43.594,T,6894.75,2,,,
2026-04-13 15:09:43.594,T,6894.75,2,,,
2026-04-13 15:09:43.594,T,6894.75,1,,,
2026-04-13 15:09:43.594,T,6894.75,1,,,
2026-04-13 15:09:43.594,T,6894.75,1,,,
2026-04-13 15:09:43.594,T,6894.5,1,,,
2026-04-13 15:09:44.114,T,6894.5,1,,,
2026-04-13 15:09:44.212,T,6894.75,1,,,
2026-04-13 15:09:44.212,T,6894.75,1,,,
2026-04-13 15:09:45.130,T,6894.75,1,,,
2026-04-13 15:09:45.130,T,6894.75,1,,,
2026-04-13 15:09:45.335,T,6894.5,1,,,
2026-04-13 15:09:45.335,T,6894.5,1,,,
2026-04-13 15:09:47.602,T,6894.5,1,,,
2026-04-13 15:09:49.493,T,6894.5,1,,,
2026-04-13 15:09:50.007,T,6894.5,1,,,
2026-04-13 15:09:50.091,T,6894.75,1,,,
2026-04-13 15:09:50.181,T,6894.5,1,,,
2026-04-13 15:09:50.802,T,6894.75,1,,,
2026-04-13 15:09:52.342,T,6894.5,1,,,
2026-04-13 15:17:23.918,Q,,,,6895.5,6895.75
2026-04-13 15:17:24.764,T,6895.75,1,,,
2026-04-13 15:17:24.764,T,6895.75,2,,,
2026-04-13 15:17:24.764,T,6895.75,1,,,
2026-04-13 15:17:24.764,T,6895.75,2,,,
2026-04-13 15:17:24.764,T,6895.75,1,,,
2026-04-13 15:17:24.764,T,6895.75,1,,,
2026-04-13 15:17:24.764,T,6895.75,1,,,
2026-04-13 15:17:24.764,T,6895.75,1,,,
2026-04-13 15:17:24.764,T,6895.75,4,,,
2026-04-13 15:17:24.764,T,6895.75,1,,,
2026-04-13 15:17:24.764,T,6895.75,1,,,
2026-04-13 15:17:24.764,T,6895.75,3,,,
2026-04-13 15:17:24.764,T,6895.75,1,,,
2026-04-13 15:17:24.764,T,6895.75,1,,,
2026-04-13 15:17:24.764,T,6895.75,1,,,
2026-04-13 15:17:24.764,T,6895.75,1,,,
2026-04-13 15:17:24.764,T,6895.75,2,,,
2026-04-13 15:17:24.764,T,6895.75,1,,,
2026-04-13 15:17:24.764,T,6895.75,1,,,
2026-04-13 15:17:24.764,T,6895.75,3,,,
2026-04-13 15:17:24.764,T,6895.75,1,,,
2026-04-13 15:17:24.764,T,6895.75,1,,,
2026-04-13 15:17:24.764,T,6895.75,3,,,
2026-04-13 15:17:24.764,T,6895.75,8,,,
2026-04-13 15:17:24.764,T,6895.75,1,,,
2026-04-13 15:17:24.764,T,6895.75,1,,,
2026-04-13 15:17:24.764,T,6895.75,1,,,
2026-04-13 15:17:24.764,T,6895.75,1,,,
2026-04-13 15:17:24.764,T,6895.75,1,,,
2026-04-13 15:17:24.764,T,6895.75,1,,,
2026-04-13 15:17:24.764,T,6895.75,1,,,
2026-04-13 15:17:24.764,T,6895.75,3,,,
2026-04-13 15:17:26.516,T,6895.75,1,,,
2026-04-13 15:17:26.517,T,6895.75,6,,,
2026-04-13 15:17:26.517,T,6895.75,1,,,
2026-04-13 15:17:26.517,T,6895.75,1,,,
2026-04-13 15:17:26.517,T,6895.75,1,,,
2026-04-13 15:17:26.517,T,6895.75,1,,,
2026-04-13 15:17:26.517,T,6895.75,1,,,
2026-04-13 15:17:26.518,Q,,,,6895.5,6896.0
2026-04-13 15:17:26.518,T,6895.75,1,,,
2026-04-13 15:17:26.518,T,6895.75,1,,,
2026-04-13 15:17:26.518,T,6895.75,4,,,
2026-04-13 15:17:26.518,T,6895.75,1,,,
2026-04-13 15:17:26.518,T,6895.75,1,,,
2026-04-13 15:17:26.518,T,6895.75,1,,,
2026-04-13 15:17:26.518,T,6895.75,1,,,
2026-04-13 15:17:26.518,T,6895.75,1,,,
2026-04-13 15:17:26.518,T,6895.75,1,,,
2026-04-13 15:17:26.518,T,6895.75,4,,,
2026-04-13 15:17:26.518,T,6895.75,1,,,
2026-04-13 15:17:26.518,T,6895.75,1,,,
2026-04-13 15:17:26.518,T,6895.75,1,,,
2026-04-13 15:17:26.518,T,6895.75,1,,,
2026-04-13 15:17:26.519,Q,,,,6895.5,6895.75
2026-04-13 15:17:26.519,T,6895.75,1,,,
2026-04-13 15:17:26.519,T,6895.75,1,,,
2026-04-13 15:17:27.125,T,6895.5,1,,,
2026-04-13 15:17:27.295,T,6895.75,1,,,
2026-04-13 15:17:27.431,T,6895.75,1,,,
2026-04-13 15:17:27.431,T,6895.75,1,,,
2026-04-13 15:17:27.431,T,6895.75,2,,,
2026-04-13 15:17:27.431,T,6895.75,3,,,
2026-04-13 15:17:27.431,T,6895.75,2,,,
2026-04-13 15:17:27.431,T,6895.75,1,,,
2026-04-13 15:17:27.431,T,6895.75,1,,,
2026-04-13 15:17:27.431,T,6895.75,1,,,
2026-04-13 15:17:27.431,T,6895.75,5,,,
2026-04-13 15:17:27.431,T,6895.75,1,,,
2026-04-13 15:17:27.815,T,6895.75,1,,,
2026-04-13 15:17:27.815,T,6895.75,1,,,
2026-04-13 15:17:27.815,T,6895.75,1,,,
2026-04-13 15:17:27.815,T,6895.75,4,,,
2026-04-13 15:17:27.815,T,6895.75,1,,,
2026-04-13 15:17:27.815,T,6895.75,1,,,
2026-04-13 15:17:27.815,T,6895.75,1,,,
2026-04-13 15:17:27.815,T,6895.75,1,,,
2026-04-13 15:17:27.815,T,6895.75,5,,,
2026-04-13 15:17:27.815,T,6895.75,1,,,
2026-04-13 15:17:27.815,T,6895.75,4,,,
2026-04-13 15:17:28.114,T,6895.75,1,,,
2026-04-13 15:17:28.114,T,6895.75,1,,,
2026-04-13 15:17:28.114,T,6895.75,1,,,
2026-04-13 15:17:28.114,T,6895.75,1,,,
2026-04-13 15:17:28.114,T,6895.75,1,,,
2026-04-13 15:17:28.114,T,6895.75,1,,,
2026-04-13 15:17:28.310,T,6895.75,1,,,
2026-04-13 15:17:28.310,T,6895.75,1,,,
2026-04-13 15:17:28.310,T,6895.75,1,,,
2026-04-13 15:17:28.310,T,6895.75,1,,,
2026-04-13 15:17:28.310,T,6895.75,1,,,
2026-04-13 15:17:28.310,T,6895.75,1,,,
2026-04-13 15:17:28.310,T,6895.75,1,,,
2026-04-13 15:17:28.310,T,6895.75,1,,,
2026-04-13 15:17:28.310,T,6895.75,1,,,
2026-04-13 15:17:28.310,T,6895.75,1,,,
2026-04-13 15:17:28.312,Q,,,,6895.75,6896.0
2026-04-13 15:17:28.312,T,6895.75,1,,,
2026-04-13 15:17:28.614,T,6896.0,1,,,
2026-04-13 15:17:28.614,T,6896.0,1,,,
2026-04-13 15:17:28.614,T,6896.0,1,,,
2026-04-13 15:17:28.614,T,6896.0,2,,,
2026-04-13 15:17:28.614,T,6896.0,1,,,
2026-04-13 15:17:28.614,T,6896.0,1,,,
2026-04-13 15:17:29.133,T,6896.0,1,,,
2026-04-13 15:17:29.134,T,6895.75,1,,,
2026-04-13 15:17:29.225,Q,,,,6896.0,6896.25
2026-04-13 15:17:29.226,T,6896.0,1,,,
2026-04-13 15:17:29.226,T,6896.0,3,,,
2026-04-13 15:17:29.226,T,6896.0,1,,,
2026-04-13 15:17:29.226,T,6896.0,1,,,
2026-04-13 15:17:29.226,T,6896.0,3,,,
2026-04-13 15:17:29.226,T,6896.0,1,,,
2026-04-13 15:17:29.226,T,6896.0,1,,,
2026-04-13 15:17:29.226,T,6896.0,1,,,
2026-04-13 15:17:29.226,T,6896.0,1,,,
2026-04-13 15:17:29.226,T,6896.0,1,,,
2026-04-13 15:17:29.226,T,6896.0,1,,,
2026-04-13 15:17:29.226,T,6896.0,1,,,
2026-04-13 15:17:29.226,T,6896.0,1,,,
2026-04-13 15:17:29.226,T,6896.0,1,,,
2026-04-13 15:17:29.226,T,6896.0,5,,,
2026-04-13 15:17:29.226,T,6896.0,1,,,
2026-04-13 15:17:29.226,T,6896.0,2,,,
2026-04-13 15:17:29.226,T,6896.0,1,,,
2026-04-13 15:17:29.226,T,6896.0,1,,,
2026-04-13 15:17:29.226,T,6896.0,1,,,
2026-04-13 15:17:29.226,T,6896.0,1,,,
2026-04-13 15:17:29.226,T,6896.0,1,,,
2026-04-13 15:17:29.226,T,6896.0,20,,,
2026-04-13 15:17:29.226,T,6896.0,1,,,
2026-04-13 15:17:29.226,T,6896.0,1,,,
2026-04-13 15:17:29.226,T,6896.0,1,,,
2026-04-13 15:17:29.226,T,6896.0,1,,,
2026-04-13 15:17:29.226,T,6896.0,1,,,
2026-04-13 15:17:29.226,T,6896.0,1,,,
2026-04-13 15:17:29.226,T,6896.0,1,,,
2026-04-13 15:17:29.226,T,6896.0,1,,,
2026-04-13 15:17:29.226,T,6896.0,1,,,
2026-04-13 15:17:29.226,T,6896.0,1,,,
2026-04-13 15:17:29.226,T,6896.0,1,,,
2026-04-13 15:17:29.226,T,6896.0,1,,,
2026-04-13 15:17:29.226,T,6896.0,1,,,
2026-04-13 15:17:29.226,T,6896.0,1,,,
2026-04-13 15:17:29.226,T,6896.0,1,,,
2026-04-13 15:17:29.226,T,6896.0,1,,,
2026-04-13 15:17:29.226,T,6896.0,1,,,
2026-04-13 15:17:29.226,T,6896.0,1,,,
2026-04-13 15:17:29.226,T,6896.0,1,,,
2026-04-13 15:17:29.226,T,6896.0,1,,,
2026-04-13 15:17:29.226,T,6896.0,1,,,
2026-04-13 15:17:29.226,T,6896.0,1,,,
2026-04-13 15:17:29.226,T,6896.0,1,,,
2026-04-13 15:17:29.226,T,6896.0,1,,,
2026-04-13 15:17:29.226,T,6896.0,1,,,
2026-04-13 15:17:29.226,T,6896.0,1,,,
2026-04-13 15:17:29.226,T,6896.0,1,,,
2026-04-13 15:17:29.226,T,6896.0,1,,,
2026-04-13 15:17:29.226,T,6896.0,1,,,
2026-04-13 15:17:29.226,T,6896.0,1,,,
2026-04-13 15:17:29.226,T,6896.0,1,,,
2026-04-13 15:17:29.226,T,6896.0,1,,,
2026-04-13 15:17:29.226,T,6896.0,1,,,
2026-04-13 15:17:29.226,T,6896.0,1,,,
2026-04-13 15:17:29.226,T,6896.0,1,,,
2026-04-13 15:17:29.226,T,6896.0,1,,,
2026-04-13 15:17:29.226,T,6896.0,1,,,
2026-04-13 15:17:29.226,T,6896.0,1,,,
2026-04-13 15:17:29.226,T,6896.0,1,,,
2026-04-13 15:17:29.226,T,6896.0,1,,,
2026-04-13 15:17:29.226,T,6896.0,1,,,
2026-04-13 15:17:29.226,T,6896.0,1,,,
2026-04-13 15:17:29.226,T,6896.0,1,,,
2026-04-13 15:17:29.226,T,6896.0,1,,,
2026-04-13 15:17:29.226,T,6896.0,1,,,
2026-04-13 15:17:29.226,T,6896.0,1,,,
2026-04-13 15:17:29.226,T,6896.0,1,,,
2026-04-13 15:17:29.226,T,6896.0,1,,,
2026-04-13 15:17:29.226,T,6896.0,1,,,
2026-04-13 15:17:29.226,T,6896.0,1,,,
2026-04-13 15:17:29.226,T,6896.0,1,,,
2026-04-13 15:17:29.226,T,6896.0,1,,,
2026-04-13 15:17:29.226,T,6896.0,1,,,
2026-04-13 15:17:29.226,T,6896.0,1,,,
2026-04-13 15:17:29.226,T,6896.0,1,,,
2026-04-13 15:17:29.226,T,6896.0,1,,,
2026-04-13 15:17:29.226,T,6896.0,1,,,
2026-04-13 15:17:29.226,T,6896.0,1,,,
2026-04-13 15:17:29.226,T,6896.0,1,,,
2026-04-13 15:17:29.226,T,6896.0,1,,,
2026-04-13 15:17:29.226,T,6896.0,1,,,
2026-04-13 15:17:29.226,T,6896.0,1,,,
2026-04-13 15:17:29.226,T,6896.0,1,,,
2026-04-13 15:17:29.226,T,6896.0,1,,,
2026-04-13 15:17:29.226,T,6896.0,1,,,
2026-04-13 15:17:29.226,T,6896.0,1,,,
2026-04-13 15:17:29.226,T,6896.0,1,,,
2026-04-13 15:17:29.226,T,6896.0,1,,,
2026-04-13 15:17:29.226,T,6896.0,1,,,
2026-04-13 15:17:29.226,T,6896.0,1,,,
2026-04-13 15:17:29.226,T,6896.0,1,,,
2026-04-13 15:17:29.226,T,6896.0,1,,,
2026-04-13 15:17:29.226,T,6896.0,1,,,
2026-04-13 15:17:29.226,T,6896.0,1,,,
2026-04-13 15:17:29.226,T,6896.0,2,,,
2026-04-13 15:17:29.226,T,6896.0,1,,,
2026-04-13 15:17:29.226,T,6896.0,1,,,
2026-04-13 15:17:29.226,T,6896.0,1,,,
2026-04-13 15:17:29.226,T,6896.0,2,,,
2026-04-13 15:17:29.226,T,6896.0,3,,,
2026-04-13 15:17:29.226,T,6896.0,1,,,
2026-04-13 15:17:29.226,T,6896.0,1,,,
2026-04-13 15:17:29.226,T,6895.75,1,,,
2026-04-13 15:17:29.226,T,6896.0,1,,,
2026-04-13 15:17:29.226,T,6896.0,1,,,
2026-04-13 15:17:29.226,T,6896.0,1,,,
2026-04-13 15:17:29.226,T,6896.0,2,,,
2026-04-13 15:17:29.226,T,6896.0,2,,,
2026-04-13 15:17:29.226,T,6896.0,2,,,
2026-04-13 15:17:29.226,T,6896.0,1,,,
2026-04-13 15:17:29.226,T,6896.0,4,,,
2026-04-13 15:17:29.226,T,6896.0,1,,,
2026-04-13 15:17:29.226,T,6896.0,1,,,
2026-04-13 15:17:29.226,T,6896.0,1,,,
2026-04-13 15:17:29.231,T,6896.0,3,,,
2026-04-13 15:17:29.231,T,6896.0,2,,,
2026-04-13 15:17:29.231,T,6896.0,1,,,
2026-04-13 15:17:29.231,T,6896.0,1,,,
2026-04-13 15:17:29.231,T,6896.0,1,,,
2026-04-13 15:17:29.231,T,6896.0,3,,,
2026-04-13 15:17:29.231,T,6896.0,1,,,
2026-04-13 15:17:29.231,T,6896.0,1,,,
2026-04-13 15:17:29.231,T,6896.0,1,,,
2026-04-13 15:17:29.231,T,6896.0,5,,,
2026-04-13 15:17:29.231,T,6896.0,1,,,
2026-04-13 15:17:29.231,T,6896.0,1,,,
2026-04-13 15:17:29.231,T,6896.0,1,,,
2026-04-13 15:17:29.231,T,6896.0,1,,,
2026-04-13 15:17:29.231,T,6896.0,2,,,
2026-04-13 15:17:29.231,T,6896.0,1,,,
2026-04-13 15:17:29.231,T,6896.0,1,,,
2026-04-13 15:17:29.231,T,6896.0,1,,,
2026-04-13 15:17:29.231,T,6896.0,1,,,
2026-04-13 15:17:29.231,T,6896.0,1,,,
2026-04-13 15:17:29.232,T,6896.25,1,,,
2026-04-13 15:17:29.232,T,6896.25,1,,,
2026-04-13 15:17:29.232,T,6896.25,1,,,
2026-04-13 15:17:29.232,T,6896.25,1,,,
2026-04-13 15:17:29.232,T,6896.25,1,,,
2026-04-13 15:17:29.232,T,6896.25,1,,,
2026-04-13 15:17:29.232,T,6896.25,1,,,
2026-04-13 15:17:29.232,T,6896.25,1,,,
2026-04-13 15:17:29.232,T,6896.25,1,,,
2026-04-13 15:17:29.232,T,6896.25,1,,,
2026-04-13 15:17:29.232,T,6896.25,1,,,
2026-04-13 15:17:29.232,T,6896.25,1,,,
2026-04-13 15:17:29.330,T,6896.25,1,,,
2026-04-13 15:17:29.349,T,6896.0,1,,,
2026-04-13 15:17:29.666,T,6896.0,2,,,
2026-04-13 15:17:30.070,T,6896.25,1,,,
2026-04-13 15:17:30.236,T,6896.0,1,,,
2026-04-13 15:17:30.237,T,6896.25,1,,,
2026-04-13 15:17:30.237,T,6896.0,1,,,
2026-04-13 15:17:30.237,T,6896.0,1,,,
2026-04-13 15:17:30.237,T,6896.0,1,,,
2026-04-13 15:17:30.237,T,6896.0,1,,,
2026-04-13 15:17:30.237,T,6896.0,1,,,
2026-04-13 15:17:30.237,T,6896.0,1,,,
2026-04-13 15:17:30.237,T,6896.0,1,,,
2026-04-13 15:17:30.237,T,6896.0,1,,,
2026-04-13 15:17:30.237,T,6896.0,1,,,
2026-04-13 15:17:30.237,T,6896.0,1,,,
2026-04-13 15:17:30.237,T,6896.0,3,,,
2026-04-13 15:17:30.237,T,6896.0,1,,,
2026-04-13 15:17:30.237,T,6896.0,3,,,
2026-04-13 15:17:30.237,T,6896.0,1,,,
2026-04-13 15:17:30.237,T,6896.0,2,,,
2026-04-13 15:17:30.237,T,6896.0,1,,,
2026-04-13 15:17:30.237,T,6896.0,1,,,
2026-04-13 15:17:30.237,T,6896.0,1,,,
2026-04-13 15:17:30.237,T,6896.0,1,,,
2026-04-13 15:17:30.237,T,6896.0,1,,,
2026-04-13 15:17:30.237,T,6896.0,1,,,
2026-04-13 15:17:30.237,T,6896.0,1,,,
2026-04-13 15:17:30.237,T,6896.0,1,,,
2026-04-13 15:17:30.237,T,6896.0,1,,,
2026-04-13 15:17:30.237,T,6896.0,1,,,
2026-04-13 15:17:30.237,T,6896.0,7,,,
2026-04-13 15:17:30.237,T,6896.0,1,,,
2026-04-13 15:17:30.237,T,6896.0,1,,,
2026-04-13 15:17:30.237,T,6896.0,1,,,
2026-04-13 15:17:30.237,T,6896.0,1,,,
2026-04-13 15:17:30.237,T,6896.0,1,,,
2026-04-13 15:17:30.237,T,6896.0,4,,,
2026-04-13 15:17:30.237,T,6896.0,1,,,
2026-04-13 15:17:30.237,T,6896.0,2,,,
2026-04-13 15:17:30.237,T,6896.0,1,,,
2026-04-13 15:17:30.239,Q,,,,6895.75,6896.0
2026-04-13 15:17:30.239,T,6896.0,2,,,
2026-04-13 15:17:30.239,T,6896.0,7,,,
2026-04-13 15:17:30.239,T,6896.0,1,,,
2026-04-13 15:17:30.239,T,6896.0,1,,,
2026-04-13 15:17:30.239,T,6896.0,1,,,
2026-04-13 15:17:30.239,T,6896.0,1,,,
2026-04-13 15:17:30.239,T,6896.0,1,,,
2026-04-13 15:17:30.239,T,6896.0,1,,,
2026-04-13 15:17:30.239,T,6896.0,1,,,
2026-04-13 15:17:30.239,T,6896.0,1,,,
2026-04-13 15:17:30.239,T,6896.0,1,,,
2026-04-13 15:17:30.239,T,6896.0,1,,,
2026-04-13 15:17:30.239,T,6896.0,1,,,
2026-04-13 15:17:30.239,Q,,,,6895.75,6896.25
2026-04-13 15:17:30.239,T,6896.0,2,,,
2026-04-13 15:17:30.239,T,6896.0,1,,,
2026-04-13 15:17:30.239,T,6896.0,1,,,
2026-04-13 15:17:30.239,T,6896.0,1,,,
2026-04-13 15:17:30.239,T,6896.0,1,,,
2026-04-13 15:17:30.239,T,6896.0,1,,,
2026-04-13 15:17:30.239,T,6896.0,1,,,
2026-04-13 15:17:30.239,T,6896.0,1,,,
2026-04-13 15:17:30.255,Q,,,,6896.0,6896.25
2026-04-13 15:17:30.256,T,6896.0,1,,,
2026-04-13 15:17:30.256,T,6896.0,1,,,
2026-04-13 15:17:30.256,T,6896.0,1,,,
2026-04-13 15:17:30.256,T,6896.0,1,,,
2026-04-13 15:17:30.256,T,6896.0,1,,,
2026-04-13 15:17:30.256,T,6896.0,1,,,
2026-04-13 15:17:30.256,T,6896.0,1,,,
2026-04-13 15:17:30.324,Q,,,,6895.75,6896.25
2026-04-13 15:17:30.324,T,6896.0,1,,,
2026-04-13 15:17:30.324,T,6896.0,1,,,
2026-04-13 15:17:30.324,T,6896.0,1,,,
2026-04-13 15:17:30.324,T,6896.0,1,,,
2026-04-13 15:17:30.388,T,6895.75,1,,,
2026-04-13 15:17:30.388,T,6896.0,1,,,
2026-04-13 15:17:30.388,Q,,,,6895.75,6896.0
2026-04-13 15:17:30.564,Q,,,,6895.75,6896.25
2026-04-13 15:17:30.564,T,6896.0,1,,,
2026-04-13 15:17:30.564,T,6896.0,1,,,
2026-04-13 15:17:30.564,T,6896.0,1,,,
2026-04-13 15:17:30.564,T,6896.0,1,,,
2026-04-13 15:17:30.564,T,6896.0,5,,,
2026-04-13 15:17:30.564,T,6896.0,3,,,
2026-04-13 15:17:30.564,T,6896.0,1,,,
2026-04-13 15:17:30.564,T,6896.0,1,,,
2026-04-13 15:17:30.564,T,6896.0,1,,,
2026-04-13 15:17:30.564,T,6896.0,1,,,
2026-04-13 15:17:30.564,T,6896.0,1,,,
2026-04-13 15:17:30.806,T,6896.0,1,,,
2026-04-13 15:17:30.807,Q,,,,6895.75,6896.0
2026-04-13 15:17:30.808,T,6895.75,1,,,
2026-04-13 15:17:30.809,T,6896.0,1,,,
2026-04-13 15:17:31.249,T,6896.0,1,,,
2026-04-13 15:17:31.249,T,6896.0,1,,,
2026-04-13 15:17:31.249,T,6896.0,1,,,
2026-04-13 15:17:31.249,T,6896.0,1,,,
2026-04-13 15:17:31.249,T,6896.0,1,,,
2026-04-13 15:17:31.249,T,6896.0,5,,,
2026-04-13 15:17:31.592,T,6896.0,2,,,
2026-04-13 15:17:31.743,T,6896.0,1,,,
2026-04-13 15:17:32.298,T,6896.0,2,,,
2026-04-13 15:17:32.298,T,6895.75,1,,,
2026-04-13 15:17:33.095,T,6895.75,1,,,
2026-04-13 15:17:33.238,T,6895.75,1,,,
2026-04-13 15:17:33.336,T,6896.0,1,,,
2026-04-13 15:17:33.336,T,6896.0,1,,,
2026-04-13 15:17:34.449,T,6895.75,1,,,
2026-04-13 15:17:34.449,T,6896.0,1,,,
2026-04-13 15:17:34.449,T,6896.0,1,,,
2026-04-13 15:17:34.498,T,6896.0,1,,,
2026-04-13 15:17:34.838,T,6896.0,1,,,
2026-04-13 15:17:35.099,T,6895.75,1,,,
2026-04-13 15:17:35.099,T,6895.75,1,,,
2026-04-13 15:17:35.269,T,6896.0,1,,,
2026-04-13 15:17:35.491,T,6895.75,1,,,
2026-04-13 15:17:35.839,T,6896.0,1,,,
2026-04-13 15:17:35.839,T,6896.0,1,,,
2026-04-13 15:17:35.839,T,6896.0,1,,,
2026-04-13 15:17:35.839,T,6896.0,1,,,
2026-04-13 15:17:35.839,T,6896.0,7,,,
2026-04-13 15:17:35.839,T,6896.0,23,,,
2026-04-13 15:17:35.839,T,6896.0,1,,,
2026-04-13 15:17:35.839,T,6896.0,1,,,
2026-04-13 15:17:35.839,T,6896.0,1,,,
2026-04-13 15:17:35.839,T,6896.0,1,,,
2026-04-13 15:17:35.839,T,6896.0,1,,,
2026-04-13 15:17:35.839,T,6896.0,1,,,
2026-04-13 15:17:35.839,T,6896.0,1,,,
2026-04-13 15:17:35.839,T,6896.0,1,,,
2026-04-13 15:17:35.839,T,6896.0,2,,,
2026-04-13 15:17:35.839,T,6896.0,1,,,
2026-04-13 15:17:35.839,T,6896.0,1,,,
2026-04-13 15:17:35.839,T,6896.0,1,,,
2026-04-13 15:17:35.839,T,6896.0,3,,,
2026-04-13 15:17:35.839,T,6896.0,7,,,
2026-04-13 15:17:35.839,T,6896.0,1,,,
2026-04-13 15:17:35.839,T,6896.0,1,,,
2026-04-13 15:17:35.839,T,6896.0,1,,,
2026-04-13 15:17:35.839,T,6896.0,1,,,
2026-04-13 15:17:35.839,T,6896.0,1,,,
2026-04-13 15:17:35.839,T,6896.0,1,,,
2026-04-13 15:17:35.839,T,6896.0,1,,,
2026-04-13 15:17:35.839,T,6896.0,1,,,
2026-04-13 15:17:35.839,T,6896.0,3,,,
2026-04-13 15:17:35.839,T,6896.0,1,,,
2026-04-13 15:17:35.839,T,6896.0,1,,,
2026-04-13 15:17:35.839,T,6896.0,1,,,
2026-04-13 15:17:35.839,T,6896.0,2,,,
2026-04-13 15:17:35.839,T,6896.0,1,,,
2026-04-13 15:17:35.839,T,6896.0,3,,,
2026-04-13 15:17:35.839,T,6896.0,1,,,
2026-04-13 15:17:35.839,T,6896.0,4,,,
2026-04-13 15:17:35.839,T,6896.0,4,,,
2026-04-13 15:17:35.839,T,6896.0,1,,,
2026-04-13 15:17:35.839,T,6896.0,1,,,
2026-04-13 15:17:35.839,T,6896.0,2,,,
2026-04-13 15:17:35.839,T,6896.0,1,,,
2026-04-13 15:17:35.839,T,6896.0,1,,,
2026-04-13 15:17:35.839,T,6896.0,3,,,
2026-04-13 15:17:35.839,T,6896.0,1,,,
2026-04-13 15:17:35.839,T,6896.0,1,,,
2026-04-13 15:17:35.839,T,6896.0,1,,,
2026-04-13 15:17:35.839,T,6896.0,1,,,
2026-04-13 15:17:35.839,T,6896.0,1,,,
2026-04-13 15:17:35.839,T,6896.0,1,,,
2026-04-13 15:17:35.839,T,6896.0,1,,,
2026-04-13 15:17:35.839,T,6896.0,1,,,
2026-04-13 15:17:35.839,T,6896.0,1,,,
2026-04-13 15:17:35.839,T,6896.0,1,,,
2026-04-13 15:17:35.839,T,6896.0,1,,,
2026-04-13 15:17:35.839,T,6896.0,1,,,
2026-04-13 15:17:35.839,T,6896.0,1,,,
2026-04-13 15:17:35.839,T,6896.0,1,,,
2026-04-13 15:17:35.839,T,6896.0,1,,,
2026-04-13 15:17:35.841,T,6895.75,1,,,
2026-04-13 15:17:37.740,T,6895.75,1,,,
2026-04-13 15:17:38.272,Q,,,,6895.5,6895.75
2026-04-13 15:17:38.273,T,6895.75,1,,,
2026-04-13 15:17:38.273,T,6895.75,1,,,
2026-04-13 15:17:38.273,T,6895.75,1,,,
2026-04-13 15:17:38.273,T,6895.75,1,,,
2026-04-13 15:17:38.273,T,6895.75,1,,,
2026-04-13 15:17:38.273,T,6895.75,1,,,
2026-04-13 15:17:38.273,T,6895.75,1,,,
2026-04-13 15:17:38.273,T,6895.75,1,,,
2026-04-13 15:17:38.273,T,6895.75,1,,,
2026-04-13 15:17:38.273,T,6895.75,1,,,
2026-04-13 15:17:38.273,T,6895.75,1,,,
2026-04-13 15:17:38.273,T,6895.75,1,,,
2026-04-13 15:17:38.273,T,6895.75,1,,,
2026-04-13 15:17:38.273,T,6895.75,1,,,
2026-04-13 15:17:38.273,T,6895.75,1,,,
2026-04-13 15:17:38.273,T,6895.75,1,,,
2026-04-13 15:17:38.273,T,6895.75,8,,,
2026-04-13 15:17:38.273,T,6895.75,1,,,
2026-04-13 15:17:38.273,T,6895.75,3,,,
2026-04-13 15:17:38.273,T,6895.75,1,,,
2026-04-13 15:17:38.273,T,6895.75,1,,,
2026-04-13 15:17:38.273,T,6895.75,1,,,
2026-04-13 15:17:38.273,T,6895.75,5,,,
2026-04-13 15:17:38.273,T,6895.75,1,,,
2026-04-13 15:17:38.273,T,6895.75,1,,,
2026-04-13 15:17:38.273,T,6895.75,1,,,
2026-04-13 15:17:38.273,T,6895.75,1,,,
2026-04-13 15:17:38.273,T,6895.75,1,,,
2026-04-13 15:17:38.273,T,6895.75,1,,,
2026-04-13 15:17:39.910,T,6895.5,1,,,
2026-04-13 15:17:39.910,T,6895.5,1,,,
2026-04-13 15:17:39.910,T,6895.5,1,,,
2026-04-13 15:17:39.910,T,6895.5,2,,,
2026-04-13 15:17:40.126,T,6895.5,1,,,
2026-04-13 15:17:40.270,T,6895.5,1,,,
2026-04-13 15:17:40.292,T,6895.5,1,,,
2026-04-13 15:17:40.292,T,6895.5,1,,,
2026-04-13 15:17:40.292,T,6895.5,1,,,
2026-04-13 15:17:40.292,T,6895.5,1,,,
2026-04-13 15:17:40.292,T,6895.5,2,,,
2026-04-13 15:17:40.292,T,6895.5,1,,,
2026-04-13 15:17:40.292,T,6895.5,1,,,
2026-04-13 15:17:40.292,T,6895.5,1,,,
2026-04-13 15:17:40.292,T,6895.5,2,,,
2026-04-13 15:17:40.292,T,6895.5,1,,,
2026-04-13 15:17:40.292,T,6895.5,1,,,
2026-04-13 15:17:40.292,T,6895.5,1,,,
2026-04-13 15:17:40.292,T,6895.5,1,,,
2026-04-13 15:17:40.292,T,6895.5,1,,,
2026-04-13 15:17:40.292,T,6895.5,1,,,
2026-04-13 15:17:40.292,T,6895.5,1,,,
2026-04-13 15:17:40.292,T,6895.5,1,,,
2026-04-13 15:17:40.292,T,6895.5,1,,,
2026-04-13 15:17:40.292,T,6895.5,1,,,
2026-04-13 15:17:40.744,T,6895.5,1,,,
2026-04-13 15:17:40.744,T,6895.5,1,,,
2026-04-13 15:17:40.744,T,6895.5,1,,,
2026-04-13 15:17:42.124,T,6895.5,1,,,
2026-04-13 15:17:42.676,T,6895.75,1,,,
2026-04-13 15:17:42.676,T,6895.75,1,,,
2026-04-13 15:17:43.611,Q,,,,6895.75,6896.0
2026-04-13 15:17:43.612,T,6895.75,1,,,
2026-04-13 15:17:43.612,T,6895.75,1,,,
2026-04-13 15:17:43.612,T,6895.75,2,,,
2026-04-13 15:17:43.612,T,6895.75,1,,,
2026-04-13 15:17:43.612,T,6895.75,1,,,
2026-04-13 15:17:43.612,T,6895.75,1,,,
2026-04-13 15:17:43.612,T,6895.75,1,,,
2026-04-13 15:17:43.612,T,6895.75,1,,,
2026-04-13 15:17:43.612,T,6895.75,2,,,
2026-04-13 15:17:43.612,T,6895.75,1,,,
2026-04-13 15:17:43.612,T,6895.75,1,,,
2026-04-13 15:17:43.612,T,6895.75,1,,,
2026-04-13 15:17:43.612,T,6895.75,2,,,
2026-04-13 15:17:43.612,T,6895.75,1,,,
2026-04-13 15:17:43.612,T,6895.75,1,,,
2026-04-13 15:17:43.612,T,6895.75,1,,,
2026-04-13 15:17:43.612,T,6895.75,1,,,
2026-04-13 15:17:44.665,T,6895.75,1,,,
2026-04-13 15:17:44.665,T,6895.75,1,,,
2026-04-13 15:17:45.097,T,6896.0,1,,,
2026-04-13 15:17:46.975,T,6895.75,1,,,
2026-04-13 15:17:47.891,T,6896.0,1,,,
2026-04-13 15:17:49.435,T,6895.75,1,,,
2026-04-13 15:17:50.143,T,6895.75,1,,,
2026-04-13 15:17:51.646,T,6896.0,3,,,
2026-04-13 15:17:51.646,T,6896.0,1,,,
2026-04-13 15:17:51.646,T,6896.0,1,,,
2026-04-13 15:17:51.646,T,6896.0,1,,,
2026-04-13 15:17:51.646,T,6896.0,1,,,
2026-04-13 15:17:51.646,T,6896.0,1,,,
2026-04-13 15:17:51.646,T,6896.0,1,,,
2026-04-13 15:17:51.646,T,6896.0,1,,,
2026-04-13 15:17:51.646,T,6896.0,1,,,
2026-04-13 15:17:51.646,T,6896.0,1,,,
2026-04-13 15:17:51.646,T,6896.0,2,,,
2026-04-13 15:17:51.646,T,6896.0,2,,,
2026-04-13 15:17:51.646,T,6896.0,2,,,
2026-04-13 15:17:51.646,T,6896.0,1,,,
2026-04-13 15:17:51.646,T,6896.0,1,,,
2026-04-13 15:17:51.646,T,6896.0,1,,,
2026-04-13 15:17:51.646,T,6896.0,1,,,
2026-04-13 15:17:51.646,T,6895.75,1,,,
2026-04-13 15:17:51.896,T,6895.75,1,,,
2026-04-13 15:17:52.491,T,6895.75,4,,,
2026-04-13 15:17:52.491,T,6895.75,1,,,
2026-04-13 15:17:52.491,T,6895.75,1,,,
2026-04-13 15:17:52.491,T,6895.75,1,,,
2026-04-13 15:17:52.491,T,6895.75,1,,,
2026-04-13 15:17:52.491,T,6895.75,1,,,
2026-04-13 15:17:52.491,T,6895.75,1,,,
2026-04-13 15:17:52.491,T,6895.75,1,,,
2026-04-13 15:17:52.491,T,6895.75,1,,,
2026-04-13 15:17:52.491,T,6895.75,1,,,
2026-04-13 15:17:52.491,T,6895.75,1,,,
2026-04-13 15:17:52.491,T,6895.75,1,,,
2026-04-13 15:17:52.491,T,6895.75,1,,,
2026-04-13 15:17:52.491,T,6895.75,1,,,
2026-04-13 15:17:52.491,T,6895.75,1,,,
2026-04-13 15:17:52.491,T,6895.75,2,,,
2026-04-13 15:17:52.491,T,6895.75,1,,,
2026-04-13 15:17:52.491,T,6895.75,1,,,
2026-04-13 15:17:52.491,T,6895.75,1,,,
2026-04-13 15:17:52.491,T,6895.75,3,,,
2026-04-13 15:17:52.491,T,6895.75,1,,,
2026-04-13 15:17:52.491,T,6895.75,1,,,
2026-04-13 15:17:52.491,T,6895.75,9,,,
2026-04-13 15:17:52.491,T,6895.75,1,,,
2026-04-13 15:17:52.491,T,6895.75,1,,,
2026-04-13 15:17:52.491,T,6895.75,1,,,
2026-04-13 15:17:52.491,T,6895.75,1,,,
2026-04-13 15:17:52.491,T,6895.75,1,,,
2026-04-13 15:17:52.491,T,6895.75,1,,,
2026-04-13 15:17:52.491,T,6895.75,1,,,
2026-04-13 15:17:52.491,T,6895.75,2,,,
2026-04-13 15:17:52.491,T,6895.75,2,,,
2026-04-13 15:17:52.491,T,6895.75,1,,,
2026-04-13 15:17:52.491,T,6895.75,1,,,
2026-04-13 15:17:52.491,T,6895.75,3,,,
2026-04-13 15:17:52.491,T,6895.75,6,,,
2026-04-13 15:17:52.491,T,6895.75,1,,,
2026-04-13 15:17:52.491,T,6895.75,1,,,
2026-04-13 15:17:52.491,T,6895.75,2,,,
2026-04-13 15:17:52.757,Q,,,,6895.5,6895.75
2026-04-13 15:17:53.190,T,6895.75,1,,,
2026-04-13 15:17:53.339,T,6895.75,1,,,
2026-04-13 15:17:54.350,T,6895.5,1,,,
2026-04-13 15:17:54.673,T,6895.5,1,,,
2026-04-13 15:17:54.951,T,6895.75,1,,,
2026-04-13 15:17:55.819,T,6895.75,2,,,
2026-04-13 15:17:55.819,T,6895.75,5,,,
2026-04-13 15:17:55.819,T,6895.75,1,,,
2026-04-13 15:17:55.819,T,6895.75,1,,,
2026-04-13 15:17:55.819,T,6895.75,1,,,
2026-04-13 15:17:55.819,T,6895.75,1,,,
2026-04-13 15:17:55.819,T,6895.75,1,,,
2026-04-13 15:17:55.819,T,6895.75,1,,,
2026-04-13 15:17:55.819,T,6895.75,1,,,
2026-04-13 15:17:55.819,T,6895.75,1,,,
2026-04-13 15:17:55.819,T,6895.75,1,,,
2026-04-13 15:17:55.819,T,6895.75,1,,,
2026-04-13 15:17:55.819,T,6895.75,1,,,
2026-04-13 15:17:55.819,T,6895.75,1,,,
2026-04-13 15:17:55.819,T,6895.75,1,,,
2026-04-13 15:17:55.819,T,6895.75,1,,,
2026-04-13 15:17:55.819,T,6895.75,1,,,
2026-04-13 15:17:55.819,T,6895.75,1,,,
2026-04-13 15:17:55.819,T,6895.75,1,,,
2026-04-13 15:17:55.819,T,6895.75,1,,,
2026-04-13 15:17:55.819,T,6895.5,1,,,
2026-04-13 15:17:55.819,T,6895.5,1,,,
2026-04-13 15:17:55.819,T,6895.5,1,,,
2026-04-13 15:17:55.989,T,6895.5,1,,,
2026-04-13 15:17:56.102,T,6895.5,1,,,
2026-04-13 15:17:56.384,T,6895.5,1,,,
2026-04-13 15:17:56.587,T,6895.75,1,,,
2026-04-13 15:17:56.738,T,6895.5,1,,,
2026-04-13 15:17:57.193,T,6895.75,1,,,
2026-04-13 15:17:57.883,T,6895.75,1,,,
2026-04-13 15:17:58.489,T,6895.5,2,,,
2026-04-13 15:17:58.629,T,6895.75,2,,,
2026-04-13 15:17:58.629,T,6895.75,1,,,
2026-04-13 15:17:58.629,T,6895.75,1,,,
2026-04-13 15:17:58.629,T,6895.75,2,,,
2026-04-13 15:17:58.629,T,6895.75,1,,,
2026-04-13 15:17:58.629,T,6895.75,1,,,
2026-04-13 15:17:58.629,T,6895.75,3,,,
2026-04-13 15:17:58.629,T,6895.75,1,,,
2026-04-13 15:17:58.629,T,6895.75,1,,,
2026-04-13 15:17:58.629,T,6895.75,1,,,
2026-04-13 15:17:58.629,T,6895.75,1,,,
2026-04-13 15:17:58.629,T,6895.75,4,,,
2026-04-13 15:17:58.629,T,6895.75,1,,,
2026-04-13 15:17:58.629,T,6895.75,4,,,
2026-04-13 15:17:58.629,T,6895.75,1,,,
2026-04-13 15:17:58.629,T,6895.75,1,,,
2026-04-13 15:17:58.629,T,6895.75,1,,,
2026-04-13 15:17:58.629,T,6895.75,1,,,
2026-04-13 15:17:58.629,T,6895.75,1,,,
2026-04-13 15:17:58.629,T,6895.75,1,,,
2026-04-13 15:17:58.629,T,6895.75,2,,,
2026-04-13 15:17:58.629,T,6895.75,1,,,
2026-04-13 15:17:58.629,T,6895.75,1,,,
2026-04-13 15:17:58.629,T,6895.75,4,,,
2026-04-13 15:17:58.629,T,6895.75,1,,,
2026-04-13 15:17:58.629,T,6895.5,1,,,
2026-04-13 15:17:58.629,T,6895.75,1,,,
2026-04-13 15:17:58.629,T,6895.75,1,,,
2026-04-13 15:17:58.629,T,6895.75,1,,,
2026-04-13 15:17:59.147,T,6895.75,1,,,
2026-04-13 15:17:59.147,T,6895.75,2,,,
2026-04-13 15:17:59.147,T,6895.75,1,,,
2026-04-13 15:17:59.147,T,6895.75,1,,,
2026-04-13 15:17:59.147,T,6895.75,1,,,
2026-04-13 15:17:59.147,T,6895.75,1,,,
2026-04-13 15:17:59.147,T,6895.75,2,,,
2026-04-13 15:17:59.147,T,6895.75,1,,,
2026-04-13 15:17:59.147,T,6895.75,1,,,
2026-04-13 15:17:59.147,T,6895.75,1,,,
2026-04-13 15:17:59.147,T,6895.75,1,,,
2026-04-13 15:17:59.147,T,6895.75,1,,,
2026-04-13 15:17:59.147,T,6895.75,1,,,
2026-04-13 15:17:59.147,T,6895.75,1,,,
2026-04-13 15:17:59.147,T,6895.75,1,,,
2026-04-13 15:17:59.147,T,6895.75,1,,,
2026-04-13 15:17:59.147,T,6895.75,3,,,
2026-04-13 15:17:59.299,T,6895.75,5,,,
2026-04-13 15:17:59.299,T,6895.75,1,,,
2026-04-13 15:17:59.300,Q,,,,6895.75,6896.0
2026-04-13 15:18:00.127,T,6896.0,1,,,
2026-04-13 15:18:00.392,T,6896.0,1,,,
2026-04-13 15:18:01.334,T,6896.0,1,,,
2026-04-13 15:18:02.531,T,6896.0,1,,,
2026-04-13 15:18:02.691,Q,,,,6896.0,6896.25
2026-04-13 15:18:02.691,T,6896.0,1,,,
2026-04-13 15:18:02.691,T,6896.0,1,,,
2026-04-13 15:18:02.691,T,6896.0,1,,,
2026-04-13 15:18:02.691,T,6896.0,2,,,
2026-04-13 15:18:02.691,T,6896.0,1,,,
2026-04-13 15:18:02.691,T,6896.0,1,,,
2026-04-13 15:18:02.691,T,6896.0,1,,,
2026-04-13 15:18:02.691,T,6896.0,1,,,
2026-04-13 15:18:02.691,T,6896.0,1,,,
2026-04-13 15:18:02.691,T,6896.0,1,,,
2026-04-13 15:18:02.691,T,6896.0,1,,,
2026-04-13 15:18:02.691,T,6896.0,1,,,
2026-04-13 15:18:02.691,T,6896.0,1,,,
2026-04-13 15:18:02.691,T,6896.0,2,,,
2026-04-13 15:18:02.691,T,6896.0,1,,,
2026-04-13 15:18:02.691,T,6896.0,1,,,
2026-04-13 15:18:02.691,T,6896.0,1,,,
2026-04-13 15:18:02.691,T,6896.0,1,,,
2026-04-13 15:18:02.691,T,6896.0,1,,,
2026-04-13 15:18:02.691,T,6896.0,1,,,
2026-04-13 15:18:02.691,T,6896.0,1,,,
2026-04-13 15:18:02.691,T,6896.0,1,,,
2026-04-13 15:18:02.691,T,6896.0,1,,,
2026-04-13 15:18:02.691,T,6896.0,1,,,
2026-04-13 15:18:02.691,T,6896.25,1,,,
2026-04-13 15:18:02.691,T,6896.25,1,,,
2026-04-13 15:18:02.734,T,6896.0,1,,,
2026-04-13 15:18:02.789,Q,,,,6895.75,6896.25
2026-04-13 15:18:02.790,T,6896.0,1,,,
2026-04-13 15:18:02.790,T,6896.0,1,,,
2026-04-13 15:18:02.790,T,6896.0,3,,,
2026-04-13 15:18:02.790,T,6896.0,2,,,
2026-04-13 15:18:02.790,T,6896.0,1,,,
2026-04-13 15:18:02.790,T,6896.0,1,,,
2026-04-13 15:18:02.790,T,6896.0,1,,,
2026-04-13 15:18:02.790,T,6896.0,1,,,
2026-04-13 15:18:02.790,T,6896.0,1,,,
2026-04-13 15:18:02.790,T,6896.0,1,,,
2026-04-13 15:18:02.790,T,6896.0,1,,,
2026-04-13 15:18:02.790,T,6896.0,1,,,
2026-04-13 15:18:02.790,T,6896.0,1,,,
2026-04-13 15:18:02.790,T,6896.0,1,,,
2026-04-13 15:18:02.832,Q,,,,6896.0,6896.25
2026-04-13 15:18:03.005,T,6896.25,1,,,
2026-04-13 15:18:03.130,T,6896.25,1,,,
2026-04-13 15:18:03.649,Q,,,,6896.25,6896.5
2026-04-13 15:18:03.649,T,6896.25,1,,,
2026-04-13 15:18:03.649,T,6896.25,5,,,
2026-04-13 15:18:03.649,T,6896.25,1,,,
2026-04-13 15:18:03.649,T,6896.25,1,,,
2026-04-13 15:18:03.649,T,6896.25,1,,,
2026-04-13 15:18:03.649,T,6896.25,1,,,
2026-04-13 15:18:03.649,T,6896.25,1,,,
2026-04-13 15:18:03.649,T,6896.25,1,,,
2026-04-13 15:18:03.649,T,6896.25,1,,,
2026-04-13 15:18:03.649,T,6896.25,1,,,
2026-04-13 15:18:03.649,T,6896.25,1,,,
2026-04-13 15:18:03.649,T,6896.25,1,,,
2026-04-13 15:18:03.649,T,6896.25,2,,,
2026-04-13 15:18:03.649,T,6896.25,1,,,
2026-04-13 15:18:03.649,T,6896.25,1,,,
2026-04-13 15:18:03.649,T,6896.25,1,,,
2026-04-13 15:18:03.649,T,6896.25,1,,,
2026-04-13 15:18:03.649,T,6896.25,1,,,
2026-04-13 15:18:03.649,T,6896.25,1,,,
2026-04-13 15:18:03.649,T,6896.25,3,,,
2026-04-13 15:18:03.688,T,6896.25,1,,,
2026-04-13 15:18:03.688,T,6896.25,1,,,
2026-04-13 15:18:03.688,T,6896.25,1,,,
2026-04-13 15:18:03.688,T,6896.25,1,,,
2026-04-13 15:18:03.688,T,6896.25,1,,,
2026-04-13 15:18:03.688,T,6896.25,1,,,
2026-04-13 15:18:03.688,T,6896.25,1,,,
2026-04-13 15:18:03.688,T,6896.25,1,,,
2026-04-13 15:18:03.688,T,6896.25,1,,,
2026-04-13 15:18:03.688,T,6896.25,1,,,
2026-04-13 15:18:03.688,T,6896.25,1,,,
2026-04-13 15:18:03.688,T,6896.25,1,,,
2026-04-13 15:18:03.688,T,6896.25,1,,,
2026-04-13 15:18:03.688,T,6896.25,1,,,
2026-04-13 15:18:03.688,T,6896.25,1,,,
2026-04-13 15:18:03.688,T,6896.25,1,,,
2026-04-13 15:18:03.688,T,6896.25,1,,,
2026-04-13 15:18:03.688,T,6896.25,1,,,
2026-04-13 15:18:03.688,T,6896.25,1,,,
2026-04-13 15:18:03.688,T,6896.25,1,,,
2026-04-13 15:18:03.688,T,6896.25,1,,,
2026-04-13 15:18:03.688,T,6896.25,1,,,
2026-04-13 15:18:03.688,T,6896.25,1,,,
2026-04-13 15:18:03.688,T,6896.25,1,,,
2026-04-13 15:18:03.688,T,6896.25,4,,,
2026-04-13 15:18:03.688,T,6896.25,1,,,
2026-04-13 15:18:03.688,T,6896.25,1,,,
2026-04-13 15:18:03.688,T,6896.25,1,,,
2026-04-13 15:18:03.688,T,6896.25,1,,,
2026-04-13 15:18:03.688,T,6896.25,1,,,
2026-04-13 15:18:03.691,Q,,,,6896.0,6896.25
2026-04-13 15:18:03.879,T,6896.25,2,,,
2026-04-13 15:18:04.234,T,6896.25,1,,,
2026-04-13 15:18:04.991,T,6896.25,1,,,
2026-04-13 15:18:04.991,T,6896.25,1,,,
2026-04-13 15:18:04.991,T,6896.25,1,,,
2026-04-13 15:18:05.085,T,6896.25,1,,,
2026-04-13 15:18:05.085,T,6896.25,1,,,
2026-04-13 15:18:05.085,T,6896.25,1,,,
2026-04-13 15:18:05.085,T,6896.25,1,,,
2026-04-13 15:18:05.085,T,6896.25,1,,,
2026-04-13 15:18:05.085,T,6896.25,1,,,
2026-04-13 15:18:05.085,T,6896.25,1,,,
2026-04-13 15:18:05.085,T,6896.25,1,,,
2026-04-13 15:18:05.085,T,6896.25,1,,,
2026-04-13 15:18:05.086,Q,,,,6896.25,6896.5
2026-04-13 15:18:05.147,T,6896.25,1,,,
2026-04-13 15:18:05.147,T,6896.25,1,,,
2026-04-13 15:18:05.147,T,6896.25,1,,,
2026-04-13 15:18:05.147,T,6896.25,1,,,
2026-04-13 15:18:05.148,Q,,,,6896.0,6896.5
2026-04-13 15:18:05.184,Q,,,,6896.25,6896.5
2026-04-13 15:18:05.487,Q,,,,6896.0,6896.25
2026-04-13 15:18:05.487,T,6896.25,5,,,
2026-04-13 15:18:05.487,T,6896.25,1,,,
2026-04-13 15:18:05.487,T,6896.25,1,,,
2026-04-13 15:18:05.487,T,6896.25,1,,,
2026-04-13 15:18:05.487,T,6896.25,1,,,
2026-04-13 15:18:05.487,T,6896.25,1,,,
2026-04-13 15:18:05.487,T,6896.25,1,,,
2026-04-13 15:18:05.487,T,6896.25,1,,,
2026-04-13 15:18:05.487,T,6896.25,1,,,
2026-04-13 15:18:05.487,T,6896.25,1,,,
2026-04-13 15:18:05.487,T,6896.25,3,,,
2026-04-13 15:18:05.487,T,6896.25,1,,,
2026-04-13 15:18:05.487,T,6896.25,1,,,
2026-04-13 15:18:05.487,T,6896.25,1,,,
2026-04-13 15:18:05.487,T,6896.25,1,,,
2026-04-13 15:18:05.487,T,6896.25,1,,,
2026-04-13 15:18:05.487,T,6896.25,1,,,
2026-04-13 15:18:05.487,T,6896.25,1,,,
2026-04-13 15:18:05.487,T,6896.25,1,,,
2026-04-13 15:18:05.487,T,6896.25,1,,,
2026-04-13 15:18:05.487,T,6896.25,1,,,
2026-04-13 15:18:05.487,T,6896.25,1,,,
2026-04-13 15:18:05.691,T,6896.25,1,,,
2026-04-13 15:18:07.069,T,6896.0,1,,,
2026-04-13 15:18:07.069,T,6896.0,1,,,
2026-04-13 15:18:07.069,T,6896.0,1,,,
2026-04-13 15:18:07.445,T,6896.25,1,,,
2026-04-13 15:18:07.837,Q,,,,6895.75,6896.0
2026-04-13 15:18:07.838,T,6896.0,1,,,
2026-04-13 15:18:07.838,T,6896.0,1,,,
2026-04-13 15:18:07.838,T,6896.0,1,,,
2026-04-13 15:18:07.838,T,6896.0,2,,,
2026-04-13 15:18:07.838,T,6896.0,2,,,
2026-04-13 15:18:07.838,T,6896.0,1,,,
2026-04-13 15:18:07.838,T,6896.0,1,,,
2026-04-13 15:18:07.838,T,6896.0,1,,,
2026-04-13 15:18:07.838,T,6896.0,1,,,
2026-04-13 15:18:07.838,T,6896.0,1,,,
2026-04-13 15:18:07.838,T,6896.0,1,,,
2026-04-13 15:18:07.838,T,6896.0,1,,,
2026-04-13 15:18:07.838,T,6896.0,1,,,
2026-04-13 15:18:07.838,T,6896.0,1,,,
2026-04-13 15:18:07.838,T,6896.0,2,,,
2026-04-13 15:18:07.838,T,6896.0,4,,,
2026-04-13 15:18:07.838,T,6896.0,1,,,
2026-04-13 15:18:07.838,T,6896.0,1,,,
2026-04-13 15:18:07.838,T,6896.0,1,,,
2026-04-13 15:18:07.838,T,6896.0,1,,,
2026-04-13 15:18:07.838,T,6896.0,1,,,
2026-04-13 15:18:07.838,T,6896.0,1,,,
2026-04-13 15:18:07.838,T,6896.0,3,,,
2026-04-13 15:18:07.838,T,6896.0,1,,,
2026-04-13 15:18:07.838,T,6896.0,1,,,
2026-04-13 15:18:07.838,T,6896.0,1,,,
2026-04-13 15:18:07.838,T,6896.0,3,,,
2026-04-13 15:18:07.838,T,6896.0,2,,,
2026-04-13 15:18:07.838,T,6896.0,1,,,
2026-04-13 15:18:07.838,T,6896.0,2,,,
2026-04-13 15:18:07.838,T,6896.0,1,,,
2026-04-13 15:18:07.838,T,6896.0,1,,,
2026-04-13 15:18:07.838,T,6896.0,4,,,
2026-04-13 15:18:07.838,T,6896.0,1,,,
2026-04-13 15:18:07.838,T,6896.0,1,,,
2026-04-13 15:18:07.838,T,6896.0,1,,,
2026-04-13 15:18:07.838,T,6896.0,4,,,
2026-04-13 15:18:07.838,T,6896.0,1,,,
2026-04-13 15:18:07.838,T,6896.0,1,,,
2026-04-13 15:18:07.838,T,6896.0,1,,,
2026-04-13 15:18:07.838,T,6896.0,1,,,
2026-04-13 15:18:07.838,T,6896.0,1,,,
2026-04-13 15:18:07.838,T,6896.0,1,,,
2026-04-13 15:18:07.838,T,6896.0,1,,,
2026-04-13 15:18:07.838,T,6896.0,1,,,
2026-04-13 15:18:07.838,T,6896.0,1,,,
2026-04-13 15:18:07.838,T,6896.0,1,,,
2026-04-13 15:18:07.838,T,6896.0,1,,,
2026-04-13 15:18:07.838,T,6896.0,1,,,
2026-04-13 15:18:07.838,T,6896.0,1,,,
2026-04-13 15:18:07.838,T,6896.0,1,,,
2026-04-13 15:18:07.838,T,6896.0,1,,,
2026-04-13 15:18:07.838,T,6896.0,1,,,
2026-04-13 15:18:07.841,T,6896.0,1,,,
2026-04-13 15:18:07.887,T,6896.0,2,,,
2026-04-13 15:18:08.434,T,6895.75,1,,,
2026-04-13 15:18:09.468,Q,,,,6896.0,6896.25
2026-04-13 15:18:09.468,T,6896.0,1,,,
2026-04-13 15:18:09.468,T,6896.0,1,,,
2026-04-13 15:18:09.468,T,6896.0,1,,,
2026-04-13 15:18:09.468,T,6896.0,1,,,
2026-04-13 15:18:09.468,T,6896.0,1,,,
2026-04-13 15:18:09.468,T,6896.0,1,,,
2026-04-13 15:18:11.226,T,6896.0,1,,,
2026-04-13 15:18:11.226,T,6896.0,2,,,
2026-04-13 15:18:11.226,T,6896.0,1,,,
2026-04-13 15:18:11.226,T,6896.0,1,,,
2026-04-13 15:18:11.228,T,6896.0,1,,,
2026-04-13 15:18:11.228,T,6896.0,1,,,
2026-04-13 15:18:11.352,T,6896.0,1,,,
2026-04-13 15:18:11.352,T,6896.0,1,,,
2026-04-13 15:18:11.352,T,6896.0,1,,,
2026-04-13 15:18:11.352,T,6896.0,1,,,
2026-04-13 15:18:11.352,T,6896.0,1,,,
2026-04-13 15:18:11.352,T,6896.0,1,,,
2026-04-13 15:18:11.352,T,6896.0,1,,,
2026-04-13 15:18:11.352,T,6896.0,1,,,
2026-04-13 15:18:11.352,T,6896.0,3,,,
2026-04-13 15:18:11.353,Q,,,,6895.75,6896.0
2026-04-13 15:18:11.353,T,6896.0,1,,,
2026-04-13 15:18:11.353,T,6896.0,1,,,
2026-04-13 15:18:11.353,T,6896.0,1,,,
2026-04-13 15:18:11.353,T,6896.0,1,,,
2026-04-13 15:18:11.353,T,6896.0,1,,,
2026-04-13 15:18:11.353,T,6896.0,1,,,
2026-04-13 15:18:11.534,T,6896.0,1,,,
2026-04-13 15:18:12.053,T,6896.0,1,,,
2026-04-13 15:18:12.053,T,6896.0,1,,,
2026-04-13 15:18:12.053,T,6896.0,1,,,
2026-04-13 15:18:12.053,T,6896.0,1,,,
2026-04-13 15:18:12.053,T,6896.0,1,,,
2026-04-13 15:18:12.053,T,6896.0,1,,,
2026-04-13 15:18:12.053,T,6896.0,1,,,
2026-04-13 15:18:12.053,T,6896.0,1,,,
2026-04-13 15:18:12.053,T,6896.0,1,,,
2026-04-13 15:18:12.053,T,6896.0,1,,,
2026-04-13 15:18:12.053,T,6896.0,1,,,
2026-04-13 15:18:12.053,T,6896.0,1,,,
2026-04-13 15:18:12.053,T,6896.0,1,,,
2026-04-13 15:18:12.053,T,6896.0,1,,,
2026-04-13 15:18:12.053,T,6896.0,1,,,
2026-04-13 15:18:12.053,T,6896.0,1,,,
2026-04-13 15:18:12.053,T,6896.0,2,,,
2026-04-13 15:18:12.053,T,6896.0,1,,,
2026-04-13 15:18:12.053,T,6896.0,1,,,
2026-04-13 15:18:12.410,T,6896.0,1,,,
2026-04-13 15:18:12.410,T,6896.0,1,,,
2026-04-13 15:18:12.410,T,6896.0,1,,,
2026-04-13 15:18:12.410,T,6896.0,1,,,
2026-04-13 15:18:12.410,T,6896.0,1,,,
2026-04-13 15:18:12.410,T,6896.0,1,,,
2026-04-13 15:18:12.410,T,6896.0,1,,,
2026-04-13 15:18:12.410,T,6896.0,1,,,
2026-04-13 15:18:12.410,T,6896.0,1,,,
2026-04-13 15:18:12.448,T,6896.0,1,,,
2026-04-13 15:18:12.448,T,6896.0,1,,,
2026-04-13 15:18:12.448,T,6896.0,1,,,
2026-04-13 15:18:12.448,T,6896.0,1,,,
2026-04-13 15:18:12.449,Q,,,,6896.0,6896.25
2026-04-13 15:18:12.592,T,6896.0,1,,,
2026-04-13 15:18:12.847,T,6896.0,1,,,
2026-04-13 15:18:14.087,T,6896.25,1,,,
2026-04-13 15:18:14.427,T,6896.25,1,,,
2026-04-13 15:18:14.428,T,6896.25,1,,,
2026-04-13 15:18:14.428,T,6896.25,5,,,
2026-04-13 15:18:14.428,T,6896.25,1,,,
2026-04-13 15:18:14.428,T,6896.25,1,,,
2026-04-13 15:18:14.428,T,6896.25,1,,,
2026-04-13 15:18:14.428,T,6896.25,1,,,
2026-04-13 15:18:14.428,T,6896.25,1,,,
2026-04-13 15:18:14.428,T,6896.25,1,,,
2026-04-13 15:18:14.428,T,6896.25,1,,,
2026-04-13 15:18:14.428,T,6896.25,2,,,
2026-04-13 15:18:14.428,T,6896.25,1,,,
2026-04-13 15:18:14.428,T,6896.25,1,,,
2026-04-13 15:18:14.428,T,6896.25,1,,,
2026-04-13 15:18:14.428,T,6896.25,1,,,
2026-04-13 15:18:14.428,T,6896.25,1,,,
2026-04-13 15:18:14.428,T,6896.25,1,,,
2026-04-13 15:18:14.428,T,6896.25,1,,,
2026-04-13 15:18:14.428,T,6896.25,4,,,
2026-04-13 15:18:14.428,T,6896.25,1,,,
2026-04-13 15:18:14.428,T,6896.25,1,,,
2026-04-13 15:18:14.428,T,6896.25,1,,,
2026-04-13 15:18:14.428,T,6896.25,3,,,
2026-04-13 15:18:14.428,T,6896.25,1,,,
2026-04-13 15:18:14.428,T,6896.25,3,,,
2026-04-13 15:18:14.428,T,6896.25,1,,,
2026-04-13 15:18:14.428,T,6896.25,2,,,
2026-04-13 15:18:14.428,T,6896.25,1,,,
2026-04-13 15:18:14.428,T,6896.0,1,,,
2026-04-13 15:18:14.498,T,6896.25,1,,,
2026-04-13 15:18:14.498,T,6896.25,1,,,
2026-04-13 15:18:15.090,T,6896.25,1,,,
2026-04-13 15:18:16.028,Q,,,,6896.25,6896.5
2026-04-13 15:18:16.029,T,6896.0,1,,,
2026-04-13 15:18:16.029,T,6896.0,1,,,
2026-04-13 15:18:16.029,T,6896.0,1,,,
2026-04-13 15:18:16.029,T,6896.0,1,,,
2026-04-13 15:18:16.029,T,6896.0,1,,,
2026-04-13 15:18:16.029,T,6896.0,3,,,
2026-04-13 15:18:16.029,T,6896.0,1,,,
2026-04-13 15:18:16.029,T,6896.25,1,,,
2026-04-13 15:18:16.029,T,6896.25,1,,,
2026-04-13 15:18:16.029,T,6896.25,3,,,
2026-04-13 15:18:16.029,T,6896.25,1,,,
2026-04-13 15:18:16.029,T,6896.25,1,,,
2026-04-13 15:18:16.029,T,6896.25,5,,,
2026-04-13 15:18:16.029,T,6896.25,4,,,
2026-04-13 15:18:16.029,T,6896.25,1,,,
2026-04-13 15:18:16.029,T,6896.25,3,,,
2026-04-13 15:18:16.029,T,6896.25,1,,,
2026-04-13 15:18:16.029,T,6896.25,1,,,
2026-04-13 15:18:16.029,T,6896.25,1,,,
2026-04-13 15:18:16.029,T,6896.25,1,,,
2026-04-13 15:18:16.029,T,6896.25,1,,,
2026-04-13 15:18:16.029,T,6896.25,1,,,
2026-04-13 15:18:16.029,T,6896.25,1,,,
2026-04-13 15:18:16.029,T,6896.25,1,,,
2026-04-13 15:18:16.029,T,6896.25,1,,,
2026-04-13 15:18:16.029,T,6896.25,1,,,
2026-04-13 15:18:16.029,T,6896.25,3,,,
2026-04-13 15:18:16.029,T,6896.25,1,,,
2026-04-13 15:18:16.029,T,6896.25,1,,,
2026-04-13 15:18:16.029,T,6896.25,1,,,
2026-04-13 15:18:16.029,T,6896.25,1,,,
2026-04-13 15:18:16.029,T,6896.25,2,,,
2026-04-13 15:18:16.029,T,6896.25,1,,,
2026-04-13 15:18:16.029,T,6896.25,1,,,
2026-04-13 15:18:16.029,T,6896.25,1,,,
2026-04-13 15:18:16.029,T,6896.25,1,,,
2026-04-13 15:18:16.029,T,6896.25,3,,,
2026-04-13 15:18:16.029,T,6896.25,1,,,
2026-04-13 15:18:16.029,T,6896.25,1,,,
2026-04-13 15:18:16.029,T,6896.25,5,,,
2026-04-13 15:18:16.029,T,6896.5,2,,,
2026-04-13 15:18:16.029,T,6896.5,2,,,
2026-04-13 15:18:16.029,T,6896.5,1,,,
2026-04-13 15:18:16.029,T,6896.5,1,,,
2026-04-13 15:18:16.029,T,6896.5,1,,,
2026-04-13 15:18:16.029,T,6896.5,1,,,
2026-04-13 15:18:16.029,T,6896.5,1,,,
2026-04-13 15:18:16.029,T,6896.5,3,,,
2026-04-13 15:18:16.029,T,6896.5,2,,,
2026-04-13 15:18:16.029,T,6896.5,1,,,
2026-04-13 15:18:16.029,T,6896.5,2,,,
2026-04-13 15:18:16.029,T,6896.5,1,,,
2026-04-13 15:18:16.029,T,6896.5,1,,,
2026-04-13 15:18:16.029,T,6896.5,1,,,
2026-04-13 15:18:16.029,T,6896.5,1,,,
2026-04-13 15:18:16.029,T,6896.5,1,,,
2026-04-13 15:18:16.029,T,6896.5,1,,,
2026-04-13 15:18:16.029,T,6896.5,1,,,
2026-04-13 15:18:16.029,T,6896.5,1,,,
2026-04-13 15:18:16.029,T,6896.5,1,,,
2026-04-13 15:18:16.029,T,6896.5,1,,,
2026-04-13 15:18:16.029,T,6896.5,1,,,
2026-04-13 15:18:16.029,T,6896.5,1,,,
2026-04-13 15:18:16.029,T,6896.5,1,,,
2026-04-13 15:18:16.029,T,6896.5,1,,,
2026-04-13 15:18:16.029,T,6896.5,5,,,
2026-04-13 15:18:16.029,T,6896.5,1,,,
2026-04-13 15:18:16.029,T,6896.5,5,,,
2026-04-13 15:18:16.029,T,6896.5,1,,,
2026-04-13 15:18:16.029,T,6896.5,5,,,
2026-04-13 15:18:16.029,T,6896.5,1,,,
2026-04-13 15:18:16.029,T,6896.5,2,,,
2026-04-13 15:18:16.029,T,6896.5,1,,,
2026-04-13 15:18:16.029,T,6896.5,1,,,
2026-04-13 15:18:16.029,T,6896.5,1,,,
2026-04-13 15:18:16.029,T,6896.5,1,,,
2026-04-13 15:18:16.029,T,6896.5,1,,,
2026-04-13 15:18:16.029,T,6896.5,1,,,
2026-04-13 15:18:16.029,T,6896.5,1,,,
2026-04-13 15:18:16.029,T,6896.5,4,,,
2026-04-13 15:18:16.029,T,6896.5,1,,,
2026-04-13 15:18:16.029,T,6896.5,1,,,
2026-04-13 15:18:16.029,T,6896.5,1,,,
2026-04-13 15:18:16.029,T,6896.5,1,,,
2026-04-13 15:18:16.029,T,6896.5,1,,,
2026-04-13 15:18:16.029,T,6896.5,1,,,
2026-04-13 15:18:16.029,T,6896.5,1,,,
2026-04-13 15:18:16.029,T,6896.5,1,,,
2026-04-13 15:18:16.029,T,6896.5,1,,,
2026-04-13 15:18:16.029,T,6896.5,1,,,
2026-04-13 15:18:16.029,T,6896.5,5,,,
2026-04-13 15:18:16.029,T,6896.5,1,,,
2026-04-13 15:18:16.029,T,6896.5,1,,,
2026-04-13 15:18:16.029,T,6896.5,5,,,
2026-04-13 15:18:16.029,T,6896.5,1,,,
2026-04-13 15:18:16.029,T,6896.5,1,,,
2026-04-13 15:18:16.029,T,6896.5,2,,,
2026-04-13 15:18:16.029,T,6896.5,1,,,
2026-04-13 15:18:16.029,T,6896.5,1,,,
2026-04-13 15:18:16.029,T,6896.5,1,,,
2026-04-13 15:18:16.029,T,6896.5,1,,,
2026-04-13 15:18:16.029,T,6896.75,1,,,
2026-04-13 15:18:16.029,T,6896.75,1,,,
2026-04-13 15:18:16.029,T,6896.75,1,,,
2026-04-13 15:18:16.029,T,6896.75,1,,,
2026-04-13 15:18:16.029,T,6896.75,1,,,
2026-04-13 15:18:16.029,T,6896.75,1,,,
2026-04-13 15:18:16.029,T,6896.75,1,,,
2026-04-13 15:18:16.029,T,6896.75,2,,,
2026-04-13 15:18:16.029,T,6896.25,1,,,
2026-04-13 15:18:16.029,T,6896.25,2,,,
2026-04-13 15:18:16.029,T,6896.25,1,,,
2026-04-13 15:18:16.029,T,6896.25,1,,,
2026-04-13 15:18:16.029,T,6896.25,1,,,
2026-04-13 15:18:16.029,T,6896.5,1,,,
2026-04-13 15:18:16.106,T,6896.5,2,,,
2026-04-13 15:18:16.691,T,6896.5,1,,,
2026-04-13 15:18:16.691,T,6896.25,1,,,
2026-04-13 15:18:17.253,T,6896.5,1,,,
2026-04-13 15:18:17.447,T,6896.25,1,,,
2026-04-13 15:18:17.447,T,6896.25,1,,,
2026-04-13 15:18:17.880,T,6896.25,1,,,
2026-04-13 15:18:18.337,Q,,,,6896.0,6896.25
2026-04-13 15:18:18.338,T,6896.25,1,,,
2026-04-13 15:18:18.338,T,6896.25,1,,,
2026-04-13 15:18:18.338,T,6896.25,1,,,
2026-04-13 15:18:18.338,T,6896.25,1,,,
2026-04-13 15:18:18.338,T,6896.25,1,,,
2026-04-13 15:18:18.338,T,6896.25,1,,,
2026-04-13 15:18:18.338,T,6896.25,1,,,
2026-04-13 15:18:18.338,T,6896.25,1,,,
2026-04-13 15:18:18.338,T,6896.25,1,,,
2026-04-13 15:18:18.338,T,6896.25,1,,,
2026-04-13 15:18:18.338,T,6896.25,1,,,
2026-04-13 15:18:18.338,T,6896.25,1,,,
2026-04-13 15:18:18.338,T,6896.25,1,,,
2026-04-13 15:18:18.338,T,6896.25,1,,,
2026-04-13 15:18:18.338,T,6896.25,1,,,
2026-04-13 15:18:18.338,T,6896.25,1,,,
2026-04-13 15:18:18.338,T,6896.25,1,,,
2026-04-13 15:18:18.338,T,6896.25,1,,,
2026-04-13 15:18:18.338,T,6896.25,2,,,
2026-04-13 15:18:18.338,T,6896.25,1,,,
2026-04-13 15:18:18.338,T,6896.25,1,,,
2026-04-13 15:18:18.338,T,6896.25,1,,,
2026-04-13 15:18:18.338,T,6896.25,1,,,
2026-04-13 15:18:18.338,T,6896.25,1,,,
2026-04-13 15:18:18.338,T,6896.25,1,,,
2026-04-13 15:18:18.338,T,6896.25,1,,,
2026-04-13 15:18:18.338,T,6896.25,1,,,
2026-04-13 15:18:18.338,T,6896.25,2,,,
2026-04-13 15:18:18.338,T,6896.25,1,,,
2026-04-13 15:18:18.338,T,6896.25,1,,,
2026-04-13 15:18:18.338,T,6896.25,1,,,
2026-04-13 15:18:18.338,T,6896.25,1,,,
2026-04-13 15:18:18.338,T,6896.25,1,,,
2026-04-13 15:18:18.338,T,6896.25,1,,,
2026-04-13 15:18:18.338,T,6896.25,1,,,
2026-04-13 15:18:18.338,T,6896.25,1,,,
2026-04-13 15:18:18.338,T,6896.0,1,,,
2026-04-13 15:18:18.584,T,6896.25,1,,,
2026-04-13 15:18:19.449,T,6896.0,1,,,
2026-04-13 15:18:19.449,T,6896.0,1,,,
2026-04-13 15:18:19.449,T,6896.0,2,,,
2026-04-13 15:18:19.449,T,6896.0,2,,,
2026-04-13 15:18:19.449,T,6896.0,1,,,
2026-04-13 15:18:19.449,T,6896.0,1,,,
2026-04-13 15:18:19.449,T,6896.0,1,,,
2026-04-13 15:18:19.449,T,6896.0,1,,,
2026-04-13 15:18:20.135,Q,,,,6896.25,6896.5
2026-04-13 15:18:20.135,T,6896.25,1,,,
2026-04-13 15:18:20.135,T,6896.25,1,,,
2026-04-13 15:18:20.135,T,6896.25,1,,,
2026-04-13 15:18:20.135,T,6896.25,1,,,
2026-04-13 15:18:20.135,T,6896.25,1,,,
2026-04-13 15:18:20.135,T,6896.25,1,,,
2026-04-13 15:18:20.135,T,6896.25,1,,,
2026-04-13 15:18:20.135,T,6896.25,1,,,
2026-04-13 15:18:20.135,T,6896.25,1,,,
2026-04-13 15:18:20.135,T,6896.25,1,,,
2026-04-13 15:18:20.135,T,6896.25,1,,,
2026-04-13 15:18:20.135,T,6896.25,1,,,
2026-04-13 15:18:20.135,T,6896.25,1,,,
2026-04-13 15:18:20.135,T,6896.25,1,,,
2026-04-13 15:18:20.316,T,6896.25,1,,,
2026-04-13 15:18:20.316,T,6896.25,1,,,
2026-04-13 15:18:20.339,T,6896.25,1,,,
2026-04-13 15:18:20.527,Q,,,,6896.0,6896.25
2026-04-13 15:18:20.528,T,6896.25,1,,,
2026-04-13 15:18:20.528,T,6896.25,1,,,
2026-04-13 15:18:20.528,T,6896.25,1,,,
2026-04-13 15:18:20.528,T,6896.25,1,,,
2026-04-13 15:18:20.528,T,6896.25,1,,,
2026-04-13 15:18:20.528,T,6896.25,1,,,
2026-04-13 15:18:20.528,T,6896.25,1,,,
2026-04-13 15:18:20.528,T,6896.25,1,,,
2026-04-13 15:18:20.528,T,6896.25,1,,,
2026-04-13 15:18:20.528,T,6896.25,9,,,
2026-04-13 15:18:20.553,T,6896.25,1,,,
2026-04-13 15:18:20.553,T,6896.25,1,,,
2026-04-13 15:18:20.553,T,6896.25,1,,,
2026-04-13 15:18:20.553,T,6896.25,1,,,
2026-04-13 15:18:20.553,T,6896.0,1,,,
2026-04-13 15:18:20.554,Q,,,,6896.0,6896.5
2026-04-13 15:18:20.583,Q,,,,6896.0,6896.25
2026-04-13 15:18:20.904,T,6896.25,1,,,
2026-04-13 15:18:21.388,T,6896.0,1,,,
2026-04-13 15:18:21.779,T,6896.0,1,,,
2026-04-13 15:18:22.422,T,6896.25,2,,,
2026-04-13 15:18:22.521,T,6896.25,1,,,
2026-04-13 15:18:22.521,T,6896.25,1,,,
2026-04-13 15:18:22.521,T,6896.25,1,,,
2026-04-13 15:18:22.521,T,6896.25,1,,,
2026-04-13 15:18:22.521,T,6896.25,1,,,
2026-04-13 15:18:22.521,T,6896.25,1,,,
2026-04-13 15:18:22.521,T,6896.25,3,,,
2026-04-13 15:18:22.521,T,6896.25,1,,,
2026-04-13 15:18:22.521,T,6896.25,1,,,
2026-04-13 15:18:22.521,T,6896.25,1,,,
2026-04-13 15:18:22.521,T,6896.25,1,,,
2026-04-13 15:18:22.521,T,6896.25,1,,,
2026-04-13 15:18:22.521,T,6896.25,1,,,
2026-04-13 15:18:22.521,T,6896.25,1,,,
2026-04-13 15:18:22.534,Q,,,,6896.25,6896.5
2026-04-13 15:18:22.560,Q,,,,6896.0,6896.25
2026-04-13 15:18:22.571,T,6896.25,1,,,
2026-04-13 15:18:22.571,T,6896.25,1,,,
2026-04-13 15:18:22.571,T,6896.25,1,,,
2026-04-13 15:18:22.571,T,6896.25,1,,,
2026-04-13 15:18:22.571,T,6896.25,1,,,
2026-04-13 15:18:22.571,T,6896.25,1,,,
2026-04-13 15:18:22.693,T,6896.0,1,,,
2026-04-13 15:18:23.536,Q,,,,6896.25,6896.5
2026-04-13 15:18:23.537,T,6896.25,1,,,
2026-04-13 15:18:24.242,T,6896.25,2,,,
2026-04-13 15:18:24.698,T,6896.5,3,,,
2026-04-13 15:18:25.587,T,6896.25,1,,,
2026-04-13 15:18:25.587,T,6896.25,1,,,
2026-04-13 15:18:25.587,T,6896.25,1,,,
2026-04-13 15:18:25.587,T,6896.25,1,,,
2026-04-13 15:18:25.587,T,6896.25,1,,,
2026-04-13 15:18:26.368,T,6896.5,1,,,
2026-04-13 15:18:26.608,T,6896.25,1,,,
2026-04-13 15:18:26.608,T,6896.25,1,,,
2026-04-13 15:18:26.608,T,6896.25,2,,,
2026-04-13 15:18:26.608,T,6896.25,1,,,
2026-04-13 15:18:28.138,T,6896.5,1,,,
2026-04-13 15:18:29.007,Q,,,,6896.0,6896.25
2026-04-13 15:18:29.007,T,6896.25,1,,,
2026-04-13 15:18:29.007,T,6896.25,1,,,
2026-04-13 15:18:29.007,T,6896.25,1,,,
2026-04-13 15:18:29.007,T,6896.25,1,,,
2026-04-13 15:18:29.007,T,6896.25,1,,,
2026-04-13 15:18:29.007,T,6896.25,8,,,
2026-04-13 15:18:29.007,T,6896.25,1,,,
2026-04-13 15:18:29.007,T,6896.25,1,,,
2026-04-13 15:18:29.007,T,6896.25,1,,,
2026-04-13 15:18:29.007,T,6896.25,2,,,
2026-04-13 15:18:29.007,T,6896.25,1,,,
2026-04-13 15:18:29.007,T,6896.25,1,,,
2026-04-13 15:18:29.007,T,6896.25,1,,,
2026-04-13 15:18:29.007,T,6896.25,1,,,
2026-04-13 15:18:29.007,T,6896.25,1,,,
2026-04-13 15:18:29.007,T,6896.25,1,,,
2026-04-13 15:18:29.007,T,6896.25,1,,,
2026-04-13 15:18:29.007,T,6896.25,1,,,
2026-04-13 15:18:29.007,T,6896.25,2,,,
2026-04-13 15:18:29.007,T,6896.25,1,,,
2026-04-13 15:18:29.007,T,6896.25,1,,,
2026-04-13 15:18:29.007,T,6896.25,3,,,
2026-04-13 15:18:29.007,T,6896.25,1,,,
2026-04-13 15:18:29.007,T,6896.25,1,,,
2026-04-13 15:18:29.007,T,6896.25,1,,,
2026-04-13 15:18:29.697,T,6896.25,1,,,
2026-04-13 15:18:29.697,T,6896.25,1,,,
2026-04-13 15:18:29.697,T,6896.25,1,,,
2026-04-13 15:18:29.697,T,6896.25,1,,,
2026-04-13 15:18:29.697,T,6896.25,1,,,
2026-04-13 15:18:29.697,T,6896.25,1,,,
2026-04-13 15:18:29.697,T,6896.25,1,,,
2026-04-13 15:18:29.697,T,6896.25,1,,,
2026-04-13 15:18:29.697,T,6896.25,3,,,
2026-04-13 15:18:29.697,T,6896.25,2,,,
2026-04-13 15:18:29.697,T,6896.25,1,,,
2026-04-13 15:18:29.697,T,6896.25,1,,,
2026-04-13 15:18:29.697,T,6896.25,1,,,
2026-04-13 15:18:29.697,T,6896.25,1,,,
2026-04-13 15:18:29.697,T,6896.25,1,,,
2026-04-13 15:18:29.697,T,6896.25,3,,,
2026-04-13 15:18:29.697,T,6896.25,1,,,
2026-04-13 15:18:29.697,T,6896.25,1,,,
2026-04-13 15:18:29.697,T,6896.25,2,,,
2026-04-13 15:18:29.697,T,6896.25,1,,,
2026-04-13 15:18:29.697,T,6896.25,1,,,
2026-04-13 15:18:29.697,T,6896.25,1,,,
2026-04-13 15:18:29.697,T,6896.25,1,,,
2026-04-13 15:18:29.697,T,6896.25,1,,,
2026-04-13 15:18:29.697,T,6896.25,1,,,
2026-04-13 15:18:29.697,T,6896.25,1,,,
2026-04-13 15:18:29.697,T,6896.25,1,,,
2026-04-13 15:18:29.697,T,6896.25,1,,,
2026-04-13 15:18:30.141,T,6896.25,1,,,
2026-04-13 15:18:30.142,T,6896.25,1,,,
2026-04-13 15:18:30.142,T,6896.25,1,,,
2026-04-13 15:18:30.142,T,6896.25,1,,,
2026-04-13 15:18:30.142,T,6896.25,1,,,
2026-04-13 15:18:30.142,T,6896.25,1,,,
2026-04-13 15:18:30.143,Q,,,,6896.0,6896.5
2026-04-13 15:18:30.143,T,6896.25,2,,,
2026-04-13 15:18:30.143,T,6896.25,1,,,
2026-04-13 15:18:30.143,T,6896.25,1,,,
2026-04-13 15:18:30.143,Q,,,,6896.25,6896.5
2026-04-13 15:18:30.545,T,6896.25,1,,,
2026-04-13 15:18:30.545,T,6896.25,2,,,
2026-04-13 15:18:30.835,T,6896.25,1,,,
2026-04-13 15:18:31.090,T,6896.25,1,,,
2026-04-13 15:18:31.144,T,6896.5,2,,,
2026-04-13 15:18:31.144,T,6896.25,1,,,
2026-04-13 15:18:31.144,T,6896.25,1,,,
2026-04-13 15:18:31.144,T,6896.25,1,,,
2026-04-13 15:18:31.144,T,6896.25,1,,,
2026-04-13 15:18:31.144,T,6896.25,1,,,
2026-04-13 15:18:31.144,T,6896.25,2,,,
2026-04-13 15:18:31.144,T,6896.25,1,,,
2026-04-13 15:18:31.145,Q,,,,6896.0,6896.25
2026-04-13 15:18:31.285,T,6896.25,1,,,
2026-04-13 15:18:31.285,T,6896.25,1,,,
2026-04-13 15:18:31.285,T,6896.25,4,,,
2026-04-13 15:18:31.285,T,6896.25,1,,,
2026-04-13 15:18:31.285,T,6896.25,1,,,
2026-04-13 15:18:31.285,T,6896.25,1,,,
2026-04-13 15:18:31.285,T,6896.25,1,,,
2026-04-13 15:18:31.285,T,6896.25,1,,,
2026-04-13 15:18:31.285,T,6896.25,1,,,
2026-04-13 15:18:31.285,T,6896.25,1,,,
2026-04-13 15:18:31.384,T,6896.0,1,,,
2026-04-13 15:18:31.384,T,6896.0,1,,,
2026-04-13 15:18:31.536,T,6896.0,1,,,
2026-04-13 15:18:31.536,T,6896.0,1,,,
2026-04-13 15:18:31.785,T,6896.25,1,,,
2026-04-13 15:18:31.785,T,6896.25,1,,,
2026-04-13 15:18:31.785,T,6896.25,1,,,
2026-04-13 15:18:31.785,T,6896.25,1,,,
2026-04-13 15:18:32.087,T,6896.0,1,,,
2026-04-13 15:18:32.237,Q,,,,6896.25,6896.5
2026-04-13 15:18:32.237,T,6896.25,2,,,
2026-04-13 15:18:32.237,T,6896.25,1,,,
2026-04-13 15:18:32.237,T,6896.25,1,,,
2026-04-13 15:18:32.237,T,6896.25,1,,,
2026-04-13 15:18:32.237,T,6896.25,1,,,
2026-04-13 15:18:32.237,T,6896.25,2,,,
2026-04-13 15:18:32.745,T,6896.25,2,,,
2026-04-13 15:18:32.745,T,6896.25,1,,,
2026-04-13 15:18:32.745,T,6896.25,1,,,
2026-04-13 15:18:32.745,T,6896.25,1,,,
2026-04-13 15:18:32.745,T,6896.25,1,,,
2026-04-13 15:18:32.745,T,6896.25,1,,,
2026-04-13 15:18:32.745,T,6896.25,1,,,
2026-04-13 15:18:32.745,T,6896.25,3,,,
2026-04-13 15:18:32.745,T,6896.25,1,,,
2026-04-13 15:18:32.745,T,6896.25,1,,,
2026-04-13 15:18:32.745,T,6896.25,2,,,
2026-04-13 15:18:32.745,T,6896.25,1,,,
2026-04-13 15:18:32.745,T,6896.25,1,,,
2026-04-13 15:18:32.745,T,6896.25,1,,,
2026-04-13 15:18:32.745,T,6896.25,1,,,
2026-04-13 15:18:32.745,T,6896.0,3,,,
2026-04-13 15:18:32.745,T,6896.0,1,,,
2026-04-13 15:18:32.745,T,6896.0,1,,,
2026-04-13 15:18:32.745,T,6896.0,2,,,
2026-04-13 15:18:32.745,T,6896.0,1,,,
2026-04-13 15:18:32.745,T,6896.0,1,,,
2026-04-13 15:18:32.745,T,6896.0,1,,,
2026-04-13 15:18:32.745,T,6896.0,1,,,
2026-04-13 15:18:32.745,T,6896.0,1,,,
2026-04-13 15:18:32.745,T,6896.0,1,,,
2026-04-13 15:18:32.745,T,6896.0,1,,,
2026-04-13 15:18:32.745,T,6896.0,1,,,
2026-04-13 15:18:32.745,T,6896.0,1,,,
2026-04-13 15:18:32.745,T,6896.0,1,,,
2026-04-13 15:18:32.745,T,6896.0,3,,,
2026-04-13 15:18:32.745,T,6896.0,3,,,
2026-04-13 15:18:32.745,T,6896.0,2,,,
2026-04-13 15:18:32.745,T,6896.25,2,,,
2026-04-13 15:18:32.749,Q,,,,6896.0,6896.25
2026-04-13 15:18:33.438,T,6896.0,1,,,
2026-04-13 15:18:33.739,T,6896.0,1,,,
2026-04-13 15:18:33.739,T,6896.0,1,,,
2026-04-13 15:18:34.308,T,6896.25,5,,,
2026-04-13 15:18:34.308,T,6896.25,1,,,
2026-04-13 15:18:34.308,T,6896.25,1,,,
2026-04-13 15:18:34.699,Q,,,,6896.25,6896.5
2026-04-13 15:18:34.699,T,6896.25,1,,,
2026-04-13 15:18:34.699,T,6896.25,1,,,
2026-04-13 15:18:34.699,T,6896.25,1,,,
2026-04-13 15:18:34.699,T,6896.25,1,,,
2026-04-13 15:18:34.699,T,6896.25,3,,,
2026-04-13 15:18:34.699,T,6896.25,1,,,
2026-04-13 15:18:34.699,T,6896.25,1,,,
2026-04-13 15:18:34.699,T,6896.25,1,,,
2026-04-13 15:18:34.849,T,6896.25,3,,,
2026-04-13 15:18:34.849,T,6896.25,1,,,
2026-04-13 15:18:34.849,T,6896.25,1,,,
2026-04-13 15:18:34.849,T,6896.25,1,,,
2026-04-13 15:18:35.001,T,6896.25,1,,,
2026-04-13 15:18:35.097,T,6896.5,1,,,
2026-04-13 15:18:35.097,T,6896.5,3,,,
2026-04-13 15:18:35.097,T,6896.5,1,,,
2026-04-13 15:18:35.097,T,6896.5,1,,,
2026-04-13 15:18:35.097,T,6896.5,1,,,
2026-04-13 15:18:35.097,T,6896.5,1,,,
2026-04-13 15:18:35.097,T,6896.5,1,,,
2026-04-13 15:18:35.097,T,6896.5,1,,,
2026-04-13 15:18:35.097,T,6896.25,1,,,
2026-04-13 15:18:35.139,T,6896.5,1,,,
2026-04-13 15:18:35.991,T,6896.5,1,,,
2026-04-13 15:18:37.033,T,6896.25,1,,,
2026-04-13 15:18:37.033,T,6896.25,2,,,
2026-04-13 15:18:37.033,T,6896.25,1,,,
2026-04-13 15:18:37.033,T,6896.25,1,,,
2026-04-13 15:18:37.033,T,6896.25,1,,,
2026-04-13 15:18:37.033,T,6896.25,1,,,
2026-04-13 15:18:37.033,T,6896.25,1,,,
2026-04-13 15:18:37.033,T,6896.25,1,,,
2026-04-13 15:18:37.033,T,6896.25,2,,,
2026-04-13 15:18:37.033,T,6896.25,1,,,
2026-04-13 15:18:37.033,T,6896.25,1,,,
2026-04-13 15:18:37.033,T,6896.25,1,,,
2026-04-13 15:18:37.033,T,6896.25,1,,,
2026-04-13 15:18:37.033,T,6896.25,1,,,
2026-04-13 15:18:37.033,T,6896.25,1,,,
2026-04-13 15:18:37.033,T,6896.25,1,,,
2026-04-13 15:18:37.033,T,6896.25,5,,,
2026-04-13 15:18:37.035,Q,,,,6896.0,6896.25
2026-04-13 15:18:37.297,T,6896.0,1,,,
2026-04-13 15:18:37.297,T,6896.0,1,,,
2026-04-13 15:18:37.333,T,6896.0,1,,,
2026-04-13 15:18:37.532,T,6896.25,2,,,
2026-04-13 15:18:37.836,T,6896.25,1,,,
2026-04-13 15:18:39.182,T,6896.25,2,,,
2026-04-13 15:18:39.182,T,6896.25,1,,,
2026-04-13 15:18:39.182,T,6896.25,1,,,
2026-04-13 15:18:39.182,T,6896.25,1,,,
2026-04-13 15:18:39.283,T,6896.25,1,,,
2026-04-13 15:18:40.038,T,6896.25,1,,,
2026-04-13 15:18:40.038,T,6896.25,2,,,
2026-04-13 15:18:40.038,T,6896.25,1,,,
2026-04-13 15:18:40.297,T,6896.25,1,,,
2026-04-13 15:18:40.297,T,6896.0,1,,,
2026-04-13 15:18:40.297,T,6896.0,1,,,
2026-04-13 15:18:40.297,T,6896.0,1,,,
2026-04-13 15:18:40.297,T,6896.0,1,,,
2026-04-13 15:18:40.334,T,6896.0,1,,,
2026-04-13 15:18:40.941,T,6896.25,1,,,
2026-04-13 15:18:40.941,T,6896.25,1,,,
2026-04-13 15:18:40.941,T,6896.25,1,,,
2026-04-13 15:18:40.941,T,6896.25,1,,,
2026-04-13 15:18:40.941,T,6896.25,1,,,
2026-04-13 15:18:40.941,T,6896.25,1,,,
2026-04-13 15:18:40.941,T,6896.25,1,,,
2026-04-13 15:18:40.999,T,6896.25,1,,,
2026-04-13 15:18:41.106,T,6896.0,1,,,
2026-04-13 15:18:41.293,T,6896.0,1,,,
2026-04-13 15:18:41.436,T,6896.25,5,,,
2026-04-13 15:18:41.436,T,6896.25,1,,,
2026-04-13 15:18:41.557,T,6896.25,1,,,
2026-04-13 15:18:41.685,Q,,,,6896.25,6896.5
2026-04-13 15:18:41.686,T,6896.25,3,,,
2026-04-13 15:18:41.686,T,6896.25,5,,,
2026-04-13 15:18:41.686,T,6896.25,1,,,
2026-04-13 15:18:41.686,T,6896.25,1,,,
2026-04-13 15:18:41.686,T,6896.25,1,,,
2026-04-13 15:18:41.686,T,6896.25,1,,,
2026-04-13 15:18:41.686,T,6896.25,1,,,
2026-04-13 15:18:41.686,T,6896.5,1,,,
2026-04-13 15:18:41.743,T,6896.25,2,,,
2026-04-13 15:18:41.743,T,6896.25,2,,,
2026-04-13 15:18:41.743,T,6896.25,1,,,
2026-04-13 15:18:43.398,T,6896.5,1,,,
2026-04-13 15:18:43.630,T,6896.5,1,,,
2026-04-13 15:18:43.630,T,6896.5,1,,,
2026-04-13 15:18:43.630,T,6896.5,1,,,
2026-04-13 15:18:43.630,T,6896.5,1,,,
2026-04-13 15:18:43.630,T,6896.5,1,,,
2026-04-13 15:18:43.630,T,6896.5,3,,,
2026-04-13 15:18:43.630,T,6896.5,1,,,
2026-04-13 15:18:43.630,T,6896.5,1,,,
2026-04-13 15:18:43.630,T,6896.5,1,,,
2026-04-13 15:18:43.630,T,6896.5,1,,,
2026-04-13 15:18:43.630,T,6896.5,1,,,
2026-04-13 15:18:43.630,T,6896.5,1,,,
2026-04-13 15:18:43.630,T,6896.5,1,,,
2026-04-13 15:18:43.630,T,6896.5,1,,,
2026-04-13 15:18:43.630,T,6896.5,4,,,
2026-04-13 15:18:43.630,T,6896.5,1,,,
2026-04-13 15:18:43.630,T,6896.5,2,,,
2026-04-13 15:18:43.630,T,6896.5,1,,,
2026-04-13 15:18:43.630,T,6896.5,1,,,
2026-04-13 15:18:43.630,T,6896.5,1,,,
2026-04-13 15:18:43.630,T,6896.5,1,,,
2026-04-13 15:18:43.630,T,6896.5,1,,,
2026-04-13 15:18:43.630,T,6896.5,1,,,
2026-04-13 15:18:43.630,T,6896.5,1,,,
2026-04-13 15:18:43.630,T,6896.5,3,,,
2026-04-13 15:18:43.630,T,6896.5,9,,,
2026-04-13 15:18:43.630,T,6896.5,1,,,
2026-04-13 15:18:43.630,T,6896.5,1,,,
2026-04-13 15:18:43.630,T,6896.5,1,,,
2026-04-13 15:18:43.630,T,6896.5,2,,,
2026-04-13 15:18:43.630,T,6896.5,1,,,
2026-04-13 15:18:43.630,T,6896.5,1,,,
2026-04-13 15:18:43.630,T,6896.5,1,,,
2026-04-13 15:18:43.630,T,6896.5,1,,,
2026-04-13 15:18:43.630,T,6896.5,1,,,
2026-04-13 15:18:43.630,T,6896.5,1,,,
2026-04-13 15:18:43.630,T,6896.5,2,,,
2026-04-13 15:18:43.630,T,6896.5,1,,,
2026-04-13 15:18:43.630,T,6896.5,1,,,
2026-04-13 15:18:43.630,T,6896.5,2,,,
2026-04-13 15:18:43.630,T,6896.5,1,,,
2026-04-13 15:18:43.630,T,6896.5,1,,,
2026-04-13 15:18:43.630,T,6896.5,2,,,
2026-04-13 15:18:43.630,T,6896.5,3,,,
2026-04-13 15:18:43.630,T,6896.5,1,,,
2026-04-13 15:18:43.630,T,6896.5,1,,,
2026-04-13 15:18:43.630,T,6896.5,1,,,
2026-04-13 15:18:43.630,T,6896.5,1,,,
2026-04-13 15:18:43.630,T,6896.5,1,,,
2026-04-13 15:18:43.630,T,6896.5,1,,,
2026-04-13 15:18:43.630,T,6896.5,1,,,
2026-04-13 15:18:43.649,T,6896.5,1,,,
2026-04-13 15:18:44.184,T,6896.25,1,,,
2026-04-13 15:18:44.384,T,6896.5,2,,,
2026-04-13 15:18:45.087,T,6896.5,1,,,
2026-04-13 15:18:45.235,T,6896.25,2,,,
2026-04-13 15:18:45.235,T,6896.25,1,,,
2026-04-13 15:18:45.439,T,6896.25,1,,,
2026-04-13 15:18:45.439,T,6896.25,1,,,
2026-04-13 15:18:45.855,T,6896.5,1,,,
2026-04-13 15:18:49.388,T,6896.5,1,,,
2026-04-13 15:18:49.740,T,6896.5,1,,,
2026-04-13 15:18:50.345,T,6896.5,1,,,
2026-04-13 15:18:50.759,T,6896.25,1,,,
2026-04-13 15:18:50.759,T,6896.25,2,,,
2026-04-13 15:18:50.759,T,6896.5,1,,,
2026-04-13 15:18:51.303,T,6896.25,1,,,
2026-04-13 15:18:51.950,T,6896.5,1,,,
2026-04-13 15:18:51.950,T,6896.5,1,,,
2026-04-13 15:18:51.950,T,6896.5,1,,,
2026-04-13 15:18:51.950,T,6896.5,1,,,
2026-04-13 15:18:51.950,T,6896.5,1,,,
2026-04-13 15:18:51.950,T,6896.5,1,,,
2026-04-13 15:18:51.950,T,6896.5,1,,,
2026-04-13 15:18:51.950,T,6896.5,1,,,
2026-04-13 15:18:51.950,T,6896.5,2,,,
2026-04-13 15:18:51.950,T,6896.5,2,,,
2026-04-13 15:18:51.950,T,6896.5,1,,,
2026-04-13 15:18:51.950,T,6896.5,1,,,
2026-04-13 15:18:51.950,T,6896.5,1,,,
2026-04-13 15:18:52.010,T,6896.5,1,,,
2026-04-13 15:18:52.010,T,6896.5,1,,,
2026-04-13 15:18:52.010,T,6896.5,4,,,
2026-04-13 15:18:52.010,T,6896.5,1,,,
2026-04-13 15:18:52.010,T,6896.5,1,,,
2026-04-13 15:18:52.010,T,6896.5,1,,,
2026-04-13 15:18:52.010,T,6896.5,1,,,
2026-04-13 15:18:52.010,T,6896.5,1,,,
2026-04-13 15:18:52.010,T,6896.5,1,,,
2026-04-13 15:18:52.010,T,6896.5,1,,,
2026-04-13 15:18:52.010,T,6896.5,1,,,
2026-04-13 15:18:52.010,T,6896.5,1,,,
2026-04-13 15:18:52.010,T,6896.5,1,,,
2026-04-13 15:18:52.010,T,6896.5,1,,,
2026-04-13 15:18:52.010,T,6896.5,1,,,
2026-04-13 15:18:52.010,T,6896.5,1,,,
2026-04-13 15:18:52.010,T,6896.5,1,,,
2026-04-13 15:18:52.010,T,6896.5,1,,,
2026-04-13 15:18:52.010,T,6896.5,1,,,
2026-04-13 15:18:52.010,T,6896.5,2,,,
2026-04-13 15:18:52.010,T,6896.5,3,,,
2026-04-13 15:18:52.010,T,6896.5,1,,,
2026-04-13 15:18:52.010,T,6896.5,1,,,
2026-04-13 15:18:52.010,T,6896.5,1,,,
2026-04-13 15:18:52.010,T,6896.5,5,,,
2026-04-13 15:18:52.010,T,6896.5,3,,,
2026-04-13 15:18:52.010,T,6896.5,2,,,
2026-04-13 15:18:52.010,T,6896.5,2,,,
2026-04-13 15:18:52.010,T,6896.5,1,,,
2026-04-13 15:18:52.010,T,6896.5,1,,,
2026-04-13 15:18:52.010,T,6896.5,1,,,
2026-04-13 15:18:52.010,T,6896.5,1,,,
2026-04-13 15:18:52.010,T,6896.75,2,,,
2026-04-13 15:18:52.010,T,6896.75,1,,,
2026-04-13 15:18:52.010,T,6896.75,1,,,
2026-04-13 15:18:52.010,T,6896.75,1,,,
2026-04-13 15:18:52.010,T,6896.75,1,,,
2026-04-13 15:18:52.010,T,6896.75,1,,,
2026-04-13 15:18:52.010,T,6896.75,1,,,
2026-04-13 15:18:52.010,T,6896.75,1,,,
2026-04-13 15:18:52.010,T,6896.75,1,,,
2026-04-13 15:18:52.010,T,6896.75,1,,,
2026-04-13 15:18:52.010,T,6896.5,1,,,
2026-04-13 15:18:52.010,T,6896.5,5,,,
2026-04-13 15:18:52.010,T,6896.5,3,,,
2026-04-13 15:18:52.010,T,6896.5,2,,,
2026-04-13 15:18:52.010,T,6896.5,1,,,
2026-04-13 15:18:52.010,T,6896.5,1,,,
2026-04-13 15:18:52.010,T,6896.5,1,,,
2026-04-13 15:18:52.010,T,6896.5,1,,,
2026-04-13 15:18:52.010,T,6896.5,1,,,
2026-04-13 15:18:52.010,T,6896.5,1,,,
2026-04-13 15:18:52.010,T,6896.5,1,,,
2026-04-13 15:18:52.010,T,6896.5,1,,,
2026-04-13 15:18:52.010,T,6896.5,1,,,
2026-04-13 15:18:52.010,T,6896.5,3,,,
2026-04-13 15:18:52.010,T,6896.5,2,,,
2026-04-13 15:18:52.010,T,6896.5,1,,,
2026-04-13 15:18:52.010,T,6896.5,1,,,
2026-04-13 15:18:52.010,T,6896.5,1,,,
2026-04-13 15:18:52.010,T,6896.5,1,,,
2026-04-13 15:18:52.010,T,6896.5,1,,,
2026-04-13 15:18:52.010,T,6896.5,1,,,
2026-04-13 15:18:52.010,T,6896.5,1,,,
2026-04-13 15:18:52.010,T,6896.5,1,,,
2026-04-13 15:18:52.010,T,6896.5,1,,,
2026-04-13 15:18:52.010,T,6896.5,1,,,
2026-04-13 15:18:52.010,T,6896.5,1,,,
2026-04-13 15:18:52.010,T,6896.5,1,,,
2026-04-13 15:18:52.010,T,6896.5,1,,,
2026-04-13 15:18:52.058,T,6896.5,1,,,
2026-04-13 15:18:52.058,T,6896.5,1,,,
2026-04-13 15:18:52.058,T,6896.5,1,,,
2026-04-13 15:18:52.058,T,6896.5,1,,,
2026-04-13 15:18:52.058,T,6896.5,1,,,
2026-04-13 15:18:52.058,T,6896.5,1,,,
2026-04-13 15:18:52.058,T,6896.5,1,,,
2026-04-13 15:18:52.058,T,6896.5,1,,,
2026-04-13 15:18:52.058,T,6896.5,1,,,
2026-04-13 15:18:52.058,T,6896.5,1,,,
2026-04-13 15:18:52.058,T,6896.5,1,,,
2026-04-13 15:18:52.060,Q,,,,6896.5,6896.75
2026-04-13 15:18:52.279,T,6896.75,1,,,
2026-04-13 15:18:52.400,T,6896.5,1,,,
2026-04-13 15:18:53.026,T,6896.5,1,,,
2026-04-13 15:18:53.026,T,6896.5,1,,,
2026-04-13 15:18:53.026,T,6896.5,1,,,
2026-04-13 15:18:53.026,T,6896.5,1,,,
2026-04-13 15:18:53.026,T,6896.5,1,,,
2026-04-13 15:18:53.026,T,6896.5,1,,,
2026-04-13 15:18:53.026,T,6896.5,1,,,
2026-04-13 15:18:53.026,T,6896.5,1,,,
2026-04-13 15:18:53.026,T,6896.5,1,,,
2026-04-13 15:18:53.026,T,6896.5,1,,,
2026-04-13 15:18:53.026,T,6896.5,1,,,
2026-04-13 15:18:53.026,T,6896.5,1,,,
2026-04-13 15:18:53.026,T,6896.5,1,,,
2026-04-13 15:18:53.026,T,6896.5,1,,,
2026-04-13 15:18:53.026,T,6896.5,3,,,
2026-04-13 15:18:53.026,T,6896.5,1,,,
2026-04-13 15:18:53.028,Q,,,,6896.25,6896.5
2026-04-13 15:18:53.230,T,6896.25,1,,,
2026-04-13 15:18:53.657,T,6896.25,1,,,
2026-04-13 15:18:53.696,T,6896.5,1,,,
2026-04-13 15:18:53.696,T,6896.5,1,,,
2026-04-13 15:18:54.672,T,6896.5,1,,,
2026-04-13 15:18:54.672,T,6896.5,1,,,
2026-04-13 15:18:54.672,T,6896.5,1,,,
2026-04-13 15:18:54.672,T,6896.5,1,,,
2026-04-13 15:18:54.672,T,6896.5,1,,,
2026-04-13 15:18:54.672,T,6896.5,1,,,
2026-04-13 15:18:54.672,T,6896.5,1,,,
2026-04-13 15:18:54.672,T,6896.5,1,,,
2026-04-13 15:18:54.672,T,6896.5,1,,,
2026-04-13 15:18:54.672,T,6896.5,1,,,
2026-04-13 15:18:54.672,T,6896.5,1,,,
2026-04-13 15:18:54.672,T,6896.5,1,,,
2026-04-13 15:18:54.672,T,6896.5,1,,,
2026-04-13 15:18:54.672,T,6896.5,1,,,
2026-04-13 15:18:54.672,T,6896.5,1,,,
2026-04-13 15:18:54.672,T,6896.5,1,,,
2026-04-13 15:18:54.672,T,6896.5,1,,,
2026-04-13 15:18:54.672,T,6896.5,1,,,
2026-04-13 15:18:54.672,T,6896.5,1,,,
2026-04-13 15:18:54.672,T,6896.5,1,,,
2026-04-13 15:18:56.566,T,6896.5,1,,,
2026-04-13 15:18:56.566,T,6896.5,1,,,
2026-04-13 15:18:56.566,T,6896.5,1,,,
2026-04-13 15:18:56.566,T,6896.5,1,,,
2026-04-13 15:18:56.566,T,6896.5,1,,,
2026-04-13 15:18:56.566,T,6896.5,1,,,
2026-04-13 15:18:56.566,T,6896.5,1,,,
2026-04-13 15:18:56.566,T,6896.5,1,,,
2026-04-13 15:18:56.566,T,6896.5,1,,,
2026-04-13 15:18:56.566,T,6896.5,1,,,
2026-04-13 15:18:56.566,T,6896.25,1,,,
2026-04-13 15:18:59.052,T,6896.5,1,,,
2026-04-13 15:18:59.052,T,6896.5,1,,,
2026-04-13 15:18:59.386,T,6896.5,1,,,
2026-04-13 15:18:59.386,T,6896.5,1,,,
2026-04-13 15:18:59.386,T,6896.5,1,,,
2026-04-13 15:18:59.386,T,6896.5,1,,,
2026-04-13 15:18:59.386,T,6896.5,1,,,
2026-04-13 15:18:59.591,T,6896.5,1,,,
2026-04-13 15:18:59.591,T,6896.5,1,,,
2026-04-13 15:18:59.591,T,6896.5,1,,,
2026-04-13 15:19:00.229,T,6896.5,1,,,
2026-04-13 15:19:00.236,T,6896.25,1,,,
2026-04-13 15:19:00.236,T,6896.25,2,,,
2026-04-13 15:19:00.238,T,6896.25,1,,,
2026-04-13 15:19:00.620,T,6896.25,1,,,
2026-04-13 15:19:00.620,T,6896.25,1,,,
2026-04-13 15:19:00.620,T,6896.5,1,,,
2026-04-13 15:19:01.003,T,6896.5,2,,,
2026-04-13 15:19:01.003,T,6896.5,2,,,
2026-04-13 15:19:01.003,T,6896.5,1,,,
2026-04-13 15:19:01.003,T,6896.5,1,,,
2026-04-13 15:19:01.003,T,6896.5,1,,,
2026-04-13 15:19:01.003,T,6896.5,1,,,
2026-04-13 15:19:01.003,T,6896.5,1,,,
2026-04-13 15:19:01.003,T,6896.5,1,,,
2026-04-13 15:19:01.003,T,6896.5,1,,,
2026-04-13 15:19:01.003,T,6896.5,1,,,
2026-04-13 15:19:01.003,T,6896.5,1,,,
2026-04-13 15:19:01.003,T,6896.5,1,,,
2026-04-13 15:19:01.003,T,6896.5,2,,,
2026-04-13 15:19:01.003,T,6896.5,1,,,
2026-04-13 15:19:01.003,T,6896.5,1,,,
2026-04-13 15:19:01.003,T,6896.5,1,,,
2026-04-13 15:19:01.003,T,6896.5,1,,,
2026-04-13 15:19:01.003,T,6896.5,1,,,
2026-04-13 15:19:01.003,T,6896.5,1,,,
2026-04-13 15:19:01.003,T,6896.5,4,,,
2026-04-13 15:19:01.003,T,6896.5,2,,,
2026-04-13 15:19:01.003,T,6896.5,2,,,
2026-04-13 15:19:01.003,T,6896.5,1,,,
2026-04-13 15:19:01.003,T,6896.5,1,,,
2026-04-13 15:19:01.003,T,6896.5,1,,,
2026-04-13 15:19:01.003,T,6896.5,2,,,
2026-04-13 15:19:01.014,Q,,,,6896.5,6896.75
2026-04-13 15:19:01.014,Q,,,,6896.25,6896.5
2026-04-13 15:19:01.014,T,6896.5,1,,,
2026-04-13 15:19:01.014,T,6896.5,1,,,
2026-04-13 15:19:01.014,T,6896.5,5,,,
2026-04-13 15:19:01.014,T,6896.5,1,,,
2026-04-13 15:19:01.014,T,6896.5,1,,,
2026-04-13 15:19:01.014,T,6896.5,1,,,
2026-04-13 15:19:01.014,T,6896.5,2,,,
2026-04-13 15:19:01.014,T,6896.5,1,,,
2026-04-13 15:19:01.014,T,6896.5,1,,,
2026-04-13 15:19:01.014,T,6896.5,1,,,
2026-04-13 15:19:01.014,T,6896.5,2,,,
2026-04-13 15:19:01.014,T,6896.5,1,,,
2026-04-13 15:19:01.014,T,6896.5,1,,,
2026-04-13 15:19:01.014,T,6896.5,1,,,
2026-04-13 15:19:01.014,T,6896.5,1,,,
2026-04-13 15:19:01.014,T,6896.5,1,,,
2026-04-13 15:19:01.014,T,6896.5,1,,,
2026-04-13 15:19:01.014,T,6896.5,1,,,
2026-04-13 15:19:01.014,T,6896.5,1,,,
2026-04-13 15:19:01.014,T,6896.5,2,,,
2026-04-13 15:19:01.014,T,6896.5,1,,,
2026-04-13 15:19:01.014,T,6896.5,1,,,
2026-04-13 15:19:01.014,T,6896.5,1,,,
2026-04-13 15:19:01.014,T,6896.5,1,,,
2026-04-13 15:19:01.015,T,6896.5,1,,,
2026-04-13 15:19:01.015,T,6896.5,1,,,
2026-04-13 15:19:01.015,T,6896.5,1,,,
2026-04-13 15:19:01.015,T,6896.75,1,,,
2026-04-13 15:19:01.016,Q,,,,6896.5,6896.75
2026-04-13 15:19:01.232,T,6896.5,1,,,
2026-04-13 15:19:01.233,T,6896.75,3,,,
2026-04-13 15:19:01.233,T,6896.75,1,,,
2026-04-13 15:19:01.233,T,6896.75,1,,,
2026-04-13 15:19:01.233,T,6896.75,3,,,
2026-04-13 15:19:01.233,T,6896.75,2,,,
2026-04-13 15:19:01.233,T,6896.75,1,,,
2026-04-13 15:19:01.233,T,6896.5,1,,,
2026-04-13 15:19:01.233,T,6896.75,1,,,
2026-04-13 15:19:01.233,T,6896.75,1,,,
2026-04-13 15:19:01.233,T,6896.75,1,,,
2026-04-13 15:19:01.233,T,6896.75,1,,,
2026-04-13 15:19:01.233,T,6896.75,1,,,
2026-04-13 15:19:01.233,T,6896.75,1,,,
2026-04-13 15:19:01.233,T,6896.75,1,,,
2026-04-13 15:19:01.233,T,6896.75,1,,,
2026-04-13 15:19:01.233,T,6896.75,1,,,
2026-04-13 15:19:01.233,T,6896.75,1,,,
2026-04-13 15:19:01.233,T,6896.75,2,,,
2026-04-13 15:19:01.233,T,6896.75,1,,,
2026-04-13 15:19:01.233,T,6896.75,1,,,
2026-04-13 15:19:01.233,T,6896.75,1,,,
2026-04-13 15:19:01.233,T,6896.75,2,,,
2026-04-13 15:19:01.233,T,6896.75,1,,,
2026-04-13 15:19:01.233,T,6896.75,1,,,
2026-04-13 15:19:01.233,T,6896.75,1,,,
2026-04-13 15:19:01.233,T,6896.75,1,,,
2026-04-13 15:19:01.233,T,6896.75,1,,,
2026-04-13 15:19:01.233,T,6896.75,1,,,
2026-04-13 15:19:01.233,T,6896.75,1,,,
2026-04-13 15:19:01.233,T,6896.75,1,,,
2026-04-13 15:19:01.233,T,6896.75,1,,,
2026-04-13 15:19:01.233,T,6896.75,1,,,
2026-04-13 15:19:01.233,T,6896.75,1,,,
2026-04-13 15:19:01.233,T,6896.75,1,,,
2026-04-13 15:19:01.233,T,6896.75,1,,,
2026-04-13 15:19:01.233,T,6896.75,1,,,
2026-04-13 15:19:01.233,T,6896.75,1,,,
2026-04-13 15:19:01.233,T,6896.75,2,,,
2026-04-13 15:19:01.244,T,6896.75,2,,,
2026-04-13 15:19:01.244,T,6896.75,1,,,
2026-04-13 15:19:01.244,T,6896.75,1,,,
2026-04-13 15:19:01.244,T,6896.75,1,,,
2026-04-13 15:19:01.244,T,6896.75,1,,,
2026-04-13 15:19:01.244,T,6896.75,1,,,
2026-04-13 15:19:01.244,T,6896.75,1,,,
2026-04-13 15:19:01.244,T,6896.75,1,,,
2026-04-13 15:19:01.244,T,6896.5,1,,,
2026-04-13 15:19:01.244,T,6896.75,1,,,
2026-04-13 15:19:01.250,T,6896.75,1,,,
2026-04-13 15:19:01.250,T,6896.75,1,,,
2026-04-13 15:19:01.250,T,6896.75,1,,,
2026-04-13 15:19:01.250,T,6896.75,1,,,
2026-04-13 15:19:01.250,T,6896.75,1,,,
2026-04-13 15:19:01.250,T,6896.75,1,,,
2026-04-13 15:19:01.250,T,6896.75,1,,,
2026-04-13 15:19:01.372,T,6896.5,1,,,
2026-04-13 15:19:01.919,T,6896.75,1,,,
2026-04-13 15:19:02.236,T,6896.75,1,,,
2026-04-13 15:19:02.236,T,6896.75,1,,,
2026-04-13 15:19:02.236,T,6896.75,1,,,
2026-04-13 15:19:02.236,T,6896.75,1,,,
2026-04-13 15:19:02.237,T,6896.75,1,,,
2026-04-13 15:19:03.355,Q,,,,6896.75,6897.0
2026-04-13 15:19:03.355,T,6896.75,1,,,
2026-04-13 15:19:03.355,T,6896.75,1,,,
2026-04-13 15:19:03.355,T,6896.75,2,,,
2026-04-13 15:19:03.355,T,6896.75,1,,,
2026-04-13 15:19:03.355,T,6896.75,1,,,
2026-04-13 15:19:03.355,T,6896.75,1,,,
2026-04-13 15:19:03.355,T,6896.75,1,,,
2026-04-13 15:19:03.355,T,6896.75,4,,,
2026-04-13 15:19:03.355,T,6896.75,1,,,
2026-04-13 15:19:03.355,T,6896.75,1,,,
2026-04-13 15:19:03.355,T,6896.75,1,,,
2026-04-13 15:19:03.393,Q,,,,6896.5,6897.0
2026-04-13 15:19:03.393,T,6896.75,1,,,
2026-04-13 15:19:03.393,T,6896.75,1,,,
2026-04-13 15:19:03.393,T,6896.75,1,,,
2026-04-13 15:19:03.393,T,6896.75,1,,,
2026-04-13 15:19:03.393,T,6896.75,1,,,
2026-04-13 15:19:03.393,T,6896.75,1,,,
2026-04-13 15:19:03.393,T,6896.75,1,,,
2026-04-13 15:19:03.393,T,6896.75,1,,,
2026-04-13 15:19:03.393,T,6896.75,1,,,
2026-04-13 15:19:03.393,T,6896.75,1,,,
2026-04-13 15:19:03.393,T,6896.75,1,,,
2026-04-13 15:19:03.393,T,6896.75,1,,,
2026-04-13 15:19:03.393,T,6896.75,1,,,
2026-04-13 15:19:03.393,T,6896.75,1,,,
2026-04-13 15:19:03.450,Q,,,,6896.5,6896.75
2026-04-13 15:19:03.450,T,6896.75,1,,,
2026-04-13 15:19:03.450,T,6896.75,1,,,
2026-04-13 15:19:03.450,T,6896.5,1,,,
2026-04-13 15:19:04.241,Q,,,,6896.25,6896.5
2026-04-13 15:19:04.241,T,6896.5,1,,,
2026-04-13 15:19:04.241,T,6896.5,1,,,
2026-04-13 15:19:04.241,T,6896.5,1,,,
2026-04-13 15:19:04.241,T,6896.5,1,,,
2026-04-13 15:19:04.241,T,6896.5,3,,,
2026-04-13 15:19:04.241,T,6896.5,1,,,
2026-04-13 15:19:04.241,T,6896.5,1,,,
2026-04-13 15:19:04.241,T,6896.5,1,,,
2026-04-13 15:19:04.241,T,6896.5,1,,,
2026-04-13 15:19:04.241,T,6896.5,1,,,
2026-04-13 15:19:04.241,T,6896.5,3,,,
2026-04-13 15:19:04.241,T,6896.5,1,,,
2026-04-13 15:19:04.241,T,6896.5,1,,,
2026-04-13 15:19:04.241,T,6896.5,1,,,
2026-04-13 15:19:04.241,T,6896.5,1,,,
2026-04-13 15:19:04.241,T,6896.5,1,,,
2026-04-13 15:19:04.241,T,6896.5,1,,,
2026-04-13 15:19:04.241,T,6896.5,1,,,
2026-04-13 15:19:04.241,T,6896.5,1,,,
2026-04-13 15:19:04.241,T,6896.5,3,,,
2026-04-13 15:19:04.241,T,6896.5,1,,,
2026-04-13 15:19:04.241,T,6896.5,1,,,
2026-04-13 15:19:04.241,T,6896.5,3,,,
2026-04-13 15:19:04.241,T,6896.5,1,,,
2026-04-13 15:19:04.241,T,6896.5,1,,,
2026-04-13 15:19:04.241,T,6896.5,1,,,
2026-04-13 15:19:04.241,T,6896.5,1,,,
2026-04-13 15:19:04.241,T,6896.5,1,,,
2026-04-13 15:19:04.241,T,6896.5,5,,,
2026-04-13 15:19:04.241,T,6896.5,1,,,
2026-04-13 15:19:04.241,T,6896.5,1,,,
2026-04-13 15:19:04.241,T,6896.5,1,,,
2026-04-13 15:19:04.241,T,6896.5,2,,,
2026-04-13 15:19:04.241,T,6896.5,7,,,
2026-04-13 15:19:04.241,T,6896.5,1,,,
2026-04-13 15:19:04.241,T,6896.5,1,,,
2026-04-13 15:19:04.241,T,6896.5,1,,,
2026-04-13 15:19:04.241,T,6896.5,3,,,
2026-04-13 15:19:04.241,T,6896.5,1,,,
2026-04-13 15:19:04.241,T,6896.5,2,,,
2026-04-13 15:19:04.241,T,6896.5,1,,,
2026-04-13 15:19:04.241,T,6896.5,1,,,
2026-04-13 15:19:04.241,T,6896.5,1,,,
2026-04-13 15:19:04.397,T,6896.5,1,,,
2026-04-13 15:19:04.397,T,6896.5,1,,,
2026-04-13 15:19:04.397,T,6896.5,3,,,
2026-04-13 15:19:04.464,T,6896.5,1,,,
2026-04-13 15:19:04.547,T,6896.5,1,,,
2026-04-13 15:19:04.547,T,6896.5,1,,,
2026-04-13 15:19:04.894,T,6896.5,3,,,
2026-04-13 15:19:04.894,T,6896.5,1,,,
2026-04-13 15:19:04.894,T,6896.5,1,,,
2026-04-13 15:19:04.894,T,6896.25,1,,,
2026-04-13 15:19:05.098,T,6896.5,1,,,
2026-04-13 15:19:06.332,T,6896.25,1,,,
2026-04-13 15:19:06.937,T,6896.25,1,,,
2026-04-13 15:19:06.937,T,6896.5,1,,,
2026-04-13 15:19:07.122,T,6896.5,1,,,
2026-04-13 15:19:07.122,T,6896.5,1,,,
2026-04-13 15:19:07.122,T,6896.5,1,,,
2026-04-13 15:19:07.122,T,6896.5,1,,,
2026-04-13 15:19:07.122,T,6896.5,2,,,
2026-04-13 15:19:07.339,Q,,,,6896.0,6896.25
2026-04-13 15:19:07.339,T,6896.25,1,,,
2026-04-13 15:19:07.339,T,6896.25,1,,,
2026-04-13 15:19:07.339,T,6896.25,1,,,
2026-04-13 15:19:07.339,T,6896.25,3,,,
2026-04-13 15:19:07.339,T,6896.25,1,,,
2026-04-13 15:19:07.339,T,6896.25,1,,,
2026-04-13 15:19:07.339,T,6896.25,1,,,
2026-04-13 15:19:07.339,T,6896.25,1,,,
2026-04-13 15:19:07.339,T,6896.25,1,,,
2026-04-13 15:19:07.339,T,6896.25,1,,,
2026-04-13 15:19:07.339,T,6896.25,1,,,
2026-04-13 15:19:07.339,T,6896.25,2,,,
2026-04-13 15:19:07.339,T,6896.25,2,,,
2026-04-13 15:19:07.339,T,6896.25,2,,,
2026-04-13 15:19:07.339,T,6896.25,2,,,
2026-04-13 15:19:07.339,T,6896.25,2,,,
2026-04-13 15:19:07.339,T,6896.25,1,,,
2026-04-13 15:19:07.339,T,6896.25,1,,,
2026-04-13 15:19:07.339,T,6896.25,1,,,
2026-04-13 15:19:07.339,T,6896.25,1,,,
2026-04-13 15:19:07.339,T,6896.25,2,,,
2026-04-13 15:19:07.339,T,6896.25,1,,,
2026-04-13 15:19:07.339,T,6896.25,3,,,
2026-04-13 15:19:07.339,T,6896.25,1,,,
2026-04-13 15:19:07.339,T,6896.25,1,,,
2026-04-13 15:19:07.339,T,6896.25,1,,,
2026-04-13 15:19:07.339,T,6896.25,1,,,
2026-04-13 15:19:07.339,T,6896.25,5,,,
2026-04-13 15:19:07.339,T,6896.25,1,,,
2026-04-13 15:19:07.339,T,6896.25,1,,,
2026-04-13 15:19:07.339,T,6896.25,1,,,
2026-04-13 15:19:07.339,T,6896.25,1,,,
2026-04-13 15:19:07.339,T,6896.25,1,,,
2026-04-13 15:19:07.339,T,6896.25,1,,,
2026-04-13 15:19:07.339,T,6896.25,1,,,
2026-04-13 15:19:07.339,T,6896.25,1,,,
2026-04-13 15:19:07.339,T,6896.25,1,,,
2026-04-13 15:19:07.339,T,6896.25,1,,,
2026-04-13 15:19:07.339,T,6896.25,1,,,
2026-04-13 15:19:07.339,T,6896.25,1,,,
2026-04-13 15:19:07.339,T,6896.25,1,,,
2026-04-13 15:19:07.339,T,6896.25,1,,,
2026-04-13 15:19:07.339,T,6896.25,1,,,
2026-04-13 15:19:07.339,T,6896.25,2,,,
2026-04-13 15:19:07.350,T,6896.25,5,,,
2026-04-13 15:19:07.350,T,6896.25,3,,,
2026-04-13 15:19:07.350,T,6896.25,1,,,
2026-04-13 15:19:07.350,T,6896.25,1,,,
2026-04-13 15:19:07.350,T,6896.25,1,,,
2026-04-13 15:19:07.350,T,6896.25,1,,,
2026-04-13 15:19:07.350,T,6896.25,1,,,
2026-04-13 15:19:07.350,T,6896.25,1,,,
2026-04-13 15:19:07.350,T,6896.25,1,,,
2026-04-13 15:19:07.350,T,6896.25,1,,,
2026-04-13 15:19:07.350,T,6896.25,2,,,
2026-04-13 15:19:07.350,T,6896.25,1,,,
2026-04-13 15:19:07.350,T,6896.25,1,,,
2026-04-13 15:19:07.350,T,6896.25,1,,,
2026-04-13 15:19:07.350,T,6896.25,1,,,
2026-04-13 15:19:07.350,T,6896.25,1,,,
2026-04-13 15:19:07.350,T,6896.25,1,,,
2026-04-13 15:19:07.350,T,6896.25,1,,,
2026-04-13 15:19:07.350,T,6896.25,1,,,
2026-04-13 15:19:07.350,T,6896.25,1,,,
2026-04-13 15:19:07.350,T,6896.25,1,,,
2026-04-13 15:19:07.350,T,6896.25,1,,,
2026-04-13 15:19:07.450,T,6896.25,4,,,
2026-04-13 15:19:08.469,T,6896.0,3,,,
2026-04-13 15:19:08.469,T,6896.0,1,,,
2026-04-13 15:19:08.951,T,6896.25,1,,,
2026-04-13 15:19:09.351,T,6896.0,1,,,
2026-04-13 15:19:09.351,T,6896.0,1,,,
2026-04-13 15:19:10.021,T,6896.0,1,,,
2026-04-13 15:19:10.021,T,6896.0,1,,,
2026-04-13 15:19:10.021,T,6896.0,1,,,
2026-04-13 15:19:10.021,T,6896.0,1,,,
2026-04-13 15:19:11.188,T,6896.0,1,,,
2026-04-13 15:19:11.798,T,6896.25,1,,,
2026-04-13 15:19:11.798,T,6896.25,1,,,
2026-04-13 15:19:11.798,T,6896.25,1,,,
2026-04-13 15:19:11.798,T,6896.25,8,,,
2026-04-13 15:19:11.798,T,6896.25,1,,,
2026-04-13 15:19:11.798,T,6896.25,1,,,
2026-04-13 15:19:11.798,T,6896.25,1,,,
2026-04-13 15:19:11.798,T,6896.25,1,,,
2026-04-13 15:19:11.798,T,6896.25,1,,,
2026-04-13 15:19:11.798,T,6896.25,1,,,
2026-04-13 15:19:11.798,T,6896.25,1,,,
2026-04-13 15:19:11.798,T,6896.25,1,,,
2026-04-13 15:19:11.798,T,6896.25,3,,,
2026-04-13 15:19:11.798,T,6896.25,2,,,
2026-04-13 15:19:11.798,T,6896.25,2,,,
2026-04-13 15:19:11.798,T,6896.25,2,,,
2026-04-13 15:19:11.798,T,6896.25,3,,,
2026-04-13 15:19:11.798,T,6896.25,1,,,
2026-04-13 15:19:11.798,T,6896.25,1,,,
2026-04-13 15:19:11.798,T,6896.25,1,,,
2026-04-13 15:19:11.798,T,6896.25,1,,,
2026-04-13 15:19:11.798,T,6896.25,1,,,
2026-04-13 15:19:11.798,T,6896.25,1,,,
2026-04-13 15:19:11.798,T,6896.25,1,,,
2026-04-13 15:19:11.798,T,6896.25,4,,,
2026-04-13 15:19:11.798,T,6896.25,1,,,
2026-04-13 15:19:11.798,T,6896.25,1,,,
2026-04-13 15:19:11.798,T,6896.25,3,,,
2026-04-13 15:19:11.798,T,6896.0,1,,,
2026-04-13 15:19:11.798,T,6896.25,1,,,
2026-04-13 15:19:11.798,T,6896.0,1,,,
2026-04-13 15:19:12.238,T,6896.0,2,,,
2026-04-13 15:19:12.238,T,6896.0,1,,,
2026-04-13 15:19:12.687,T,6896.25,1,,,
2026-04-13 15:19:14.431,T,6896.25,1,,,
2026-04-13 15:19:15.146,T,6896.25,1,,,
2026-04-13 15:19:15.146,T,6896.0,1,,,
2026-04-13 15:19:15.346,T,6896.25,1,,,
2026-04-13 15:19:16.189,T,6896.0,1,,,
2026-04-13 15:19:16.322,T,6896.25,1,,,
2026-04-13 15:19:17.001,T,6896.25,1,,,
2026-04-13 15:19:17.112,T,6896.0,1,,,
2026-04-13 15:19:17.112,T,6896.0,1,,,
2026-04-13 15:19:17.112,T,6896.0,1,,,
2026-04-13 15:19:17.112,T,6896.0,1,,,
2026-04-13 15:19:17.473,T,6896.0,1,,,
2026-04-13 15:19:17.692,T,6896.0,1,,,
2026-04-13 15:19:17.986,T,6896.0,1,,,
2026-04-13 15:19:17.986,T,6896.0,1,,,
2026-04-13 15:19:17.986,T,6896.0,1,,,
2026-04-13 15:19:17.986,T,6896.0,2,,,
2026-04-13 15:19:17.986,T,6896.0,2,,,
2026-04-13 15:19:17.986,T,6896.0,5,,,
2026-04-13 15:19:17.986,T,6896.0,1,,,
2026-04-13 15:19:17.986,T,6896.0,1,,,
2026-04-13 15:19:17.986,T,6896.0,1,,,
2026-04-13 15:19:17.986,T,6896.0,1,,,
2026-04-13 15:19:17.986,T,6896.0,1,,,
2026-04-13 15:19:17.986,T,6896.0,1,,,
2026-04-13 15:19:17.986,T,6896.0,1,,,
2026-04-13 15:19:17.986,T,6896.0,1,,,
2026-04-13 15:19:17.986,T,6896.0,1,,,
2026-04-13 15:19:17.986,T,6896.0,2,,,
2026-04-13 15:19:17.986,T,6896.0,1,,,
2026-04-13 15:19:17.986,T,6896.0,1,,,
2026-04-13 15:19:17.986,T,6896.0,1,,,
2026-04-13 15:19:17.986,T,6896.0,1,,,
2026-04-13 15:19:17.986,T,6896.0,1,,,
2026-04-13 15:19:17.986,T,6896.0,1,,,
2026-04-13 15:19:17.986,T,6896.0,1,,,
2026-04-13 15:19:17.986,T,6896.0,1,,,
2026-04-13 15:19:17.986,T,6896.0,1,,,
2026-04-13 15:19:17.986,T,6896.0,1,,,
2026-04-13 15:19:17.986,T,6896.0,3,,,
2026-04-13 15:19:17.986,T,6896.0,1,,,
2026-04-13 15:19:17.986,T,6896.0,1,,,
2026-04-13 15:19:17.986,T,6896.0,3,,,
2026-04-13 15:19:17.986,T,6896.0,1,,,
2026-04-13 15:19:17.986,T,6896.0,2,,,
2026-04-13 15:19:17.986,T,6896.0,1,,,
2026-04-13 15:19:17.986,T,6896.0,1,,,
2026-04-13 15:19:17.986,T,6896.0,4,,,
2026-04-13 15:19:17.986,T,6896.0,3,,,
2026-04-13 15:19:17.986,T,6896.0,1,,,
2026-04-13 15:19:17.986,T,6896.0,1,,,
2026-04-13 15:19:17.986,T,6896.0,2,,,
2026-04-13 15:19:17.986,T,6896.0,1,,,
2026-04-13 15:19:17.986,T,6896.0,1,,,
2026-04-13 15:19:17.986,T,6896.0,2,,,
2026-04-13 15:19:17.986,T,6896.0,1,,,
2026-04-13 15:19:17.986,T,6896.0,1,,,
2026-04-13 15:19:17.986,T,6896.0,2,,,
2026-04-13 15:19:17.986,T,6896.0,3,,,
2026-04-13 15:19:17.986,T,6896.0,1,,,
2026-04-13 15:19:17.986,T,6896.0,2,,,
2026-04-13 15:19:17.986,T,6896.0,2,,,
2026-04-13 15:19:17.986,T,6896.0,1,,,
2026-04-13 15:19:17.986,T,6896.0,1,,,
2026-04-13 15:19:17.986,T,6896.0,1,,,
2026-04-13 15:19:17.986,T,6896.0,1,,,
2026-04-13 15:19:17.986,T,6896.0,1,,,
2026-04-13 15:19:17.986,T,6896.0,3,,,
2026-04-13 15:19:17.986,T,6896.0,4,,,
2026-04-13 15:19:17.986,T,6896.0,2,,,
2026-04-13 15:19:17.986,T,6896.0,2,,,
2026-04-13 15:19:17.986,T,6896.0,1,,,
2026-04-13 15:19:17.986,T,6896.0,1,,,
2026-04-13 15:19:17.986,T,6896.0,1,,,
2026-04-13 15:19:17.986,T,6896.0,1,,,
2026-04-13 15:19:17.986,T,6896.0,2,,,
2026-04-13 15:19:17.986,T,6896.0,1,,,
2026-04-13 15:19:17.986,T,6896.0,1,,,
2026-04-13 15:19:17.986,T,6896.0,1,,,
2026-04-13 15:19:17.986,T,6896.0,1,,,
2026-04-13 15:19:17.986,T,6896.0,1,,,
2026-04-13 15:19:17.986,T,6896.0,1,,,
2026-04-13 15:19:17.986,T,6896.0,1,,,
2026-04-13 15:19:17.986,T,6896.0,1,,,
2026-04-13 15:19:17.986,T,6896.0,1,,,
2026-04-13 15:19:17.986,T,6896.0,1,,,
2026-04-13 15:19:17.986,T,6896.0,1,,,
2026-04-13 15:19:18.128,T,6896.0,1,,,
2026-04-13 15:19:18.129,Q,,,,6895.75,6896.0
2026-04-13 15:19:18.428,T,6896.0,1,,,
2026-04-13 15:19:18.428,T,6896.0,1,,,
2026-04-13 15:19:18.428,T,6896.0,1,,,
2026-04-13 15:19:18.428,T,6896.0,1,,,
2026-04-13 15:19:18.428,T,6896.0,1,,,
2026-04-13 15:19:18.428,T,6896.0,1,,,
2026-04-13 15:19:18.428,T,6896.0,1,,,
2026-04-13 15:19:18.428,T,6896.0,1,,,
2026-04-13 15:19:18.428,T,6896.0,1,,,
2026-04-13 15:19:18.428,T,6896.0,1,,,
2026-04-13 15:19:18.428,T,6896.0,3,,,
2026-04-13 15:19:18.428,T,6896.0,1,,,
2026-04-13 15:19:18.430,T,6896.0,2,,,
2026-04-13 15:19:18.430,T,6896.0,1,,,
2026-04-13 15:19:18.430,T,6896.0,1,,,
2026-04-13 15:19:18.430,T,6896.0,1,,,
2026-04-13 15:19:18.430,T,6896.0,1,,,
2026-04-13 15:19:18.430,T,6896.0,3,,,
2026-04-13 15:19:18.430,T,6896.0,1,,,
2026-04-13 15:19:18.430,T,6896.0,1,,,
2026-04-13 15:19:18.430,T,6896.0,1,,,
2026-04-13 15:19:18.430,T,6896.0,1,,,
2026-04-13 15:19:18.430,T,6896.0,1,,,
2026-04-13 15:19:18.430,T,6896.0,1,,,
2026-04-13 15:19:19.482,T,6896.0,2,,,
2026-04-13 15:19:19.482,T,6896.0,1,,,
2026-04-13 15:19:19.482,T,6896.0,1,,,
2026-04-13 15:19:19.482,T,6896.0,1,,,
2026-04-13 15:19:19.482,T,6896.0,1,,,
2026-04-13 15:19:19.482,T,6896.0,3,,,
2026-04-13 15:19:19.482,T,6896.0,1,,,
2026-04-13 15:19:19.482,T,6896.0,1,,,
2026-04-13 15:19:19.482,T,6896.0,1,,,
2026-04-13 15:19:19.482,T,6896.0,1,,,
2026-04-13 15:19:19.482,T,6896.0,1,,,
2026-04-13 15:19:19.482,T,6896.0,1,,,
2026-04-13 15:19:19.482,T,6896.0,1,,,
2026-04-13 15:19:19.482,T,6896.0,1,,,
2026-04-13 15:19:19.482,T,6896.0,1,,,
2026-04-13 15:19:19.482,T,6896.0,1,,,
2026-04-13 15:19:19.482,T,6896.0,1,,,
2026-04-13 15:19:19.482,T,6896.0,1,,,
2026-04-13 15:19:19.482,T,6896.0,1,,,
2026-04-13 15:19:19.482,T,6896.0,1,,,
2026-04-13 15:19:19.484,T,6896.0,1,,,
2026-04-13 15:19:19.484,T,6896.0,1,,,
2026-04-13 15:19:20.453,Q,,,,6895.75,6896.25
2026-04-13 15:19:20.454,Q,,,,6896.0,6896.25
2026-04-13 15:19:20.454,T,6896.0,1,,,
2026-04-13 15:19:20.454,T,6896.0,1,,,
2026-04-13 15:19:20.454,T,6896.0,1,,,
2026-04-13 15:19:20.454,T,6896.0,1,,,
2026-04-13 15:19:20.454,T,6896.0,1,,,
2026-04-13 15:19:20.454,T,6896.0,1,,,
2026-04-13 15:19:20.454,Q,,,,6895.75,6896.0
2026-04-13 15:19:20.454,T,6896.0,1,,,
2026-04-13 15:19:20.454,T,6896.0,1,,,
2026-04-13 15:19:20.454,T,6896.0,1,,,
2026-04-13 15:19:20.454,T,6896.0,1,,,
2026-04-13 15:19:20.454,T,6896.0,1,,,
2026-04-13 15:19:20.454,T,6896.0,1,,,
2026-04-13 15:19:20.454,T,6896.0,1,,,
2026-04-13 15:19:20.454,T,6896.0,1,,,
2026-04-13 15:19:20.454,T,6896.0,2,,,
2026-04-13 15:19:20.454,T,6896.0,1,,,
2026-04-13 15:19:20.454,T,6896.0,1,,,
2026-04-13 15:19:20.454,T,6896.0,1,,,
2026-04-13 15:19:20.454,T,6896.0,1,,,
2026-04-13 15:19:20.454,T,6896.0,1,,,
2026-04-13 15:19:20.454,T,6896.0,2,,,
2026-04-13 15:19:20.454,T,6896.0,4,,,
2026-04-13 15:19:20.454,T,6896.0,2,,,
2026-04-13 15:19:20.454,T,6896.0,1,,,
2026-04-13 15:19:20.454,T,6896.0,1,,,
2026-04-13 15:19:20.454,T,6896.0,1,,,
2026-04-13 15:19:20.454,T,6896.0,1,,,
2026-04-13 15:19:20.454,T,6896.0,1,,,
2026-04-13 15:19:20.454,T,6896.0,1,,,
2026-04-13 15:19:20.454,T,6896.0,1,,,
2026-04-13 15:19:20.454,T,6896.0,1,,,
2026-04-13 15:19:20.454,T,6896.0,1,,,
2026-04-13 15:19:20.454,T,6896.0,1,,,
2026-04-13 15:19:20.454,T,6896.0,1,,,
2026-04-13 15:19:20.455,Q,,,,6895.75,6896.25
2026-04-13 15:19:20.455,T,6896.0,1,,,
2026-04-13 15:19:20.455,T,6896.0,1,,,
2026-04-13 15:19:20.455,T,6896.0,1,,,
2026-04-13 15:19:20.455,T,6896.0,1,,,
2026-04-13 15:19:20.456,T,6896.0,1,,,
2026-04-13 15:19:20.456,Q,,,,6896.0,6896.25
2026-04-13 15:19:20.456,Q,,,,6895.75,6896.25
2026-04-13 15:19:20.456,T,6896.0,1,,,
2026-04-13 15:19:20.456,T,6896.0,1,,,
2026-04-13 15:19:20.456,T,6896.0,1,,,
2026-04-13 15:19:20.456,T,6896.0,1,,,
2026-04-13 15:19:20.456,T,6896.0,1,,,
2026-04-13 15:19:20.456,T,6896.0,1,,,
2026-04-13 15:19:20.456,T,6896.0,1,,,
2026-04-13 15:19:20.456,T,6896.0,1,,,
2026-04-13 15:19:20.456,T,6896.0,1,,,
2026-04-13 15:19:20.456,T,6896.0,1,,,
2026-04-13 15:19:20.456,T,6896.0,1,,,
2026-04-13 15:19:20.457,Q,,,,6895.75,6896.0
2026-04-13 15:19:20.864,T,6896.0,1,,,
2026-04-13 15:19:20.864,T,6896.0,1,,,
2026-04-13 15:19:20.864,T,6896.0,1,,,
2026-04-13 15:19:20.864,T,6896.0,2,,,
2026-04-13 15:19:20.864,T,6896.0,3,,,
2026-04-13 15:19:20.864,T,6896.0,1,,,
2026-04-13 15:19:20.864,T,6896.0,1,,,
2026-04-13 15:19:20.864,T,6896.0,1,,,
2026-04-13 15:19:20.864,T,6896.0,1,,,
2026-04-13 15:19:20.864,T,6896.0,1,,,
2026-04-13 15:19:20.864,T,6896.0,2,,,
2026-04-13 15:19:20.864,T,6896.0,1,,,
2026-04-13 15:19:20.864,T,6896.0,1,,,
2026-04-13 15:19:20.865,Q,,,,6896.0,6896.25
2026-04-13 15:19:20.865,Q,,,,6895.75,6896.0
2026-04-13 15:19:20.865,T,6896.0,1,,,
2026-04-13 15:19:20.865,T,6896.0,1,,,
2026-04-13 15:19:20.866,Q,,,,6896.0,6896.25
2026-04-13 15:19:20.866,T,6896.0,1,,,
2026-04-13 15:19:20.866,T,6896.0,1,,,
2026-04-13 15:19:20.866,T,6896.0,1,,,
2026-04-13 15:19:20.866,T,6896.0,1,,,
2026-04-13 15:19:20.866,T,6896.0,2,,,
2026-04-13 15:19:20.866,T,6896.0,1,,,
2026-04-13 15:19:20.866,T,6896.0,1,,,
2026-04-13 15:19:20.866,T,6896.0,1,,,
2026-04-13 15:19:20.866,T,6896.0,1,,,
2026-04-13 15:19:20.866,T,6896.0,2,,,
2026-04-13 15:19:20.866,T,6896.0,2,,,
2026-04-13 15:19:20.866,T,6896.0,1,,,
2026-04-13 15:19:20.866,T,6896.0,1,,,
2026-04-13 15:19:20.866,T,6896.0,1,,,
2026-04-13 15:19:20.866,T,6896.0,1,,,
2026-04-13 15:19:20.866,T,6896.0,1,,,
2026-04-13 15:19:20.866,T,6896.0,1,,,
2026-04-13 15:19:20.866,T,6896.0,1,,,
2026-04-13 15:19:20.866,T,6896.0,1,,,
2026-04-13 15:19:20.866,T,6896.0,1,,,
2026-04-13 15:19:20.866,T,6896.0,1,,,
2026-04-13 15:19:20.866,T,6896.0,1,,,
2026-04-13 15:19:20.867,Q,,,,6895.75,6896.0
2026-04-13 15:19:20.867,T,6896.0,1,,,
2026-04-13 15:19:20.867,T,6896.0,1,,,
2026-04-13 15:19:20.867,T,6896.0,1,,,
2026-04-13 15:19:20.867,Q,,,,6896.0,6896.25
2026-04-13 15:19:21.057,T,6896.0,1,,,
2026-04-13 15:19:21.057,T,6896.0,3,,,
2026-04-13 15:19:21.057,T,6896.0,1,,,
2026-04-13 15:19:21.057,T,6896.0,1,,,
2026-04-13 15:19:21.057,T,6896.0,1,,,
2026-04-13 15:19:21.057,Q,,,,6895.75,6896.0
2026-04-13 15:19:21.057,T,6896.0,1,,,
2026-04-13 15:19:21.057,T,6896.0,1,,,
2026-04-13 15:19:21.057,T,6896.0,1,,,
2026-04-13 15:19:21.058,Q,,,,6896.0,6896.25
2026-04-13 15:19:21.058,Q,,,,6895.75,6896.25
2026-04-13 15:19:21.058,T,6896.0,1,,,
2026-04-13 15:19:21.058,T,6896.0,1,,,
2026-04-13 15:19:21.058,T,6896.0,1,,,
2026-04-13 15:19:21.058,T,6896.0,1,,,
2026-04-13 15:19:21.058,T,6896.0,1,,,
2026-04-13 15:19:21.058,Q,,,,6895.75,6896.0
2026-04-13 15:19:21.884,Q,,,,6895.75,6896.25
2026-04-13 15:19:21.884,T,6896.0,1,,,
2026-04-13 15:19:21.884,T,6896.0,1,,,
2026-04-13 15:19:21.884,T,6896.0,1,,,
2026-04-13 15:19:21.884,T,6896.0,1,,,
2026-04-13 15:19:21.884,T,6896.0,1,,,
2026-04-13 15:19:21.884,T,6896.0,1,,,
2026-04-13 15:19:21.884,T,6896.0,1,,,
2026-04-13 15:19:21.884,T,6896.0,1,,,
2026-04-13 15:19:21.884,T,6896.0,1,,,
2026-04-13 15:19:21.884,T,6896.0,1,,,
2026-04-13 15:19:21.884,T,6896.0,1,,,
2026-04-13 15:19:21.884,T,6896.0,1,,,
2026-04-13 15:19:21.884,T,6896.0,1,,,
2026-04-13 15:19:21.885,Q,,,,6895.75,6896.0
2026-04-13 15:19:21.885,T,6896.0,1,,,
2026-04-13 15:19:21.885,T,6896.0,1,,,
2026-04-13 15:19:21.885,T,6896.0,1,,,
2026-04-13 15:19:21.885,T,6896.0,1,,,
2026-04-13 15:19:21.885,T,6896.0,1,,,
2026-04-13 15:19:21.885,T,6896.0,1,,,
2026-04-13 15:19:21.885,T,6896.0,1,,,
2026-04-13 15:19:21.885,T,6896.0,1,,,
2026-04-13 15:19:21.885,T,6896.0,1,,,
2026-04-13 15:19:21.885,T,6896.0,1,,,
2026-04-13 15:19:22.726,T,6896.0,1,,,
2026-04-13 15:19:22.726,T,6896.0,5,,,
2026-04-13 15:19:22.726,T,6896.0,1,,,
2026-04-13 15:19:22.726,T,6896.0,1,,,
2026-04-13 15:19:22.726,T,6896.0,1,,,
2026-04-13 15:19:22.726,T,6896.0,1,,,
2026-04-13 15:19:22.726,T,6896.0,1,,,
2026-04-13 15:19:22.726,T,6896.0,1,,,
2026-04-13 15:19:22.726,T,6896.0,8,,,
2026-04-13 15:19:22.726,T,6896.0,4,,,
2026-04-13 15:19:22.726,T,6896.0,1,,,
2026-04-13 15:19:22.726,T,6896.0,1,,,
2026-04-13 15:19:22.726,T,6896.0,2,,,
2026-04-13 15:19:22.726,T,6896.0,1,,,
2026-04-13 15:19:22.726,T,6896.0,1,,,
2026-04-13 15:19:22.726,T,6896.0,1,,,
2026-04-13 15:19:22.726,T,6896.0,2,,,
2026-04-13 15:19:22.726,T,6896.0,1,,,
2026-04-13 15:19:22.726,T,6896.0,1,,,
2026-04-13 15:19:22.726,T,6896.0,1,,,
2026-04-13 15:19:22.726,T,6896.0,1,,,
2026-04-13 15:19:22.726,T,6896.0,1,,,
2026-04-13 15:19:22.726,T,6896.0,1,,,
2026-04-13 15:19:22.726,T,6896.0,1,,,
2026-04-13 15:19:22.726,T,6896.0,1,,,
2026-04-13 15:19:22.726,T,6896.0,1,,,
2026-04-13 15:19:22.726,T,6896.0,1,,,
2026-04-13 15:19:22.726,T,6896.0,1,,,
2026-04-13 15:19:22.726,T,6896.0,2,,,
2026-04-13 15:19:22.726,T,6896.0,1,,,
2026-04-13 15:19:22.726,T,6896.0,1,,,
2026-04-13 15:19:23.558,Q,,,,6895.75,6896.25
2026-04-13 15:19:23.573,Q,,,,6896.0,6896.25
2026-04-13 15:19:23.873,Q,,,,6895.75,6896.0
2026-04-13 15:19:23.873,T,6896.0,1,,,
2026-04-13 15:19:23.873,T,6896.0,1,,,
2026-04-13 15:19:23.873,T,6896.0,1,,,
2026-04-13 15:19:23.873,T,6896.0,1,,,
2026-04-13 15:19:23.873,T,6896.0,2,,,
2026-04-13 15:19:23.873,T,6896.0,1,,,
2026-04-13 15:19:23.873,T,6896.0,1,,,
2026-04-13 15:19:23.873,T,6896.0,1,,,
2026-04-13 15:19:23.873,T,6896.0,1,,,
2026-04-13 15:19:23.873,T,6896.0,1,,,
2026-04-13 15:19:23.873,T,6896.0,1,,,
2026-04-13 15:19:23.873,T,6896.0,1,,,
2026-04-13 15:19:23.873,T,6896.0,1,,,
2026-04-13 15:19:23.873,T,6896.0,1,,,
2026-04-13 15:19:23.873,T,6896.0,1,,,
2026-04-13 15:19:23.873,T,6896.0,1,,,
2026-04-13 15:19:23.873,T,6896.0,1,,,
2026-04-13 15:19:23.874,Q,,,,6896.0,6896.25
2026-04-13 15:19:25.178,T,6896.0,1,,,
2026-04-13 15:19:25.178,T,6896.0,1,,,
2026-04-13 15:19:26.008,T,6896.0,1,,,
2026-04-13 15:19:26.008,T,6896.0,2,,,
2026-04-13 15:19:26.271,T,6896.0,1,,,
2026-04-13 15:19:27.300,T,6896.25,1,,,
2026-04-13 15:19:27.300,T,6896.25,1,,,
2026-04-13 15:19:27.675,T,6896.25,1,,,
2026-04-13 15:19:27.894,T,6896.0,1,,,
2026-04-13 15:19:27.894,T,6896.25,1,,,
2026-04-13 15:19:27.894,T,6896.25,1,,,
2026-04-13 15:19:30.089,T,6896.25,1,,,
2026-04-13 15:19:30.542,T,6896.25,1,,,
2026-04-13 15:19:30.542,T,6896.0,1,,,
2026-04-13 15:19:31.084,T,6896.25,1,,,
2026-04-13 15:19:31.640,T,6896.25,1,,,
2026-04-13 15:19:31.640,T,6896.25,1,,,
2026-04-13 15:19:31.640,T,6896.25,1,,,
2026-04-13 15:19:31.640,T,6896.25,1,,,
2026-04-13 15:19:31.640,T,6896.25,1,,,
2026-04-13 15:19:31.640,T,6896.25,1,,,
2026-04-13 15:19:31.640,T,6896.25,1,,,
2026-04-13 15:19:31.640,T,6896.25,1,,,
2026-04-13 15:19:31.640,T,6896.0,1,,,
2026-04-13 15:19:32.184,T,6896.0,1,,,
2026-04-13 15:19:33.076,T,6896.0,1,,,
2026-04-13 15:19:33.643,Q,,,,6895.75,6896.25
2026-04-13 15:19:33.643,T,6896.0,2,,,
2026-04-13 15:19:33.643,T,6896.0,10,,,
2026-04-13 15:19:33.643,T,6896.0,1,,,
2026-04-13 15:19:33.643,T,6896.0,1,,,
2026-04-13 15:19:33.643,T,6896.0,1,,,
2026-04-13 15:19:33.643,T,6896.0,1,,,
2026-04-13 15:19:33.643,T,6896.0,1,,,
2026-04-13 15:19:33.643,T,6896.0,1,,,
2026-04-13 15:19:33.643,T,6896.0,1,,,
2026-04-13 15:19:33.643,T,6896.0,1,,,
2026-04-13 15:19:33.643,T,6896.0,1,,,
2026-04-13 15:19:33.643,T,6896.0,1,,,
2026-04-13 15:19:33.643,T,6896.0,1,,,
2026-04-13 15:19:33.643,T,6896.0,1,,,
2026-04-13 15:19:33.643,T,6896.0,1,,,
2026-04-13 15:19:33.643,T,6896.0,1,,,
2026-04-13 15:19:33.643,T,6896.0,1,,,
2026-04-13 15:19:33.643,T,6896.0,1,,,
2026-04-13 15:19:33.643,T,6896.0,1,,,
2026-04-13 15:19:33.643,T,6896.0,2,,,
2026-04-13 15:19:33.643,T,6896.0,3,,,
2026-04-13 15:19:33.643,T,6896.0,1,,,
2026-04-13 15:19:33.643,T,6896.0,1,,,
2026-04-13 15:19:33.643,T,6896.0,4,,,
2026-04-13 15:19:33.643,T,6896.0,1,,,
2026-04-13 15:19:33.643,T,6896.0,1,,,
2026-04-13 15:19:33.643,T,6896.0,1,,,
2026-04-13 15:19:33.643,T,6896.0,1,,,
2026-04-13 15:19:33.643,T,6896.0,1,,,
2026-04-13 15:19:33.643,T,6896.0,1,,,
2026-04-13 15:19:33.643,T,6896.0,1,,,
2026-04-13 15:19:33.643,T,6896.0,1,,,
2026-04-13 15:19:33.643,T,6896.0,1,,,
2026-04-13 15:19:33.643,T,6896.0,1,,,
2026-04-13 15:19:33.643,T,6896.0,1,,,
2026-04-13 15:19:33.643,T,6896.0,2,,,
2026-04-13 15:19:33.643,T,6896.0,3,,,
2026-04-13 15:19:33.643,T,6896.0,1,,,
2026-04-13 15:19:33.643,T,6896.0,1,,,
2026-04-13 15:19:33.643,T,6896.0,1,,,
2026-04-13 15:19:33.643,T,6896.0,1,,,
2026-04-13 15:19:33.643,T,6896.0,1,,,
2026-04-13 15:19:33.643,T,6895.75,1,,,
2026-04-13 15:19:33.643,T,6895.75,1,,,
2026-04-13 15:19:33.643,T,6895.75,1,,,
2026-04-13 15:19:33.643,T,6895.75,1,,,
2026-04-13 15:19:33.643,T,6895.75,2,,,
2026-04-13 15:19:33.643,T,6895.75,1,,,
2026-04-13 15:19:33.643,T,6896.0,1,,,
2026-04-13 15:19:33.643,T,6896.0,1,,,
2026-04-13 15:19:33.643,T,6896.0,1,,,
2026-04-13 15:19:33.643,T,6896.0,1,,,
2026-04-13 15:19:33.646,Q,,,,6896.0,6896.25
2026-04-13 15:19:34.449,T,6896.25,1,,,
2026-04-13 15:26:06.968,Q,,,,6899.0,6899.25
2026-04-13 15:26:07.504,T,6899.25,1,,,
2026-04-13 15:26:07.504,T,6899.25,1,,,
2026-04-13 15:26:07.504,T,6899.25,5,,,
2026-04-13 15:26:07.504,T,6899.25,1,,,
2026-04-13 15:26:07.504,T,6899.25,2,,,
2026-04-13 15:26:07.504,T,6899.25,1,,,
2026-04-13 15:26:07.504,T,6899.25,1,,,
2026-04-13 15:26:07.504,T,6899.25,3,,,
2026-04-13 15:26:07.504,T,6899.25,1,,,
2026-04-13 15:26:07.504,T,6899.25,1,,,
2026-04-13 15:26:07.504,T,6899.25,1,,,
2026-04-13 15:26:07.504,T,6899.25,1,,,
2026-04-13 15:26:07.504,T,6899.25,1,,,
2026-04-13 15:26:07.504,T,6899.25,1,,,
2026-04-13 15:26:07.504,T,6899.25,1,,,
2026-04-13 15:26:07.504,T,6899.25,1,,,
2026-04-13 15:26:07.504,T,6899.25,1,,,
2026-04-13 15:26:07.504,T,6899.25,2,,,
2026-04-13 15:26:07.504,T,6899.25,1,,,
2026-04-13 15:26:07.504,T,6899.25,2,,,
2026-04-13 15:26:07.504,T,6899.25,1,,,
2026-04-13 15:26:07.504,T,6899.25,1,,,
2026-04-13 15:26:07.504,T,6899.25,1,,,
2026-04-13 15:26:07.504,T,6899.25,1,,,
2026-04-13 15:26:07.504,T,6899.25,1,,,
2026-04-13 15:26:07.504,T,6899.25,1,,,
2026-04-13 15:26:07.504,T,6899.25,2,,,
2026-04-13 15:26:07.504,T,6899.25,5,,,
2026-04-13 15:26:07.504,T,6899.25,4,,,
2026-04-13 15:26:07.504,T,6899.25,2,,,
2026-04-13 15:26:07.504,T,6899.25,1,,,
2026-04-13 15:26:07.504,T,6899.25,1,,,
2026-04-13 15:26:07.504,T,6899.25,1,,,
2026-04-13 15:26:07.504,T,6899.25,1,,,
2026-04-13 15:26:07.796,T,6899.25,1,,,
2026-04-13 15:26:08.333,T,6899.0,1,,,
2026-04-13 15:26:08.333,T,6899.0,1,,,
2026-04-13 15:26:09.177,T,6899.25,2,,,
2026-04-13 15:26:09.177,T,6899.25,1,,,
2026-04-13 15:26:09.177,T,6899.25,1,,,
2026-04-13 15:26:09.177,T,6899.25,1,,,
2026-04-13 15:26:09.177,T,6899.25,5,,,
2026-04-13 15:26:09.177,T,6899.25,1,,,
2026-04-13 15:26:09.177,T,6899.25,1,,,
2026-04-13 15:26:09.177,T,6899.25,1,,,
2026-04-13 15:26:09.177,T,6899.25,1,,,
2026-04-13 15:26:09.177,T,6899.25,1,,,
2026-04-13 15:26:09.177,T,6899.25,1,,,
2026-04-13 15:26:09.177,T,6899.25,1,,,
2026-04-13 15:26:09.177,T,6899.25,1,,,
2026-04-13 15:26:09.177,T,6899.25,1,,,
2026-04-13 15:26:09.177,T,6899.25,1,,,
2026-04-13 15:26:09.177,T,6899.25,1,,,
2026-04-13 15:26:09.177,T,6899.25,1,,,
2026-04-13 15:26:09.177,T,6899.25,1,,,
2026-04-13 15:26:09.177,T,6899.25,1,,,
2026-04-13 15:26:10.434,Q,,,,6899.25,6899.5
2026-04-13 15:26:10.435,T,6899.25,1,,,
2026-04-13 15:26:10.435,T,6899.25,2,,,
2026-04-13 15:26:10.435,T,6899.25,1,,,
2026-04-13 15:26:10.435,T,6899.25,1,,,
2026-04-13 15:26:10.435,T,6899.25,1,,,
2026-04-13 15:26:10.435,T,6899.25,5,,,
2026-04-13 15:26:10.435,T,6899.25,1,,,
2026-04-13 15:26:10.435,T,6899.25,5,,,
2026-04-13 15:26:10.435,T,6899.25,1,,,
2026-04-13 15:26:10.435,T,6899.25,1,,,
2026-04-13 15:26:10.435,T,6899.25,1,,,
2026-04-13 15:26:10.435,T,6899.25,1,,,
2026-04-13 15:26:10.435,T,6899.25,3,,,
2026-04-13 15:26:10.715,T,6899.5,1,,,
2026-04-13 15:26:10.715,T,6899.5,1,,,
2026-04-13 15:26:11.440,T,6899.25,1,,,
2026-04-13 15:26:11.440,T,6899.25,1,,,
2026-04-13 15:26:11.440,T,6899.25,1,,,
2026-04-13 15:26:11.440,T,6899.25,1,,,
2026-04-13 15:26:11.440,T,6899.25,2,,,
2026-04-13 15:26:11.440,T,6899.25,1,,,
2026-04-13 15:26:11.440,T,6899.25,1,,,
2026-04-13 15:26:11.440,T,6899.25,1,,,
2026-04-13 15:26:11.440,T,6899.25,1,,,
2026-04-13 15:26:11.440,T,6899.25,1,,,
2026-04-13 15:26:11.440,T,6899.25,2,,,
2026-04-13 15:26:11.440,T,6899.25,1,,,
2026-04-13 15:26:11.440,T,6899.25,2,,,
2026-04-13 15:26:11.440,T,6899.25,1,,,
2026-04-13 15:26:11.440,T,6899.25,1,,,
2026-04-13 15:26:11.442,Q,,,,6899.0,6899.25
2026-04-13 15:26:11.781,T,6899.25,1,,,
2026-04-13 15:26:11.781,T,6899.25,4,,,
2026-04-13 15:26:11.781,T,6899.25,1,,,
2026-04-13 15:26:11.781,T,6899.25,1,,,
2026-04-13 15:26:11.781,T,6899.25,1,,,
2026-04-13 15:26:11.781,T,6899.25,3,,,
2026-04-13 15:26:11.781,T,6899.25,1,,,
2026-04-13 15:26:11.781,T,6899.25,1,,,
2026-04-13 15:26:11.781,T,6899.25,1,,,
2026-04-13 15:26:11.781,T,6899.25,1,,,
2026-04-13 15:26:11.781,T,6899.25,1,,,
2026-04-13 15:26:11.781,T,6899.25,1,,,
2026-04-13 15:26:11.781,T,6899.25,1,,,
2026-04-13 15:26:11.781,T,6899.25,1,,,
2026-04-13 15:26:11.781,T,6899.25,1,,,
2026-04-13 15:26:11.781,T,6899.25,1,,,
2026-04-13 15:26:11.783,Q,,,,6899.25,6899.5
2026-04-13 15:26:12.633,T,6899.25,2,,,
2026-04-13 15:26:12.935,T,6899.25,1,,,
2026-04-13 15:26:12.936,T,6899.5,1,,,
2026-04-13 15:26:13.217,T,6899.25,1,,,
2026-04-13 15:26:13.217,T,6899.25,1,,,
2026-04-13 15:26:13.217,T,6899.25,1,,,
2026-04-13 15:26:13.217,T,6899.25,1,,,
2026-04-13 15:26:13.217,T,6899.25,1,,,
2026-04-13 15:26:13.217,T,6899.25,1,,,
2026-04-13 15:26:13.217,T,6899.25,1,,,
2026-04-13 15:26:13.217,T,6899.25,1,,,
2026-04-13 15:26:13.217,T,6899.25,2,,,
2026-04-13 15:26:13.218,T,6899.25,1,,,
2026-04-13 15:26:13.219,T,6899.25,1,,,
2026-04-13 15:26:13.219,T,6899.25,1,,,
2026-04-13 15:26:13.219,T,6899.25,1,,,
2026-04-13 15:26:13.219,T,6899.25,1,,,
2026-04-13 15:26:13.219,T,6899.25,1,,,
2026-04-13 15:26:13.219,T,6899.25,9,,,
2026-04-13 15:26:13.219,T,6899.25,1,,,
2026-04-13 15:26:13.219,T,6899.25,1,,,
2026-04-13 15:26:13.219,T,6899.25,1,,,
2026-04-13 15:26:13.219,T,6899.25,1,,,
2026-04-13 15:26:13.219,T,6899.25,1,,,
2026-04-13 15:26:13.219,T,6899.25,1,,,
2026-04-13 15:26:13.220,Q,,,,6899.0,6899.25
2026-04-13 15:26:14.070,Q,,,,6899.25,6899.5
2026-04-13 15:26:14.071,T,6899.25,5,,,
2026-04-13 15:26:14.071,T,6899.25,1,,,
2026-04-13 15:26:14.071,T,6899.25,1,,,
2026-04-13 15:26:14.071,T,6899.25,1,,,
2026-04-13 15:26:14.071,T,6899.25,1,,,
2026-04-13 15:26:14.071,T,6899.25,3,,,
2026-04-13 15:26:14.071,T,6899.25,3,,,
2026-04-13 15:26:14.071,T,6899.25,1,,,
2026-04-13 15:26:14.071,T,6899.25,1,,,
2026-04-13 15:26:14.071,T,6899.25,1,,,
2026-04-13 15:26:14.071,T,6899.25,1,,,
2026-04-13 15:26:14.071,T,6899.25,4,,,
2026-04-13 15:26:14.071,T,6899.25,1,,,
2026-04-13 15:26:14.071,T,6899.25,1,,,
2026-04-13 15:26:14.071,T,6899.25,1,,,
2026-04-13 15:26:14.071,T,6899.25,1,,,
2026-04-13 15:26:14.071,T,6899.25,1,,,
2026-04-13 15:26:14.071,T,6899.25,3,,,
2026-04-13 15:26:14.071,T,6899.25,1,,,
2026-04-13 15:26:14.071,T,6899.25,1,,,
2026-04-13 15:26:14.071,T,6899.25,1,,,
2026-04-13 15:26:14.071,T,6899.25,1,,,
2026-04-13 15:26:14.071,T,6899.25,1,,,
2026-04-13 15:26:14.071,T,6899.25,4,,,
2026-04-13 15:26:14.071,T,6899.25,1,,,
2026-04-13 15:26:14.071,T,6899.25,4,,,
2026-04-13 15:26:14.071,T,6899.25,1,,,
2026-04-13 15:26:14.071,T,6899.5,1,,,
2026-04-13 15:26:14.071,T,6899.5,4,,,
2026-04-13 15:26:14.071,T,6899.5,1,,,
2026-04-13 15:26:14.071,T,6899.5,4,,,
2026-04-13 15:26:14.071,T,6899.5,1,,,
2026-04-13 15:26:14.071,T,6899.5,4,,,
2026-04-13 15:26:14.071,T,6899.5,1,,,
2026-04-13 15:26:14.071,T,6899.5,1,,,
2026-04-13 15:26:14.071,T,6899.5,2,,,
2026-04-13 15:26:14.071,T,6899.5,1,,,
2026-04-13 15:26:14.071,T,6899.5,1,,,
2026-04-13 15:26:14.071,T,6899.5,1,,,
2026-04-13 15:26:14.071,T,6899.5,2,,,
2026-04-13 15:26:14.071,T,6899.5,2,,,
2026-04-13 15:26:14.071,T,6899.5,1,,,
2026-04-13 15:26:14.071,T,6899.5,1,,,
2026-04-13 15:26:14.071,T,6899.5,1,,,
2026-04-13 15:26:14.071,T,6899.5,1,,,
2026-04-13 15:26:14.071,T,6899.5,1,,,
2026-04-13 15:26:14.071,T,6899.5,1,,,
2026-04-13 15:26:14.071,T,6899.5,4,,,
2026-04-13 15:26:14.071,T,6899.5,1,,,
2026-04-13 15:26:14.071,T,6899.5,1,,,
2026-04-13 15:26:14.071,T,6899.5,1,,,
2026-04-13 15:26:14.071,T,6899.5,5,,,
2026-04-13 15:26:14.071,T,6899.5,1,,,
2026-04-13 15:26:14.071,T,6899.5,1,,,
2026-04-13 15:26:14.071,T,6899.5,1,,,
2026-04-13 15:26:14.071,T,6899.5,1,,,
2026-04-13 15:26:14.071,T,6899.5,1,,,
2026-04-13 15:26:14.071,T,6899.5,1,,,
2026-04-13 15:26:14.071,T,6899.5,1,,,
2026-04-13 15:26:14.071,T,6899.5,1,,,
2026-04-13 15:26:14.071,T,6899.5,1,,,
2026-04-13 15:26:14.071,T,6899.5,6,,,
2026-04-13 15:26:14.071,T,6899.5,1,,,
2026-04-13 15:26:14.071,T,6899.5,1,,,
2026-04-13 15:26:14.071,T,6899.5,1,,,
2026-04-13 15:26:14.071,T,6899.5,1,,,
2026-04-13 15:26:14.071,T,6899.5,3,,,
2026-04-13 15:26:14.071,T,6899.5,2,,,
2026-04-13 15:26:14.071,T,6899.5,1,,,
2026-04-13 15:26:14.071,T,6899.5,1,,,
2026-04-13 15:26:14.071,T,6899.5,1,,,
2026-04-13 15:26:14.071,T,6899.5,1,,,
2026-04-13 15:26:14.071,T,6899.5,1,,,
2026-04-13 15:26:14.071,T,6899.5,1,,,
2026-04-13 15:26:14.071,T,6899.5,1,,,
2026-04-13 15:26:14.071,T,6899.5,1,,,
2026-04-13 15:26:14.071,T,6899.5,1,,,
2026-04-13 15:26:14.071,T,6899.5,1,,,
2026-04-13 15:26:14.071,T,6899.5,2,,,
2026-04-13 15:26:14.071,T,6899.5,5,,,
2026-04-13 15:26:14.071,T,6899.75,1,,,
2026-04-13 15:26:14.071,T,6899.75,1,,,
2026-04-13 15:26:14.071,T,6899.75,1,,,
2026-04-13 15:26:14.071,T,6899.75,1,,,
2026-04-13 15:26:14.071,T,6899.75,1,,,
2026-04-13 15:26:14.071,T,6899.75,1,,,
2026-04-13 15:26:14.071,T,6899.75,3,,,
2026-04-13 15:26:14.071,T,6899.75,2,,,
2026-04-13 15:26:14.071,T,6899.75,1,,,
2026-04-13 15:26:14.071,T,6899.75,4,,,
2026-04-13 15:26:14.071,T,6899.75,1,,,
2026-04-13 15:26:14.071,T,6899.75,1,,,
2026-04-13 15:26:14.071,T,6899.75,4,,,
2026-04-13 15:26:14.071,T,6899.75,1,,,
2026-04-13 15:26:14.071,T,6899.75,4,,,
2026-04-13 15:26:14.071,T,6899.75,1,,,
2026-04-13 15:26:14.071,T,6899.75,1,,,
2026-04-13 15:26:14.071,T,6899.75,4,,,
2026-04-13 15:26:14.071,T,6899.75,1,,,
2026-04-13 15:26:14.071,T,6899.75,1,,,
2026-04-13 15:26:14.071,T,6899.75,1,,,
2026-04-13 15:26:14.071,T,6899.75,13,,,
2026-04-13 15:26:14.071,T,6899.75,1,,,
2026-04-13 15:26:14.071,T,6899.75,1,,,
2026-04-13 15:26:14.071,T,6899.75,1,,,
2026-04-13 15:26:14.071,T,6899.75,1,,,
2026-04-13 15:26:14.071,T,6899.75,1,,,
2026-04-13 15:26:14.071,T,6899.75,1,,,
2026-04-13 15:26:14.071,T,6899.75,1,,,
2026-04-13 15:26:14.071,T,6899.5,1,,,
2026-04-13 15:26:14.494,T,6899.5,1,,,
2026-04-13 15:26:14.494,T,6899.5,3,,,
2026-04-13 15:26:14.494,T,6899.5,1,,,
2026-04-13 15:26:14.494,T,6899.5,1,,,
2026-04-13 15:26:14.494,T,6899.5,1,,,
2026-04-13 15:26:14.494,T,6899.5,1,,,
2026-04-13 15:26:14.494,T,6899.5,1,,,
2026-04-13 15:26:14.494,T,6899.5,4,,,
2026-04-13 15:26:14.494,T,6899.5,1,,,
2026-04-13 15:26:14.494,T,6899.5,1,,,
2026-04-13 15:26:14.494,T,6899.5,1,,,
2026-04-13 15:26:14.495,Q,,,,6899.5,6899.75
2026-04-13 15:26:14.898,T,6899.5,1,,,
2026-04-13 15:26:17.863,T,6899.5,1,,,
2026-04-13 15:26:17.863,T,6899.5,1,,,
2026-04-13 15:26:17.863,T,6899.5,1,,,
2026-04-13 15:26:17.863,T,6899.5,4,,,
2026-04-13 15:26:17.863,T,6899.5,4,,,
2026-04-13 15:26:17.863,T,6899.5,1,,,
2026-04-13 15:26:17.863,T,6899.5,1,,,
2026-04-13 15:26:17.863,T,6899.5,1,,,
2026-04-13 15:26:17.863,T,6899.5,2,,,
2026-04-13 15:26:17.863,T,6899.5,1,,,
2026-04-13 15:26:18.740,T,6899.75,1,,,
2026-04-13 15:26:19.607,Q,,,,6899.25,6899.75
2026-04-13 15:26:19.607,T,6899.5,1,,,
2026-04-13 15:26:19.607,T,6899.5,1,,,
2026-04-13 15:26:19.607,T,6899.5,1,,,
2026-04-13 15:26:19.607,T,6899.5,1,,,
2026-04-13 15:26:19.607,T,6899.5,1,,,
2026-04-13 15:26:19.607,T,6899.5,1,,,
2026-04-13 15:26:19.607,T,6899.5,1,,,
2026-04-13 15:26:19.607,T,6899.5,1,,,
2026-04-13 15:26:19.607,T,6899.5,1,,,
2026-04-13 15:26:19.607,T,6899.5,1,,,
2026-04-13 15:26:19.607,T,6899.5,1,,,
2026-04-13 15:26:19.607,T,6899.5,1,,,
2026-04-13 15:26:19.607,T,6899.5,5,,,
2026-04-13 15:26:19.607,T,6899.5,2,,,
2026-04-13 15:26:19.607,T,6899.5,1,,,
2026-04-13 15:26:19.607,T,6899.5,1,,,
2026-04-13 15:26:19.607,T,6899.5,1,,,
2026-04-13 15:26:19.607,T,6899.5,1,,,
2026-04-13 15:26:19.607,T,6899.5,1,,,
2026-04-13 15:26:19.607,T,6899.5,1,,,
2026-04-13 15:26:19.607,T,6899.5,1,,,
2026-04-13 15:26:19.607,T,6899.5,1,,,
2026-04-13 15:26:19.607,T,6899.5,1,,,
2026-04-13 15:26:19.607,T,6899.5,3,,,
2026-04-13 15:26:19.607,T,6899.5,2,,,
2026-04-13 15:26:19.607,T,6899.5,1,,,
2026-04-13 15:26:19.607,T,6899.5,6,,,
2026-04-13 15:26:19.607,T,6899.5,1,,,
2026-04-13 15:26:19.607,T,6899.5,1,,,
2026-04-13 15:26:19.607,T,6899.5,1,,,
2026-04-13 15:26:19.607,T,6899.5,1,,,
2026-04-13 15:26:19.607,T,6899.5,1,,,
2026-04-13 15:26:19.607,T,6899.5,1,,,
2026-04-13 15:26:19.607,T,6899.5,1,,,
2026-04-13 15:26:19.607,T,6899.5,1,,,
2026-04-13 15:26:19.607,T,6899.5,1,,,
2026-04-13 15:26:19.607,T,6899.5,1,,,
2026-04-13 15:26:19.607,T,6899.5,1,,,
2026-04-13 15:26:19.607,T,6899.5,1,,,
2026-04-13 15:26:19.607,T,6899.5,1,,,
2026-04-13 15:26:19.607,T,6899.5,1,,,
2026-04-13 15:26:19.607,T,6899.5,1,,,
2026-04-13 15:26:19.607,T,6899.5,1,,,
2026-04-13 15:26:19.607,T,6899.5,1,,,
2026-04-13 15:26:19.607,T,6899.5,4,,,
2026-04-13 15:26:19.607,T,6899.5,1,,,
2026-04-13 15:26:19.607,T,6899.5,1,,,
2026-04-13 15:26:19.607,T,6899.5,1,,,
2026-04-13 15:26:19.607,T,6899.5,1,,,
2026-04-13 15:26:19.607,T,6899.5,5,,,
2026-04-13 15:26:19.607,T,6899.5,2,,,
2026-04-13 15:26:19.607,T,6899.5,1,,,
2026-04-13 15:26:19.607,T,6899.5,1,,,
2026-04-13 15:26:19.607,T,6899.5,1,,,
2026-04-13 15:26:19.607,T,6899.5,1,,,
2026-04-13 15:26:19.607,T,6899.5,1,,,
2026-04-13 15:26:19.607,T,6899.5,1,,,
2026-04-13 15:26:19.607,T,6899.5,1,,,
2026-04-13 15:26:19.607,T,6899.5,3,,,
2026-04-13 15:26:19.607,T,6899.5,1,,,
2026-04-13 15:26:19.607,T,6899.5,1,,,
2026-04-13 15:26:19.607,T,6899.5,1,,,
2026-04-13 15:26:19.607,T,6899.5,1,,,
2026-04-13 15:26:19.607,T,6899.5,1,,,
2026-04-13 15:26:19.607,T,6899.5,1,,,
2026-04-13 15:26:19.698,Q,,,,6899.25,6899.5
2026-04-13 15:26:20.373,T,6899.5,1,,,
2026-04-13 15:26:22.276,T,6899.25,1,,,
2026-04-13 15:26:22.276,T,6899.25,1,,,
2026-04-13 15:26:22.276,T,6899.25,1,,,
2026-04-13 15:26:22.403,T,6899.5,1,,,
2026-04-13 15:26:22.424,T,6899.5,1,,,
2026-04-13 15:26:22.424,T,6899.5,1,,,
2026-04-13 15:26:22.424,T,6899.5,1,,,
2026-04-13 15:26:22.424,T,6899.5,2,,,
2026-04-13 15:26:22.424,T,6899.5,1,,,
2026-04-13 15:26:22.424,T,6899.5,1,,,
2026-04-13 15:26:22.424,T,6899.5,1,,,
2026-04-13 15:26:22.424,T,6899.5,1,,,
2026-04-13 15:26:22.424,T,6899.5,1,,,
2026-04-13 15:26:22.424,T,6899.5,1,,,
2026-04-13 15:26:22.424,T,6899.5,1,,,
2026-04-13 15:26:22.424,T,6899.5,1,,,
2026-04-13 15:26:22.424,T,6899.5,4,,,
2026-04-13 15:26:22.424,T,6899.5,4,,,
2026-04-13 15:26:22.424,T,6899.5,1,,,
2026-04-13 15:26:22.424,T,6899.5,3,,,
2026-04-13 15:26:22.424,T,6899.5,1,,,
2026-04-13 15:26:22.424,T,6899.5,1,,,
2026-04-13 15:26:22.424,T,6899.5,1,,,
2026-04-13 15:26:22.424,T,6899.5,1,,,
2026-04-13 15:26:22.424,T,6899.5,1,,,
2026-04-13 15:26:22.424,T,6899.5,1,,,
2026-04-13 15:26:22.424,T,6899.5,4,,,
2026-04-13 15:26:22.424,T,6899.5,1,,,
2026-04-13 15:26:22.424,T,6899.5,1,,,
2026-04-13 15:26:22.424,T,6899.5,1,,,
2026-04-13 15:26:22.773,T,6899.25,2,,,
2026-04-13 15:26:25.029,T,6899.25,1,,,
2026-04-13 15:26:25.275,T,6899.25,1,,,
2026-04-13 15:26:25.275,T,6899.25,1,,,
2026-04-13 15:26:26.017,T,6899.5,1,,,
2026-04-13 15:26:26.785,T,6899.5,1,,,
2026-04-13 15:48:00.754,Q,,,,6900.25,6900.5
2026-04-13 15:48:00.839,T,6900.5,5,,,
2026-04-13 15:48:00.839,T,6900.5,1,,,
2026-04-13 15:48:00.839,T,6900.5,1,,,
2026-04-13 15:48:00.839,T,6900.5,2,,,
2026-04-13 15:48:00.839,T,6900.5,1,,,
2026-04-13 15:48:00.839,T,6900.5,5,,,
2026-04-13 15:48:00.839,T,6900.5,3,,,
2026-04-13 15:48:00.839,T,6900.5,1,,,
2026-04-13 15:48:00.839,T,6900.5,1,,,
2026-04-13 15:48:00.839,T,6900.5,1,,,
2026-04-13 15:48:00.839,T,6900.5,4,,,
2026-04-13 15:48:01.088,T,6900.5,1,,,
2026-04-13 15:48:01.088,T,6900.5,1,,,
2026-04-13 15:48:01.088,T,6900.5,2,,,
2026-04-13 15:48:01.088,T,6900.5,1,,,
2026-04-13 15:48:01.088,T,6900.5,1,,,
2026-04-13 15:48:01.088,T,6900.5,1,,,
2026-04-13 15:48:01.088,T,6900.5,4,,,
2026-04-13 15:48:01.088,T,6900.5,1,,,
2026-04-13 15:48:01.088,T,6900.5,1,,,
2026-04-13 15:48:01.088,T,6900.5,1,,,
2026-04-13 15:48:01.088,T,6900.5,1,,,
2026-04-13 15:48:01.088,T,6900.5,1,,,
2026-04-13 15:48:01.088,T,6900.5,1,,,
2026-04-13 15:48:01.088,T,6900.5,1,,,
2026-04-13 15:48:01.090,T,6900.5,1,,,
2026-04-13 15:48:01.090,T,6900.5,3,,,
2026-04-13 15:48:01.090,T,6900.5,1,,,
2026-04-13 15:48:01.090,T,6900.75,1,,,
2026-04-13 15:48:01.090,Q,,,,6900.5,6900.75
2026-04-13 15:48:01.237,T,6900.75,1,,,
2026-04-13 15:48:01.237,T,6900.5,1,,,
2026-04-13 15:48:01.295,T,6900.5,1,,,
2026-04-13 15:48:01.398,T,6900.75,1,,,
2026-04-13 15:48:01.488,T,6900.75,1,,,
2026-04-13 15:48:01.994,T,6900.5,1,,,
2026-04-13 15:48:02.835,T,6900.75,1,,,
2026-04-13 15:48:03.240,T,6900.75,1,,,
2026-04-13 15:48:03.449,T,6900.5,1,,,
2026-04-13 15:48:03.449,T,6900.75,1,,,
2026-04-13 15:48:03.542,T,6900.75,1,,,
2026-04-13 15:48:03.797,T,6900.5,1,,,
2026-04-13 15:48:03.797,T,6900.5,1,,,
2026-04-13 15:48:03.797,T,6900.5,1,,,
2026-04-13 15:48:03.797,T,6900.5,1,,,
2026-04-13 15:48:03.797,T,6900.5,1,,,
2026-04-13 15:48:03.797,T,6900.5,1,,,
2026-04-13 15:48:03.797,T,6900.5,1,,,
2026-04-13 15:48:03.797,T,6900.5,2,,,
2026-04-13 15:48:03.797,T,6900.5,1,,,
2026-04-13 15:48:03.797,T,6900.5,1,,,
2026-04-13 15:48:03.797,T,6900.5,1,,,
2026-04-13 15:48:03.797,T,6900.5,1,,,
2026-04-13 15:48:03.797,T,6900.5,1,,,
2026-04-13 15:48:03.797,T,6900.5,1,,,
2026-04-13 15:48:03.797,T,6900.5,1,,,
2026-04-13 15:48:03.797,T,6900.5,1,,,
2026-04-13 15:48:03.797,T,6900.5,4,,,
2026-04-13 15:48:03.797,T,6900.5,6,,,
2026-04-13 15:48:03.797,T,6900.5,1,,,
2026-04-13 15:48:03.797,T,6900.5,1,,,
2026-04-13 15:48:03.797,T,6900.5,1,,,
2026-04-13 15:48:03.797,T,6900.5,2,,,
2026-04-13 15:48:03.797,T,6900.5,1,,,
2026-04-13 15:48:03.797,T,6900.5,1,,,
2026-04-13 15:48:03.797,T,6900.5,1,,,
2026-04-13 15:48:04.111,Q,,,,6900.25,6900.5
2026-04-13 15:48:04.111,T,6900.5,1,,,
2026-04-13 15:48:04.111,T,6900.5,1,,,
2026-04-13 15:48:04.111,T,6900.5,5,,,
2026-04-13 15:48:04.111,T,6900.5,1,,,
2026-04-13 15:48:04.150,T,6900.5,3,,,
2026-04-13 15:48:04.150,T,6900.5,1,,,
2026-04-13 15:48:04.150,T,6900.5,1,,,
2026-04-13 15:48:04.150,T,6900.5,2,,,
2026-04-13 15:48:04.150,T,6900.5,1,,,
2026-04-13 15:48:04.150,T,6900.5,1,,,
2026-04-13 15:48:04.150,T,6900.5,1,,,
2026-04-13 15:48:04.150,T,6900.5,6,,,
2026-04-13 15:48:04.150,T,6900.5,1,,,
2026-04-13 15:48:04.150,T,6900.5,2,,,
2026-04-13 15:48:04.150,T,6900.5,1,,,
2026-04-13 15:48:04.150,T,6900.5,1,,,
2026-04-13 15:48:04.150,T,6900.5,2,,,
2026-04-13 15:48:04.150,T,6900.5,1,,,
2026-04-13 15:48:04.151,Q,,,,6900.5,6900.75
2026-04-13 15:48:04.643,T,6900.5,1,,,
2026-04-13 15:48:04.643,T,6900.5,5,,,
2026-04-13 15:48:04.643,T,6900.5,1,,,
2026-04-13 15:48:04.643,T,6900.5,1,,,
2026-04-13 15:48:04.644,Q,,,,6900.25,6900.5
2026-04-13 15:48:04.690,T,6900.5,1,,,
2026-04-13 15:48:04.690,T,6900.5,1,,,
2026-04-13 15:48:04.690,T,6900.5,1,,,
2026-04-13 15:48:04.690,T,6900.5,3,,,
2026-04-13 15:48:04.690,T,6900.5,1,,,
2026-04-13 15:48:04.690,T,6900.5,1,,,
2026-04-13 15:48:04.690,T,6900.5,1,,,
2026-04-13 15:48:04.690,T,6900.5,1,,,
2026-04-13 15:48:04.690,T,6900.5,1,,,
2026-04-13 15:48:04.690,T,6900.5,1,,,
2026-04-13 15:48:04.744,T,6900.5,1,,,
2026-04-13 15:48:04.744,T,6900.5,1,,,
2026-04-13 15:48:04.744,T,6900.5,1,,,
2026-04-13 15:48:04.744,T,6900.5,1,,,
2026-04-13 15:48:04.744,T,6900.5,1,,,
2026-04-13 15:48:04.744,T,6900.5,1,,,
2026-04-13 15:48:04.744,T,6900.5,1,,,
2026-04-13 15:48:04.744,T,6900.5,3,,,
2026-04-13 15:48:04.744,T,6900.5,2,,,
2026-04-13 15:48:06.239,T,6900.5,1,,,
2026-04-13 15:48:06.239,T,6900.5,1,,,
2026-04-13 15:48:06.642,T,6900.25,1,,,
2026-04-13 15:48:06.706,T,6900.25,1,,,
2026-04-13 15:48:06.706,T,6900.25,3,,,
2026-04-13 15:48:06.706,T,6900.25,1,,,
2026-04-13 15:48:06.706,T,6900.25,10,,,
2026-04-13 15:48:06.706,T,6900.25,1,,,
2026-04-13 15:48:06.839,T,6900.25,7,,,
2026-04-13 15:48:06.839,T,6900.25,2,,,
2026-04-13 15:48:06.839,T,6900.25,1,,,
2026-04-13 15:48:06.839,T,6900.25,1,,,
2026-04-13 15:48:06.839,T,6900.25,1,,,
2026-04-13 15:48:06.839,T,6900.25,1,,,
2026-04-13 15:48:06.839,T,6900.25,1,,,
2026-04-13 15:48:06.839,T,6900.25,1,,,
2026-04-13 15:48:06.839,T,6900.25,1,,,
2026-04-13 15:48:06.839,T,6900.25,1,,,
2026-04-13 15:48:06.839,T,6900.25,1,,,
2026-04-13 15:48:06.839,T,6900.25,1,,,
2026-04-13 15:48:06.839,T,6900.25,1,,,
2026-04-13 15:48:06.839,T,6900.25,1,,,
2026-04-13 15:48:06.839,T,6900.25,1,,,
2026-04-13 15:48:06.839,T,6900.25,1,,,
2026-04-13 15:48:06.841,Q,,,,6900.0,6900.25
2026-04-13 15:48:07.263,T,6900.25,1,,,
2026-04-13 15:48:07.263,T,6900.25,1,,,
2026-04-13 15:48:07.263,T,6900.25,1,,,
2026-04-13 15:48:07.263,T,6900.25,1,,,
2026-04-13 15:48:07.263,T,6900.25,1,,,
2026-04-13 15:48:07.263,T,6900.25,1,,,
2026-04-13 15:48:07.339,T,6900.0,1,,,
2026-04-13 15:48:07.339,T,6900.0,1,,,
2026-04-13 15:48:07.339,T,6900.0,1,,,
2026-04-13 15:48:07.339,T,6900.0,2,,,
2026-04-13 15:48:07.387,T,6900.25,1,,,
2026-04-13 15:48:07.387,T,6900.25,1,,,
2026-04-13 15:48:07.387,T,6900.25,1,,,
2026-04-13 15:48:07.387,T,6900.25,1,,,
2026-04-13 15:48:07.387,T,6900.25,1,,,
2026-04-13 15:48:07.387,T,6900.25,1,,,
2026-04-13 15:48:07.441,Q,,,,6900.25,6900.5
2026-04-13 15:48:07.441,T,6900.25,5,,,
2026-04-13 15:48:07.441,T,6900.25,3,,,
2026-04-13 15:48:07.441,T,6900.25,1,,,
2026-04-13 15:48:07.441,T,6900.25,4,,,
2026-04-13 15:48:07.441,T,6900.25,1,,,
2026-04-13 15:48:07.441,T,6900.25,1,,,
2026-04-13 15:48:07.441,T,6900.25,1,,,
2026-04-13 15:48:07.441,T,6900.25,5,,,
2026-04-13 15:48:07.441,T,6900.25,1,,,
2026-04-13 15:48:07.441,T,6900.25,1,,,
2026-04-13 15:48:07.441,T,6900.25,1,,,
2026-04-13 15:48:07.441,T,6900.25,1,,,
2026-04-13 15:48:07.441,T,6900.25,1,,,
2026-04-13 15:48:07.441,T,6900.25,1,,,
2026-04-13 15:48:07.441,T,6900.25,1,,,
2026-04-13 15:48:07.441,T,6900.25,1,,,
2026-04-13 15:48:07.441,T,6900.25,1,,,
2026-04-13 15:48:07.441,T,6900.25,1,,,
2026-04-13 15:48:07.441,T,6900.25,1,,,
2026-04-13 15:48:07.441,T,6900.25,1,,,
2026-04-13 15:48:07.658,T,6900.25,4,,,
2026-04-13 15:48:07.658,T,6900.25,1,,,
2026-04-13 15:48:07.658,T,6900.25,1,,,
2026-04-13 15:48:07.658,T,6900.25,1,,,
2026-04-13 15:48:07.658,T,6900.25,1,,,
2026-04-13 15:48:07.658,T,6900.25,1,,,
2026-04-13 15:48:07.658,T,6900.25,1,,,
2026-04-13 15:48:07.658,T,6900.5,1,,,
2026-04-13 15:48:07.658,T,6900.5,1,,,
2026-04-13 15:48:08.626,T,6900.5,1,,,
2026-04-13 15:48:08.626,T,6900.5,6,,,
2026-04-13 15:48:08.626,T,6900.5,3,,,
2026-04-13 15:48:08.626,T,6900.25,1,,,
2026-04-13 15:48:09.301,T,6900.5,1,,,
2026-04-13 15:48:09.301,T,6900.5,1,,,
2026-04-13 15:48:09.301,T,6900.5,2,,,
2026-04-13 15:48:09.301,T,6900.5,1,,,
2026-04-13 15:48:09.301,T,6900.5,1,,,
2026-04-13 15:48:09.483,Q,,,,6900.5,6900.75
2026-04-13 15:48:09.483,T,6900.5,1,,,
2026-04-13 15:48:09.483,T,6900.5,1,,,
2026-04-13 15:48:09.483,T,6900.5,3,,,
2026-04-13 15:48:09.483,T,6900.5,1,,,
2026-04-13 15:48:09.483,T,6900.5,7,,,
2026-04-13 15:48:09.483,T,6900.5,2,,,
2026-04-13 15:48:09.483,T,6900.5,6,,,
2026-04-13 15:48:09.483,T,6900.5,1,,,
2026-04-13 15:48:09.483,T,6900.5,1,,,
2026-04-13 15:48:09.483,T,6900.5,2,,,
2026-04-13 15:48:09.483,T,6900.5,1,,,
2026-04-13 15:48:09.483,T,6900.5,1,,,
2026-04-13 15:48:09.483,T,6900.5,1,,,
2026-04-13 15:48:09.483,T,6900.5,1,,,
2026-04-13 15:48:09.483,T,6900.5,3,,,
2026-04-13 15:48:09.483,T,6900.5,1,,,
2026-04-13 15:48:09.483,T,6900.5,1,,,
2026-04-13 15:48:09.483,T,6900.5,1,,,
2026-04-13 15:48:09.483,T,6900.5,1,,,
2026-04-13 15:48:09.483,T,6900.5,4,,,
2026-04-13 15:48:09.825,T,6900.5,1,,,
2026-04-13 15:48:10.163,T,6900.75,1,,,
2026-04-13 15:48:10.345,T,6900.75,1,,,
2026-04-13 15:48:10.345,T,6900.75,1,,,
2026-04-13 15:48:10.345,T,6900.75,1,,,
2026-04-13 15:48:10.345,T,6900.75,1,,,
2026-04-13 15:48:10.345,T,6900.75,1,,,
2026-04-13 15:48:10.345,T,6900.75,1,,,
2026-04-13 15:48:10.345,T,6900.75,3,,,
2026-04-13 15:48:10.345,T,6900.5,1,,,
2026-04-13 15:48:10.345,T,6900.75,2,,,
2026-04-13 15:48:10.345,T,6900.75,4,,,
2026-04-13 15:48:10.345,T,6900.75,1,,,
2026-04-13 15:48:10.345,T,6900.75,1,,,
2026-04-13 15:48:10.345,T,6900.75,1,,,
2026-04-13 15:48:10.345,T,6900.75,1,,,
2026-04-13 15:48:10.345,T,6900.75,3,,,
2026-04-13 15:48:10.345,T,6900.75,1,,,
2026-04-13 15:48:10.345,T,6900.75,2,,,
2026-04-13 15:48:10.348,T,6900.75,1,,,
2026-04-13 15:48:10.348,T,6900.75,1,,,
2026-04-13 15:48:10.854,T,6900.5,1,,,
2026-04-13 15:48:10.854,T,6900.5,1,,,
2026-04-13 15:48:10.854,T,6900.5,1,,,
2026-04-13 15:48:10.856,T,6900.75,1,,,
2026-04-13 15:48:10.856,T,6900.75,2,,,
2026-04-13 15:48:10.856,T,6900.75,1,,,
2026-04-13 15:48:11.029,T,6900.5,1,,,
2026-04-13 15:48:11.988,T,6900.5,1,,,
2026-04-13 15:48:12.551,T,6900.75,1,,,
2026-04-13 15:48:12.551,T,6900.75,1,,,
2026-04-13 15:48:12.551,T,6900.75,1,,,
2026-04-13 15:48:12.551,T,6900.75,1,,,
2026-04-13 15:48:12.551,T,6900.75,1,,,
2026-04-13 15:48:12.551,T,6900.75,1,,,
2026-04-13 15:48:12.551,T,6900.75,1,,,
2026-04-13 15:48:12.551,T,6900.75,5,,,
2026-04-13 15:48:12.551,T,6900.75,8,,,
2026-04-13 15:48:12.551,T,6900.75,2,,,
2026-04-13 15:48:12.551,T,6900.75,1,,,
2026-04-13 15:48:12.551,T,6900.75,2,,,
2026-04-13 15:48:12.551,T,6900.75,1,,,
2026-04-13 15:48:12.551,T,6900.75,2,,,
2026-04-13 15:48:12.551,T,6900.75,3,,,
2026-04-13 15:48:12.551,T,6900.75,3,,,
2026-04-13 15:48:12.551,T,6900.75,2,,,
2026-04-13 15:48:12.551,T,6900.75,1,,,
2026-04-13 15:48:12.551,T,6900.75,1,,,
2026-04-13 15:48:12.551,T,6900.75,1,,,
2026-04-13 15:48:12.551,T,6900.75,2,,,
2026-04-13 15:48:12.551,T,6900.75,1,,,
2026-04-13 15:48:12.551,T,6900.75,1,,,
2026-04-13 15:48:12.553,Q,,,,6900.75,6901.0
2026-04-13 15:48:12.553,T,6900.75,1,,,
2026-04-13 15:48:12.602,T,6901.0,2,,,
2026-04-13 15:48:12.602,T,6901.0,1,,,
2026-04-13 15:48:12.602,T,6901.0,1,,,
2026-04-13 15:48:12.602,T,6901.0,7,,,
2026-04-13 15:48:12.602,T,6901.0,2,,,
2026-04-13 15:48:12.969,T,6901.0,1,,,
2026-04-13 15:48:14.003,T,6901.0,1,,,
2026-04-13 15:48:14.148,T,6900.75,1,,,
2026-04-13 15:48:14.149,T,6901.0,1,,,
2026-04-13 15:48:14.149,T,6901.0,1,,,
2026-04-13 15:48:14.149,T,6901.0,1,,,
2026-04-13 15:48:14.149,T,6901.0,5,,,
2026-04-13 15:48:14.149,T,6901.0,1,,,
2026-04-13 15:48:14.149,T,6901.0,1,,,
2026-04-13 15:48:14.149,T,6901.0,1,,,
2026-04-13 15:48:14.149,T,6901.0,1,,,
2026-04-13 15:48:14.149,T,6901.0,1,,,
2026-04-13 15:48:14.149,T,6901.0,1,,,
2026-04-13 15:48:14.149,T,6901.0,1,,,
2026-04-13 15:48:14.149,T,6901.0,1,,,
2026-04-13 15:48:14.149,T,6901.0,6,,,
2026-04-13 15:48:14.149,T,6901.0,1,,,
2026-04-13 15:48:14.149,T,6901.0,1,,,
2026-04-13 15:48:14.149,T,6901.0,1,,,
2026-04-13 15:48:14.149,T,6901.0,1,,,
2026-04-13 15:48:14.149,T,6901.0,2,,,
2026-04-13 15:48:14.149,T,6901.0,1,,,
2026-04-13 15:48:14.149,T,6901.0,1,,,
2026-04-13 15:48:14.149,T,6901.0,1,,,
2026-04-13 15:48:14.149,T,6901.0,1,,,
2026-04-13 15:48:14.149,T,6901.0,2,,,
2026-04-13 15:48:14.149,T,6901.0,1,,,
2026-04-13 15:48:14.149,T,6901.0,1,,,
2026-04-13 15:48:14.149,T,6901.0,8,,,
2026-04-13 15:48:14.149,T,6901.0,1,,,
2026-04-13 15:48:14.149,T,6901.0,1,,,
2026-04-13 15:48:14.149,T,6901.0,1,,,
2026-04-13 15:48:14.151,Q,,,,6901.0,6901.25
2026-04-13 15:48:14.323,T,6901.0,1,,,
2026-04-13 15:48:14.323,T,6901.0,1,,,
2026-04-13 15:48:14.699,T,6901.25,1,,,
2026-04-13 15:48:15.047,T,6901.25,1,,,
2026-04-13 15:48:15.047,T,6901.25,1,,,
2026-04-13 15:48:15.047,T,6901.25,1,,,
2026-04-13 15:48:15.047,T,6901.25,3,,,
2026-04-13 15:48:15.047,T,6901.25,4,,,
2026-04-13 15:48:15.047,T,6901.25,1,,,
2026-04-13 15:48:15.047,T,6901.25,1,,,
2026-04-13 15:48:15.047,T,6901.25,1,,,
2026-04-13 15:48:15.047,T,6901.25,1,,,
2026-04-13 15:48:15.047,T,6901.25,4,,,
2026-04-13 15:48:15.047,T,6901.25,1,,,
2026-04-13 15:48:15.047,T,6901.25,1,,,
2026-04-13 15:48:15.047,T,6901.25,4,,,
2026-04-13 15:48:15.047,T,6901.25,1,,,
2026-04-13 15:48:15.047,T,6901.25,1,,,
2026-04-13 15:48:15.047,T,6901.25,5,,,
2026-04-13 15:48:15.047,T,6901.25,2,,,
2026-04-13 15:48:15.047,T,6901.25,1,,,
2026-04-13 15:48:15.047,T,6901.25,1,,,
2026-04-13 15:48:15.047,T,6901.25,1,,,
2026-04-13 15:48:15.047,T,6901.0,1,,,
2026-04-13 15:48:15.339,T,6901.25,4,,,
2026-04-13 15:48:15.339,T,6901.25,5,,,
2026-04-13 15:48:15.339,T,6901.25,1,,,
2026-04-13 15:48:15.339,T,6901.25,1,,,
2026-04-13 15:48:15.339,T,6901.25,5,,,
2026-04-13 15:48:15.339,T,6901.25,1,,,
2026-04-13 15:48:15.339,T,6901.25,1,,,
2026-04-13 15:48:15.339,T,6901.25,2,,,
2026-04-13 15:48:15.339,T,6901.25,1,,,
2026-04-13 15:48:15.339,T,6901.25,1,,,
2026-04-13 15:48:15.339,T,6901.25,1,,,
2026-04-13 15:48:15.339,T,6901.25,1,,,
2026-04-13 15:48:15.339,T,6901.25,1,,,
2026-04-13 15:48:15.339,T,6901.25,1,,,
2026-04-13 15:48:15.339,T,6901.25,1,,,
2026-04-13 15:48:15.339,T,6901.25,1,,,
2026-04-13 15:48:15.339,T,6901.25,1,,,
2026-04-13 15:48:15.339,T,6901.25,1,,,
2026-04-13 15:48:15.339,T,6901.25,1,,,
2026-04-13 15:48:15.339,T,6901.25,1,,,
2026-04-13 15:48:15.339,T,6901.25,1,,,
2026-04-13 15:48:15.339,T,6901.25,1,,,
2026-04-13 15:48:15.339,T,6901.25,1,,,
2026-04-13 15:48:15.339,T,6901.25,5,,,
2026-04-13 15:48:15.339,T,6901.25,2,,,
2026-04-13 15:48:15.339,T,6901.25,1,,,
2026-04-13 15:48:15.339,T,6901.25,1,,,
2026-04-13 15:48:15.339,T,6901.25,1,,,
2026-04-13 15:48:15.339,T,6901.25,1,,,
2026-04-13 15:48:15.339,T,6901.25,1,,,
2026-04-13 15:48:15.339,T,6901.25,1,,,
2026-04-13 15:48:15.339,T,6901.25,1,,,
2026-04-13 15:48:15.339,T,6901.25,1,,,
2026-04-13 15:48:15.339,T,6901.25,1,,,
2026-04-13 15:48:15.339,T,6901.25,1,,,
2026-04-13 15:48:15.339,T,6901.25,1,,,
2026-04-13 15:48:15.339,T,6901.25,1,,,
2026-04-13 15:48:15.339,T,6901.25,1,,,
2026-04-13 15:48:15.339,T,6901.25,2,,,
2026-04-13 15:48:15.339,T,6901.25,3,,,
2026-04-13 15:48:15.339,T,6901.25,2,,,
2026-04-13 15:48:15.339,T,6901.25,1,,,
2026-04-13 15:48:15.339,T,6901.25,1,,,
2026-04-13 15:48:15.339,T,6901.25,5,,,
2026-04-13 15:48:15.339,T,6901.25,2,,,
2026-04-13 15:48:15.339,T,6901.25,1,,,
2026-04-13 15:48:15.339,T,6901.25,1,,,
2026-04-13 15:48:15.339,T,6901.25,1,,,
2026-04-13 15:48:15.339,T,6901.25,1,,,
2026-04-13 15:48:15.339,T,6901.25,1,,,
2026-04-13 15:48:15.339,T,6901.25,1,,,
2026-04-13 15:48:15.339,T,6901.25,6,,,
2026-04-13 15:48:15.339,T,6901.25,1,,,
2026-04-13 15:48:15.339,T,6901.25,1,,,
2026-04-13 15:48:15.339,T,6901.25,1,,,
2026-04-13 15:48:15.339,T,6901.25,2,,,
2026-04-13 15:48:15.339,T,6901.25,2,,,
2026-04-13 15:48:15.339,T,6901.25,1,,,
2026-04-13 15:48:15.339,T,6901.25,1,,,
2026-04-13 15:48:15.339,T,6901.25,1,,,
2026-04-13 15:48:15.339,T,6901.25,1,,,
2026-04-13 15:48:15.339,T,6901.25,1,,,
2026-04-13 15:48:15.339,T,6901.25,1,,,
2026-04-13 15:48:15.339,T,6901.25,1,,,
2026-04-13 15:48:15.339,T,6901.25,1,,,
2026-04-13 15:48:15.339,T,6901.25,1,,,
2026-04-13 15:48:15.339,T,6901.25,1,,,
2026-04-13 15:48:15.343,Q,,,,6901.0,6901.5
2026-04-13 15:48:15.343,Q,,,,6901.0,6901.25
2026-04-13 15:48:15.344,T,6901.0,1,,,
2026-04-13 15:48:15.344,T,6901.0,1,,,
2026-04-13 15:48:15.344,T,6901.0,1,,,
2026-04-13 15:48:15.344,T,6901.25,1,,,
2026-04-13 15:48:15.344,T,6901.25,1,,,
2026-04-13 15:48:15.344,T,6901.25,1,,,
2026-04-13 15:48:15.344,T,6901.25,1,,,
2026-04-13 15:48:15.344,T,6901.25,1,,,
2026-04-13 15:48:15.344,T,6901.25,1,,,
2026-04-13 15:48:15.344,T,6901.25,1,,,
2026-04-13 15:48:15.344,T,6901.25,1,,,
2026-04-13 15:48:15.344,T,6901.25,1,,,
2026-04-13 15:48:15.344,T,6901.25,1,,,
2026-04-13 15:48:15.344,T,6901.25,1,,,
2026-04-13 15:48:15.344,T,6901.25,1,,,
2026-04-13 15:48:15.344,T,6901.25,1,,,
2026-04-13 15:48:15.515,T,6901.25,1,,,
2026-04-13 15:48:15.515,T,6901.25,1,,,
2026-04-13 15:48:15.515,T,6901.25,1,,,
2026-04-13 15:48:15.515,T,6901.25,1,,,
2026-04-13 15:48:15.515,T,6901.25,1,,,
2026-04-13 15:48:15.689,T,6901.25,1,,,
2026-04-13 15:48:15.689,T,6901.25,1,,,
2026-04-13 15:48:15.689,T,6901.25,1,,,
2026-04-13 15:48:15.689,T,6901.25,3,,,
2026-04-13 15:48:15.689,T,6901.25,1,,,
2026-04-13 15:48:15.689,T,6901.25,1,,,
2026-04-13 15:48:15.689,T,6901.25,1,,,
2026-04-13 15:48:15.690,T,6901.25,1,,,
2026-04-13 15:48:15.691,T,6901.25,1,,,
2026-04-13 15:48:16.066,T,6901.25,1,,,
2026-04-13 15:48:16.066,T,6901.25,3,,,
2026-04-13 15:48:16.450,T,6901.0,1,,,
2026-04-13 15:48:17.244,T,6901.0,1,,,
2026-04-13 15:48:17.420,T,6901.0,1,,,
2026-04-13 15:48:17.421,T,6901.0,1,,,
2026-04-13 15:48:17.563,T,6901.0,1,,,
2026-04-13 15:48:17.686,T,6901.0,1,,,
2026-04-13 15:48:17.839,T,6901.0,1,,,
2026-04-13 15:48:17.839,T,6901.0,1,,,
2026-04-13 15:48:17.839,T,6901.0,1,,,
2026-04-13 15:48:17.839,T,6901.0,3,,,
2026-04-13 15:48:17.839,T,6901.0,1,,,
2026-04-13 15:48:17.839,T,6901.0,1,,,
2026-04-13 15:48:17.839,T,6901.0,1,,,
2026-04-13 15:48:17.839,T,6901.0,1,,,
2026-04-13 15:48:17.839,T,6901.0,1,,,
2026-04-13 15:48:17.839,T,6901.0,1,,,
2026-04-13 15:48:17.839,T,6901.0,1,,,
2026-04-13 15:48:17.839,T,6901.0,1,,,
2026-04-13 15:48:17.839,T,6901.0,1,,,
2026-04-13 15:48:17.839,T,6901.0,1,,,
2026-04-13 15:48:17.839,T,6901.0,1,,,
2026-04-13 15:48:17.839,T,6901.0,1,,,
2026-04-13 15:48:17.839,T,6901.0,1,,,
2026-04-13 15:48:17.839,T,6901.0,1,,,
2026-04-13 15:48:17.839,T,6901.0,1,,,
2026-04-13 15:48:17.839,T,6901.0,1,,,
2026-04-13 15:48:17.839,T,6901.0,1,,,
2026-04-13 15:48:17.839,T,6901.0,1,,,
2026-04-13 15:48:17.839,T,6901.0,2,,,
2026-04-13 15:48:17.839,T,6901.0,1,,,
2026-04-13 15:48:17.839,T,6901.0,1,,,
2026-04-13 15:48:17.839,T,6901.0,1,,,
2026-04-13 15:48:17.839,T,6901.0,1,,,
2026-04-13 15:48:17.839,T,6901.0,1,,,
2026-04-13 15:48:17.839,T,6901.0,1,,,
2026-04-13 15:48:17.839,T,6901.0,1,,,
2026-04-13 15:48:17.839,T,6901.0,1,,,
2026-04-13 15:48:17.839,T,6901.0,1,,,
2026-04-13 15:48:17.839,T,6901.0,1,,,
2026-04-13 15:48:17.839,T,6901.0,1,,,
2026-04-13 15:48:17.839,T,6901.0,1,,,
2026-04-13 15:48:18.189,T,6901.0,5,,,
2026-04-13 15:48:18.189,T,6901.0,1,,,
2026-04-13 15:48:18.189,T,6901.0,1,,,
2026-04-13 15:48:18.189,T,6901.0,1,,,
2026-04-13 15:48:18.189,T,6901.0,1,,,
2026-04-13 15:48:18.189,T,6901.0,1,,,
2026-04-13 15:48:18.189,T,6901.0,1,,,
2026-04-13 15:48:18.189,T,6901.0,1,,,
2026-04-13 15:48:18.189,T,6901.0,1,,,
2026-04-13 15:48:18.189,T,6901.0,1,,,
2026-04-13 15:48:18.189,T,6901.0,1,,,
2026-04-13 15:48:18.189,T,6901.0,6,,,
2026-04-13 15:48:18.189,T,6901.0,1,,,
2026-04-13 15:48:18.189,T,6901.0,1,,,
2026-04-13 15:48:18.189,T,6901.0,1,,,
2026-04-13 15:48:18.189,T,6901.0,2,,,
2026-04-13 15:48:18.189,T,6901.0,1,,,
2026-04-13 15:48:18.189,T,6901.0,1,,,
2026-04-13 15:48:18.189,T,6901.0,1,,,
2026-04-13 15:48:18.341,T,6901.0,5,,,
2026-04-13 15:48:18.341,T,6901.0,1,,,
2026-04-13 15:48:18.341,T,6901.0,1,,,
2026-04-13 15:48:18.341,T,6901.0,1,,,
2026-04-13 15:48:18.341,T,6901.0,1,,,
2026-04-13 15:48:18.533,T,6901.0,1,,,
2026-04-13 15:48:18.533,T,6901.0,1,,,
2026-04-13 15:48:18.533,T,6901.0,1,,,
2026-04-13 15:48:18.533,T,6901.0,5,,,
2026-04-13 15:48:18.533,T,6901.0,1,,,
2026-04-13 15:48:18.533,T,6901.0,4,,,
2026-04-13 15:48:18.533,T,6901.0,1,,,
2026-04-13 15:48:18.533,T,6901.0,1,,,
2026-04-13 15:48:18.533,T,6901.0,1,,,
2026-04-13 15:48:18.533,T,6901.0,1,,,
2026-04-13 15:48:18.533,T,6901.0,1,,,
2026-04-13 15:48:18.533,T,6901.0,1,,,
2026-04-13 15:48:18.534,Q,,,,6900.75,6901.0
2026-04-13 15:48:18.870,Q,,,,6901.0,6901.25
2026-04-13 15:48:18.870,T,6901.0,1,,,
2026-04-13 15:48:18.870,T,6901.0,1,,,
2026-04-13 15:48:18.870,T,6901.0,2,,,
2026-04-13 15:48:18.870,T,6901.0,1,,,
2026-04-13 15:48:18.870,T,6901.0,1,,,
2026-04-13 15:48:18.870,T,6901.0,1,,,
2026-04-13 15:48:18.870,T,6901.0,2,,,
2026-04-13 15:48:20.110,T,6901.0,1,,,
2026-04-13 15:48:21.513,Q,,,,6901.25,6901.5
2026-04-13 15:48:21.520,T,6901.25,1,,,
2026-04-13 15:48:21.520,T,6901.25,1,,,
2026-04-13 15:48:21.520,T,6901.25,1,,,
2026-04-13 15:48:21.520,T,6901.25,2,,,
2026-04-13 15:48:21.520,T,6901.25,1,,,
2026-04-13 15:48:21.520,T,6901.25,1,,,
2026-04-13 15:48:21.520,T,6901.25,1,,,
2026-04-13 15:48:21.520,T,6901.25,1,,,
2026-04-13 15:48:21.520,T,6901.25,1,,,
2026-04-13 15:48:21.520,T,6901.25,2,,,
2026-04-13 15:48:21.520,T,6901.25,1,,,
2026-04-13 15:48:21.520,T,6901.25,1,,,
2026-04-13 15:48:21.520,T,6901.25,1,,,
2026-04-13 15:48:21.520,T,6901.25,1,,,
2026-04-13 15:48:21.520,T,6901.25,2,,,
2026-04-13 15:48:21.520,T,6901.25,1,,,
2026-04-13 15:48:21.520,T,6901.25,2,,,
2026-04-13 15:48:21.520,T,6901.25,1,,,
2026-04-13 15:48:21.520,T,6901.25,1,,,
2026-04-13 15:48:21.520,T,6901.25,1,,,
2026-04-13 15:48:21.520,T,6901.25,1,,,
2026-04-13 15:48:21.520,T,6901.25,1,,,
2026-04-13 15:48:21.520,T,6901.25,1,,,
2026-04-13 15:48:21.520,T,6901.25,1,,,
2026-04-13 15:48:21.520,T,6901.25,1,,,
2026-04-13 15:48:21.520,T,6901.25,1,,,
2026-04-13 15:48:21.520,T,6901.25,1,,,
2026-04-13 15:48:21.520,T,6901.25,3,,,
2026-04-13 15:48:21.520,T,6901.25,2,,,
2026-04-13 15:48:21.520,T,6901.25,1,,,
2026-04-13 15:48:22.048,T,6901.5,1,,,
2026-04-13 15:48:22.048,T,6901.5,1,,,
2026-04-13 15:48:22.048,T,6901.5,1,,,
2026-04-13 15:48:22.237,T,6901.5,1,,,
2026-04-13 15:48:22.693,T,6901.5,1,,,
2026-04-13 15:48:23.151,T,6901.25,1,,,
2026-04-13 15:48:23.818,T,6901.5,1,,,
2026-04-13 15:48:24.543,Q,,,,6901.0,6901.25
2026-04-13 15:48:24.544,T,6901.25,1,,,
2026-04-13 15:48:24.544,T,6901.25,2,,,
2026-04-13 15:48:24.544,T,6901.25,3,,,
2026-04-13 15:48:24.544,T,6901.25,1,,,
2026-04-13 15:48:24.544,T,6901.25,1,,,
2026-04-13 15:48:24.544,T,6901.25,1,,,
2026-04-13 15:48:24.544,T,6901.25,1,,,
2026-04-13 15:48:24.544,T,6901.25,1,,,
2026-04-13 15:48:24.544,T,6901.25,1,,,
2026-04-13 15:48:24.544,T,6901.25,1,,,
2026-04-13 15:48:24.544,T,6901.25,1,,,
2026-04-13 15:48:24.544,T,6901.25,1,,,
2026-04-13 15:48:24.544,T,6901.25,1,,,
2026-04-13 15:48:24.544,T,6901.25,1,,,
2026-04-13 15:48:24.544,T,6901.25,1,,,
2026-04-13 15:48:24.544,T,6901.25,1,,,
2026-04-13 15:48:24.544,T,6901.25,1,,,
2026-04-13 15:48:24.544,T,6901.25,1,,,
2026-04-13 15:48:24.544,T,6901.25,5,,,
2026-04-13 15:48:24.544,T,6901.25,2,,,
2026-04-13 15:48:24.544,T,6901.25,1,,,
2026-04-13 15:48:24.544,T,6901.25,1,,,
2026-04-13 15:48:24.544,T,6901.25,1,,,
2026-04-13 15:48:24.544,T,6901.25,1,,,
2026-04-13 15:48:24.544,T,6901.25,1,,,
2026-04-13 15:48:24.544,T,6901.0,1,,,
2026-04-13 15:48:24.544,T,6901.0,1,,,
2026-04-13 15:48:24.544,T,6901.25,1,,,
2026-04-13 15:48:24.544,T,6901.25,1,,,
2026-04-13 15:48:24.588,T,6901.25,1,,,
2026-04-13 15:48:24.840,T,6901.0,1,,,
2026-04-13 15:48:24.996,T,6901.25,7,,,
2026-04-13 15:48:24.996,T,6901.25,5,,,
2026-04-13 15:48:24.996,T,6901.25,1,,,
2026-04-13 15:48:24.996,T,6901.25,1,,,
2026-04-13 15:48:24.996,T,6901.25,2,,,
2026-04-13 15:48:24.996,T,6901.25,1,,,
2026-04-13 15:48:24.996,T,6901.25,1,,,
2026-04-13 15:48:24.996,T,6901.25,1,,,
2026-04-13 15:48:24.996,T,6901.25,1,,,
2026-04-13 15:48:24.996,T,6901.25,1,,,
2026-04-13 15:48:24.996,T,6901.25,1,,,
2026-04-13 15:48:24.996,T,6901.25,1,,,
2026-04-13 15:48:24.996,T,6901.25,1,,,
2026-04-13 15:48:24.996,T,6901.25,1,,,
2026-04-13 15:48:24.996,T,6901.25,1,,,
2026-04-13 15:48:24.996,T,6901.25,3,,,
2026-04-13 15:48:24.996,T,6901.25,1,,,
2026-04-13 15:48:24.996,T,6901.25,2,,,
2026-04-13 15:48:24.996,T,6901.25,1,,,
2026-04-13 15:48:24.996,T,6901.25,1,,,
2026-04-13 15:48:24.996,T,6901.25,1,,,
2026-04-13 15:48:24.996,T,6901.25,1,,,
2026-04-13 15:48:24.996,T,6901.25,2,,,
2026-04-13 15:48:24.996,T,6901.0,1,,,
2026-04-13 15:48:24.996,T,6901.25,1,,,
2026-04-13 15:48:24.996,T,6901.25,1,,,
2026-04-13 15:48:24.999,Q,,,,6901.0,6901.5
2026-04-13 15:48:25.039,Q,,,,6901.0,6901.25
2026-04-13 15:48:25.096,T,6901.0,1,,,
2026-04-13 15:48:25.096,T,6901.25,5,,,
2026-04-13 15:48:25.096,T,6901.25,1,,,
2026-04-13 15:48:25.096,T,6901.25,1,,,
2026-04-13 15:48:25.096,T,6901.25,1,,,
2026-04-13 15:48:25.239,T,6901.25,5,,,
2026-04-13 15:48:25.239,T,6901.25,1,,,
2026-04-13 15:48:25.239,T,6901.25,1,,,
2026-04-13 15:48:25.239,T,6901.25,3,,,
2026-04-13 15:48:25.239,T,6901.25,1,,,
2026-04-13 15:48:25.239,T,6901.25,2,,,
2026-04-13 15:48:25.239,T,6901.25,2,,,
2026-04-13 15:48:25.239,T,6901.0,1,,,
2026-04-13 15:48:25.239,T,6901.25,1,,,
2026-04-13 15:48:25.239,T,6901.25,1,,,
2026-04-13 15:48:25.239,T,6901.25,1,,,
2026-04-13 15:48:25.239,T,6901.25,1,,,
2026-04-13 15:48:25.239,T,6901.25,3,,,
2026-04-13 15:48:25.239,T,6901.25,1,,,
2026-04-13 15:48:25.239,T,6901.25,5,,,
2026-04-13 15:48:25.239,T,6901.25,1,,,
2026-04-13 15:48:25.239,T,6901.25,1,,,
2026-04-13 15:48:25.288,Q,,,,6901.0,6901.5
2026-04-13 15:48:25.338,Q,,,,6901.25,6901.5
2026-04-13 15:48:25.443,T,6901.5,1,,,
2026-04-13 15:48:25.443,T,6901.5,1,,,
2026-04-13 15:48:25.490,T,6901.25,1,,,
2026-04-13 15:48:25.490,T,6901.25,1,,,
2026-04-13 15:48:25.490,T,6901.25,1,,,
2026-04-13 15:48:25.491,Q,,,,6901.0,6901.5
2026-04-13 15:48:25.676,Q,,,,6901.0,6901.25
2026-04-13 15:48:25.696,T,6901.25,1,,,
2026-04-13 15:48:25.696,T,6901.25,1,,,
2026-04-13 15:48:25.696,T,6901.25,1,,,
2026-04-13 15:48:25.697,Q,,,,6901.0,6901.5
2026-04-13 15:48:25.794,Q,,,,6901.25,6901.5
2026-04-13 15:48:25.843,T,6901.5,1,,,
2026-04-13 15:48:25.949,T,6901.25,1,,,
2026-04-13 15:48:25.949,T,6901.25,1,,,
2026-04-13 15:48:25.949,T,6901.25,1,,,
2026-04-13 15:48:25.949,T,6901.25,1,,,
2026-04-13 15:48:25.949,T,6901.25,1,,,
2026-04-13 15:48:25.949,T,6901.0,1,,,
2026-04-13 15:48:25.950,Q,,,,6901.0,6901.25
2026-04-13 15:48:26.102,T,6901.25,1,,,
2026-04-13 15:48:26.102,T,6901.25,1,,,
2026-04-13 15:48:26.102,T,6901.25,1,,,
2026-04-13 15:48:26.193,Q,,,,6901.25,6901.5
2026-04-13 15:48:26.193,T,6901.25,1,,,
2026-04-13 15:48:26.193,T,6901.25,1,,,
2026-04-13 15:48:26.193,T,6901.25,1,,,
2026-04-13 15:48:26.193,T,6901.25,1,,,
2026-04-13 15:48:26.193,T,6901.25,1,,,
2026-04-13 15:48:26.472,T,6901.25,1,,,
2026-04-13 15:48:26.594,T,6901.25,1,,,
2026-04-13 15:48:26.594,T,6901.25,1,,,
2026-04-13 15:48:26.647,T,6901.25,1,,,
2026-04-13 15:48:26.804,T,6901.5,1,,,
2026-04-13 15:48:27.347,T,6901.5,1,,,
2026-04-13 15:48:27.544,T,6901.5,1,,,
2026-04-13 15:48:27.642,T,6901.25,1,,,
2026-04-13 15:48:28.354,T,6901.5,1,,,
2026-04-13 15:48:28.585,T,6901.25,1,,,
2026-04-13 15:48:28.640,T,6901.5,1,,,
2026-04-13 15:48:28.744,T,6901.25,4,,,
2026-04-13 15:48:28.744,T,6901.25,1,,,
2026-04-13 15:48:28.744,T,6901.25,1,,,
2026-04-13 15:48:28.744,T,6901.25,1,,,
2026-04-13 15:48:28.744,T,6901.25,1,,,
2026-04-13 15:48:28.744,T,6901.25,1,,,
2026-04-13 15:48:28.744,T,6901.25,1,,,
2026-04-13 15:48:28.744,T,6901.25,1,,,
2026-04-13 15:48:28.744,T,6901.25,3,,,
2026-04-13 15:48:28.744,T,6901.25,1,,,
2026-04-13 15:48:28.744,T,6901.25,1,,,
2026-04-13 15:48:29.990,T,6901.25,1,,,
2026-04-13 15:48:29.990,T,6901.25,1,,,
2026-04-13 15:48:29.990,T,6901.25,1,,,
2026-04-13 15:48:29.990,T,6901.25,1,,,
2026-04-13 15:48:29.990,T,6901.25,1,,,
2026-04-13 15:48:29.990,T,6901.25,5,,,
2026-04-13 15:48:29.990,T,6901.25,1,,,
2026-04-13 15:48:29.990,T,6901.25,1,,,
2026-04-13 15:48:29.990,T,6901.25,1,,,
2026-04-13 15:48:29.990,T,6901.25,1,,,
2026-04-13 15:48:29.990,T,6901.25,1,,,
2026-04-13 15:48:29.990,T,6901.25,2,,,
2026-04-13 15:48:29.990,T,6901.25,1,,,
2026-04-13 15:48:30.102,T,6901.25,1,,,
2026-04-13 15:48:30.102,T,6901.25,2,,,
2026-04-13 15:48:30.197,T,6901.25,2,,,
2026-04-13 15:48:30.197,T,6901.25,1,,,
2026-04-13 15:48:30.197,T,6901.25,5,,,
2026-04-13 15:48:30.197,T,6901.25,1,,,
2026-04-13 15:48:30.197,T,6901.25,1,,,
2026-04-13 15:48:30.197,T,6901.25,1,,,
2026-04-13 15:48:30.197,T,6901.25,1,,,
2026-04-13 15:48:30.198,Q,,,,6901.0,6901.25
2026-04-13 15:48:30.351,T,6901.0,1,,,
2026-04-13 15:48:30.518,T,6901.25,1,,,
2026-04-13 15:48:30.605,T,6901.25,1,,,
2026-04-13 15:48:30.605,T,6901.0,1,,,
2026-04-13 15:48:30.605,T,6901.0,1,,,
2026-04-13 15:48:30.928,T,6901.0,1,,,
2026-04-13 15:48:31.512,T,6901.0,1,,,
2026-04-13 15:48:32.158,T,6901.25,1,,,
2026-04-13 15:48:33.858,T,6901.25,1,,,
