contracts,z_thresh,atr_stop_ratio,trail_activate,trail_distance,breakeven_ticks,vwap_slope_thresh,pass_rate,blow_rate,avg_days_to_pass,sortino,expectancy,profit_factor,win_rate,avg_win,avg_loss,risk_reward,n_trades,total_pnl,loo_std,score,val_pass_rate,val_blow_rate,val_avg_days,val_n_trades,wf_score
1,1.2,0.8,8,4,4,0.3,0.928,0.043,18.6,0.21,24.41,1.518,0.4978,143.63,93.75,1.532,223,4818.9,0.0435,92.0169,0.014,0.932,32.0,148,0.47100000000000003
1,1.2,0.8,8,4,6,0.3,0.888,0.092,17.1,0.196,25.71,1.491,0.5545,140.83,117.6,1.197,220,5039.8,0.0416,88.0274,0.022,0.878,26.2,147,0.455
1,1.2,0.8,12,4,10,0.5,0.782,0.184,18.7,0.142,19.46,1.299,0.4847,174.6,126.48,1.38,229,3814.6,0.0691,76.919,0.108,0.836,22.7,145,0.445
1,1.2,0.8,12,4,10,0.3,0.85,0.118,19.1,0.167,22.55,1.355,0.4906,175.42,124.65,1.407,212,4187.2,0.0643,83.8095,0.03,0.918,27.0,144,0.44
1,1.2,0.8,16,4,10,0.5,0.759,0.223,18.2,0.155,19.82,1.3,0.4097,209.54,111.85,1.873,227,3864.4,0.0753,74.4487,0.102,0.862,21.1,145,0.4305
1,1.2,0.8,12,4,6,0.3,0.834,0.129,18.9,0.186,21.26,1.398,0.4155,179.73,91.41,1.966,219,4042.6,0.0732,82.0475,0.026,0.932,22.4,147,0.43
2,1.2,0.8,8,4,4,0.3,0.772,0.227,9.6,0.197,45.9,1.479,0.4927,287.72,188.94,1.523,205,8267.0,0.0622,75.9585,0.084,0.916,12.0,147,0.428
1,1.2,0.8,16,4,10,0.3,0.822,0.156,18.3,0.182,23.1,1.359,0.419,208.52,110.66,1.884,210,4262.0,0.0647,80.9712,0.03,0.944,23.5,144,0.426
1,1.2,0.8,16,4,6,0.3,0.788,0.185,18.9,0.188,20.53,1.382,0.3624,204.75,84.17,2.432,218,3864.6,0.0803,77.2749,0.056,0.924,17.0,147,0.42200000000000004
1,1.2,0.8,12,4,4,0.3,0.806,0.128,21.0,0.178,18.49,1.381,0.3694,181.47,76.96,2.358,222,3484.2,0.0793,79.2125,0.004,0.942,32.0,148,0.405
1,1.2,0.8,12,6,10,0.3,0.804,0.145,20.5,0.145,19.63,1.309,0.4906,169.47,124.65,1.36,212,3568.9,0.0831,78.8915,0.0,0.998,45.0,144,0.402
1,1.2,0.8,8,4,4,0.5,0.753,0.191,19.0,0.142,17.39,1.336,0.4917,140.56,101.74,1.382,240,3502.1,0.0888,73.6912,0.05,0.906,26.5,148,0.4015
1,1.2,0.8,12,4,8,0.3,0.784,0.195,18.2,0.168,21.09,1.354,0.4537,177.74,109.0,1.631,216,3951.0,0.0686,77.0902,0.006,0.982,21.7,145,0.395
1,1.2,0.65,8,4,6,0.3,0.784,0.175,20.0,0.158,19.49,1.363,0.516,141.75,110.85,1.279,219,3655.1,0.0854,76.816,0.006,0.978,30.3,147,0.395
1,1.2,0.8,16,6,10,0.3,0.773,0.187,19.4,0.158,20.0,1.311,0.419,201.14,110.66,1.818,210,3612.0,0.082,75.7804,0.008,0.978,18.5,144,0.3905
1,1.2,0.5,8,4,4,0.3,0.771,0.16,21.0,0.174,17.66,1.36,0.4429,150.58,88.01,1.711,219,3255.1,0.0915,75.478,0.002,0.988,17.0,147,0.3865
1,1.2,0.65,16,4,10,0.3,0.729,0.21,20.9,0.15,17.76,1.277,0.3876,211.11,104.59,2.018,209,3127.3,0.104,71.0037,0.03,0.944,21.1,145,0.3795
1,1.2,0.8,16,4,4,0.3,0.733,0.188,21.2,0.168,16.63,1.341,0.3122,209.6,70.97,2.953,221,3056.2,0.0913,71.7116,0.02,0.968,24.9,148,0.3765
1,1.2,0.8,16,4,8,0.3,0.737,0.239,17.2,0.177,20.99,1.35,0.386,209.79,97.73,2.147,215,3910.5,0.0692,72.3879,0.012,0.948,21.8,145,0.3745
1,1.2,0.8,16,8,10,0.3,0.722,0.254,18.4,0.155,19.59,1.302,0.4135,204.36,110.66,1.847,208,3492.8,0.0808,70.6555,0.0,1.0,45.0,144,0.361
1,1.2,0.8,12,4,10,1.0,0.72,0.249,19.7,0.119,16.37,1.246,0.4786,173.27,127.66,1.357,234,3175.6,0.0894,70.3058,,,,,
2,1.2,0.8,8,4,6,0.3,0.711,0.289,8.3,0.188,49.44,1.465,0.551,282.78,236.93,1.194,196,8598.4,0.0538,70.0245,,,,,
1,1.2,0.8,12,6,8,0.3,0.706,0.263,19.3,0.137,17.3,1.291,0.4537,169.39,109.0,1.554,216,3132.7,0.0816,69.0604,,,,,
1,1.2,0.8,8,4,6,0.5,0.707,0.25,20.1,0.119,15.9,1.283,0.5316,135.66,120.05,1.13,237,3104.7,0.1023,68.782,,,,,
1,1.2,0.65,12,4,8,0.3,0.704,0.22,21.5,0.136,16.02,1.267,0.4186,181.45,103.1,1.76,215,2841.3,0.1065,68.4986,,,,,
1,1.2,0.8,12,6,10,0.5,0.699,0.243,20.8,0.114,15.61,1.24,0.4847,166.67,126.48,1.318,229,2933.8,0.0849,68.3768,,,,,
1,1.2,0.8,8,6,6,0.3,0.7,0.251,21.4,0.121,15.87,1.302,0.5525,123.97,117.6,1.054,219,2861.8,0.0985,68.1762,,,,,
1,1.2,0.8,16,6,10,0.5,0.692,0.275,20.1,0.127,16.26,1.245,0.4071,202.85,111.85,1.814,226,3042.2,0.0923,67.4534,,,,,
2,1.5,0.65,20,4,10,1.0,0.687,0.309,14.4,0.194,42.18,1.336,0.2917,575.33,177.35,3.244,120,4389.6,0.0765,67.1819,,,,,
1,1.2,0.65,8,4,4,0.3,0.688,0.228,21.5,0.138,15.34,1.304,0.4505,146.18,91.91,1.591,222,2784.2,0.095,67.1526,,,,,
1,1.2,0.8,20,4,10,0.3,0.684,0.311,15.0,0.198,23.5,1.354,0.3237,277.45,98.04,2.83,207,4284.6,0.068,67.0553,,,,,
1,1.2,0.65,12,4,10,0.3,0.683,0.238,21.6,0.126,15.67,1.247,0.4455,177.46,114.32,1.552,211,2715.0,0.0946,66.6452,,,,,
2,1.2,0.8,12,4,10,0.3,0.678,0.322,8.8,0.161,43.66,1.341,0.4872,352.24,249.5,1.412,195,7432.0,0.062,66.5599,,,,,
2,1.2,0.8,12,4,6,0.3,0.678,0.322,8.7,0.195,44.59,1.414,0.4133,368.71,183.7,2.007,196,7648.4,0.0632,66.5357,,,,,
1,1.2,0.65,16,4,6,0.3,0.684,0.26,21.0,0.152,16.01,1.292,0.3456,204.83,83.71,2.447,217,2867.4,0.1133,66.3012,,,,,
2,1.2,0.8,12,4,4,0.3,0.668,0.331,10.4,0.169,35.02,1.358,0.3641,365.2,154.01,2.371,206,6067.0,0.0758,65.288,,,,,
1,1.2,0.5,12,4,8,0.3,0.669,0.191,22.7,0.144,14.9,1.266,0.3886,182.69,91.76,1.991,211,2552.5,0.1037,65.2456,,,,,
2,1.5,0.65,20,4,10,0.5,0.668,0.328,14.9,0.193,41.84,1.332,0.287,584.44,176.52,3.311,115,4167.6,0.0853,65.1061,,,,,
1,1.2,0.65,12,4,6,0.3,0.669,0.255,21.1,0.137,15.05,1.273,0.3899,180.07,90.41,1.992,218,2670.4,0.1047,65.033,,,,,
2,1.2,0.8,16,4,10,0.3,0.658,0.342,7.6,0.186,48.05,1.366,0.4202,426.99,226.6,1.884,188,7985.8,0.0519,64.7623,,,,,
1,1.2,0.8,8,6,4,0.3,0.663,0.218,22.6,0.12,13.96,1.295,0.4955,123.64,93.75,1.319,222,2478.4,0.0962,64.7333,,,,,
1,1.2,0.8,20,6,10,0.3,0.661,0.334,14.8,0.192,22.72,1.343,0.322,276.46,97.75,2.828,205,4084.6,0.0706,64.7021,,,,,
1,1.2,0.8,16,6,8,0.3,0.663,0.315,18.0,0.147,17.38,1.29,0.386,200.45,97.73,2.051,215,3135.5,0.0863,64.6401,,,,,
1,1.2,0.8,8,4,6,1.0,0.665,0.291,20.1,0.107,14.43,1.254,0.5309,134.25,121.16,1.108,243,2825.4,0.1022,64.5872,,,,,
1,1.2,0.65,16,4,8,0.3,0.665,0.283,20.0,0.144,16.24,1.27,0.3645,209.62,94.67,2.214,214,2875.8,0.1074,64.5074,,,,,
1,1.2,0.8,12,8,10,0.3,0.66,0.286,20.9,0.114,15.48,1.241,0.4857,163.85,124.65,1.314,210,2662.2,0.0979,64.2035,,,,,
1,1.2,0.5,8,4,6,0.3,0.658,0.249,22.7,0.131,14.34,1.267,0.472,143.99,101.55,1.418,214,2469.1,0.1085,63.9095,,,,,
1,1.2,0.8,16,4,10,1.0,0.653,0.328,18.4,0.126,16.16,1.24,0.4009,208.6,112.59,1.853,232,3100.4,0.0814,63.7283,,,,,
1,1.2,0.65,16,6,10,0.3,0.653,0.273,21.3,0.129,15.37,1.24,0.3876,204.94,104.59,1.959,209,2627.3,0.1006,63.51,,,,,
1,1.2,0.8,12,6,6,0.3,0.653,0.273,22.4,0.123,14.04,1.263,0.4155,162.36,91.41,1.776,219,2461.8,0.1051,63.4206,,,,,
2,1.2,0.8,16,4,10,0.15,0.643,0.357,11.0,0.174,42.73,1.34,0.4082,412.2,212.07,1.944,147,5464.2,0.058,63.1398,,,,,
2,1.2,0.8,12,4,10,0.15,0.642,0.353,14.7,0.119,30.79,1.248,0.4808,322.38,239.2,1.348,156,3941.4,0.0643,62.9298,,,,,
2,1.2,0.8,8,4,6,0.15,0.64,0.349,15.4,0.119,29.11,1.287,0.5217,250.44,212.34,1.179,161,3791.0,0.0766,62.5013,,,,,
1,1.2,0.8,16,10,10,0.3,0.641,0.303,19.9,0.125,15.85,1.242,0.4067,199.71,110.18,1.813,209,2727.3,0.0946,62.3769,,,,,
2,1.2,0.8,12,4,8,0.3,0.637,0.363,8.0,0.177,44.44,1.373,0.4536,360.69,218.1,1.654,194,7546.2,0.0675,62.35,,,,,
1,1.2,0.5,16,4,8,0.3,0.641,0.266,22.0,0.145,14.4,1.254,0.3381,210.56,85.79,2.454,210,2437.0,0.1047,62.2857,,,,,
2,1.2,0.5,12,4,8,0.3,0.636,0.364,10.1,0.162,33.54,1.299,0.3897,373.89,183.82,2.034,195,5454.0,0.0724,62.1517,,,,,
1,1.2,0.8,16,8,10,0.5,0.639,0.32,19.3,0.118,15.07,1.225,0.4018,204.03,111.85,1.824,224,2748.0,0.0937,62.1486,,,,,
1,1.2,0.8,16,6,6,0.3,0.638,0.295,20.7,0.134,14.56,1.271,0.3624,188.29,84.17,2.237,218,2564.6,0.1061,61.8799,,,,,
1,1.2,0.8,20,4,6,0.3,0.632,0.362,14.6,0.203,20.94,1.378,0.2791,273.36,76.77,3.561,215,3899.7,0.0699,61.8192,,,,,
2,1.5,0.65,16,4,10,1.0,0.634,0.356,15.2,0.164,38.28,1.298,0.3644,457.96,202.33,2.263,118,3856.4,0.0848,61.7345,,,,,
1,1.2,0.65,12,6,10,0.3,0.632,0.286,22.0,0.113,14.1,1.224,0.4502,171.05,114.44,1.495,211,2384.2,0.0937,61.5723,,,,,
1,1.2,0.65,20,4,10,0.3,0.632,0.356,15.0,0.181,20.28,1.311,0.3107,275.03,94.54,2.909,206,3599.9,0.0842,61.5526,,,,,
1,1.2,0.8,20,4,10,0.5,0.626,0.365,15.9,0.152,18.37,1.268,0.317,274.5,100.49,2.732,224,3487.0,0.0753,61.1202,,,,,
1,1.2,0.8,12,10,8,0.3,0.626,0.35,16.6,0.145,18.15,1.307,0.4507,171.26,107.48,1.593,213,3269.1,0.0783,61.1066,,,,,
2,1.2,0.8,12,8,10,0.3,0.62,0.38,7.5,0.181,48.79,1.393,0.5,345.91,248.32,1.393,180,7786.2,0.0594,60.8126,,,,,
1,1.2,0.8,20,8,10,0.3,0.622,0.372,15.6,0.172,20.35,1.307,0.322,269.07,97.75,2.753,205,3597.1,0.0717,60.7836,,,,,
2,1.2,0.8,16,8,10,0.3,0.621,0.379,6.9,0.207,52.17,1.412,0.4246,421.23,220.14,1.913,179,8347.8,0.0692,60.7156,,,,,
2,1.2,0.8,12,6,10,0.3,0.619,0.381,8.5,0.144,38.97,1.306,0.4899,339.08,249.25,1.36,198,6618.2,0.0594,60.7127,,,,,
2,1.2,0.8,12,6,8,0.3,0.617,0.383,7.8,0.166,41.72,1.354,0.4596,347.3,218.17,1.592,198,7163.0,0.0576,60.5471,,,,,
2,1.2,0.8,12,4,10,0.5,0.617,0.383,9.2,0.123,33.64,1.256,0.4815,342.41,253.07,1.353,216,6068.2,0.0592,60.5157,,,,,
1,1.2,0.8,8,4,4,1.0,0.624,0.344,18.5,0.11,13.71,1.256,0.4858,138.43,104.13,1.329,247,2695.0,0.1021,60.4539,,,,,
1,1.2,0.65,20,4,10,0.5,0.619,0.369,16.2,0.155,17.78,1.264,0.3094,275.21,97.56,2.821,223,3339.8,0.0847,60.2425,,,,,
2,1.2,0.8,16,4,8,0.15,0.614,0.386,11.0,0.169,37.98,1.33,0.3727,410.67,183.42,2.239,161,5224.6,0.0596,60.2073,,,,,
2,1.2,0.8,20,4,10,0.15,0.612,0.388,9.6,0.205,46.42,1.376,0.3427,495.94,187.91,2.639,143,5848.2,0.0524,60.1529,,,,,
2,1.2,0.8,16,4,8,0.3,0.613,0.387,7.3,0.182,43.15,1.357,0.3858,425.25,196.85,2.16,197,7407.8,0.0577,60.145,,,,,
1,1.2,0.8,16,8,8,0.3,0.615,0.364,17.5,0.143,16.9,1.279,0.3803,203.71,97.73,2.084,213,3003.8,0.0809,59.9445,,,,,
2,1.2,0.8,16,4,6,0.3,0.611,0.389,8.3,0.178,38.98,1.356,0.3568,415.95,170.12,2.445,199,6648.4,0.0635,59.8291,,,,,
2,1.2,0.65,8,4,6,0.3,0.612,0.388,8.9,0.158,39.0,1.361,0.5155,285.15,222.87,1.279,194,6479.0,0.0836,59.5287,,,,,
1,1.2,0.65,16,8,10,0.3,0.614,0.328,19.8,0.128,15.16,1.234,0.3816,209.18,104.59,2.0,207,2558.1,0.1023,59.5278,,,,,
1,1.2,0.8,12,8,8,0.3,0.613,0.36,19.4,0.119,14.95,1.249,0.4486,167.32,109.0,1.535,214,2601.0,0.0948,59.4849,,,,,
1,1.2,0.65,16,4,10,0.5,0.614,0.324,21.8,0.111,13.38,1.202,0.3761,212.06,106.38,1.993,226,2392.2,0.1058,59.471,,,,,
2,1.2,0.5,8,4,4,0.3,0.607,0.393,10.7,0.148,30.37,1.303,0.4335,301.3,176.96,1.703,203,5027.8,0.0629,59.4421,,,,,
2,1.5,0.65,16,4,10,0.5,0.612,0.375,15.2,0.162,37.76,1.293,0.3628,459.57,202.43,2.27,113,3634.4,0.0943,59.3525,,,,,
1,1.2,0.8,20,4,8,0.3,0.607,0.39,14.0,0.19,21.0,1.342,0.2925,281.48,86.67,3.248,212,3858.1,0.0711,59.2877,,,,,
2,1.2,0.8,8,4,4,0.15,0.611,0.371,17.5,0.111,23.72,1.263,0.4506,252.98,164.33,1.54,162,2941.0,0.0956,59.2424,,,,,
1,1.2,0.5,12,4,10,0.3,0.612,0.278,22.5,0.123,13.31,1.223,0.4058,179.83,100.41,1.791,207,2176.2,0.1162,59.2052,,,,,
1,1.2,0.5,20,4,8,0.3,0.609,0.371,17.0,0.179,17.04,1.291,0.2657,284.12,79.61,3.569,207,2947.1,0.1023,58.9131,,,,,
1,1.2,0.65,20,6,10,0.3,0.604,0.386,14.8,0.176,19.71,1.302,0.3088,275.14,94.41,2.914,204,3449.9,0.0771,58.8881,,,,,
2,1.2,0.8,16,6,10,0.3,0.599,0.401,7.9,0.154,38.96,1.301,0.415,405.92,221.36,1.834,200,6682.8,0.0577,58.7454,,,,,
1,1.2,0.8,16,10,8,0.3,0.603,0.382,17.3,0.142,16.82,1.278,0.3785,204.17,97.27,2.099,214,3000.8,0.0847,58.6512,,,,,
1,1.5,0.65,20,4,10,1.0,0.596,0.081,26.1,0.186,20.29,1.321,0.2869,291.07,88.65,3.283,122,2133.4,0.1,58.5694,,,,,
1,1.2,0.8,12,4,8,0.5,0.604,0.368,19.2,0.108,13.76,1.22,0.4353,175.3,110.78,1.582,232,2543.7,0.0993,58.4988,,,,,
2,1.2,0.8,16,4,6,0.15,0.598,0.398,13.0,0.154,30.85,1.303,0.321,413.43,150.0,2.756,162,4096.6,0.0683,58.446,,,,,
2,1.2,0.65,12,4,8,0.3,0.599,0.401,8.6,0.163,38.16,1.324,0.4197,371.49,202.9,1.831,193,6290.2,0.074,58.4206,,,,,
2,1.2,0.8,16,4,10,0.5,0.595,0.405,8.1,0.137,35.77,1.266,0.4115,414.17,228.81,1.81,209,6310.4,0.0661,58.1779,,,,,
1,1.2,0.8,20,6,8,0.3,0.594,0.404,13.6,0.187,20.64,1.337,0.2905,281.9,86.33,3.266,210,3745.6,0.0655,58.0965,,,,,
2,1.2,0.8,16,6,10,0.15,0.592,0.408,11.7,0.147,35.38,1.283,0.4,401.36,208.6,1.924,155,4627.6,0.0567,58.0662,,,,,
2,1.5,0.65,20,6,10,1.0,0.597,0.392,15.2,0.156,33.87,1.267,0.2857,561.94,177.35,3.168,119,3364.6,0.0868,57.9976,,,,,
1,1.2,0.5,12,4,4,0.3,0.599,0.299,22.5,0.133,12.53,1.25,0.3486,179.85,77.02,2.335,218,2120.4,0.1118,57.971,,,,,
1,1.2,0.8,12,6,10,1.0,0.594,0.338,20.7,0.091,12.5,1.188,0.4786,165.18,127.66,1.294,234,2269.8,0.0938,57.7271,,,,,
1,1.2,0.65,12,6,8,0.3,0.592,0.308,22.2,0.11,12.97,1.216,0.4186,174.17,103.1,1.689,215,2185.5,0.0991,57.5189,,,,,
2,1.2,0.65,12,4,10,0.3,0.593,0.407,9.2,0.14,34.68,1.277,0.4462,358.19,225.93,1.585,195,5676.0,0.0893,57.5141,,,,,
2,1.2,0.65,16,4,8,0.3,0.587,0.413,7.3,0.193,43.3,1.369,0.375,428.31,187.71,2.282,192,7243.6,0.0635,57.4291,,,,,
1,1.2,0.8,16,8,6,0.3,0.594,0.371,19.2,0.13,14.12,1.261,0.3565,191.56,84.17,2.276,216,2445.4,0.1063,57.3782,,,,,
2,1.2,0.65,16,4,10,0.3,0.589,0.411,8.8,0.156,36.75,1.287,0.3838,428.97,207.58,2.067,198,6173.4,0.0829,57.2421,,,,,
1,1.2,0.8,12,10,6,0.3,0.591,0.377,18.3,0.128,14.54,1.272,0.412,164.92,90.85,1.815,216,2535.7,0.0982,57.2324,,,,,
2,1.5,0.8,16,4,10,1.0,0.591,0.404,14.6,0.142,36.16,1.265,0.3814,452.05,220.21,2.053,118,3606.4,0.0947,57.2215,,,,,
2,1.2,0.8,12,8,8,0.3,0.585,0.415,6.9,0.185,46.07,1.393,0.4574,356.74,215.87,1.653,188,7619.4,0.0645,57.2095,,,,,
1,1.2,0.8,20,6,10,0.5,0.585,0.406,15.8,0.141,17.01,1.247,0.3122,275.31,100.25,2.746,221,3139.8,0.0756,57.0155,,,,,
2,1.2,0.8,16,6,8,0.3,0.581,0.419,7.0,0.169,40.13,1.336,0.393,406.47,197.08,2.062,201,6952.6,0.0551,56.9971,,,,,
2,1.2,0.8,16,4,4,0.3,0.583,0.416,10.3,0.148,29.72,1.297,0.3125,415.1,145.45,2.854,208,5022.2,0.0706,56.8914,,,,,
2,1.2,0.65,16,8,10,0.3,0.584,0.416,7.2,0.2,47.0,1.376,0.3966,433.64,207.17,2.093,179,7416.8,0.076,56.8798,,,,,
2,1.2,0.8,20,4,8,0.15,0.579,0.421,9.6,0.18,37.97,1.329,0.3019,507.84,165.21,3.074,159,5158.6,0.0599,56.7028,,,,,
2,1.5,0.65,20,6,10,0.5,0.585,0.404,15.1,0.157,34.04,1.268,0.2807,573.62,176.52,3.25,114,3242.6,0.0925,56.6836,,,,,
2,1.2,0.65,12,8,10,0.3,0.581,0.419,7.3,0.182,44.9,1.369,0.4611,361.23,225.77,1.6,180,7080.2,0.0737,56.627,,,,,
1,1.2,0.8,20,6,6,0.3,0.582,0.413,15.2,0.174,17.94,1.325,0.277,264.13,76.38,3.458,213,3224.7,0.0812,56.5906,,,,,
2,1.2,0.65,20,4,10,0.15,0.577,0.423,9.8,0.213,45.42,1.369,0.3239,519.83,181.91,2.858,142,5659.4,0.0588,56.5243,,,,,
2,1.2,0.8,16,8,10,0.15,0.576,0.424,10.2,0.162,39.49,1.32,0.415,392.1,210.62,1.862,147,4992.6,0.0601,56.3972,,,,,
1,1.2,0.65,20,6,10,0.5,0.58,0.401,15.9,0.144,16.52,1.244,0.3045,276.81,97.47,2.84,220,3017.6,0.0856,56.3451,,,,,
2,1.2,0.8,12,6,6,0.3,0.576,0.424,8.8,0.148,33.92,1.317,0.42,335.53,184.48,1.819,200,5670.4,0.0644,56.3125,,,,,
2,1.2,0.8,8,6,6,0.3,0.576,0.424,8.6,0.133,34.95,1.329,0.5528,255.27,237.36,1.075,199,5845.4,0.0683,56.2341,,,,,
2,1.2,0.8,12,10,8,0.3,0.574,0.426,6.9,0.172,42.5,1.365,0.4497,353.32,211.53,1.67,189,6991.0,0.0585,56.2305,,,,,
2,1.2,0.8,20,4,6,0.15,0.574,0.425,10.6,0.175,33.6,1.329,0.2671,508.68,139.52,3.646,161,4513.8,0.0679,56.0453,,,,,
1,1.5,0.65,20,4,10,0.5,0.571,0.084,26.7,0.185,20.09,1.317,0.2821,295.83,88.24,3.352,117,2022.4,0.1055,56.0246,,,,,
2,1.2,0.65,12,6,8,0.3,0.574,0.426,7.8,0.167,39.04,1.335,0.4264,364.78,203.1,1.796,197,6593.6,0.0721,55.9581,,,,,
2,1.2,0.8,16,10,10,0.3,0.572,0.428,7.6,0.163,40.83,1.315,0.4076,417.83,218.57,1.912,184,6499.6,0.0657,55.8853,,,,,
2,1.2,0.8,16,8,8,0.3,0.57,0.43,6.4,0.193,45.73,1.385,0.3936,418.12,196.0,2.133,188,7556.0,0.0668,55.6641,,,,,
2,1.5,0.8,16,4,10,0.5,0.577,0.418,14.5,0.143,36.21,1.266,0.3805,453.31,220.0,2.06,113,3459.4,0.1031,55.652,,,,,
2,1.2,0.8,12,4,6,0.15,0.579,0.393,17.7,0.096,21.05,1.2,0.4,315.5,175.25,1.8,165,2554.4,0.1168,55.6475,,,,,
1,1.2,0.8,20,4,4,0.3,0.574,0.405,18.0,0.153,14.51,1.289,0.2385,271.64,66.04,4.113,218,2552.3,0.091,55.6435,,,,,
1,1.2,0.65,12,4,10,0.5,0.573,0.341,21.6,0.094,11.92,1.182,0.4386,176.81,116.89,1.513,228,2079.9,0.099,55.5779,,,,,
1,1.2,0.8,12,4,4,0.5,0.576,0.37,19.6,0.11,11.95,1.224,0.3556,183.45,82.71,2.218,239,2186.6,0.1097,55.5681,,,,,
2,1.2,0.5,8,4,6,0.3,0.568,0.432,9.7,0.145,31.66,1.295,0.4667,298.06,201.44,1.48,195,5081.6,0.0637,55.526,,,,,
1,1.2,0.8,16,6,10,1.0,0.572,0.393,19.6,0.098,12.66,1.187,0.3983,201.9,112.59,1.793,231,2278.2,0.0944,55.417,,,,,
1,1.2,0.8,16,4,8,0.5,0.571,0.409,18.5,0.113,13.64,1.216,0.368,208.38,99.74,2.089,231,2503.2,0.088,55.4007,,,,,
2,1.2,0.8,8,6,4,0.3,0.568,0.432,10.8,0.114,26.43,1.276,0.4904,249.49,188.21,1.326,208,4339.0,0.0716,55.368,,,,,
2,1.2,0.8,16,10,8,0.3,0.566,0.434,6.6,0.187,43.66,1.369,0.381,425.02,191.02,2.225,189,7210.8,0.0637,55.3266,,,,,
1,1.2,0.5,20,6,8,0.3,0.571,0.415,15.8,0.173,16.51,1.28,0.2585,291.91,79.52,3.671,205,2809.6,0.092,55.3021,,,,,
1,1.5,0.65,20,6,10,1.0,0.565,0.124,25.7,0.175,19.13,1.303,0.2869,287.03,88.65,3.238,122,1991.8,0.1073,55.2871,,,,,
1,1.2,0.65,20,8,10,0.3,0.568,0.421,15.3,0.157,17.57,1.269,0.3088,268.19,94.41,2.841,204,3012.4,0.0827,55.1795,,,,,
1,1.2,0.65,16,6,8,0.3,0.571,0.38,20.4,0.116,13.08,1.217,0.3645,200.96,94.67,2.123,214,2200.8,0.1077,55.0921,,,,,
2,1.2,0.8,8,4,4,0.5,0.565,0.435,10.5,0.107,26.32,1.249,0.4823,273.38,203.85,1.341,226,4688.6,0.0728,55.0436,,,,,
2,1.5,0.8,20,4,10,1.0,0.565,0.43,14.0,0.142,33.22,1.247,0.2917,575.33,190.0,3.028,120,3314.6,0.0833,54.8481,,,,,
2,1.2,0.8,8,4,6,0.5,0.561,0.439,8.5,0.114,30.37,1.267,0.5249,274.68,239.52,1.147,221,5480.8,0.0656,54.7884,,,,,
1,1.2,0.5,12,4,6,0.3,0.567,0.297,23.6,0.119,11.94,1.22,0.3709,178.24,86.1,2.07,213,1946.9,0.1184,54.7407,,,,,
2,1.2,0.65,12,4,6,0.3,0.565,0.435,9.2,0.154,33.71,1.305,0.3866,373.21,180.25,2.07,194,5454.0,0.088,54.7405,,,,,
1,1.2,0.8,12,4,6,0.5,0.567,0.369,21.0,0.103,12.1,1.21,0.3915,177.92,94.58,1.881,235,2185.3,0.1082,54.728,,,,,
2,1.2,0.65,12,6,10,0.3,0.562,0.438,8.2,0.146,36.12,1.293,0.4545,350.86,226.16,1.551,198,6048.8,0.0752,54.6961,,,,,
2,1.2,0.5,12,4,10,0.3,0.561,0.439,10.0,0.132,28.92,1.241,0.4082,364.53,202.53,1.8,196,4576.4,0.0708,54.6833,,,,,
2,1.2,0.5,12,6,8,0.3,0.56,0.44,10.2,0.138,28.56,1.254,0.3889,362.07,183.68,1.971,198,4551.0,0.075,54.5009,,,,,
1,1.2,0.8,12,8,6,0.3,0.564,0.376,20.7,0.109,12.5,1.232,0.4101,161.94,91.41,1.772,217,2105.1,0.1055,54.4703,,,,,
2,1.2,0.8,12,8,6,0.3,0.557,0.443,7.6,0.163,37.33,1.347,0.4158,348.33,184.01,1.893,190,6035.0,0.0616,54.4674,,,,,
1,1.2,0.8,20,8,8,0.3,0.557,0.44,14.5,0.165,18.26,1.298,0.2905,273.71,86.33,3.171,210,3245.6,0.0684,54.3401,,,,,
1,1.5,0.65,20,6,10,0.5,0.554,0.14,25.9,0.178,19.3,1.305,0.2821,293.06,88.24,3.321,117,1930.8,0.1058,54.2025,,,,,
1,1.2,0.8,16,10,6,0.3,0.559,0.409,19.1,0.122,13.31,1.243,0.3548,191.56,84.73,2.261,217,2279.9,0.1016,53.9632,,,,,
2,1.2,0.8,16,6,6,0.3,0.551,0.449,8.2,0.15,32.9,1.303,0.3645,388.24,170.93,2.271,203,5548.4,0.0586,53.928,,,,,
2,1.5,0.8,20,4,10,0.5,0.555,0.441,14.5,0.142,33.14,1.246,0.287,584.44,188.72,3.097,115,3167.6,0.0893,53.7256,,,,,
2,1.2,0.5,16,4,8,0.3,0.551,0.449,9.3,0.161,31.91,1.281,0.3351,434.47,170.93,2.542,194,5109.6,0.0692,53.7166,,,,,
2,1.2,0.35,12,4,10,0.3,0.55,0.449,13.5,0.131,21.65,1.21,0.3434,362.67,156.73,2.314,198,3183.4,0.0682,53.6383,,,,,
1,1.2,0.8,12,6,4,0.3,0.551,0.3,23.8,0.107,11.09,1.229,0.3694,161.43,76.96,2.098,222,1840.9,0.1059,53.4295,,,,,
2,1.2,0.65,16,6,10,0.3,0.548,0.452,8.3,0.146,34.34,1.27,0.3881,416.05,207.72,2.003,201,5782.0,0.0745,53.3105,,,,,
2,1.2,0.8,20,4,10,0.3,0.545,0.455,6.9,0.177,41.59,1.322,0.3333,512.37,193.8,2.644,177,6381.8,0.0643,53.213,,,,,
2,1.2,0.8,16,6,10,0.5,0.544,0.456,8.0,0.111,28.63,1.213,0.4037,403.88,225.38,1.792,218,5032.4,0.0651,53.0973,,,,,
2,1.2,0.65,12,8,8,0.3,0.545,0.455,7.0,0.175,40.53,1.35,0.4225,370.31,200.69,1.845,187,6538.4,0.0727,53.0451,,,,,
1,1.2,0.8,12,10,10,0.3,0.549,0.386,20.1,0.097,13.0,1.203,0.4808,160.03,123.15,1.299,208,2120.6,0.1042,53.011,,,,,
2,1.2,0.8,12,4,10,1.0,0.544,0.456,8.9,0.099,27.22,1.203,0.4751,339.62,255.55,1.329,221,4790.2,0.071,52.9795,,,,,
2,1.2,0.8,12,6,10,0.5,0.543,0.457,9.1,0.102,27.99,1.214,0.4862,326.67,254.68,1.283,218,4892.8,0.0666,52.9677,,,,,
1,1.2,0.8,12,4,8,1.0,0.548,0.421,19.3,0.092,11.74,1.186,0.4286,174.69,110.48,1.581,238,2126.9,0.098,52.9332,,,,,
2,1.2,0.8,20,8,10,0.3,0.544,0.456,6.9,0.188,43.88,1.339,0.3295,526.49,193.26,2.724,173,6634.4,0.0751,52.8986,,,,,
2,1.2,0.65,16,4,6,0.3,0.544,0.456,9.0,0.152,32.04,1.287,0.3384,424.15,168.51,2.517,198,5234.2,0.079,52.8209,,,,,
2,1.2,0.65,8,4,4,0.3,0.545,0.455,10.2,0.127,28.37,1.276,0.4433,295.94,184.73,1.602,203,4622.6,0.0846,52.8075,,,,,
1,1.2,0.65,8,4,6,0.5,0.548,0.386,21.3,0.09,11.36,1.201,0.5,135.96,113.24,1.201,236,2020.0,0.1122,52.7547,,,,,
1,1.2,0.65,20,4,6,0.3,0.543,0.448,15.3,0.164,16.3,1.292,0.2664,270.64,76.04,3.559,214,2890.0,0.0787,52.7534,,,,,
1,1.2,0.8,16,4,8,0.15,0.536,0.222,26.5,0.12,13.62,1.226,0.3533,209.32,93.29,2.244,167,1807.4,0.089,52.5453,,,,,
2,1.2,0.8,16,8,6,0.3,0.537,0.463,7.6,0.162,35.49,1.326,0.3632,397.72,171.07,2.325,190,5685.0,0.0581,52.539,,,,,
1,1.2,0.5,12,6,8,0.3,0.541,0.279,24.9,0.108,11.2,1.198,0.3839,176.39,91.73,1.923,211,1771.7,0.1111,52.4182,,,,,
2,1.2,0.35,12,4,8,0.3,0.54,0.455,14.9,0.123,19.68,1.197,0.325,367.87,147.96,2.486,200,2822.2,0.08,52.4146,,,,,
2,1.2,0.8,20,8,10,0.15,0.536,0.464,10.3,0.158,35.65,1.291,0.3425,462.36,186.6,2.478,146,4398.2,0.0603,52.3942,,,,,
1,1.2,0.5,8,4,4,0.5,0.543,0.376,20.3,0.105,10.93,1.211,0.4298,145.73,90.67,1.607,235,1910.3,0.1111,52.3202,,,,,
1,1.2,0.65,12,10,8,0.3,0.54,0.435,18.0,0.116,13.52,1.23,0.4198,172.22,101.32,1.7,212,2271.9,0.0902,52.2707,,,,,
1,1.2,0.65,12,8,10,0.3,0.538,0.39,21.1,0.098,12.2,1.192,0.445,170.16,114.44,1.487,209,1965.0,0.0927,52.1627,,,,,
2,1.2,0.8,16,8,10,0.5,0.533,0.467,8.1,0.116,29.71,1.224,0.4069,398.31,223.13,1.785,204,4929.4,0.0581,52.1381,,,,,
2,1.2,0.35,16,4,8,0.3,0.536,0.458,14.7,0.131,20.41,1.203,0.2864,422.13,140.85,2.997,199,2952.8,0.0746,52.1269,,,,,
1,1.2,0.8,16,10,10,0.5,0.539,0.41,20.8,0.092,11.78,1.175,0.3956,200.0,111.4,1.795,225,2020.0,0.0966,52.121,,,,,
2,1.2,0.8,20,6,8,0.15,0.532,0.468,9.8,0.158,33.26,1.288,0.3019,492.21,165.21,2.979,159,4408.6,0.0585,52.0299,,,,,
1,1.2,0.8,12,10,4,0.3,0.539,0.406,19.8,0.115,11.94,1.247,0.3699,163.15,76.81,2.124,219,2002.3,0.1041,51.9826,,,,,
1,1.2,0.8,20,6,4,0.3,0.538,0.44,17.4,0.143,13.52,1.27,0.2407,264.11,65.93,4.006,216,2316.3,0.096,51.9461,,,,,
2,1.2,0.8,16,10,10,0.15,0.531,0.467,11.8,0.12,28.82,1.234,0.4013,379.17,205.99,1.841,157,3661.6,0.0633,51.8405,,,,,
2,1.2,0.8,8,4,6,1.0,0.531,0.469,8.8,0.101,27.26,1.237,0.5242,271.54,241.9,1.123,227,4922.2,0.0649,51.8011,,,,,
1,1.2,0.65,16,8,8,0.3,0.534,0.434,19.8,0.112,12.56,1.207,0.3585,204.44,94.67,2.16,212,2069.1,0.1003,51.49,,,,,
1,1.2,0.8,20,10,10,0.3,0.532,0.448,16.8,0.123,14.47,1.217,0.3107,261.61,96.92,2.699,206,2403.8,0.0917,51.4261,,,,,
2,1.2,0.8,20,6,10,0.15,0.526,0.474,11.1,0.131,29.47,1.233,0.3247,479.52,186.91,2.566,154,3686.6,0.0593,51.4143,,,,,
1,1.2,0.5,16,6,8,0.3,0.533,0.346,23.2,0.114,11.31,1.198,0.3333,205.54,85.8,2.395,210,1787.0,0.1125,51.4127,,,,,
2,1.2,0.8,12,4,8,0.15,0.527,0.464,15.4,0.091,22.19,1.188,0.4451,315.61,213.19,1.48,164,2732.4,0.0714,51.2998,,,,,
1,1.2,0.8,20,8,6,0.3,0.528,0.461,15.4,0.148,15.24,1.276,0.277,254.38,76.38,3.33,213,2649.7,0.079,51.2531,,,,,
1,1.2,0.5,16,4,10,0.3,0.533,0.389,21.6,0.111,11.46,1.187,0.3415,212.68,92.87,2.29,205,1776.0,0.1147,51.2393,,,,,
2,1.2,0.65,16,8,8,0.3,0.526,0.474,6.7,0.18,40.06,1.342,0.3743,419.87,187.18,2.243,187,6450.0,0.075,51.0993,,,,,
2,1.5,0.65,12,4,10,1.0,0.532,0.464,14.1,0.12,29.66,1.231,0.4322,365.69,226.12,1.617,118,2839.6,0.1076,51.0591,,,,,
1,1.2,0.8,20,4,8,0.15,0.527,0.348,24.6,0.126,13.55,1.222,0.2771,269.02,84.38,3.188,166,1785.2,0.1031,51.0139,,,,,
1,1.2,0.5,20,4,10,0.3,0.529,0.449,16.6,0.147,14.55,1.233,0.2723,282.99,85.88,3.295,202,2373.6,0.0986,50.9948,,,,,
2,1.2,0.65,16,6,8,0.3,0.523,0.477,7.6,0.151,33.81,1.286,0.3731,407.96,188.89,2.16,201,5676.8,0.0669,50.963,,,,,
1,1.2,0.8,20,8,10,0.5,0.525,0.459,16.3,0.114,13.78,1.2,0.3122,264.98,100.25,2.643,221,2427.3,0.0799,50.9499,,,,,
1,1.2,0.5,12,10,8,0.3,0.529,0.407,21.5,0.114,11.73,1.207,0.3798,180.42,91.57,1.97,208,1858.1,0.1073,50.9454,,,,,
2,1.2,0.5,12,4,6,0.3,0.525,0.475,10.4,0.129,25.78,1.238,0.3673,365.68,171.57,2.131,196,3956.2,0.0784,50.9322,,,,,
1,1.2,0.8,16,4,8,1.0,0.526,0.453,18.9,0.096,11.6,1.182,0.3629,207.27,99.83,2.076,237,2086.4,0.0934,50.7955,,,,,
1,1.2,0.65,8,4,4,0.5,0.527,0.415,19.8,0.095,10.98,1.206,0.4519,142.12,97.14,1.463,239,1954.9,0.1051,50.7721,,,,,
1,1.2,0.8,16,4,10,0.15,0.518,0.213,27.6,0.113,13.58,1.209,0.3765,208.61,104.21,2.002,162,1746.4,0.0921,50.7654,,,,,
1,1.2,0.8,16,4,6,0.5,0.527,0.43,21.0,0.099,11.06,1.191,0.3376,204.11,87.34,2.337,234,1932.3,0.1096,50.6374,,,,,
1,1.2,0.65,20,4,8,0.3,0.518,0.477,14.1,0.156,16.48,1.269,0.2796,277.99,85.03,3.269,211,2885.9,0.0703,50.4093,,,,,
1,1.2,0.8,20,10,8,0.3,0.518,0.475,14.9,0.142,15.61,1.255,0.2844,270.09,85.51,3.158,211,2702.3,0.0715,50.3901,,,,,
2,1.5,0.8,12,4,10,1.0,0.522,0.477,13.9,0.112,30.3,1.226,0.4576,359.73,247.66,1.453,118,2914.6,0.0955,50.2935,,,,,
1,1.2,0.35,20,6,8,0.3,0.522,0.394,21.0,0.155,11.57,1.222,0.2087,304.85,65.8,4.633,206,1806.6,0.1124,50.2034,,,,,
1,1.2,0.65,16,10,8,0.3,0.519,0.461,18.6,0.114,12.79,1.213,0.3615,201.46,94.03,2.143,213,2128.6,0.0917,50.1267,,,,,
1,1.2,0.8,16,8,10,1.0,0.517,0.443,19.1,0.089,11.46,1.168,0.393,203.06,112.59,1.804,229,1984.0,0.0873,50.0737,,,,,
1,1.2,0.8,16,6,4,0.3,0.516,0.345,23.0,0.107,10.58,1.217,0.3122,190.22,70.97,2.68,221,1718.7,0.1012,49.9924,,,,,
2,1.2,0.5,16,6,8,0.3,0.513,0.487,8.8,0.149,29.61,1.26,0.335,427.76,170.99,2.502,197,4734.6,0.0665,49.9701,,,,,
1,1.2,0.5,20,8,8,0.3,0.517,0.468,17.3,0.145,13.76,1.233,0.2585,281.29,79.52,3.537,205,2247.1,0.0912,49.9204,,,,,
2,1.2,0.8,16,4,10,1.0,0.512,0.488,7.9,0.107,27.92,1.203,0.4019,412.14,230.22,1.79,214,4782.4,0.064,49.9193,,,,,
2,1.2,0.8,16,6,8,0.15,0.512,0.487,12.3,0.108,24.6,1.207,0.3659,391.41,187.02,2.093,164,3127.2,0.0654,49.8951,,,,,
2,1.2,0.5,12,8,8,0.3,0.514,0.486,8.5,0.149,30.28,1.271,0.383,370.38,180.82,2.048,188,4645.4,0.0762,49.8758,,,,,
2,1.2,0.5,16,8,8,0.3,0.512,0.488,7.8,0.169,33.18,1.294,0.3369,433.4,170.16,2.547,187,5162.6,0.0668,49.864,,,,,
1,1.2,0.35,20,6,10,0.3,0.515,0.416,20.1,0.153,11.68,1.217,0.2167,302.46,68.79,4.397,203,1802.5,0.11,49.5067,,,,,
2,1.2,0.8,20,4,10,0.5,0.506,0.494,7.5,0.125,29.97,1.222,0.3214,513.17,198.91,2.58,196,4788.4,0.0547,49.5051,,,,,
1,1.2,0.8,12,4,6,1.0,0.513,0.43,20.7,0.086,10.14,1.174,0.3859,177.21,94.85,1.868,241,1768.5,0.1075,49.3216,,,,,
1,1.2,0.65,16,10,10,0.3,0.511,0.438,20.4,0.1,11.84,1.184,0.3798,200.79,103.88,1.933,208,1880.1,0.1034,49.1842,,,,,
2,1.5,0.65,16,6,10,1.0,0.509,0.476,15.6,0.115,27.14,1.212,0.3719,417.42,203.95,2.047,121,2606.4,0.0899,49.1478,,,,,
1,1.2,0.65,12,8,8,0.3,0.509,0.423,20.9,0.095,11.27,1.186,0.4131,173.72,103.1,1.685,213,1803.8,0.1019,49.066,,,,,
1,1.2,0.65,16,6,10,0.5,0.508,0.408,21.5,0.087,10.56,1.158,0.3733,206.85,106.38,1.944,225,1745.0,0.1015,49.023,,,,,
1,1.2,0.5,20,6,10,0.3,0.508,0.476,16.0,0.143,14.17,1.225,0.265,291.44,85.8,3.397,200,2273.6,0.0932,48.9831,,,,,
2,1.2,0.65,20,4,8,0.15,0.5,0.5,9.7,0.163,32.79,1.281,0.2839,526.6,162.96,3.232,155,4219.8,0.055,48.8991,,,,,
1,1.2,0.65,20,6,8,0.3,0.503,0.489,13.9,0.154,16.31,1.266,0.2775,279.67,84.85,3.296,209,2823.4,0.0713,48.8971,,,,,
2,1.5,0.65,16,8,10,0.5,0.508,0.48,16.8,0.111,26.02,1.206,0.3729,408.98,201.69,2.028,118,2409.4,0.0971,48.8947,,,,,
1,1.2,0.5,16,4,4,0.3,0.509,0.398,22.6,0.112,10.14,1.199,0.2857,214.11,71.45,2.997,217,1592.4,0.1184,48.8117,,,,,
2,1.2,0.8,16,4,4,0.15,0.5,0.496,14.3,0.121,22.01,1.241,0.2744,412.43,125.63,3.283,164,2696.6,0.0699,48.614,,,,,
1,1.2,0.8,20,4,10,1.0,0.5,0.493,14.7,0.115,13.93,1.199,0.3057,274.85,100.94,2.723,229,2548.0,0.0772,48.4768,,,,,
1,1.2,0.65,20,4,10,1.0,0.501,0.486,15.2,0.116,13.44,1.195,0.2982,275.58,97.97,2.813,228,2425.8,0.0836,48.4666,,,,,
2,1.2,0.8,12,10,6,0.3,0.495,0.505,7.2,0.138,31.53,1.289,0.4043,347.71,183.03,1.9,188,4885.4,0.0545,48.4104,,,,,
2,1.2,0.65,16,10,8,0.3,0.497,0.503,6.8,0.154,33.87,1.289,0.3598,419.88,183.05,2.294,189,5354.8,0.067,48.3599,,,,,
2,1.2,0.8,12,10,10,0.3,0.499,0.501,7.8,0.113,30.13,1.236,0.4783,329.75,244.52,1.349,184,4529.8,0.0784,48.3327,,,,,
2,1.2,0.65,16,10,10,0.3,0.499,0.501,7.2,0.146,34.04,1.268,0.3804,423.39,205.04,2.065,184,5243.6,0.0794,48.3116,,,,,
1,1.2,0.65,8,6,6,0.3,0.499,0.394,22.7,0.085,10.49,1.195,0.5138,125.33,110.85,1.131,218,1677.1,0.1001,48.2188,,,,,
2,1.2,0.8,12,8,10,0.15,0.496,0.5,11.3,0.113,29.17,1.245,0.4967,298.06,236.18,1.262,151,3569.8,0.0703,48.2061,,,,,
2,1.5,0.65,20,8,10,0.5,0.5,0.489,15.3,0.124,26.81,1.211,0.2807,547.84,176.52,3.104,114,2417.6,0.0917,48.1996,,,,,
2,1.5,0.65,20,8,10,1.0,0.5,0.491,15.2,0.12,26.1,1.206,0.2857,534.74,177.35,3.015,119,2439.6,0.0918,48.192,,,,,
1,1.2,0.5,16,8,8,0.3,0.501,0.413,21.6,0.106,10.58,1.183,0.3269,209.01,85.8,2.436,208,1617.8,0.1086,48.1867,,,,,
1,1.2,0.65,8,4,6,1.0,0.5,0.427,21.0,0.079,10.04,1.176,0.5,134.45,114.36,1.176,242,1753.2,0.1017,48.1846,,,,,
1,1.2,0.35,20,4,8,0.3,0.5,0.378,22.8,0.143,10.64,1.205,0.2115,295.45,65.78,4.492,208,1630.1,0.112,48.1264,,,,,
1,1.5,0.65,16,4,10,1.0,0.487,0.098,27.9,0.145,17.07,1.265,0.3659,222.78,101.6,2.193,123,1755.6,0.091,48.1259,,,,,
1,1.2,0.65,16,6,6,0.3,0.5,0.405,22.8,0.098,10.37,1.189,0.3456,188.5,83.71,2.252,217,1642.4,0.1119,48.0468,,,,,
1,1.2,0.8,12,8,4,0.3,0.497,0.398,22.6,0.096,9.94,1.203,0.3636,162.03,76.96,2.105,220,1571.7,0.0992,48.0301,,,,,
2,1.2,0.35,16,4,10,0.3,0.494,0.504,12.6,0.121,19.32,1.184,0.2908,426.96,147.84,2.888,196,2694.6,0.0721,47.9639,,,,,
1,1.2,0.5,16,10,8,0.3,0.5,0.437,21.3,0.108,10.83,1.187,0.3301,207.97,86.34,2.409,209,1677.3,0.1114,47.9606,,,,,
2,1.2,0.65,16,4,8,0.15,0.494,0.506,12.9,0.122,26.12,1.221,0.3484,413.86,181.19,2.284,155,3185.8,0.073,47.94,,,,,
2,1.2,0.8,20,8,8,0.3,0.492,0.508,6.7,0.162,35.21,1.296,0.2941,524.48,168.66,3.11,187,5547.8,0.0645,47.909,,,,,
2,1.2,0.8,20,6,6,0.15,0.491,0.508,11.3,0.127,24.06,1.238,0.2667,469.52,137.92,3.404,165,3052.2,0.0626,47.85,,,,,
1,1.2,0.5,16,4,6,0.3,0.498,0.428,22.2,0.109,10.44,1.19,0.316,206.72,80.26,2.576,212,1618.9,0.109,47.843,,,,,
2,1.2,0.8,16,10,6,0.3,0.491,0.509,6.9,0.152,33.36,1.302,0.3511,409.79,170.28,2.407,188,5230.2,0.0632,47.8355,,,,,
1,1.5,0.8,20,4,10,1.0,0.49,0.176,26.8,0.136,15.88,1.235,0.2869,291.07,94.83,3.069,122,1595.9,0.1095,47.8121,,,,,
1,1.2,0.65,12,10,10,0.3,0.497,0.437,20.7,0.087,10.82,1.173,0.4493,163.47,113.71,1.438,207,1660.9,0.11,47.6985,,,,,
1,1.2,0.65,12,4,4,0.3,0.494,0.4,22.6,0.097,9.87,1.191,0.3439,179.19,78.88,2.272,221,1562.0,0.1057,47.6031,,,,,
2,1.2,0.65,12,10,8,0.3,0.488,0.512,7.1,0.137,31.39,1.271,0.4127,356.5,197.07,1.809,189,4885.0,0.0641,47.5182,,,,,
1,1.2,0.8,20,6,8,0.15,0.491,0.403,23.4,0.114,12.27,1.201,0.2771,264.4,84.38,3.134,166,1572.7,0.0983,47.453,,,,,
1,1.2,0.8,16,8,4,0.3,0.494,0.418,21.8,0.102,10.1,1.205,0.3059,194.03,70.97,2.734,219,1599.5,0.1109,47.446,,,,,
1,1.2,0.65,20,8,10,0.5,0.491,0.492,16.4,0.111,12.71,1.188,0.3045,264.31,97.47,2.712,220,2180.1,0.0863,47.4256,,,,,
2,1.5,0.65,16,6,10,0.5,0.492,0.497,15.5,0.115,27.02,1.21,0.3707,419.4,204.11,2.055,116,2484.4,0.0915,47.4038,,,,,
1,1.2,0.65,20,6,6,0.3,0.489,0.496,15.3,0.136,13.48,1.242,0.2642,262.21,75.8,3.459,212,2265.0,0.0832,47.28,,,,,
2,1.2,0.8,12,6,10,0.15,0.486,0.504,15.3,0.075,19.6,1.156,0.4753,305.21,239.12,1.276,162,2279.8,0.0709,47.2121,,,,,
2,1.2,0.5,12,4,4,0.3,0.486,0.513,10.8,0.109,20.64,1.202,0.3399,361.08,154.66,2.335,203,3052.8,0.0737,47.1299,,,,,
2,1.2,0.8,20,6,10,0.3,0.483,0.517,7.4,0.114,26.77,1.201,0.3158,507.16,194.95,2.602,190,4033.6,0.0596,47.1078,,,,,
1,1.5,0.8,16,4,10,1.0,0.48,0.151,28.0,0.126,16.06,1.236,0.3821,220.21,110.2,1.998,123,1630.6,0.1037,47.0326,,,,,
2,1.2,0.8,12,4,8,0.5,0.485,0.515,8.8,0.093,23.96,1.19,0.4358,344.84,223.89,1.54,218,4012.6,0.0737,47.0265,,,,,
1,1.2,0.8,16,4,4,0.5,0.489,0.459,19.1,0.096,9.98,1.186,0.3025,210.07,76.81,2.735,238,1708.6,0.1017,47.0213,,,,,
2,1.5,0.65,12,4,10,0.5,0.491,0.504,14.9,0.107,26.33,1.204,0.4248,365.63,224.23,1.631,113,2342.6,0.105,47.0148,,,,,
2,1.2,0.65,12,4,10,0.5,0.486,0.514,10.5,0.082,20.62,1.158,0.4352,348.12,231.71,1.502,216,3250.6,0.0812,46.9764,,,,,
2,1.5,0.8,12,4,10,0.5,0.488,0.509,14.4,0.103,27.66,1.206,0.4513,359.32,245.16,1.466,113,2492.6,0.0939,46.9305,,,,,
1,1.2,0.8,20,4,10,0.15,0.481,0.348,24.9,0.113,12.89,1.194,0.2981,265.62,94.47,2.812,161,1624.2,0.0906,46.8017,,,,,
2,1.2,0.8,12,6,10,1.0,0.48,0.52,9.0,0.078,21.54,1.161,0.4798,323.61,257.11,1.259,223,3564.8,0.0639,46.7226,,,,,
1,1.2,0.8,12,8,10,0.5,0.484,0.427,21.2,0.071,9.69,1.147,0.4802,157.11,126.48,1.242,227,1564.6,0.0999,46.6697,,,,,
2,1.2,0.65,20,8,10,0.3,0.483,0.517,6.7,0.164,36.19,1.282,0.3103,530.28,186.15,2.849,174,5328.4,0.0823,46.6543,,,,,
2,1.2,0.8,20,10,8,0.3,0.481,0.519,6.5,0.153,33.05,1.279,0.2926,517.29,167.2,3.094,188,5177.6,0.0728,46.644,,,,,
2,1.2,0.8,20,4,8,0.3,0.478,0.522,6.9,0.142,31.29,1.257,0.2932,521.66,172.13,3.031,191,4917.2,0.0596,46.6076,,,,,
1,1.2,0.8,20,8,4,0.3,0.483,0.492,16.7,0.123,11.67,1.233,0.2407,256.42,65.93,3.889,216,1916.3,0.091,46.5556,,,,,
2,1.2,0.8,12,6,8,0.15,0.478,0.519,13.9,0.083,20.12,1.172,0.4458,307.64,211.14,1.457,166,2421.6,0.0659,46.4917,,,,,
2,1.2,0.5,12,6,10,0.3,0.479,0.521,9.8,0.104,22.74,1.189,0.404,354.32,202.07,1.753,198,3398.4,0.0719,46.4621,,,,,
2,1.2,0.8,20,6,8,0.3,0.476,0.524,6.8,0.141,31.02,1.256,0.2969,512.17,172.13,2.975,192,4892.2,0.0595,46.4098,,,,,
1,1.2,0.8,12,6,8,0.5,0.483,0.468,20.4,0.075,9.54,1.152,0.4353,165.59,110.78,1.495,232,1562.9,0.1019,46.4087,,,,,
1,1.2,0.8,16,6,8,0.15,0.475,0.288,26.2,0.107,12.13,1.201,0.3533,205.08,93.29,2.198,167,1557.4,0.0913,46.385,,,,,
2,1.2,0.8,12,4,6,0.5,0.478,0.522,9.2,0.095,22.25,1.192,0.3891,355.06,189.77,1.871,221,3684.2,0.0713,46.3737,,,,,
1,1.2,0.65,16,4,4,0.3,0.479,0.374,23.7,0.102,9.89,1.192,0.2909,211.13,72.68,2.905,220,1559.0,0.103,46.2809,,,,,
1,1.2,0.5,20,4,6,0.3,0.48,0.501,16.6,0.134,12.33,1.22,0.2488,275.03,74.68,3.683,209,1991.5,0.0899,46.2587,,,,,
1,1.2,0.65,12,6,10,0.5,0.478,0.436,22.5,0.074,9.43,1.145,0.443,168.44,117.03,1.439,228,1511.6,0.0974,46.1098,,,,,
1,1.2,0.8,8,4,6,0.15,0.469,0.106,28.8,0.097,12.07,1.231,0.5202,123.75,109.04,1.135,173,1603.1,0.1034,46.107,,,,,
2,1.2,0.35,12,6,8,0.3,0.477,0.515,15.8,0.094,15.07,1.15,0.3168,365.54,147.46,2.479,202,1919.2,0.0827,46.0702,,,,,
1,1.2,0.65,16,4,10,1.0,0.478,0.449,20.6,0.082,9.96,1.147,0.368,211.03,107.11,1.97,231,1653.2,0.1013,45.9932,,,,,
2,1.2,0.5,16,4,10,0.3,0.473,0.527,8.8,0.117,24.45,1.199,0.3402,433.52,186.48,2.325,194,3662.6,0.067,45.9599,,,,,
1,1.2,0.65,20,8,8,0.3,0.473,0.523,14.2,0.134,14.16,1.231,0.2775,271.92,84.85,3.205,209,2373.4,0.0722,45.8678,,,,,
2,1.2,0.65,16,4,10,0.5,0.474,0.526,10.0,0.09,21.61,1.162,0.3699,419.46,211.91,1.979,219,3511.4,0.0781,45.838,,,,,
2,1.2,0.65,16,8,6,0.3,0.472,0.528,7.6,0.138,29.09,1.264,0.3457,402.58,168.29,2.392,188,4415.6,0.0687,45.8258,,,,,
1,1.2,0.35,20,4,10,0.3,0.476,0.426,20.9,0.136,10.37,1.193,0.2195,291.67,68.75,4.242,205,1551.0,0.1053,45.7872,,,,,
2,1.2,0.65,8,4,6,0.5,0.472,0.528,8.6,0.094,23.69,1.209,0.4977,275.81,226.14,1.22,219,3961.4,0.0719,45.7622,,,,,
1,1.2,0.65,20,6,10,1.0,0.475,0.514,15.6,0.106,12.26,1.177,0.2933,277.59,97.88,2.836,225,2128.6,0.0886,45.7614,,,,,
1,1.2,0.8,20,6,10,1.0,0.472,0.521,14.5,0.105,12.65,1.18,0.3009,276.05,100.71,2.741,226,2225.8,0.0736,45.7492,,,,,
2,1.2,0.8,20,10,10,0.3,0.472,0.528,7.4,0.123,28.81,1.219,0.3187,503.66,193.29,2.606,182,4241.4,0.0727,45.7452,,,,,
1,1.2,0.65,12,10,6,0.3,0.476,0.483,19.2,0.1,10.89,1.202,0.3953,163.86,89.13,1.838,215,1738.5,0.0993,45.7366,,,,,
2,1.2,0.65,16,6,6,0.3,0.472,0.528,8.6,0.121,25.7,1.233,0.3465,392.72,168.94,2.325,202,4059.2,0.0734,45.7327,,,,,
2,1.2,0.5,16,10,8,0.3,0.47,0.53,7.7,0.146,28.62,1.253,0.3333,425.55,169.84,2.506,189,4362.2,0.0654,45.6923,,,,,
1,1.2,0.8,12,10,10,0.5,0.476,0.48,20.2,0.071,9.67,1.147,0.4732,159.7,125.11,1.277,224,1538.3,0.1025,45.6813,,,,,
2,1.2,0.5,12,10,8,0.3,0.47,0.53,8.1,0.137,27.83,1.248,0.3757,372.67,179.66,2.074,189,4212.2,0.0685,45.6306,,,,,
1,1.2,0.8,12,10,8,0.5,0.471,0.514,18.3,0.082,10.44,1.168,0.4323,167.83,109.42,1.534,229,1749.3,0.086,45.425,,,,,
1,1.5,0.65,16,4,10,0.5,0.46,0.114,28.2,0.143,16.74,1.259,0.3644,223.26,101.67,2.196,118,1644.6,0.0967,45.3437,,,,,
1,1.2,0.65,12,4,10,1.0,0.47,0.447,20.9,0.071,9.09,1.136,0.4335,175.3,118.09,1.485,233,1465.9,0.0981,45.2876,,,,,
2,1.5,0.8,20,6,10,0.5,0.469,0.525,14.4,0.109,25.27,1.186,0.2807,573.62,188.72,3.04,114,2242.6,0.0844,45.2292,,,,,
1,1.2,0.8,16,6,8,0.5,0.469,0.503,19.7,0.081,9.69,1.154,0.368,197.65,99.74,1.982,231,1590.7,0.0889,45.2064,,,,,
1,1.2,0.8,16,10,4,0.3,0.472,0.471,21.6,0.094,9.43,1.19,0.3091,191.36,71.96,2.659,220,1459.0,0.1109,45.1538,,,,,
1,1.5,0.8,16,4,10,0.5,0.46,0.164,28.0,0.126,16.0,1.235,0.3814,220.56,110.1,2.003,118,1557.1,0.0987,45.1536,,,,,
2,1.5,0.8,20,6,10,1.0,0.467,0.528,14.4,0.106,24.84,1.183,0.2857,561.94,190.0,2.958,119,2289.6,0.0792,45.1312,,,,,
2,1.5,0.5,16,4,10,1.0,0.468,0.525,14.8,0.123,25.15,1.205,0.3162,468.03,179.69,2.605,117,2287.0,0.0879,45.0634,,,,,
1,1.5,0.8,20,4,10,0.5,0.461,0.192,27.1,0.136,15.81,1.234,0.2821,295.83,94.2,3.141,117,1522.4,0.104,45.0618,,,,,
1,1.2,0.5,12,6,10,0.3,0.465,0.386,23.8,0.087,9.48,1.158,0.401,173.49,100.3,1.73,207,1382.9,0.1032,44.8829,,,,,
2,1.2,0.65,12,6,6,0.3,0.464,0.536,8.9,0.112,24.54,1.224,0.3939,340.19,180.62,1.883,198,3751.0,0.0762,44.8769,,,,,
2,1.5,0.8,16,6,10,1.0,0.467,0.527,14.9,0.095,24.25,1.179,0.3884,411.36,221.62,1.856,121,2256.4,0.0959,44.7992,,,,,
2,1.2,0.8,12,4,4,0.5,0.463,0.537,9.5,0.091,19.65,1.183,0.3496,363.42,165.1,2.201,226,3181.2,0.0758,44.7848,,,,,
1,1.2,0.8,16,4,6,1.0,0.467,0.489,20.0,0.081,9.11,1.156,0.3333,202.97,87.81,2.311,240,1515.5,0.1055,44.7225,,,,,
2,1.2,0.8,16,4,8,0.5,0.461,0.539,8.1,0.091,22.01,1.172,0.371,403.99,203.33,1.987,221,3637.6,0.0709,44.6824,,,,,
1,1.2,0.5,12,8,8,0.3,0.462,0.391,23.4,0.091,9.39,1.165,0.378,175.79,91.73,1.916,209,1377.5,0.1012,44.6163,,,,,
2,1.2,0.8,20,10,10,0.15,0.459,0.541,12.0,0.101,22.61,1.183,0.3312,442.07,185.13,2.388,157,2686.6,0.0647,44.6059,,,,,
2,1.2,0.8,16,6,10,1.0,0.457,0.543,7.6,0.082,21.26,1.155,0.3946,401.89,226.85,1.772,223,3504.4,0.0595,44.5096,,,,,
2,1.5,0.5,20,4,10,1.0,0.461,0.531,14.2,0.116,22.79,1.182,0.2521,587.05,167.42,3.507,119,2045.2,0.0833,44.4584,,,,,
1,1.2,0.8,16,6,10,0.15,0.453,0.235,27.2,0.1,12.11,1.186,0.3765,204.71,104.21,1.964,162,1508.9,0.0903,44.4298,,,,,
2,1.2,0.65,8,6,6,0.3,0.46,0.54,8.7,0.1,24.8,1.226,0.5153,260.69,225.99,1.154,196,3762.6,0.0789,44.4217,,,,,
2,1.5,0.65,12,6,10,1.0,0.462,0.527,16.8,0.089,22.25,1.176,0.4463,332.73,227.99,1.459,121,2014.6,0.0938,44.3576,,,,,
1,1.5,0.8,20,6,10,1.0,0.456,0.247,25.7,0.126,14.72,1.218,0.2869,287.03,94.83,3.027,122,1454.3,0.1074,44.3421,,,,,
2,1.2,0.65,20,4,10,0.5,0.455,0.545,8.3,0.101,23.13,1.171,0.302,524.52,193.79,2.707,202,3545.8,0.0664,44.1727,,,,,
2,1.2,0.65,12,8,6,0.3,0.456,0.544,7.6,0.124,27.09,1.246,0.3883,353.33,180.0,1.963,188,4040.6,0.0717,44.165,,,,,
1,1.2,0.65,16,8,10,0.5,0.459,0.47,20.4,0.08,9.64,1.143,0.3677,209.15,106.38,1.966,223,1525.8,0.0994,44.1248,,,,,
2,1.5,0.8,16,6,10,0.5,0.46,0.533,15.0,0.097,24.65,1.182,0.3879,412.98,221.48,1.865,116,2209.4,0.0967,44.0867,,,,,
2,1.2,0.65,12,10,10,0.3,0.458,0.542,8.0,0.112,27.54,1.222,0.4457,340.76,224.26,1.519,184,4048.8,0.0865,44.0691,,,,,
2,1.2,0.8,16,8,10,1.0,0.451,0.549,7.6,0.085,21.82,1.161,0.3971,396.2,224.8,1.763,209,3401.4,0.0588,43.9244,,,,,
1,1.2,0.8,20,10,6,0.3,0.456,0.529,16.8,0.111,11.42,1.205,0.271,247.94,76.52,3.24,214,1843.9,0.0863,43.9185,,,,,
2,1.2,0.5,12,8,10,0.3,0.452,0.548,8.7,0.106,22.82,1.19,0.3989,358.45,199.95,1.793,188,3242.8,0.0667,43.8656,,,,,
1,1.2,0.5,8,4,4,1.0,0.458,0.488,19.7,0.082,8.58,1.163,0.4274,143.14,91.85,1.558,241,1393.5,0.1054,43.8531,,,,,
2,1.5,0.5,12,4,10,1.0,0.456,0.537,15.5,0.108,23.08,1.191,0.3846,375.01,196.88,1.905,117,2045.2,0.0885,43.8517,,,,,
2,1.2,0.65,20,4,10,0.3,0.453,0.547,7.3,0.129,28.6,1.221,0.306,516.01,186.32,2.769,183,4214.2,0.0741,43.8173,,,,,
1,1.2,0.35,20,8,8,0.3,0.457,0.446,21.4,0.127,9.45,1.181,0.2087,294.67,65.8,4.478,206,1369.1,0.1096,43.7991,,,,,
1,1.5,0.8,20,6,10,0.5,0.451,0.264,25.5,0.129,15.03,1.222,0.2821,293.06,94.2,3.111,117,1430.8,0.1079,43.7967,,,,,
1,1.2,0.5,20,8,10,0.3,0.455,0.524,16.0,0.116,11.54,1.183,0.265,281.53,85.8,3.281,200,1748.6,0.0887,43.7888,,,,,
1,1.2,0.35,20,8,10,0.3,0.454,0.465,20.5,0.125,9.59,1.178,0.2167,292.8,68.79,4.257,203,1377.5,0.0989,43.6658,,,,,
2,1.5,0.8,16,8,10,0.5,0.455,0.542,14.9,0.09,22.84,1.171,0.3898,400.98,218.75,1.833,118,2034.4,0.0941,43.6279,,,,,
2,1.5,0.65,16,8,10,1.0,0.453,0.517,17.0,0.086,20.24,1.157,0.3659,407.54,203.21,2.006,123,1800.4,0.0901,43.5879,,,,,
1,1.2,0.65,16,8,6,0.3,0.454,0.488,20.7,0.093,9.77,1.177,0.3395,191.61,83.71,2.289,215,1498.2,0.1013,43.5478,,,,,
2,1.2,0.8,12,8,10,0.5,0.447,0.553,9.0,0.072,19.88,1.153,0.4879,307.33,254.0,1.21,207,2967.8,0.0634,43.4324,,,,,
2,1.2,0.8,16,6,4,0.3,0.448,0.552,11.5,0.086,17.33,1.172,0.3095,380.61,145.52,2.616,210,2469.2,0.0703,43.3939,,,,,
2,1.2,0.8,20,8,6,0.3,0.446,0.554,7.0,0.114,23.3,1.21,0.266,504.86,151.18,3.34,188,3333.2,0.0607,43.3854,,,,,
1,1.2,0.5,8,6,4,0.3,0.451,0.407,24.9,0.086,8.72,1.176,0.4358,133.82,87.91,1.522,218,1289.6,0.1091,43.3445,,,,,
2,1.2,0.35,12,6,10,0.3,0.447,0.551,14.1,0.091,14.97,1.144,0.335,354.4,156.02,2.272,200,1880.4,0.0684,43.3388,,,,,
2,1.2,0.5,16,4,6,0.3,0.447,0.553,8.8,0.119,22.84,1.207,0.3077,432.15,159.07,2.717,195,3361.8,0.0685,43.3301,,,,,
1,1.2,0.65,20,10,10,0.3,0.45,0.532,16.9,0.102,11.37,1.173,0.2976,259.31,93.66,2.769,205,1756.6,0.0931,43.191,,,,,
2,1.2,0.65,8,4,6,1.0,0.446,0.554,8.6,0.082,20.83,1.182,0.4978,272.44,228.54,1.192,225,3427.8,0.0722,43.1557,,,,,
2,1.2,0.35,12,10,8,0.3,0.445,0.555,11.2,0.129,20.3,1.204,0.3175,377.69,145.93,2.588,189,2789.4,0.0697,43.1069,,,,,
2,1.2,0.8,12,4,8,1.0,0.444,0.556,8.3,0.077,19.74,1.155,0.4286,343.6,223.15,1.54,224,3179.0,0.0647,43.1062,,,,,
1,1.2,0.5,20,10,8,0.3,0.45,0.533,18.3,0.111,10.59,1.178,0.2524,277.51,79.55,3.489,206,1603.8,0.1019,43.0128,,,,,
2,1.2,0.5,16,8,10,0.3,0.443,0.557,8.2,0.116,23.93,1.194,0.3387,434.06,186.13,2.332,186,3415.6,0.0658,42.9833,,,,,
2,1.2,0.8,16,10,8,0.15,0.441,0.559,10.7,0.097,21.95,1.188,0.3675,377.98,184.89,2.044,166,2730.6,0.0578,42.9444,,,,,
2,1.2,0.8,12,10,4,0.3,0.44,0.56,8.0,0.103,21.72,1.214,0.356,345.93,157.51,2.196,191,3090.6,0.0548,42.9033,,,,,
2,1.2,0.8,12,6,4,0.3,0.442,0.556,11.9,0.077,16.1,1.161,0.3558,326.32,155.22,2.102,208,2188.6,0.0658,42.8897,,,,,
2,1.2,0.65,16,4,10,0.15,0.443,0.555,14.8,0.087,19.45,1.152,0.3484,422.49,196.04,2.155,155,2152.2,0.0717,42.8717,,,,,
1,1.2,0.8,20,10,10,0.5,0.446,0.53,18.1,0.081,9.65,1.139,0.3018,262.02,99.44,2.635,222,1521.5,0.0906,42.8596,,,,,
1,1.2,0.8,20,6,10,0.15,0.442,0.393,25.3,0.101,11.49,1.173,0.2981,260.94,94.47,2.762,161,1399.2,0.0923,42.8499,,,,,
2,1.2,0.8,12,10,8,0.15,0.439,0.56,10.8,0.093,22.33,1.196,0.4458,306.17,205.98,1.486,166,2794.0,0.0578,42.7461,,,,,
1,1.2,0.65,16,10,6,0.3,0.446,0.514,19.6,0.093,9.78,1.178,0.3426,189.36,83.8,2.26,216,1507.7,0.1007,42.7057,,,,,
1,1.2,0.8,20,4,8,0.5,0.441,0.554,14.9,0.096,10.86,1.167,0.2719,279.26,89.38,3.124,228,1838.3,0.0724,42.6671,,,,,
1,1.2,0.35,12,4,10,0.3,0.436,0.261,27.5,0.116,9.56,1.183,0.3365,183.21,78.53,2.333,208,1405.1,0.0947,42.6152,,,,,
2,1.5,0.5,16,4,10,0.5,0.444,0.548,15.4,0.113,23.14,1.187,0.3125,470.49,180.19,2.611,112,1965.0,0.0916,42.5917,,,,,
2,1.2,0.8,20,4,6,0.3,0.436,0.564,7.0,0.113,23.42,1.206,0.2656,516.37,154.88,3.334,192,3427.6,0.0526,42.5484,,,,,
2,1.2,0.8,20,4,4,0.15,0.437,0.562,12.3,0.11,19.23,1.209,0.2222,500.11,118.16,4.232,162,2213.8,0.0644,42.416,,,,,
1,1.2,0.5,20,4,10,0.5,0.441,0.534,16.5,0.102,10.33,1.159,0.2661,283.22,88.59,3.197,218,1641.3,0.0896,42.3827,,,,,
2,1.2,0.65,20,4,6,0.15,0.436,0.564,10.5,0.123,22.88,1.214,0.2532,512.59,143.12,3.582,158,2730.6,0.0614,42.3715,,,,,
2,1.2,0.65,20,6,10,0.15,0.434,0.565,11.9,0.102,21.6,1.171,0.3032,486.96,180.91,2.692,155,2486.2,0.0622,42.1584,,,,,
2,1.5,0.65,16,10,10,0.5,0.44,0.553,15.7,0.089,20.68,1.162,0.359,412.97,199.0,2.075,117,1764.6,0.098,42.0617,,,,,
1,1.2,0.65,12,6,6,0.3,0.438,0.445,23.7,0.076,8.37,1.152,0.3899,162.94,90.41,1.802,218,1214.6,0.1046,42.0586,,,,,
2,1.2,0.35,16,10,8,0.3,0.434,0.566,11.1,0.129,19.77,1.197,0.2804,428.99,139.71,3.071,189,2689.4,0.0671,42.0575,,,,,
2,1.2,0.65,16,10,6,0.3,0.434,0.566,7.3,0.119,24.72,1.225,0.3316,405.88,164.37,2.469,190,3637.6,0.0671,42.057,,,,,
2,1.2,0.5,16,6,10,0.3,0.433,0.567,9.1,0.1,20.81,1.169,0.3367,428.39,186.11,2.302,196,2987.6,0.0627,42.0454,,,,,
1,1.2,0.65,20,8,6,0.3,0.434,0.554,15.9,0.111,11.01,1.197,0.2642,252.83,75.8,3.335,212,1740.0,0.0809,41.8182,,,,,
1,1.2,0.65,20,4,10,0.15,0.432,0.394,25.4,0.109,11.71,1.181,0.2893,264.13,91.04,2.901,159,1417.3,0.0953,41.817,,,,,
1,1.2,0.8,20,4,6,0.15,0.432,0.391,26.1,0.106,10.45,1.193,0.2515,257.27,72.46,3.55,171,1308.7,0.0988,41.7557,,,,,
2,1.2,0.65,12,4,4,0.3,0.433,0.567,10.2,0.091,18.58,1.178,0.3382,363.62,157.78,2.305,204,2647.6,0.083,41.6406,,,,,
2,1.2,0.8,20,6,6,0.3,0.427,0.573,6.9,0.101,21.0,1.186,0.2694,497.89,154.88,3.215,193,2977.6,0.0535,41.6305,,,,,
1,1.2,0.8,16,10,8,0.5,0.432,0.551,18.1,0.075,8.97,1.141,0.3609,200.75,99.32,2.021,230,1418.5,0.0815,41.622,,,,,
2,1.5,0.5,20,4,10,0.5,0.431,0.562,15.0,0.106,20.72,1.164,0.2456,598.63,167.44,3.575,114,1723.2,0.0763,41.5949,,,,,
2,1.2,0.8,12,4,6,1.0,0.428,0.572,9.2,0.077,18.13,1.154,0.3833,353.57,190.31,1.858,227,2850.6,0.0614,41.5723,,,,,
2,1.2,0.5,16,4,4,0.3,0.428,0.572,9.6,0.099,18.13,1.174,0.2829,433.06,145.58,2.975,205,2569.2,0.0645,41.5093,,,,,
2,1.2,0.65,12,10,6,0.3,0.428,0.572,7.5,0.107,22.9,1.211,0.3789,346.89,174.78,1.985,190,3292.8,0.0652,41.4967,,,,,
2,1.2,0.65,12,6,10,0.5,0.431,0.569,9.7,0.075,19.05,1.147,0.445,334.04,233.47,1.431,218,2936.8,0.082,41.4594,,,,,
2,1.2,0.65,16,6,10,0.15,0.428,0.571,12.8,0.088,19.54,1.154,0.3526,415.42,196.04,2.119,156,2180.2,0.0712,41.3792,,,,,
2,1.2,0.8,12,6,8,0.5,0.426,0.574,9.0,0.068,17.46,1.139,0.435,328.74,222.17,1.48,223,2656.2,0.0623,41.353,,,,,
2,1.5,0.65,12,6,10,0.5,0.432,0.557,18.0,0.08,19.98,1.158,0.4397,333.67,226.15,1.475,116,1667.6,0.0942,41.3482,,,,,
2,1.2,0.35,16,6,8,0.3,0.427,0.569,15.3,0.09,13.9,1.137,0.2786,413.75,140.52,2.944,201,1674.8,0.0713,41.2857,,,,,
2,1.2,0.8,20,10,6,0.3,0.424,0.576,6.9,0.11,22.64,1.203,0.2674,502.41,152.46,3.295,187,3197.0,0.0567,41.2667,,,,,
2,1.2,0.8,16,4,8,1.0,0.426,0.574,8.2,0.074,17.9,1.139,0.3656,401.83,203.39,1.976,227,2804.0,0.0694,41.2111,,,,,
2,1.2,0.8,16,8,4,0.3,0.426,0.573,10.1,0.091,18.18,1.181,0.3046,388.85,144.16,2.697,197,2483.8,0.0709,41.185,,,,,
2,1.2,0.8,16,4,6,0.5,0.423,0.577,8.9,0.081,18.12,1.154,0.3348,404.69,176.47,2.293,224,2809.2,0.0614,41.0725,,,,,
2,1.2,0.65,20,6,10,0.3,0.423,0.577,7.5,0.1,22.08,1.169,0.2984,511.92,186.29,2.748,191,3152.6,0.0617,41.0665,,,,,
1,1.2,0.8,16,10,10,1.0,0.428,0.533,19.5,0.064,8.26,1.12,0.387,199.02,112.15,1.775,230,1256.0,0.0929,41.0585,,,,,
1,1.2,0.65,20,4,8,0.15,0.426,0.432,25.9,0.105,10.67,1.176,0.2683,266.19,83.02,3.206,164,1290.8,0.0992,41.0424,,,,,
2,1.5,0.65,16,10,10,1.0,0.428,0.565,15.5,0.084,19.42,1.153,0.3607,406.7,199.04,2.043,122,1686.6,0.0905,41.0114,,,,,
2,1.2,0.8,12,8,4,0.3,0.424,0.576,10.1,0.081,16.7,1.167,0.3485,335.23,153.68,2.181,198,2203.2,0.0713,40.9744,,,,,
1,1.2,0.8,20,4,6,0.5,0.424,0.566,15.9,0.095,10.07,1.169,0.2554,272.49,79.94,3.409,231,1679.9,0.0778,40.8746,,,,,
1,1.2,0.8,12,4,4,1.0,0.426,0.537,19.5,0.071,7.85,1.142,0.3455,182.42,84.32,2.164,246,1242.0,0.0944,40.8224,,,,,
2,1.2,0.65,16,6,10,0.5,0.422,0.578,9.6,0.078,18.79,1.14,0.3699,414.08,213.22,1.942,219,2895.0,0.0692,40.8157,,,,,
2,1.2,0.8,16,10,10,0.5,0.422,0.578,9.0,0.068,17.18,1.128,0.3923,387.07,221.65,1.746,209,2436.8,0.0698,40.8033,,,,,
1,1.2,0.8,16,8,8,0.5,0.424,0.549,18.2,0.072,8.63,1.136,0.3624,199.25,99.74,1.998,229,1334.0,0.0841,40.7982,,,,,
2,1.5,0.65,20,6,8,0.5,0.424,0.573,13.5,0.099,21.76,1.163,0.2632,589.37,180.95,3.257,114,1842.6,0.0812,40.7842,,,,,
1,1.2,0.8,12,6,8,1.0,0.426,0.536,21.4,0.059,7.51,1.119,0.4286,164.83,110.48,1.492,238,1121.1,0.1019,40.6751,,,,,
2,1.2,0.65,16,4,4,0.3,0.422,0.577,10.5,0.089,17.6,1.166,0.2899,426.54,149.32,2.857,207,2483.0,0.0773,40.6562,,,,,
2,1.2,0.65,20,8,10,0.15,0.42,0.58,11.2,0.108,23.06,1.186,0.3197,460.72,182.63,2.523,147,2572.8,0.0691,40.6171,,,,,
2,1.2,0.8,20,4,10,1.0,0.416,0.584,7.0,0.083,20.02,1.145,0.3085,513.38,200.03,2.566,201,2910.4,0.0528,40.5432,,,,,
2,1.2,0.8,8,4,4,1.0,0.418,0.582,9.5,0.069,17.54,1.159,0.4764,268.91,211.15,1.274,233,2788.6,0.0663,40.4736,,,,,
1,1.2,0.65,8,4,4,1.0,0.423,0.551,18.8,0.064,7.57,1.138,0.4472,139.76,99.36,1.407,246,1172.8,0.0953,40.4718,,,,,
2,1.2,0.65,20,6,8,0.15,0.416,0.584,10.7,0.097,19.68,1.167,0.2812,489.71,164.25,2.982,160,2258.2,0.0606,40.3881,,,,,
1,1.2,0.65,16,4,6,0.5,0.424,0.506,21.7,0.075,8.1,1.139,0.3262,202.96,86.23,2.354,233,1235.1,0.1123,40.3645,,,,,
1,1.2,0.8,20,8,10,1.0,0.419,0.575,14.9,0.079,9.61,1.136,0.3009,265.94,100.71,2.641,226,1538.3,0.08,40.3186,,,,,
2,1.2,0.8,20,8,8,0.15,0.414,0.586,10.8,0.089,19.03,1.163,0.3006,452.35,167.22,2.705,163,2200.0,0.0583,40.2333,,,,,
1,1.2,0.5,20,6,10,0.5,0.419,0.562,16.1,0.093,9.4,1.143,0.2558,294.25,88.52,3.324,215,1419.1,0.0869,40.2191,,,,,
1,1.2,0.65,12,4,8,0.5,0.418,0.494,22.1,0.065,7.87,1.124,0.3983,179.14,105.49,1.698,231,1171.5,0.0948,40.1684,,,,,
2,1.2,0.8,16,8,8,0.15,0.413,0.587,11.4,0.08,18.52,1.154,0.3659,378.35,189.07,2.001,164,2130.6,0.0582,40.1359,,,,,
1,1.5,0.65,20,8,10,1.0,0.411,0.228,27.3,0.122,13.32,1.211,0.2869,266.79,88.65,3.009,122,1283.4,0.1031,40.1209,,,,,
1,1.2,0.8,20,6,8,0.5,0.415,0.578,14.0,0.089,10.05,1.154,0.2699,278.21,89.09,3.123,226,1638.3,0.0708,40.1043,,,,,
2,1.2,0.35,12,8,8,0.3,0.414,0.582,13.2,0.096,15.03,1.15,0.3109,371.26,145.68,2.548,193,1825.2,0.0657,40.0979,,,,,
1,1.2,0.8,12,4,8,0.15,0.406,0.19,28.8,0.088,10.86,1.182,0.4405,160.3,106.78,1.501,168,1354.6,0.0893,40.0253,,,,,
2,1.2,0.35,12,8,10,0.3,0.413,0.586,11.6,0.098,15.84,1.153,0.3298,361.91,154.49,2.343,191,1961.4,0.064,40.0235,,,,,
1,1.2,0.8,20,10,4,0.3,0.418,0.556,17.8,0.092,8.72,1.172,0.235,252.56,66.19,3.816,217,1285.5,0.0933,40.012,,,,,
1,1.2,0.5,12,4,10,1.0,0.416,0.492,22.4,0.064,7.12,1.113,0.3886,180.26,102.95,1.751,229,989.6,0.097,39.9352,,,,,
1,1.5,0.65,20,8,10,0.5,0.409,0.235,27.2,0.126,13.68,1.216,0.2821,273.11,88.24,3.095,117,1272.4,0.1023,39.9212,,,,,
2,1.2,0.8,16,10,4,0.3,0.409,0.591,7.6,0.081,17.33,1.163,0.3089,400.82,154.07,2.601,191,2252.2,0.0502,39.8954,,,,,
2,1.2,0.35,16,8,8,0.3,0.411,0.588,12.6,0.102,15.63,1.155,0.276,422.18,139.39,3.029,192,1930.8,0.0626,39.8505,,,,,
1,1.2,0.5,12,4,10,0.5,0.415,0.469,22.8,0.069,7.65,1.123,0.3901,179.38,102.21,1.755,223,1081.4,0.1017,39.8145,,,,,
2,1.2,0.65,16,8,10,0.5,0.412,0.588,8.4,0.086,20.64,1.155,0.3725,412.96,212.3,1.945,204,3073.4,0.0697,39.8066,,,,,
2,1.2,0.8,16,6,8,0.5,0.408,0.592,8.2,0.067,16.26,1.128,0.3673,390.59,201.0,1.943,226,2420.8,0.0569,39.6614,,,,,
1,1.2,0.5,20,6,6,0.3,0.415,0.57,17.2,0.099,9.16,1.162,0.2415,272.17,74.6,3.648,207,1316.5,0.0943,39.6585,,,,,
1,1.2,0.5,16,6,10,0.3,0.414,0.468,22.6,0.079,8.17,1.133,0.3366,207.07,92.74,2.233,205,1101.0,0.1066,39.6222,,,,,
1,1.2,0.8,12,4,6,0.15,0.403,0.117,29.4,0.097,10.69,1.203,0.3988,158.88,87.62,1.813,173,1365.6,0.1081,39.5784,,,,,
1,1.2,0.8,12,10,8,1.0,0.412,0.573,18.1,0.064,8.15,1.13,0.4255,166.53,109.17,1.525,235,1257.5,0.0847,39.5503,,,,,
1,1.2,0.65,20,10,8,0.3,0.409,0.582,14.8,0.105,11.1,1.181,0.2714,266.98,84.23,3.17,210,1742.6,0.0688,39.55,,,,,
2,1.2,0.5,16,10,10,0.3,0.406,0.594,8.0,0.092,19.13,1.155,0.3388,420.49,186.52,2.254,183,2487.6,0.0575,39.4494,,,,,
2,1.2,0.5,20,4,8,0.3,0.406,0.594,7.7,0.111,20.9,1.178,0.2553,541.23,157.5,3.436,188,2882.0,0.0577,39.4463,,,,,
1,1.2,0.8,16,6,8,1.0,0.41,0.567,19.6,0.064,7.65,1.12,0.3629,196.37,99.83,1.967,237,1148.9,0.0907,39.256,,,,,
2,1.2,0.5,20,8,8,0.3,0.404,0.596,7.7,0.111,20.86,1.179,0.2567,536.48,157.19,3.413,187,2859.6,0.0636,39.1285,,,,,
2,1.2,0.65,20,10,10,0.3,0.407,0.593,7.1,0.102,22.4,1.173,0.3005,504.31,184.67,2.731,183,3085.4,0.0796,39.1075,,,,,
1,1.2,0.8,16,4,6,0.15,0.399,0.227,29.1,0.099,10.1,1.19,0.3081,205.66,77.0,2.671,172,1255.9,0.096,39.1019,,,,,
2,1.5,0.5,12,4,10,0.5,0.409,0.579,16.0,0.087,18.53,1.151,0.375,375.6,195.71,1.919,112,1448.2,0.093,39.0766,,,,,
2,1.2,0.8,20,6,10,0.5,0.402,0.598,8.2,0.063,15.21,1.109,0.3029,509.41,199.52,2.553,208,2009.2,0.0564,39.0713,,,,,
2,1.2,0.65,16,6,8,0.15,0.403,0.595,13.3,0.078,16.67,1.14,0.3416,396.53,180.42,2.198,161,1788.4,0.0679,38.9482,,,,,
2,1.2,0.5,8,6,4,0.3,0.402,0.596,11.5,0.067,13.53,1.134,0.4244,269.8,175.42,1.538,205,1624.8,0.0633,38.9392,,,,,
2,1.2,0.8,20,8,10,0.5,0.4,0.6,8.0,0.071,16.89,1.124,0.3081,498.33,197.48,2.523,198,2245.8,0.0568,38.865,,,,,
1,1.2,0.65,16,4,8,0.5,0.405,0.537,22.0,0.067,7.72,1.121,0.3435,208.07,97.1,2.143,230,1131.0,0.0949,38.7765,,,,,
1,1.2,0.5,20,4,10,1.0,0.405,0.574,16.2,0.082,8.38,1.128,0.2589,286.02,88.63,3.227,224,1249.5,0.0902,38.7593,,,,,
2,1.2,0.65,16,8,10,0.15,0.402,0.597,11.7,0.09,20.13,1.161,0.3649,398.68,197.34,2.02,148,2155.6,0.073,38.7434,,,,,
1,1.2,0.5,12,8,10,0.3,0.403,0.501,22.3,0.068,7.32,1.121,0.3951,172.07,100.3,1.716,205,926.2,0.0966,38.6564,,,,,
2,1.5,0.65,20,6,8,1.0,0.401,0.598,13.5,0.085,18.91,1.141,0.2627,581.65,181.61,3.203,118,1570.2,0.0774,38.5551,,,,,
2,1.2,0.65,12,4,10,1.0,0.402,0.598,10.0,0.058,14.73,1.11,0.4299,344.99,234.28,1.473,221,2022.6,0.0866,38.4672,,,,,
2,1.2,0.35,16,6,10,0.3,0.398,0.599,14.0,0.08,12.73,1.12,0.2828,418.66,147.36,2.841,198,1416.6,0.0681,38.4463,,,,,
2,1.2,0.5,12,8,6,0.3,0.398,0.602,9.3,0.086,16.94,1.157,0.3598,346.34,168.18,2.059,189,2142.4,0.0678,38.4434,,,,,
1,1.2,0.8,12,4,10,0.15,0.389,0.16,29.3,0.084,10.98,1.172,0.4695,159.58,120.55,1.324,164,1340.8,0.091,38.4323,,,,,
1,1.2,0.65,20,6,10,0.15,0.398,0.435,25.6,0.098,10.46,1.162,0.2893,259.78,91.04,2.854,159,1217.3,0.0939,38.4239,,,,,
2,1.2,0.65,16,4,8,0.5,0.396,0.604,8.6,0.074,17.2,1.136,0.3519,409.67,195.85,2.092,216,2511.8,0.0601,38.3985,,,,,
2,1.2,0.65,20,10,8,0.3,0.398,0.602,6.5,0.099,20.34,1.17,0.2713,516.2,164.24,3.143,188,2783.2,0.0714,38.3722,,,,,
2,1.2,0.65,20,4,8,0.3,0.395,0.605,7.2,0.096,20.16,1.166,0.2723,520.93,167.18,3.116,191,2786.2,0.0632,38.2365,,,,,
2,1.2,0.65,20,8,8,0.3,0.398,0.602,6.5,0.105,21.69,1.179,0.2674,533.87,165.24,3.231,187,3013.8,0.0794,38.2111,,,,,
2,1.2,0.35,16,10,10,0.3,0.395,0.605,9.9,0.109,17.27,1.164,0.2849,429.46,146.99,2.922,186,2181.2,0.0658,38.1834,,,,,
2,1.5,0.8,20,8,10,0.5,0.397,0.598,14.3,0.077,18.04,1.133,0.2807,547.84,188.72,2.903,114,1417.6,0.0784,38.1478,,,,,
1,1.2,0.5,16,8,10,0.3,0.399,0.522,20.3,0.074,7.7,1.124,0.33,211.57,92.74,2.281,203,994.3,0.0995,38.1465,,,,,
2,1.5,0.8,12,6,10,1.0,0.399,0.593,15.7,0.064,17.29,1.129,0.4628,326.2,248.85,1.311,121,1414.6,0.0907,38.1097,,,,,
1,1.2,0.35,16,4,8,0.3,0.387,0.224,27.9,0.115,8.97,1.176,0.2823,212.29,71.0,2.99,209,1289.8,0.0892,38.0826,,,,,
2,1.2,0.5,20,10,8,0.3,0.393,0.607,7.6,0.109,20.43,1.176,0.2606,524.29,157.19,3.335,188,2798.8,0.0614,38.0725,,,,,
1,1.2,0.65,12,10,10,0.5,0.397,0.544,20.7,0.059,7.47,1.114,0.4395,165.46,116.4,1.422,223,1041.1,0.0928,38.0204,,,,,
2,1.2,0.5,12,6,6,0.3,0.394,0.604,10.5,0.073,14.54,1.134,0.3668,335.52,171.43,1.957,199,1778.2,0.0697,38.011,,,,,
2,1.2,0.8,20,10,8,0.15,0.391,0.609,10.6,0.081,17.28,1.149,0.3012,443.14,166.28,2.665,166,1955.6,0.0549,38.0025,,,,,
1,1.5,0.8,12,4,10,1.0,0.388,0.287,27.5,0.096,13.01,1.194,0.4553,176.12,123.32,1.428,123,1255.6,0.0907,37.9614,,,,,
1,1.2,0.65,20,8,10,1.0,0.394,0.595,15.1,0.075,8.65,1.125,0.2933,265.28,97.88,2.71,225,1316.1,0.0737,37.9591,,,,,
1,1.2,0.65,12,4,6,0.5,0.396,0.524,20.8,0.067,7.56,1.129,0.3718,177.37,92.94,1.908,234,1113.1,0.0943,37.9534,,,,,
1,1.2,0.5,12,4,4,0.5,0.398,0.535,20.4,0.071,6.81,1.129,0.3291,181.57,78.9,2.301,234,938.1,0.1044,37.9125,,,,,
2,1.5,0.5,20,6,10,1.0,0.394,0.6,15.1,0.083,16.36,1.13,0.2458,580.38,167.42,3.467,118,1270.2,0.0782,37.8533,,,,,
1,1.2,0.65,16,10,10,0.5,0.394,0.544,20.6,0.065,7.87,1.117,0.3661,204.57,105.72,1.935,224,1135.3,0.0867,37.8512,,,,,
2,1.2,0.5,8,6,6,0.3,0.392,0.607,10.2,0.068,14.83,1.136,0.4596,268.81,201.17,1.336,198,1828.2,0.0704,37.7957,,,,,
2,1.5,0.5,16,6,10,1.0,0.394,0.599,15.2,0.082,16.74,1.137,0.325,427.15,180.86,2.362,120,1337.0,0.0814,37.7934,,,,,
2,1.5,0.5,16,8,10,0.5,0.394,0.604,15.6,0.081,16.41,1.135,0.3248,423.56,179.43,2.361,117,1265.0,0.0829,37.7485,,,,,
2,1.5,0.8,16,10,10,0.5,0.396,0.603,13.9,0.066,16.62,1.123,0.3761,402.15,215.75,1.864,117,1289.6,0.0949,37.7048,,,,,
2,1.5,0.8,16,8,10,1.0,0.395,0.594,15.5,0.065,16.58,1.122,0.3821,399.77,220.39,1.814,123,1350.4,0.0922,37.6886,,,,,
1,1.2,0.35,16,4,10,0.3,0.386,0.323,26.9,0.105,8.43,1.159,0.2864,214.62,74.32,2.888,206,1160.7,0.0914,37.6446,,,,,
2,1.2,0.8,12,10,8,0.5,0.388,0.612,8.3,0.052,13.21,1.105,0.4279,323.8,219.1,1.478,215,1653.2,0.0629,37.5413,,,,,
2,1.2,0.35,16,8,10,0.3,0.387,0.613,11.2,0.094,14.82,1.141,0.2804,428.78,146.51,2.927,189,1747.6,0.0613,37.4741,,,,,
1,1.2,0.65,12,6,10,1.0,0.39,0.54,22.5,0.051,6.55,1.098,0.4378,166.79,118.23,1.411,233,872.6,0.0923,37.3646,,,,,
2,1.5,0.8,20,8,10,1.0,0.388,0.607,14.4,0.073,17.07,1.126,0.2857,534.74,190.0,2.814,119,1364.6,0.0739,37.3369,,,,,
1,1.2,0.65,20,10,10,0.5,0.39,0.581,17.3,0.071,8.17,1.12,0.2941,259.89,96.71,2.687,221,1186.8,0.0877,37.3322,,,,,
2,1.5,0.65,12,10,10,1.0,0.388,0.604,15.6,0.066,16.19,1.129,0.4344,325.95,221.74,1.47,122,1292.2,0.0789,37.2451,,,,,
2,1.2,0.65,12,4,6,0.5,0.386,0.614,9.4,0.067,15.03,1.129,0.3699,356.3,185.28,1.923,219,2064.8,0.068,37.2402,,,,,
1,1.2,0.35,12,4,8,0.3,0.378,0.217,28.8,0.107,8.63,1.17,0.319,185.82,74.39,2.498,210,1224.5,0.0919,37.1762,,,,,
2,1.2,0.8,12,6,8,1.0,0.383,0.617,8.7,0.052,13.29,1.105,0.4279,327.17,221.52,1.477,229,1772.6,0.0562,37.1755,,,,,
1,1.2,0.8,12,8,10,1.0,0.389,0.549,20.9,0.048,6.57,1.098,0.4741,155.46,127.66,1.218,232,875.6,0.096,37.1655,,,,,
2,1.2,0.65,8,4,4,0.5,0.385,0.615,9.3,0.063,14.61,1.135,0.442,278.27,194.2,1.433,224,2019.2,0.0668,37.1635,,,,,
1,1.2,0.65,20,4,6,0.5,0.387,0.6,16.0,0.085,8.65,1.146,0.2478,273.49,78.61,3.479,230,1345.2,0.0813,37.1125,,,,,
1,1.2,0.65,20,4,8,0.5,0.385,0.608,15.2,0.083,8.98,1.139,0.2643,279.19,88.1,3.169,227,1403.6,0.0706,37.1097,,,,,
1,1.2,0.65,20,6,8,0.15,0.385,0.489,24.5,0.093,9.53,1.157,0.2683,261.93,83.02,3.155,164,1103.3,0.089,37.0979,,,,,
1,1.2,0.65,12,8,6,0.3,0.388,0.531,21.9,0.066,7.23,1.13,0.3843,163.71,90.41,1.811,216,957.9,0.0999,37.0444,,,,,
2,1.5,0.65,12,10,10,0.5,0.386,0.602,15.5,0.066,16.24,1.129,0.4274,332.51,219.78,1.513,117,1245.2,0.0805,37.0258,,,,,
2,1.2,0.8,12,10,10,0.15,0.385,0.612,12.5,0.068,17.28,1.143,0.4777,288.5,230.79,1.25,157,1850.0,0.0743,37.0227,,,,,
2,1.2,0.8,16,10,8,0.5,0.381,0.619,8.1,0.054,12.86,1.101,0.3581,391.1,198.18,1.973,215,1578.2,0.0571,36.9585,,,,,
1,1.2,0.5,20,4,4,0.3,0.386,0.588,17.5,0.09,7.83,1.149,0.2196,274.47,67.22,4.083,214,1076.0,0.0869,36.9406,,,,,
1,1.2,0.65,16,6,10,1.0,0.386,0.546,20.9,0.059,7.17,1.106,0.3652,205.8,107.11,1.921,230,1006.0,0.0944,36.917,,,,,
2,1.5,0.65,12,8,10,0.5,0.387,0.608,16.7,0.066,16.34,1.131,0.4407,320.26,223.11,1.435,118,1267.6,0.0933,36.8486,,,,,
1,1.2,0.8,20,4,8,1.0,0.381,0.614,14.2,0.072,8.13,1.124,0.265,278.45,89.32,3.118,234,1246.5,0.0662,36.7913,,,,,
2,1.5,0.65,16,4,8,0.5,0.383,0.615,13.8,0.086,19.84,1.15,0.3274,464.65,196.71,2.362,113,1609.4,0.0767,36.7725,,,,,
2,1.2,0.35,20,8,10,0.3,0.38,0.62,9.7,0.098,14.84,1.139,0.2174,559.52,136.46,4.1,184,1706.2,0.0615,36.7694,,,,,
2,1.2,0.65,20,4,6,0.3,0.38,0.62,7.7,0.085,16.78,1.148,0.25,520.0,150.96,3.445,192,2146.6,0.0615,36.7694,,,,,
2,1.2,0.65,20,6,10,0.5,0.38,0.62,8.7,0.067,15.16,1.111,0.2919,521.19,193.41,2.695,209,2003.2,0.0618,36.7646,,,,,
1,1.5,0.65,12,4,10,1.0,0.374,0.267,28.3,0.102,12.7,1.197,0.4309,178.77,113.04,1.582,123,1218.1,0.087,36.7378,,,,,
2,1.2,0.8,16,4,6,1.0,0.377,0.623,8.9,0.063,14.17,1.119,0.3304,402.33,177.4,2.268,230,1975.6,0.053,36.6401,,,,,
2,1.2,0.5,16,8,6,0.3,0.38,0.62,8.2,0.09,17.03,1.156,0.3085,408.63,157.69,2.591,188,2148.0,0.0686,36.6286,,,,,
2,1.2,0.5,8,4,4,0.5,0.379,0.621,10.3,0.061,12.78,1.121,0.4189,282.92,181.98,1.555,222,1593.8,0.065,36.5997,,,,,
1,1.2,0.8,12,10,10,1.0,0.384,0.581,20.0,0.047,6.4,1.095,0.4672,157.74,126.33,1.249,229,824.3,0.0955,36.5955,,,,,
2,1.2,0.8,20,4,8,0.5,0.377,0.623,7.5,0.056,12.49,1.097,0.2651,535.26,176.1,3.039,215,1492.8,0.0558,36.5845,,,,,
2,1.2,0.8,16,6,8,1.0,0.376,0.624,8.0,0.05,12.18,1.095,0.3621,388.02,201.14,1.929,232,1537.2,0.0542,36.5166,,,,,
2,1.2,0.35,8,4,4,0.3,0.377,0.621,13.0,0.078,12.46,1.131,0.35,307.39,146.35,2.1,200,1372.6,0.0624,36.4581,,,,,
2,1.2,0.65,16,4,6,0.5,0.377,0.623,9.6,0.067,14.43,1.123,0.3229,408.86,173.64,2.355,223,1970.0,0.0621,36.4576,,,,,
1,1.2,0.65,20,4,4,0.3,0.382,0.607,17.2,0.081,7.49,1.143,0.2212,270.58,67.23,4.024,217,1017.6,0.0917,36.3998,,,,,
2,1.2,0.8,12,8,8,0.15,0.377,0.621,11.8,0.065,15.79,1.136,0.4491,294.17,211.14,1.393,167,1713.4,0.0664,36.3782,,,,,
2,1.2,0.5,20,8,10,0.3,0.376,0.624,7.7,0.081,16.06,1.127,0.2652,537.0,171.95,3.123,181,1899.2,0.0629,36.3418,,,,,
2,1.2,0.65,12,4,8,0.5,0.378,0.622,10.0,0.056,13.5,1.106,0.3963,354.93,210.64,1.685,217,1720.0,0.0736,36.3281,,,,,
2,1.2,0.8,20,6,4,0.15,0.374,0.623,13.1,0.07,12.25,1.134,0.2242,462.41,117.88,3.923,165,1102.2,0.0598,36.2124,,,,,
2,1.2,0.5,16,10,6,0.3,0.375,0.625,8.1,0.091,17.17,1.156,0.3085,411.7,158.85,2.592,188,2181.6,0.0644,36.2121,,,,,
2,1.2,0.65,20,6,8,0.3,0.373,0.627,6.9,0.073,15.26,1.125,0.2653,518.36,166.41,3.115,196,1899.6,0.0544,36.2112,,,,,
2,1.2,0.65,16,4,10,1.0,0.376,0.624,9.3,0.061,14.65,1.108,0.3616,417.3,213.42,1.955,224,2033.4,0.0703,36.1943,,,,,
2,1.2,0.5,16,6,6,0.3,0.375,0.625,9.1,0.073,13.87,1.126,0.3081,402.39,159.12,2.529,198,1636.8,0.0664,36.1723,,,,,
2,1.2,0.8,16,4,4,0.5,0.375,0.625,9.0,0.063,13.25,1.121,0.2939,417.39,154.93,2.694,228,1750.2,0.0685,36.1292,,,,,
2,1.5,0.5,20,6,10,0.5,0.377,0.616,15.4,0.076,14.88,1.117,0.2389,595.59,167.44,3.557,113,1048.2,0.0799,36.1224,,,,,
2,1.2,0.8,20,8,4,0.3,0.372,0.628,8.5,0.055,10.67,1.101,0.2316,500.9,137.07,3.654,190,968.6,0.0556,36.088,,,,,
2,1.2,0.8,12,8,10,1.0,0.374,0.626,8.6,0.047,13.05,1.098,0.4811,303.82,256.58,1.184,212,1589.8,0.0663,36.0749,,,,,
2,1.5,0.65,20,4,8,0.5,0.377,0.615,15.6,0.077,16.98,1.126,0.2522,603.55,180.81,3.338,115,1309.0,0.0832,36.0599,,,,,
2,1.5,0.8,16,10,10,1.0,0.376,0.62,14.1,0.059,14.92,1.111,0.377,396.63,216.12,1.835,122,1136.6,0.0803,36.0062,,,,,
1,1.2,0.8,16,8,8,1.0,0.376,0.603,18.4,0.054,6.49,1.101,0.3574,197.62,99.83,1.979,235,867.2,0.0836,35.9911,,,,,
1,1.2,0.65,20,6,8,0.5,0.375,0.616,14.1,0.076,8.26,1.127,0.2622,278.96,87.95,3.172,225,1228.6,0.0774,35.9786,,,,,
2,1.2,0.35,20,8,8,0.3,0.373,0.627,10.3,0.099,14.6,1.142,0.2086,562.97,129.9,4.334,187,1689.4,0.0681,35.9385,,,,,
2,1.2,0.5,20,6,8,0.3,0.37,0.63,7.7,0.086,16.3,1.138,0.2487,541.05,157.41,3.437,193,2070.4,0.0549,35.9018,,,,,
2,1.2,0.5,12,10,6,0.3,0.372,0.628,8.2,0.085,16.64,1.153,0.3564,351.55,168.8,2.083,188,2081.6,0.0652,35.896,,,,,
1,1.2,0.8,16,10,8,1.0,0.374,0.612,18.6,0.056,6.73,1.105,0.3559,198.81,99.42,2.0,236,926.7,0.0819,35.8035,,,,,
2,1.5,0.8,12,6,10,0.5,0.374,0.619,16.1,0.057,15.45,1.115,0.4569,326.74,246.43,1.326,116,1142.6,0.0883,35.6556,,,,,
2,1.5,0.65,20,8,8,0.5,0.371,0.626,13.5,0.07,15.4,1.116,0.2632,565.2,180.95,3.123,114,1117.6,0.0739,35.6305,,,,,
1,1.2,0.65,16,4,4,0.5,0.376,0.562,20.8,0.063,6.38,1.117,0.2869,211.95,76.33,2.777,237,848.9,0.1106,35.5749,,,,,
2,1.2,0.35,12,10,10,0.3,0.367,0.633,10.2,0.083,13.5,1.131,0.3333,350.59,155.04,2.261,186,1481.2,0.0593,35.5147,,,,,
1,1.2,0.35,20,10,10,0.3,0.374,0.552,20.8,0.089,6.77,1.125,0.2129,286.18,68.79,4.16,202,802.5,0.1068,35.4869,,,,,
1,1.2,0.8,20,6,8,1.0,0.367,0.629,13.7,0.065,7.31,1.111,0.2629,277.4,89.04,3.116,232,1046.5,0.0662,35.389,,,,,
2,1.2,0.8,20,4,4,0.3,0.365,0.635,8.5,0.058,11.23,1.106,0.2261,518.84,137.09,3.785,199,1126.4,0.0573,35.3534,,,,,
1,1.2,0.5,20,6,10,1.0,0.369,0.612,15.6,0.073,7.45,1.112,0.2489,297.2,88.55,3.356,221,1027.3,0.085,35.257,,,,,
2,1.2,0.65,16,10,10,0.15,0.365,0.634,12.5,0.067,15.33,1.122,0.3642,387.79,198.06,1.958,151,1480.6,0.0649,35.2058,,,,,
2,1.5,0.5,16,6,10,0.5,0.367,0.627,16.1,0.075,15.3,1.124,0.3217,429.97,181.41,2.37,115,1115.0,0.0776,35.1667,,,,,
1,1.2,0.65,12,4,8,1.0,0.368,0.556,22.6,0.05,6.04,1.094,0.3924,178.42,105.3,1.694,237,767.2,0.0931,35.1666,,,,,
1,1.2,0.8,20,10,8,0.5,0.365,0.627,16.1,0.064,7.18,1.111,0.2643,273.01,88.32,3.091,227,995.0,0.0722,35.079,,,,,
2,1.5,0.65,16,4,8,1.0,0.367,0.633,13.6,0.075,17.45,1.131,0.3248,462.95,196.84,2.352,117,1387.0,0.0819,35.0621,,,,,
2,1.2,0.8,20,10,4,0.3,0.361,0.639,7.9,0.058,11.21,1.106,0.2316,503.24,137.07,3.671,190,1077.2,0.0527,35.0459,,,,,
2,1.2,0.65,20,4,10,1.0,0.361,0.639,7.6,0.06,13.87,1.1,0.2899,524.93,194.73,2.696,207,1717.8,0.0541,35.019,,,,,
1,1.2,0.8,20,4,6,1.0,0.365,0.624,15.4,0.069,7.39,1.123,0.2489,271.64,80.2,3.387,237,1088.1,0.0768,34.998,,,,,
1,1.2,0.8,16,10,8,0.15,0.36,0.431,25.1,0.076,8.66,1.144,0.3494,196.98,92.48,2.13,166,972.7,0.0825,34.9779,,,,,
1,1.2,0.65,12,10,4,0.3,0.368,0.593,19.8,0.065,6.67,1.132,0.3578,159.49,78.48,2.032,218,842.6,0.0989,34.9387,,,,,
1,1.2,0.8,20,8,8,0.5,0.363,0.63,14.2,0.064,7.17,1.11,0.2699,267.56,89.09,3.003,226,988.3,0.0696,34.9296,,,,,
2,1.2,0.5,12,10,10,0.3,0.361,0.639,8.4,0.065,14.08,1.116,0.3934,344.03,199.95,1.721,183,1562.6,0.0605,34.8904,,,,,
2,1.2,0.65,16,4,8,1.0,0.36,0.64,8.6,0.057,13.25,1.103,0.3468,407.27,195.99,2.078,222,1703.2,0.0575,34.8507,,,,,
2,1.2,0.35,20,4,8,0.3,0.362,0.638,11.6,0.088,13.08,1.127,0.2073,560.01,129.9,4.311,193,1450.2,0.0705,34.7897,,,,,
2,1.2,0.65,16,10,8,0.15,0.36,0.64,10.8,0.076,16.66,1.141,0.3526,382.49,182.56,2.095,156,1736.2,0.0634,34.7317,,,,,
2,1.2,0.65,20,10,8,0.15,0.357,0.643,9.8,0.078,15.77,1.136,0.2949,447.8,164.89,2.716,156,1597.8,0.0499,34.7018,,,,,
2,1.2,0.65,20,10,10,0.15,0.36,0.64,11.6,0.073,15.74,1.126,0.3179,441.46,182.65,2.417,151,1542.2,0.0657,34.6864,,,,,
1,1.2,0.65,12,4,4,0.5,0.365,0.589,19.4,0.057,5.96,1.109,0.3361,180.23,82.28,2.19,238,751.9,0.0985,34.6676,,,,,
1,1.2,0.8,16,4,4,1.0,0.364,0.611,18.5,0.056,5.92,1.107,0.2939,208.85,78.54,2.659,245,764.0,0.0908,34.6582,,,,,
2,1.2,0.5,20,4,10,0.3,0.358,0.642,7.8,0.073,14.45,1.114,0.262,538.69,171.7,3.137,187,1660.0,0.0591,34.619,,,,,
2,1.2,0.65,20,8,6,0.3,0.36,0.64,7.6,0.07,13.71,1.122,0.2447,516.09,149.04,3.463,188,1524.2,0.0697,34.6052,,,,,
1,1.2,0.8,12,8,8,0.5,0.361,0.607,19.6,0.045,5.71,1.09,0.4304,159.85,110.78,1.443,230,668.7,0.0845,34.5059,,,,,
2,1.2,0.5,20,4,8,0.15,0.357,0.643,10.9,0.075,13.79,1.119,0.245,530.96,154.06,3.446,151,1242.2,0.062,34.4601,,,,,
1,1.2,0.8,12,6,8,0.15,0.349,0.273,27.9,0.076,9.37,1.157,0.4405,156.93,106.78,1.47,168,1104.6,0.0788,34.4581,,,,,
1,1.2,0.35,20,10,8,0.3,0.362,0.537,21.8,0.091,6.8,1.13,0.2049,288.53,65.8,4.385,205,819.1,0.1028,34.4468,,,,,
1,1.2,0.5,16,4,10,0.5,0.361,0.56,22.0,0.057,6.05,1.095,0.3258,214.41,94.63,2.266,221,718.7,0.0947,34.443,,,,,
2,1.2,0.65,12,6,10,1.0,0.36,0.64,9.3,0.051,13.01,1.098,0.4395,330.63,236.0,1.401,223,1658.8,0.0784,34.4313,,,,,
2,1.5,0.65,20,10,10,0.5,0.358,0.636,15.4,0.064,13.89,1.109,0.2719,518.02,174.4,2.97,114,945.2,0.0745,34.327,,,,,
1,1.2,0.65,16,8,10,1.0,0.359,0.597,20.2,0.051,6.25,1.091,0.3596,208.08,107.11,1.943,228,786.8,0.0869,34.2945,,,,,
1,1.2,0.65,16,4,6,1.0,0.359,0.567,21.2,0.058,6.28,1.107,0.3222,201.79,86.65,2.329,239,830.8,0.0999,34.1246,,,,,
1,1.2,0.65,20,10,6,0.3,0.356,0.63,16.8,0.074,7.42,1.132,0.2582,246.92,75.95,3.251,213,984.2,0.0776,34.0893,,,,,
2,1.5,0.8,16,4,8,0.5,0.357,0.642,13.0,0.062,15.42,1.11,0.3363,460.98,210.33,2.192,113,1109.4,0.0818,34.0667,,,,,
2,1.2,0.35,20,4,8,0.15,0.354,0.634,14.7,0.087,12.22,1.125,0.2115,519.12,123.78,4.194,156,1038.0,0.07,34.0357,,,,,
2,1.2,0.35,20,4,10,0.3,0.353,0.647,10.4,0.082,12.37,1.116,0.2158,552.45,136.24,4.055,190,1292.0,0.0635,34.0298,,,,,
2,1.2,0.8,16,8,8,0.5,0.35,0.65,8.3,0.044,10.49,1.082,0.3607,383.1,199.78,1.918,219,1081.2,0.0485,34.0298,,,,,
1,1.5,0.5,20,6,10,1.0,0.348,0.364,25.9,0.11,10.81,1.172,0.2479,296.95,83.52,3.556,121,969.6,0.0835,33.9933,,,,,
2,1.2,0.8,12,10,10,0.5,0.355,0.643,9.4,0.035,9.52,1.072,0.4689,303.21,249.77,1.214,209,836.8,0.0764,33.9776,,,,,
1,1.2,0.5,16,4,4,0.5,0.359,0.591,19.9,0.06,5.58,1.104,0.2747,215.82,74.04,2.915,233,647.6,0.1056,33.9377,,,,,
1,1.5,0.5,20,4,10,1.0,0.348,0.319,28.0,0.112,10.95,1.174,0.2479,297.5,83.52,3.562,121,986.2,0.0931,33.9366,,,,,
2,1.2,0.8,16,10,10,1.0,0.351,0.649,8.5,0.038,9.77,1.071,0.3832,384.93,223.29,1.724,214,908.8,0.0589,33.9222,,,,,
1,1.2,0.5,20,6,4,0.3,0.357,0.618,17.9,0.071,6.17,1.117,0.217,271.93,67.47,4.03,212,715.0,0.0934,33.9064,,,,,
1,1.2,0.65,20,6,4,0.3,0.356,0.63,17.4,0.072,6.67,1.128,0.2233,263.98,67.29,3.923,215,831.6,0.0868,33.9059,,,,,
2,1.2,0.5,12,10,4,0.3,0.35,0.65,8.4,0.07,13.02,1.127,0.3316,348.78,153.54,2.272,190,1414.8,0.0563,33.8745,,,,,
2,1.2,0.65,12,8,10,0.5,0.353,0.647,9.3,0.049,12.39,1.095,0.4444,320.82,234.34,1.369,207,1411.8,0.0776,33.7473,,,,,
2,1.5,0.5,16,8,10,1.0,0.353,0.641,16.7,0.059,12.21,1.099,0.3197,422.8,180.72,2.339,122,806.0,0.0847,33.6247,,,,,
2,1.2,0.65,20,8,10,0.5,0.347,0.653,8.3,0.057,12.93,1.095,0.2965,502.09,193.21,2.599,199,1464.8,0.0552,33.5965,,,,,
2,1.2,0.5,12,4,10,0.5,0.349,0.65,11.5,0.042,9.31,1.073,0.386,352.95,206.77,1.707,215,802.8,0.0678,33.5471,,,,,
2,1.5,0.65,20,4,8,1.0,0.35,0.643,15.4,0.067,14.73,1.109,0.2521,596.77,181.46,3.289,119,1086.6,0.0747,33.5278,,,,,
1,1.2,0.8,16,8,8,0.15,0.344,0.424,26.2,0.071,8.08,1.134,0.3533,193.64,93.29,2.076,167,882.4,0.0804,33.4877,,,,,
1,1.2,0.5,20,8,6,0.3,0.352,0.628,18.5,0.067,6.2,1.11,0.2415,259.92,74.6,3.484,207,704.0,0.0913,33.4338,,,,,
1,1.2,0.65,12,10,8,0.5,0.35,0.627,18.8,0.05,5.93,1.095,0.3991,171.32,103.92,1.649,228,714.6,0.0835,33.3998,,,,,
2,1.2,0.35,20,4,10,0.15,0.345,0.653,12.8,0.084,12.17,1.12,0.22,518.21,130.56,3.969,150,991.4,0.0579,33.3471,,,,,
2,1.5,0.65,20,10,10,1.0,0.347,0.643,15.6,0.06,12.89,1.102,0.2773,503.29,175.29,2.871,119,867.2,0.074,33.2504,,,,,
2,1.2,0.5,20,10,10,0.3,0.345,0.655,7.5,0.063,12.54,1.1,0.2692,513.29,171.95,2.985,182,1274.2,0.0625,33.2495,,,,,
2,1.2,0.65,20,10,6,0.3,0.346,0.654,7.4,0.064,12.47,1.111,0.2487,500.43,149.04,3.358,189,1304.4,0.0679,33.2421,,,,,
2,1.2,0.5,20,4,6,0.3,0.344,0.656,7.7,0.069,12.57,1.112,0.2328,538.09,146.9,3.663,189,1317.4,0.059,33.2191,,,,,
1,1.2,0.8,12,10,8,0.15,0.341,0.439,26.6,0.068,8.21,1.139,0.4337,155.03,104.26,1.487,166,897.7,0.0793,33.1749,,,,,
2,1.2,0.8,12,10,8,1.0,0.342,0.658,8.2,0.034,8.55,1.068,0.4208,321.12,218.55,1.469,221,669.6,0.0534,33.1319,,,,,
2,1.2,0.65,20,6,6,0.3,0.342,0.658,7.9,0.056,10.98,1.097,0.2437,507.32,148.91,3.407,197,1060.0,0.0543,33.114,,,,,
2,1.5,0.65,12,8,10,1.0,0.347,0.64,18.2,0.05,12.38,1.097,0.439,317.54,226.45,1.402,123,833.6,0.0815,33.109,,,,,
2,1.2,0.65,8,6,4,0.3,0.345,0.655,10.2,0.052,11.52,1.112,0.4417,258.22,183.7,1.406,206,1219.6,0.0708,33.0833,,,,,
2,1.5,0.5,20,8,10,1.0,0.344,0.649,14.4,0.064,12.55,1.099,0.2458,564.86,167.42,3.374,118,820.2,0.0685,33.0513,,,,,
1,1.2,0.65,16,4,8,1.0,0.346,0.599,20.9,0.051,5.88,1.092,0.339,206.88,97.2,2.128,236,726.7,0.0864,33.0377,,,,,
1,1.2,0.65,12,8,10,0.5,0.344,0.574,21.3,0.045,5.7,1.087,0.4381,163.13,117.03,1.394,226,654.9,0.083,32.9869,,,,,
2,1.2,0.8,16,10,8,1.0,0.34,0.66,7.9,0.034,8.21,1.064,0.3529,387.05,198.42,1.951,221,594.6,0.0532,32.9354,,,,,
1,1.5,0.8,12,4,10,0.5,0.335,0.298,28.9,0.087,11.65,1.173,0.4492,175.71,122.12,1.439,118,1044.6,0.0845,32.9112,,,,,
2,1.2,0.5,16,10,4,0.3,0.34,0.66,8.3,0.066,11.83,1.114,0.2789,415.06,144.16,2.879,190,1189.8,0.0582,32.8357,,,,,
2,1.2,0.65,12,4,6,1.0,0.34,0.66,8.8,0.05,11.18,1.095,0.3644,354.7,185.8,1.909,225,1256.2,0.0591,32.8183,,,,,
2,1.5,0.5,20,8,10,0.5,0.343,0.652,15.2,0.06,11.78,1.092,0.2389,582.63,167.44,3.48,113,698.2,0.0754,32.8063,,,,,
2,1.2,0.8,16,6,6,0.15,0.342,0.653,15.9,0.05,10.12,1.097,0.3118,365.94,151.07,2.422,170,773.4,0.0709,32.7973,,,,,
2,1.2,0.8,20,10,8,0.5,0.337,0.663,7.2,0.038,8.34,1.065,0.2629,518.32,173.56,2.986,213,601.0,0.0456,32.7889,,,,,
2,1.2,0.35,20,6,10,0.3,0.339,0.661,10.4,0.07,10.66,1.099,0.2105,561.26,136.17,4.122,190,967.0,0.0587,32.7267,,,,,
2,1.5,0.65,20,8,8,1.0,0.34,0.658,13.4,0.056,12.34,1.092,0.2627,556.65,181.61,3.065,118,795.2,0.0676,32.6547,,,,,
1,1.2,0.8,20,10,10,1.0,0.342,0.642,16.5,0.047,5.7,1.08,0.2907,263.34,99.92,2.635,227,657.5,0.0803,32.6426,,,,,
2,1.5,0.8,20,6,8,0.5,0.34,0.657,12.8,0.052,12.33,1.086,0.2632,589.37,193.75,3.042,114,767.6,0.0687,32.6347,,,,,
1,1.2,0.65,8,6,4,0.3,0.34,0.52,24.0,0.053,5.94,1.117,0.448,126.52,91.91,1.377,221,693.7,0.09,32.6191,,,,,
2,1.2,0.65,16,6,10,1.0,0.338,0.662,8.8,0.049,11.9,1.087,0.3616,411.92,214.68,1.919,224,1417.0,0.0604,32.5919,,,,,
1,1.2,0.65,12,4,6,1.0,0.341,0.583,21.3,0.051,5.75,1.097,0.3667,176.63,93.17,1.896,240,708.8,0.0876,32.5754,,,,,
2,1.2,0.5,20,6,10,0.3,0.336,0.664,7.9,0.056,11.1,1.087,0.2567,540.01,171.54,3.148,187,1035.0,0.0529,32.5417,,,,,
2,1.2,0.8,20,6,4,0.3,0.336,0.664,9.0,0.039,7.46,1.07,0.2261,502.17,137.09,3.663,199,376.4,0.0533,32.5342,,,,,
1,1.2,0.5,8,6,6,0.3,0.341,0.509,24.8,0.055,6.04,1.111,0.4648,129.67,101.32,1.28,213,691.1,0.1008,32.5332,,,,,
1,1.5,0.65,20,6,8,0.5,0.336,0.384,25.9,0.093,10.22,1.154,0.2564,299.45,89.51,3.345,117,868.3,0.0969,32.5024,,,,,
2,1.2,0.8,12,4,4,1.0,0.336,0.664,8.8,0.046,10.32,1.092,0.3391,361.21,169.67,2.129,233,1106.2,0.0552,32.4967,,,,,
2,1.2,0.35,20,10,10,0.3,0.336,0.664,9.8,0.072,10.84,1.102,0.2216,528.2,136.46,3.871,185,981.2,0.059,32.4206,,,,,
1,1.2,0.5,20,10,10,0.3,0.341,0.635,17.7,0.063,6.25,1.098,0.2587,269.82,85.74,3.147,201,692.8,0.0892,32.3877,,,,,
2,1.2,0.35,8,4,6,0.3,0.336,0.664,12.4,0.062,10.18,1.103,0.36,303.29,154.69,1.961,200,916.6,0.0608,32.3831,,,,,
2,1.2,0.65,12,10,8,0.15,0.337,0.663,11.4,0.064,14.5,1.126,0.4167,311.34,197.53,1.576,156,1399.6,0.0659,32.3812,,,,,
2,1.2,0.35,20,6,8,0.3,0.336,0.664,10.7,0.072,10.62,1.103,0.2021,565.39,129.87,4.354,193,975.2,0.0616,32.3681,,,,,
2,1.2,0.5,12,4,10,1.0,0.336,0.664,10.5,0.037,8.38,1.065,0.3846,354.94,208.23,1.705,221,619.2,0.0635,32.3295,,,,,
2,1.5,0.5,12,6,10,1.0,0.338,0.652,16.5,0.051,10.98,1.091,0.3917,335.47,197.95,1.695,120,645.2,0.0777,32.2761,,,,,
2,1.2,0.65,20,8,8,0.15,0.335,0.665,11.1,0.055,11.08,1.094,0.2812,459.16,164.25,2.796,160,883.2,0.0613,32.275,,,,,
2,1.5,0.8,12,8,10,0.5,0.339,0.657,14.9,0.041,11.05,1.084,0.4576,312.1,242.97,1.285,118,642.6,0.0855,32.2022,,,,,
2,1.2,0.65,12,10,4,0.3,0.333,0.667,8.3,0.056,11.38,1.109,0.3403,340.74,158.53,2.149,191,1109.6,0.0564,32.1719,,,,,
2,1.2,0.8,20,10,10,0.5,0.331,0.669,8.6,0.033,7.74,1.056,0.2995,487.2,197.27,2.47,207,459.2,0.0477,32.1457,,,,,
1,1.2,0.8,20,6,6,0.5,0.335,0.658,15.4,0.058,6.1,1.103,0.2533,258.77,79.61,3.251,229,754.9,0.0724,32.0739,,,,,
2,1.2,0.8,20,8,10,1.0,0.33,0.67,7.4,0.033,7.85,1.056,0.2956,499.97,198.63,2.517,203,467.8,0.0476,32.0482,,,,,
1,1.2,0.8,8,6,4,0.5,0.337,0.578,21.3,0.043,5.28,1.102,0.4854,118.0,101.02,1.168,239,593.3,0.0954,32.0479,,,,,
2,1.2,0.8,20,8,6,0.15,0.332,0.665,12.3,0.046,8.78,1.085,0.2663,419.95,140.43,2.99,169,543.6,0.0601,32.0079,,,,,
2,1.2,0.65,12,4,8,1.0,0.333,0.667,9.5,0.04,9.66,1.075,0.3901,353.43,210.25,1.681,223,911.4,0.0658,31.9835,,,,,
2,1.2,0.65,16,8,10,1.0,0.333,0.667,8.0,0.054,13.21,1.097,0.3636,410.66,213.91,1.92,209,1595.4,0.0659,31.9823,,,,,
2,1.2,0.5,12,6,4,0.3,0.33,0.67,11.6,0.039,7.43,1.072,0.3317,332.32,153.83,2.16,205,374.8,0.0641,31.7181,,,,,
2,1.2,0.5,20,10,6,0.3,0.329,0.671,7.9,0.051,9.35,1.083,0.2406,504.4,147.54,3.419,187,706.6,0.0593,31.7132,,,,,
1,1.2,0.5,12,10,6,0.3,0.337,0.606,20.6,0.051,5.07,1.093,0.3619,165.34,85.82,1.927,210,477.5,0.108,31.7115,,,,,
1,1.2,0.65,20,4,8,1.0,0.33,0.666,14.4,0.058,6.34,1.097,0.2575,278.36,88.01,3.163,233,824.3,0.0657,31.6986,,,,,
1,1.2,0.5,12,6,4,0.3,0.33,0.519,24.9,0.06,5.62,1.111,0.344,163.17,77.01,2.119,218,614.6,0.0884,31.685,,,,,
2,1.2,0.8,20,6,8,0.5,0.327,0.673,7.8,0.03,6.64,1.051,0.2639,519.02,177.04,2.932,216,236.4,0.0508,31.6841,,,,,
2,1.2,0.65,16,4,6,1.0,0.328,0.672,9.2,0.049,10.67,1.09,0.3188,406.34,174.48,2.329,229,1161.4,0.0561,31.679,,,,,
2,1.2,0.8,20,6,10,1.0,0.327,0.673,7.7,0.027,6.4,1.045,0.2911,510.36,200.53,2.545,213,181.2,0.0525,31.649,,,,,
1,1.2,0.5,12,10,4,0.3,0.335,0.61,20.7,0.057,5.36,1.105,0.3442,163.72,77.75,2.106,215,551.0,0.1013,31.6394,,,,,
2,1.5,0.8,16,4,8,1.0,0.331,0.668,13.0,0.05,12.54,1.089,0.3333,459.42,210.9,2.178,117,812.0,0.0734,31.6352,,,,,
1,1.2,0.5,20,4,8,0.5,0.333,0.636,17.5,0.056,5.47,1.087,0.2387,285.65,82.4,3.467,222,592.6,0.0908,31.5773,,,,,
1,1.5,0.5,20,6,10,0.5,0.322,0.385,26.5,0.104,10.2,1.161,0.2414,304.76,83.52,3.649,116,858.6,0.0772,31.5354,,,,,
1,1.2,0.8,16,8,10,0.15,0.321,0.356,27.7,0.07,8.49,1.131,0.3765,195.08,104.21,1.872,162,921.4,0.0775,31.5184,,,,,
1,1.2,0.65,20,4,6,1.0,0.329,0.661,15.9,0.059,6.05,1.101,0.2415,272.62,78.84,3.458,236,765.9,0.0745,31.44,,,,,
1,1.2,0.65,16,4,8,0.15,0.32,0.338,28.6,0.081,8.71,1.144,0.3333,207.73,90.8,2.288,165,975.5,0.0818,31.39,,,,,
1,1.5,0.65,20,4,8,0.5,0.321,0.35,27.6,0.094,10.36,1.156,0.2564,300.0,89.51,3.352,117,884.9,0.0878,31.3316,,,,,
2,1.2,0.8,16,10,6,0.15,0.325,0.675,12.2,0.04,8.26,1.078,0.3133,364.12,154.06,2.363,166,452.2,0.0585,31.3304,,,,,
2,1.2,0.65,12,8,10,0.15,0.328,0.669,12.2,0.051,12.11,1.099,0.4379,306.02,216.86,1.411,153,1002.2,0.0755,31.2993,,,,,
2,1.2,0.5,12,8,4,0.3,0.325,0.675,9.8,0.047,8.62,1.085,0.3231,341.37,150.19,2.273,195,589.0,0.0626,31.2478,,,,,
1,1.2,0.5,16,4,10,1.0,0.327,0.608,21.0,0.047,5.01,1.078,0.3216,215.92,94.97,2.274,227,501.9,0.0827,31.2406,,,,,
2,1.2,0.5,20,8,6,0.3,0.324,0.676,8.4,0.045,8.1,1.072,0.234,514.15,146.53,3.509,188,470.0,0.0587,31.2255,,,,,
1,1.5,0.65,20,4,10,0.3,0.318,0.346,27.9,0.105,11.43,1.174,0.2571,300.46,88.62,3.39,105,906.0,0.0797,31.2135,,,,,
1,1.2,0.8,8,6,6,0.5,0.328,0.59,22.0,0.038,5.14,1.091,0.5297,116.3,120.05,0.969,236,551.7,0.0922,31.2012,,,,,
1,1.2,0.5,12,8,4,0.3,0.327,0.559,23.0,0.053,4.98,1.098,0.338,165.58,77.01,2.15,216,470.4,0.0925,31.1912,,,,,
1,1.2,0.5,20,8,10,0.5,0.327,0.655,15.8,0.05,5.1,1.077,0.2558,277.43,88.52,3.134,215,494.1,0.0784,31.1861,,,,,
2,1.2,0.35,20,10,8,0.3,0.324,0.676,9.9,0.074,10.94,1.107,0.2128,532.02,129.9,4.096,188,1014.4,0.0638,31.1234,,,,,
1,1.5,0.65,12,4,10,0.5,0.317,0.309,29.1,0.089,11.02,1.17,0.4237,178.5,112.13,1.592,118,969.6,0.0851,31.1208,,,,,
2,1.2,0.8,20,4,8,1.0,0.321,0.679,7.3,0.031,6.95,1.053,0.2579,533.51,176.06,3.03,221,309.2,0.0506,31.0885,,,,,
1,1.2,0.65,20,6,8,1.0,0.324,0.671,14.4,0.052,5.61,1.086,0.2554,278.11,87.86,3.165,231,649.3,0.0689,31.0361,,,,,
2,1.5,0.8,12,10,10,0.5,0.323,0.673,14.5,0.038,10.05,1.076,0.4444,321.64,239.23,1.344,117,520.2,0.065,31.0113,,,,,
2,1.2,0.5,8,4,4,1.0,0.32,0.68,9.5,0.038,8.06,1.075,0.4167,277.49,184.4,1.505,228,560.2,0.0537,30.9253,,,,,
1,1.2,0.8,12,6,10,0.15,0.311,0.239,29.5,0.069,8.99,1.141,0.4695,155.36,120.55,1.289,164,1015.8,0.0778,30.8937,,,,,
1,1.2,0.8,8,4,4,0.15,0.305,0.11,29.8,0.084,9.18,1.194,0.4509,125.32,86.18,1.454,173,1103.1,0.0743,30.7683,,,,,
2,1.2,0.5,16,8,4,0.3,0.319,0.681,9.1,0.048,8.54,1.083,0.2732,408.6,141.84,2.881,194,569.6,0.0585,30.7307,,,,,
2,1.2,0.65,12,4,4,0.5,0.319,0.681,8.4,0.042,8.78,1.08,0.3304,358.92,163.96,2.189,224,711.8,0.0589,30.7218,,,,,
1,1.2,0.5,16,10,10,0.3,0.324,0.608,21.6,0.051,5.27,1.085,0.3333,202.39,93.29,2.169,204,503.8,0.0957,30.6897,,,,,
2,1.2,0.8,12,4,4,0.15,0.322,0.603,20.8,0.043,8.5,1.089,0.3214,324.59,141.23,2.298,168,492.8,0.0871,30.6821,,,,,
2,1.2,0.8,12,10,6,0.15,0.318,0.682,11.8,0.042,9.09,1.089,0.4036,277.0,172.22,1.608,166,590.6,0.0564,30.6726,,,,,
2,1.5,0.8,20,4,6,0.3,0.32,0.679,15.4,0.041,8.61,1.07,0.2162,610.67,157.47,3.878,111,334.4,0.0694,30.6158,,,,,
2,1.2,0.65,20,4,8,0.5,0.317,0.683,7.4,0.03,6.44,1.049,0.2512,544.16,173.91,3.129,215,186.8,0.0544,30.6129,,,,,
2,1.5,0.8,16,4,10,0.15,0.319,0.606,21.4,0.062,14.66,1.109,0.3333,447.23,201.63,2.218,69,624.8,0.0772,30.5804,,,,,
2,1.5,0.8,12,10,10,1.0,0.319,0.675,14.3,0.036,9.63,1.073,0.4508,315.92,241.79,1.307,122,492.2,0.0681,30.5566,,,,,
2,1.2,0.65,16,8,8,0.15,0.318,0.682,12.4,0.047,10.1,1.085,0.3416,377.29,180.42,2.091,161,730.2,0.0641,30.5188,,,,,
1,1.5,0.5,16,4,10,1.0,0.307,0.276,29.0,0.107,10.96,1.178,0.3197,226.6,90.36,2.508,122,995.9,0.0728,30.4943,,,,,
1,1.2,0.8,20,8,8,1.0,0.317,0.681,13.7,0.04,4.51,1.069,0.2629,266.74,89.04,2.996,232,396.5,0.0627,30.4512,,,,,
1,1.2,0.8,20,8,8,0.15,0.315,0.535,25.2,0.063,6.78,1.111,0.2771,244.57,84.38,2.899,166,660.2,0.0764,30.4217,,,,,
1,1.5,0.65,20,4,8,1.0,0.314,0.378,27.4,0.083,9.19,1.138,0.2562,296.77,89.86,3.303,121,773.7,0.0972,30.3808,,,,,
1,1.2,0.5,20,8,4,0.3,0.319,0.659,18.1,0.056,4.88,1.092,0.217,265.95,67.47,3.942,212,440.0,0.0831,30.305,,,,,
2,1.2,0.8,20,10,6,0.15,0.314,0.686,12.1,0.037,7.2,1.069,0.2651,422.93,142.73,2.963,166,277.2,0.0596,30.2072,,,,,
2,1.2,0.5,20,6,8,0.15,0.312,0.688,10.6,0.052,9.46,1.081,0.2434,516.92,153.81,3.361,152,592.2,0.0538,30.124,,,,,
2,1.2,0.8,20,4,6,0.5,0.311,0.689,7.3,0.028,5.82,1.048,0.2396,527.16,158.48,3.326,217,53.6,0.0496,30.1085,,,,,
1,1.2,0.8,12,10,6,0.5,0.317,0.665,18.5,0.041,4.75,1.083,0.3879,160.73,94.1,1.708,232,453.4,0.0831,30.0918,,,,,
2,1.5,0.8,20,6,8,1.0,0.313,0.683,12.6,0.038,9.16,1.064,0.2627,581.65,194.83,2.985,118,420.2,0.0614,30.0849,,,,,
2,1.2,0.35,12,4,4,0.3,0.314,0.685,12.9,0.048,7.27,1.076,0.2836,363.8,133.85,2.718,201,336.0,0.0665,30.073,,,,,
1,1.2,0.65,16,6,8,0.15,0.309,0.424,28.0,0.071,7.65,1.126,0.3333,204.55,90.8,2.253,165,800.5,0.0818,30.0656,,,,,
2,1.5,0.65,16,6,8,0.5,0.318,0.681,14.1,0.049,11.19,1.086,0.3305,426.8,193.99,2.2,118,659.4,0.0873,30.0579,,,,,
1,1.5,0.65,20,6,8,1.0,0.31,0.416,25.5,0.08,8.85,1.132,0.2562,295.43,89.86,3.288,121,732.1,0.0899,30.023,,,,,
1,1.2,0.65,16,10,8,0.5,0.314,0.655,19.9,0.044,5.02,1.079,0.3406,201.6,96.52,2.089,229,508.8,0.0754,29.9852,,,,,
2,1.5,0.5,16,10,10,1.0,0.314,0.681,14.9,0.043,8.84,1.073,0.3223,404.99,179.57,2.255,121,392.2,0.0719,29.9764,,,,,
1,1.5,0.65,20,4,8,0.3,0.304,0.361,27.7,0.099,10.73,1.163,0.2547,300.46,88.29,3.403,106,840.7,0.0754,29.8979,,,,,
1,1.5,0.8,20,8,10,1.0,0.306,0.383,27.1,0.076,8.91,1.132,0.2869,266.79,94.83,2.813,122,745.9,0.0847,29.8382,,,,,
2,1.2,0.65,8,4,4,1.0,0.31,0.69,8.3,0.032,7.57,1.068,0.4372,273.25,198.85,1.374,231,455.0,0.0592,29.8154,,,,,
2,1.2,0.35,12,4,6,0.3,0.31,0.688,12.6,0.047,7.43,1.074,0.295,364.6,142.02,2.567,200,366.6,0.0602,29.8024,,,,,
2,1.2,0.65,16,10,4,0.3,0.309,0.691,8.3,0.032,6.6,1.06,0.288,404.06,154.14,2.621,191,196.2,0.0566,29.7676,,,,,
2,1.2,0.5,20,6,6,0.3,0.307,0.693,7.9,0.032,5.76,1.051,0.2268,527.1,147.17,3.582,194,30.8,0.0509,29.6813,,,,,
1,1.2,0.5,12,4,4,1.0,0.314,0.648,20.2,0.041,3.98,1.074,0.3208,180.43,79.37,2.273,240,283.8,0.0923,29.6678,,,,,
2,1.2,0.65,16,10,10,0.5,0.308,0.692,8.8,0.038,9.04,1.067,0.3589,400.86,210.26,1.907,209,730.8,0.0576,29.6477,,,,,
1,1.2,0.65,20,8,8,0.5,0.309,0.687,14.5,0.044,4.82,1.074,0.2622,265.82,87.95,3.022,225,453.6,0.0667,29.5782,,,,,
1,1.5,0.8,20,8,10,0.5,0.302,0.378,26.7,0.081,9.4,1.139,0.2821,273.11,94.2,2.899,117,772.4,0.0791,29.5781,,,,,
2,1.5,0.5,16,10,10,0.5,0.31,0.683,15.0,0.043,8.79,1.072,0.319,412.02,180.06,2.288,116,370.2,0.0738,29.5442,,,,,
2,1.2,0.65,12,6,8,0.5,0.307,0.693,9.9,0.034,8.28,1.065,0.3964,341.05,210.26,1.622,222,600.2,0.058,29.5397,,,,,
2,1.2,0.8,16,8,8,1.0,0.304,0.696,8.3,0.026,6.21,1.048,0.3556,379.88,199.96,1.9,225,147.6,0.0445,29.5095,,,,,
1,1.5,0.65,20,6,10,0.3,0.301,0.405,26.9,0.093,10.08,1.153,0.2571,295.22,88.62,3.331,105,764.4,0.0738,29.5053,,,,,
1,1.2,0.8,20,10,8,1.0,0.307,0.688,15.4,0.04,4.53,1.069,0.2575,272.18,88.29,3.083,233,403.2,0.0644,29.4277,,,,,
1,1.2,0.65,20,8,4,0.3,0.308,0.68,16.6,0.055,5.16,1.099,0.2233,257.21,67.29,3.822,215,506.6,0.0738,29.3605,,,,,
2,1.5,0.65,20,4,10,0.3,0.307,0.69,16.0,0.054,11.71,1.087,0.2524,577.15,179.22,3.22,103,629.2,0.0693,29.324,,,,,
1,1.5,0.5,20,4,10,0.5,0.298,0.338,27.8,0.101,9.91,1.156,0.2414,303.57,83.52,3.635,116,825.2,0.0784,29.3237,,,,,
1,1.2,0.5,20,6,8,0.5,0.308,0.674,16.7,0.048,4.7,1.074,0.2318,293.06,82.32,3.56,220,417.6,0.0766,29.322,,,,,
1,1.2,0.35,12,6,10,0.3,0.298,0.362,27.4,0.082,6.73,1.128,0.3317,178.26,78.42,2.273,208,817.6,0.0775,29.2702,,,,,
1,1.5,0.65,20,6,8,0.3,0.298,0.423,26.4,0.087,9.4,1.143,0.2547,295.22,88.29,3.344,106,699.1,0.0755,29.1275,,,,,
1,1.2,0.65,12,10,10,1.0,0.306,0.658,20.3,0.034,4.34,1.065,0.4342,163.29,117.64,1.388,228,352.1,0.079,29.1273,,,,,
2,1.2,0.65,16,4,4,0.5,0.302,0.698,9.1,0.038,7.63,1.068,0.2775,428.99,154.23,2.781,227,461.0,0.0549,29.1011,,,,,
1,1.2,0.8,20,4,4,0.5,0.305,0.678,17.1,0.042,4.17,1.074,0.2222,270.68,71.98,3.761,234,320.0,0.0737,29.0777,,,,,
2,1.2,0.35,16,4,6,0.3,0.303,0.696,12.3,0.044,6.72,1.067,0.2563,419.35,135.47,3.095,199,222.2,0.062,29.0625,,,,,
2,1.2,0.8,8,6,6,0.5,0.301,0.699,9.5,0.028,7.42,1.065,0.5223,234.46,240.83,0.974,224,414.0,0.0539,29.0213,,,,,
2,1.2,0.5,16,4,10,0.5,0.303,0.697,9.8,0.029,6.11,1.047,0.3192,426.4,190.99,2.233,213,114.0,0.0646,29.0084,,,,,
2,1.2,0.5,16,10,8,0.15,0.301,0.699,10.4,0.04,7.56,1.066,0.3026,400.51,162.97,2.458,152,308.6,0.0557,28.9867,,,,,
2,1.2,0.5,20,10,4,0.3,0.299,0.701,7.9,0.024,4.19,1.04,0.2116,521.06,134.56,3.872,189,-260.2,0.0468,28.9633,,,,,
2,1.5,0.8,20,4,8,0.5,0.306,0.691,14.5,0.032,7.63,1.053,0.2522,603.55,193.31,3.122,115,234.0,0.0824,28.9612,,,,,
2,1.2,0.65,20,4,6,0.5,0.299,0.701,7.8,0.028,5.7,1.048,0.2304,540.25,154.34,3.5,217,22.6,0.0516,28.8681,,,,,
1,1.2,0.5,12,10,10,0.3,0.305,0.627,21.1,0.039,4.26,1.07,0.3941,164.88,100.2,1.645,203,297.1,0.0945,28.8138,,,,,
1,1.2,0.35,12,10,8,0.3,0.296,0.415,28.1,0.076,6.13,1.12,0.3125,182.88,74.21,2.464,208,692.6,0.0827,28.8126,,,,,
2,1.2,0.8,20,8,8,0.5,0.299,0.701,7.8,0.011,2.56,1.02,0.2629,502.59,175.79,2.859,213,-635.6,0.0554,28.7913,,,,,
1,1.2,0.35,20,4,8,0.5,0.305,0.609,21.5,0.059,4.58,1.083,0.1991,300.0,68.86,4.357,221,393.7,0.099,28.7778,,,,,
2,1.2,0.5,12,4,4,0.5,0.301,0.699,9.6,0.028,5.35,1.05,0.3198,353.69,158.44,2.232,222,-56.2,0.0661,28.7776,,,,,
2,1.5,0.8,20,6,6,0.5,0.299,0.699,12.7,0.027,5.79,1.047,0.2213,587.26,159.47,3.682,122,22.8,0.0582,28.7427,,,,,
2,1.2,0.65,20,6,10,1.0,0.297,0.703,7.9,0.029,6.63,1.047,0.2804,522.38,194.32,2.688,214,225.2,0.0491,28.7176,,,,,
2,1.2,0.5,20,4,10,0.15,0.297,0.703,10.0,0.031,5.91,1.047,0.2466,529.04,165.29,3.201,146,51.2,0.0493,28.7135,,,,,
1,1.5,0.65,20,10,10,0.5,0.293,0.377,26.8,0.084,9.08,1.143,0.2735,264.84,87.21,3.037,117,734.9,0.0823,28.6436,,,,,
1,1.2,0.65,16,10,10,1.0,0.301,0.664,19.9,0.037,4.53,1.066,0.3581,203.51,106.46,1.912,229,396.3,0.0792,28.6215,,,,,
1,1.2,0.65,12,6,8,0.5,0.3,0.618,23.5,0.037,4.44,1.07,0.3983,170.52,105.49,1.616,231,378.2,0.0813,28.6209,,,,,
2,1.5,0.8,20,8,8,0.5,0.298,0.7,13.0,0.025,5.97,1.042,0.2632,565.2,193.75,2.917,114,42.6,0.0612,28.582,,,,,
2,1.2,0.5,20,4,4,0.3,0.296,0.704,8.3,0.023,4.08,1.038,0.2071,540.45,135.99,3.974,198,-300.2,0.0527,28.546,,,,,
2,1.5,0.65,20,4,8,0.3,0.299,0.697,15.3,0.048,10.39,1.078,0.25,577.15,178.53,3.233,104,498.6,0.0716,28.481,,,,,
1,1.2,0.8,20,6,6,0.15,0.297,0.488,27.6,0.062,6.07,1.112,0.2515,239.83,72.46,3.31,171,558.7,0.0937,28.4713,,,,,
1,1.5,0.65,20,10,10,1.0,0.292,0.381,27.4,0.079,8.5,1.135,0.2787,257.35,87.64,2.936,122,695.9,0.0876,28.4281,,,,,
1,1.2,0.8,16,6,6,0.5,0.3,0.633,21.4,0.039,4.33,1.075,0.3376,184.18,87.34,2.109,234,357.3,0.0892,28.4168,,,,,
2,1.5,0.8,16,4,6,0.5,0.296,0.703,12.1,0.025,5.51,1.045,0.281,451.24,168.68,2.675,121,-10.4,0.0593,28.4164,,,,,
1,1.2,0.65,16,6,8,0.5,0.298,0.656,22.0,0.037,4.29,1.067,0.3435,198.1,97.1,2.04,230,343.5,0.0793,28.3512,,,,,
1,1.2,0.8,12,8,8,1.0,0.297,0.669,19.3,0.029,3.66,1.057,0.4237,158.88,110.48,1.438,236,201.9,0.073,28.3417,,,,,
1,1.2,0.35,20,4,6,0.3,0.3,0.628,21.9,0.056,4.07,1.079,0.1914,290.0,63.61,4.559,209,264.8,0.0948,28.3192,,,,,
2,1.5,0.5,12,6,10,0.5,0.298,0.691,17.5,0.034,7.32,1.06,0.3826,336.75,196.83,1.711,115,198.2,0.0762,28.3097,,,,,
1,1.2,0.65,20,6,6,0.5,0.298,0.691,16.5,0.047,4.75,1.08,0.2456,260.2,78.42,3.318,228,445.2,0.0783,28.2667,,,,,
1,1.2,0.65,20,10,10,1.0,0.297,0.686,16.1,0.038,4.34,1.062,0.2832,261.22,97.15,2.689,226,347.8,0.0749,28.2533,,,,,
1,1.2,0.8,20,10,8,0.15,0.291,0.553,25.5,0.058,6.25,1.103,0.2771,242.39,84.27,2.876,166,572.7,0.0679,28.2098,,,,,
2,1.2,0.8,12,8,8,0.5,0.293,0.707,9.0,0.018,4.62,1.036,0.4273,307.54,221.38,1.389,220,-205.4,0.0546,28.207,,,,,
2,1.2,0.65,20,4,4,0.15,0.293,0.707,12.2,0.041,7.06,1.072,0.2025,518.87,122.92,4.221,158,230.6,0.0574,28.1522,,,,,
1,1.2,0.35,16,10,8,0.3,0.29,0.448,28.1,0.074,5.77,1.112,0.274,208.99,70.94,2.946,208,617.6,0.0829,28.1275,,,,,
2,1.2,0.5,8,4,6,0.5,0.293,0.706,10.0,0.033,7.41,1.064,0.4358,280.95,203.86,1.378,218,394.2,0.0611,28.0818,,,,,
1,1.2,0.65,12,10,8,1.0,0.294,0.685,18.3,0.032,3.81,1.06,0.3932,169.87,103.79,1.637,234,235.3,0.0693,28.0762,,,,,
2,1.2,0.5,16,4,10,1.0,0.29,0.71,9.1,0.019,4.12,1.031,0.3151,429.64,191.63,2.242,219,-319.6,0.0545,27.9099,,,,,
2,1.2,0.8,12,6,6,0.15,0.294,0.688,16.2,0.034,7.39,1.071,0.4012,277.75,173.75,1.599,167,304.4,0.0776,27.9019,,,,,
2,1.2,0.5,16,6,4,0.3,0.29,0.71,10.6,0.027,4.83,1.046,0.2754,399.13,145.0,2.753,207,-158.8,0.0563,27.8734,,,,,
2,1.5,0.5,16,4,8,0.5,0.293,0.705,14.1,0.035,7.01,1.055,0.2832,471.63,176.54,2.671,113,159.4,0.072,27.8659,,,,,
1,1.2,0.8,20,8,10,0.15,0.288,0.505,26.5,0.056,6.37,1.096,0.2981,243.75,94.47,2.58,161,574.2,0.0787,27.8474,,,,,
1,1.2,0.8,12,6,4,0.5,0.295,0.648,21.1,0.033,3.61,1.068,0.3556,160.0,82.71,1.934,239,193.3,0.0922,27.8278,,,,,
2,1.2,0.8,12,10,10,1.0,0.29,0.71,8.8,0.01,2.76,1.02,0.4626,299.14,252.38,1.185,214,-591.2,0.0592,27.8161,,,,,
1,1.2,0.5,12,6,6,0.3,0.29,0.528,24.3,0.052,5.16,1.095,0.3662,162.98,86.02,1.895,213,503.6,0.0868,27.8091,,,,,
2,1.5,0.5,20,6,8,0.5,0.291,0.704,14.5,0.027,5.32,1.041,0.2193,616.24,166.29,3.706,114,-32.4,0.0678,27.7584,,,,,
2,1.2,0.8,20,10,8,1.0,0.286,0.714,7.2,0.013,2.86,1.022,0.2557,516.54,173.61,2.975,219,-582.6,0.0443,27.7141,,,,,
1,1.2,0.35,8,4,4,0.3,0.284,0.442,27.1,0.07,5.63,1.118,0.3521,151.5,73.64,2.057,213,603.6,0.0754,27.7136,,,,,
2,1.2,0.65,12,8,10,1.0,0.29,0.71,8.4,0.023,5.97,1.045,0.4387,316.83,236.97,1.337,212,83.8,0.0679,27.6429,,,,,
2,1.2,0.8,16,4,4,1.0,0.286,0.714,8.1,0.02,4.19,1.037,0.2851,414.78,159.55,2.6,235,-324.8,0.0486,27.6282,,,,,
2,1.5,0.8,12,8,10,1.0,0.292,0.698,15.3,0.025,6.69,1.05,0.4553,309.78,246.64,1.256,123,133.6,0.0805,27.6193,,,,,
2,1.2,0.65,12,6,10,0.15,0.288,0.698,15.2,0.034,7.96,1.064,0.4188,315.27,213.44,1.477,160,382.4,0.0619,27.6049,,,,,
2,1.2,0.65,16,8,4,0.3,0.29,0.71,9.7,0.034,6.57,1.062,0.2821,397.84,147.14,2.704,195,189.4,0.071,27.5807,,,,,
1,1.2,0.8,12,6,6,0.5,0.29,0.612,21.8,0.035,4.1,1.071,0.3915,157.47,94.58,1.665,235,304.5,0.0869,27.5568,,,,,
1,1.2,0.65,20,10,8,0.5,0.289,0.7,16.3,0.04,4.34,1.067,0.2566,269.92,87.35,3.09,226,347.8,0.0694,27.5454,,,,,
1,1.2,0.35,12,6,8,0.3,0.277,0.298,28.2,0.085,6.79,1.133,0.3143,183.71,74.31,2.472,210,837.0,0.0729,27.5166,,,,,
2,1.2,0.8,12,6,6,0.5,0.285,0.715,10.4,0.025,5.94,1.051,0.385,316.01,188.13,1.68,226,83.0,0.0508,27.4848,,,,,
2,1.5,0.65,20,6,6,0.5,0.286,0.711,13.8,0.028,5.63,1.047,0.2066,607.24,151.04,4.02,121,3.4,0.0568,27.4736,,,,,
2,1.2,0.5,20,8,4,0.3,0.285,0.715,8.5,0.02,3.37,1.032,0.2063,531.07,133.83,3.968,189,-421.8,0.0516,27.4688,,,,,
2,1.2,0.8,16,6,6,0.5,0.283,0.717,9.3,0.026,5.95,1.051,0.3319,370.89,175.32,2.115,229,86.0,0.0458,27.383,,,,,
1,1.2,0.8,12,10,4,0.5,0.288,0.697,17.8,0.034,3.67,1.069,0.3559,159.86,82.65,1.934,236,204.7,0.077,27.3046,,,,,
2,1.5,0.8,20,10,10,0.5,0.286,0.708,14.0,0.022,5.12,1.038,0.2719,518.02,186.45,2.778,114,-54.8,0.066,27.2974,,,,,
1,1.2,0.8,20,6,6,1.0,0.285,0.711,15.4,0.033,3.49,1.058,0.2468,257.91,79.87,3.229,235,163.1,0.0658,27.1953,,,,,
1,1.2,0.35,20,6,8,0.5,0.288,0.652,20.0,0.054,4.15,1.075,0.1963,303.1,68.89,4.4,219,295.2,0.0903,27.174,,,,,
1,1.2,0.35,16,6,8,0.3,0.275,0.337,28.6,0.08,6.22,1.121,0.2775,207.11,70.94,2.919,209,714.8,0.0755,27.1535,,,,,
1,1.2,0.5,16,10,6,0.3,0.288,0.65,21.0,0.041,3.97,1.071,0.3081,194.23,80.74,2.406,211,246.7,0.0946,27.0946,,,,,
2,1.2,0.5,16,4,4,0.5,0.281,0.719,8.9,0.024,4.42,1.04,0.2634,434.15,149.24,2.909,224,-264.8,0.0506,27.0872,,,,,
1,1.2,0.8,8,6,6,1.0,0.286,0.641,22.5,0.027,3.62,1.063,0.5289,114.75,121.16,0.947,242,197.4,0.0879,27.0613,,,,,
1,1.2,0.5,20,8,10,1.0,0.284,0.704,15.6,0.032,3.26,1.049,0.2489,280.38,88.55,3.166,221,102.3,0.069,27.056,,,,,
1,1.2,0.8,16,8,6,0.5,0.285,0.684,19.8,0.031,3.5,1.06,0.3319,186.37,87.34,2.134,232,163.1,0.0779,27.0344,,,,,
2,1.5,0.8,20,6,6,1.0,0.281,0.718,12.4,0.014,3.02,1.024,0.2222,578.79,161.48,3.584,126,-324.6,0.0542,27.019,,,,,
2,1.2,0.8,20,6,8,1.0,0.278,0.722,7.5,0.006,1.28,1.01,0.2568,517.26,176.96,2.923,222,-947.2,0.0419,26.9611,,,,,
2,1.5,0.5,16,4,8,1.0,0.284,0.714,13.9,0.029,5.92,1.047,0.2821,469.46,176.19,2.665,117,37.0,0.0743,26.92,,,,,
2,1.2,0.65,12,6,8,0.15,0.281,0.706,15.2,0.032,7.08,1.06,0.3926,320.76,195.71,1.639,163,246.2,0.0621,26.8971,,,,,
2,1.5,0.8,20,4,4,0.3,0.281,0.719,14.4,0.025,4.88,1.043,0.193,611.64,140.22,4.362,114,-82.4,0.0604,26.8919,,,,,
1,1.5,0.5,12,4,10,1.0,0.27,0.279,29.8,0.09,9.73,1.16,0.3852,182.71,98.67,1.852,122,845.9,0.0733,26.8878,,,,,
1,1.2,0.35,12,8,10,0.3,0.276,0.457,26.9,0.067,5.53,1.105,0.3269,178.12,78.3,2.275,208,567.6,0.0779,26.8422,,,,,
2,1.2,0.5,20,4,10,0.5,0.279,0.721,8.6,0.018,3.73,1.028,0.2537,541.52,179.04,3.025,205,-377.0,0.0538,26.8231,,,,,
1,1.2,0.65,16,4,10,0.15,0.272,0.35,29.3,0.072,8.05,1.125,0.3438,211.14,98.33,2.147,160,839.5,0.0757,26.8202,,,,,
1,1.2,0.5,16,8,4,0.3,0.283,0.632,22.6,0.041,3.66,1.071,0.2744,202.33,71.47,2.831,215,185.7,0.0884,26.7877,,,,,
2,1.5,0.65,12,4,8,1.0,0.282,0.716,14.0,0.016,3.85,1.029,0.3761,364.21,213.36,1.707,117,-204.8,0.0713,26.7795,,,,,
1,1.2,0.5,16,4,4,1.0,0.283,0.689,19.7,0.03,2.77,1.051,0.2678,214.45,74.64,2.873,239,-6.7,0.0821,26.7425,,,,,
2,1.2,0.8,16,8,6,0.15,0.279,0.717,14.6,0.022,4.45,1.042,0.3118,351.79,152.89,2.301,170,-190.0,0.0597,26.7183,,,,,
1,1.2,0.5,16,6,6,0.3,0.283,0.604,23.8,0.042,4.07,1.074,0.3113,190.53,80.22,2.375,212,268.9,0.0973,26.6937,,,,,
2,1.5,0.8,16,4,6,1.0,0.278,0.722,11.7,0.014,3.14,1.026,0.28,449.78,170.56,2.637,125,-307.8,0.0597,26.6061,,,,,
2,1.2,0.8,12,10,6,0.5,0.274,0.726,8.0,0.005,1.29,1.011,0.3767,318.53,190.48,1.672,215,-916.2,0.0422,26.5562,,,,,
1,1.2,0.65,16,8,8,0.5,0.279,0.686,19.5,0.029,3.29,1.051,0.3377,200.16,97.1,2.061,228,111.8,0.0725,26.5549,,,,,
1,1.2,0.65,16,10,4,0.3,0.28,0.668,20.8,0.041,4.0,1.077,0.2922,190.82,73.15,2.609,219,261.8,0.0802,26.551,,,,,
2,1.2,0.65,20,8,10,1.0,0.276,0.724,7.5,0.019,4.28,1.031,0.2843,503.85,194.18,2.595,204,-263.2,0.0525,26.5507,,,,,
2,1.2,0.35,16,4,4,0.3,0.276,0.723,12.3,0.037,5.43,1.056,0.24,425.24,127.14,3.345,200,-33.4,0.0538,26.5279,,,,,
2,1.2,0.5,20,4,6,0.15,0.276,0.723,11.9,0.02,3.5,1.031,0.2157,533.28,142.2,3.75,153,-322.0,0.0539,26.525,,,,,
2,1.2,0.5,20,6,10,0.15,0.275,0.725,10.1,0.012,2.34,1.019,0.2449,518.09,164.93,3.141,147,-473.8,0.0488,26.5233,,,,,
1,1.2,0.8,16,10,6,0.5,0.281,0.686,19.1,0.03,3.38,1.057,0.3305,188.15,87.82,2.142,233,135.1,0.0842,26.5145,,,,,
2,1.2,0.65,20,6,6,0.15,0.275,0.725,13.1,0.025,4.74,1.043,0.2424,469.87,144.11,3.261,165,-142.6,0.0493,26.5143,,,,,
2,1.2,0.8,16,10,6,0.5,0.274,0.726,8.0,0.006,1.29,1.011,0.3209,378.63,177.05,2.139,215,-916.2,0.0451,26.4982,,,,,
2,1.2,0.65,16,6,4,0.3,0.275,0.725,11.3,0.027,5.38,1.051,0.2871,388.76,148.99,2.609,209,-45.0,0.0531,26.4387,,,,,
2,1.2,0.65,20,10,10,0.5,0.274,0.726,8.3,0.018,4.12,1.03,0.2885,486.77,191.55,2.541,208,-296.8,0.0496,26.4081,,,,,
2,1.5,0.5,20,6,8,1.0,0.277,0.72,14.1,0.02,3.86,1.03,0.2203,606.0,166.3,3.644,118,-204.8,0.0651,26.4061,,,,,
1,1.2,0.8,20,8,6,0.5,0.276,0.71,15.2,0.029,3.04,1.051,0.2533,246.7,79.61,3.099,229,54.9,0.0627,26.3877,,,,,
2,1.5,0.5,20,8,8,0.5,0.277,0.721,13.5,0.016,3.12,1.024,0.2193,606.24,166.29,3.646,114,-282.4,0.0663,26.3794,,,,,
2,1.2,0.65,12,10,10,0.15,0.276,0.721,12.5,0.03,7.14,1.058,0.4437,292.21,220.24,1.327,151,244.0,0.0626,26.3562,,,,,
2,1.5,0.8,20,4,6,0.5,0.276,0.722,13.9,0.015,3.28,1.026,0.2114,611.65,159.79,3.828,123,-285.8,0.0625,26.355,,,,,
1,1.2,0.65,16,6,10,0.15,0.269,0.405,29.1,0.066,7.34,1.114,0.3438,209.09,98.33,2.126,160,727.0,0.0771,26.3368,,,,,
1,1.5,0.5,16,4,10,0.5,0.265,0.3,28.8,0.097,9.94,1.16,0.3162,227.36,90.62,2.509,117,834.9,0.0736,26.3325,,,,,
1,1.2,0.5,16,8,6,0.3,0.28,0.647,21.5,0.035,3.33,1.06,0.3048,193.95,80.22,2.418,210,112.2,0.0958,26.3027,,,,,
2,1.5,0.8,20,10,10,1.0,0.276,0.723,14.1,0.017,3.85,1.028,0.2773,503.29,187.79,2.68,119,-207.8,0.0666,26.2711,,,,,
2,1.2,0.8,8,6,6,1.0,0.273,0.727,9.7,0.016,4.29,1.037,0.5217,231.1,243.13,0.951,230,-294.6,0.053,26.2402,,,,,
2,1.5,0.8,16,6,8,0.5,0.276,0.722,13.1,0.027,6.53,1.048,0.339,423.01,207.05,2.043,118,109.4,0.0696,26.2135,,,,,
2,1.2,0.65,20,6,8,0.5,0.271,0.729,8.0,0.004,0.97,1.007,0.25,528.41,174.84,3.022,216,-994.6,0.051,26.0793,,,,,
2,1.5,0.65,12,4,8,0.5,0.274,0.722,14.1,0.014,3.32,1.025,0.3717,366.08,211.27,1.733,113,-257.4,0.0683,26.0456,,,,,
2,1.2,0.65,20,4,8,1.0,0.27,0.73,7.4,0.005,1.18,1.009,0.2443,542.31,173.8,3.12,221,-971.8,0.0525,25.9493,,,,,
2,1.5,0.8,20,4,8,1.0,0.273,0.725,14.0,0.021,5.07,1.035,0.2521,596.77,194.38,3.07,119,-63.4,0.0691,25.9246,,,,,
1,1.2,0.8,12,8,8,0.15,0.266,0.47,27.6,0.047,5.8,1.097,0.4405,148.82,106.78,1.394,168,504.6,0.0739,25.9135,,,,,
2,1.5,0.8,12,4,8,1.0,0.273,0.726,12.9,0.01,2.57,1.018,0.3932,360.33,229.23,1.572,117,-354.8,0.07,25.9035,,,,,
2,1.5,0.65,20,6,6,1.0,0.27,0.728,13.0,0.017,3.45,1.029,0.208,597.35,152.53,3.916,125,-269.0,0.0557,25.8915,,,,,
2,1.5,0.65,16,4,10,0.15,0.27,0.651,21.7,0.044,9.58,1.074,0.3043,458.87,186.98,2.454,69,274.8,0.0676,25.8856,,,,,
2,1.2,0.65,12,10,10,0.5,0.271,0.728,10.2,0.02,5.1,1.039,0.4306,318.5,231.93,1.373,209,-94.2,0.0615,25.8722,,,,,
1,1.2,0.65,12,10,6,0.5,0.273,0.704,18.8,0.029,3.26,1.057,0.3766,160.67,91.84,1.749,231,106.2,0.0755,25.8584,,,,,
1,1.2,0.35,16,6,10,0.3,0.262,0.408,26.7,0.071,5.64,1.106,0.2816,209.48,74.24,2.822,206,585.7,0.0668,25.8532,,,,,
1,1.2,0.65,16,8,4,0.3,0.273,0.647,21.5,0.038,3.73,1.072,0.2844,195.97,72.68,2.696,218,202.3,0.0914,25.7124,,,,,
2,1.2,0.8,8,6,6,0.15,0.269,0.716,16.4,0.023,5.74,1.056,0.521,209.59,215.94,0.971,167,29.4,0.0625,25.6953,,,,,
2,1.5,0.65,20,4,6,0.3,0.269,0.724,16.1,0.023,4.6,1.038,0.2,630.95,151.99,4.151,110,-110.0,0.0619,25.6837,,,,,
2,1.5,0.8,20,8,8,1.0,0.268,0.73,12.5,0.011,2.59,1.018,0.2627,556.65,194.83,2.857,118,-354.8,0.0564,25.6782,,,,,
2,1.2,0.65,12,6,8,1.0,0.267,0.733,9.7,0.018,4.44,1.035,0.3904,339.18,209.89,1.616,228,-258.4,0.0527,25.6468,,,,,
2,1.2,0.65,16,6,8,0.5,0.267,0.733,9.0,0.02,4.73,1.037,0.3407,391.47,195.13,2.006,226,-191.6,0.0527,25.6463,,,,,
1,1.5,0.65,16,6,10,1.0,0.254,0.217,30.3,0.083,9.76,1.151,0.3659,202.78,101.6,1.996,123,855.6,0.0678,25.6305,,,,,
2,1.2,0.35,16,10,6,0.3,0.266,0.734,9.2,0.016,2.38,1.024,0.2513,409.47,134.29,3.049,187,-596.4,0.0489,25.6215,,,,,
2,1.2,0.35,12,10,6,0.3,0.266,0.734,9.3,0.019,2.92,1.029,0.2888,355.0,140.04,2.535,187,-496.4,0.0496,25.6087,,,,,
1,1.2,0.5,20,10,6,0.3,0.271,0.702,18.6,0.036,3.33,1.058,0.2356,256.49,74.69,3.434,208,110.7,0.0787,25.6063,,,,,
2,1.2,0.65,16,10,8,0.5,0.265,0.735,8.5,0.009,2.16,1.017,0.3302,395.63,191.84,2.062,215,-727.8,0.0485,25.5305,,,,,
2,1.2,0.65,20,4,6,1.0,0.265,0.735,7.5,0.003,0.51,1.004,0.2242,538.25,154.91,3.475,223,-1136.0,0.0493,25.5141,,,,,
1,1.2,0.5,16,6,4,0.3,0.267,0.592,24.3,0.043,3.86,1.075,0.2811,196.52,71.47,2.749,217,229.9,0.0807,25.5093,,,,,
2,1.2,0.65,20,10,8,0.5,0.263,0.737,7.1,-0.005,-0.99,0.992,0.2488,516.53,172.43,2.996,213,-1393.4,0.0414,25.4716,,,,,
2,1.2,0.5,12,6,10,0.5,0.267,0.731,11.5,0.014,3.05,1.024,0.3853,337.01,206.3,1.634,218,-550.2,0.0618,25.4703,,,,,
2,1.2,0.8,20,4,6,1.0,0.265,0.735,7.2,0.002,0.51,1.004,0.2332,525.24,159.06,3.302,223,-1130.0,0.0532,25.436,,,,,
2,1.2,0.8,20,10,10,1.0,0.263,0.737,8.3,-0.002,-0.46,0.997,0.2877,489.45,198.38,2.467,212,-1268.8,0.0437,25.4254,,,,,
1,1.2,0.35,20,6,6,0.3,0.27,0.681,20.5,0.037,2.7,1.052,0.1884,287.07,63.32,4.534,207,-21.2,0.0911,25.3242,,,,,
1,1.2,0.5,12,6,10,0.5,0.265,0.609,23.3,0.031,3.36,1.054,0.3857,171.37,102.1,1.678,223,125.6,0.0778,25.3219,,,,,
2,1.5,0.8,8,4,6,0.3,0.267,0.718,19.1,0.019,4.83,1.043,0.4825,245.01,219.07,1.118,114,-88.0,0.0735,25.2756,,,,,
1,1.2,0.65,16,6,4,0.3,0.265,0.573,25.2,0.044,4.26,1.083,0.2909,191.8,72.68,2.639,220,321.5,0.0856,25.2738,,,,,
1,1.5,0.65,16,6,10,0.5,0.25,0.232,30.7,0.081,9.53,1.148,0.3644,203.49,101.67,2.002,118,794.6,0.0688,25.1786,,,,,
1,1.2,0.35,16,10,10,0.3,0.263,0.532,26.5,0.057,4.57,1.085,0.278,209.21,74.24,2.818,205,363.5,0.0887,25.1401,,,,,
1,1.5,0.5,20,8,10,1.0,0.255,0.447,26.5,0.071,6.92,1.11,0.2479,281.25,83.52,3.368,121,498.7,0.0684,25.0251,,,,,
1,1.2,0.35,20,4,10,0.5,0.265,0.676,20.0,0.041,3.21,1.056,0.2018,297.73,71.26,4.178,218,89.6,0.085,24.9769,,,,,
2,1.5,0.8,12,4,8,0.5,0.262,0.735,13.3,0.01,2.66,1.019,0.3894,361.94,226.45,1.598,113,-332.4,0.0626,24.9562,,,,,
1,1.2,0.65,16,10,8,1.0,0.262,0.716,19.5,0.025,2.93,1.046,0.3362,199.53,96.63,2.065,235,29.5,0.0662,24.9414,,,,,
2,1.5,0.8,16,4,6,0.3,0.263,0.732,15.4,0.01,2.14,1.018,0.2743,446.52,165.85,2.692,113,-390.6,0.0691,24.9325,,,,,
1,1.2,0.8,16,6,4,0.5,0.265,0.685,20.3,0.028,2.89,1.054,0.3025,186.63,76.81,2.43,238,21.1,0.0895,24.8592,,,,,
1,1.2,0.65,12,4,4,1.0,0.262,0.71,18.3,0.02,2.12,1.038,0.3265,179.13,83.71,2.14,245,-167.7,0.0718,24.8483,,,,,
1,1.2,0.5,20,10,4,0.3,0.264,0.721,18.9,0.029,2.55,1.048,0.2113,264.57,67.63,3.912,213,-53.3,0.0801,24.8429,,,,,
1,1.2,0.35,20,6,10,0.5,0.263,0.69,18.2,0.041,3.22,1.056,0.1991,303.1,71.32,4.25,216,91.1,0.0809,24.8227,,,,,
1,1.2,0.8,12,10,6,1.0,0.262,0.719,17.5,0.023,2.64,1.045,0.3824,159.37,94.39,1.688,238,-38.4,0.0723,24.8107,,,,,
1,1.2,0.5,12,8,6,0.3,0.261,0.617,22.2,0.037,3.67,1.067,0.3602,163.0,86.02,1.895,211,184.4,0.0831,24.804,,,,,
2,1.5,0.5,12,8,10,0.5,0.261,0.732,16.1,0.016,3.45,1.029,0.3846,320.08,194.44,1.646,117,-251.8,0.0669,24.7829,,,,,
1,1.2,0.35,16,8,10,0.3,0.254,0.485,26.2,0.062,4.98,1.093,0.2767,211.84,74.16,2.857,206,448.2,0.07,24.7821,,,,,
1,1.2,0.5,8,4,6,0.5,0.262,0.631,21.9,0.032,3.52,1.062,0.441,137.31,102.05,1.346,229,164.6,0.0876,24.7697,,,,,
1,1.2,0.65,12,8,10,1.0,0.258,0.685,20.4,0.022,2.76,1.041,0.4329,161.25,118.23,1.364,231,-9.1,0.0606,24.7596,,,,,
2,1.2,0.5,12,4,8,0.5,0.259,0.741,12.2,0.018,3.89,1.032,0.3548,355.13,189.29,1.876,217,-364.4,0.0603,24.6937,,,,,
2,1.2,0.8,12,10,4,0.5,0.256,0.744,7.4,-0.005,-1.17,0.989,0.3456,316.94,169.18,1.873,217,-1457.6,0.0498,24.6044,,,,,
2,1.2,0.5,20,4,10,1.0,0.256,0.744,8.3,0.0,0.07,1.001,0.2464,547.77,179.05,3.059,211,-1160.6,0.0503,24.5946,,,,,
2,1.5,0.8,20,8,6,0.5,0.256,0.742,13.0,-0.002,-0.36,0.997,0.2213,559.48,159.47,3.508,122,-727.2,0.0511,24.584,,,,,
1,1.2,0.5,16,4,8,0.5,0.26,0.634,22.5,0.033,3.33,1.055,0.3067,210.14,88.14,2.384,225,120.0,0.0867,24.5833,,,,,
2,1.2,0.65,16,4,6,0.15,0.259,0.735,16.5,0.028,5.54,1.05,0.2848,408.28,154.87,2.636,165,-9.8,0.0669,24.5808,,,,,
2,1.5,0.8,16,4,4,0.5,0.256,0.743,11.7,0.004,0.74,1.007,0.24,458.07,143.68,3.188,125,-607.8,0.0533,24.5379,,,,,
2,1.5,0.8,20,6,4,0.5,0.254,0.746,12.4,0.002,0.44,1.004,0.1905,589.83,138.24,4.267,126,-649.6,0.0452,24.497,,,,,
2,1.5,0.65,20,6,10,0.3,0.258,0.734,15.7,0.024,5.16,1.038,0.2524,551.19,179.22,3.075,103,-45.8,0.0666,24.4915,,,,,
1,1.2,0.65,20,8,8,1.0,0.256,0.743,13.7,0.021,2.26,1.034,0.2554,264.98,87.86,3.016,231,-125.7,0.056,24.4836,,,,,
2,1.2,0.65,16,10,10,1.0,0.254,0.746,8.4,0.009,2.06,1.015,0.3505,398.53,211.87,1.881,214,-747.2,0.0475,24.4498,,,,,
2,1.2,0.8,12,8,8,1.0,0.254,0.746,8.8,0.002,0.51,1.004,0.4204,305.62,220.75,1.384,226,-1139.0,0.0476,24.4481,,,,,
2,1.2,0.5,16,6,10,0.5,0.254,0.746,9.8,0.01,2.13,1.016,0.3131,425.01,190.61,2.23,214,-736.0,0.0478,24.4432,,,,,
1,1.5,0.8,20,6,8,0.5,0.253,0.536,25.1,0.048,5.63,1.079,0.2564,299.45,95.69,3.129,117,330.8,0.0778,24.3771,,,,,
2,1.2,0.65,12,4,10,0.15,0.255,0.705,18.8,0.02,4.61,1.036,0.4114,319.28,215.32,1.483,158,-151.2,0.0624,24.3723,,,,,
2,1.2,0.8,20,10,6,0.5,0.252,0.748,7.3,-0.014,-2.86,0.976,0.2394,490.49,158.17,3.101,213,-1790.8,0.0423,24.3532,,,,,
2,1.2,0.65,12,10,8,0.5,0.253,0.747,9.0,0.006,1.35,1.011,0.386,332.4,206.82,1.607,215,-902.8,0.0506,24.2881,,,,,
2,1.5,0.8,20,4,6,1.0,0.255,0.744,13.8,0.005,1.01,1.008,0.2126,603.81,161.75,3.733,127,-583.2,0.0608,24.288,,,,,
1,1.2,0.5,12,4,8,0.5,0.253,0.574,23.4,0.034,3.57,1.059,0.354,180.85,93.58,1.933,226,173.0,0.077,24.2788,,,,,
2,1.2,0.65,20,10,4,0.3,0.252,0.748,7.9,-0.008,-1.55,0.986,0.2105,512.31,138.59,3.697,190,-1353.8,0.0476,24.2479,,,,,
1,1.2,0.65,16,10,8,0.15,0.25,0.536,27.6,0.049,5.26,1.088,0.3354,194.32,90.14,2.156,164,403.3,0.0715,24.2124,,,,,
1,1.2,0.35,8,4,6,0.3,0.248,0.503,25.4,0.057,4.66,1.094,0.3585,151.81,77.57,1.957,212,393.9,0.0675,24.1967,,,,,
2,1.5,0.8,8,4,4,0.3,0.255,0.722,18.3,0.023,5.13,1.049,0.4103,269.8,178.99,1.507,117,-54.8,0.0693,24.1831,,,,,
2,1.5,0.5,20,8,8,1.0,0.253,0.745,13.3,0.007,1.32,1.01,0.2203,594.46,166.3,3.575,118,-504.8,0.0563,24.1793,,,,,
2,1.2,0.8,16,6,6,1.0,0.249,0.751,8.7,0.01,2.18,1.018,0.3277,368.34,176.26,2.09,235,-797.6,0.0391,24.1172,,,,,
2,1.2,0.8,20,8,8,1.0,0.25,0.75,7.4,-0.012,-2.76,0.979,0.2557,500.81,175.76,2.849,219,-1819.2,0.0444,24.1117,,,,,
2,1.2,0.5,20,6,10,0.5,0.25,0.75,8.4,-0.001,-0.2,0.999,0.2451,550.07,178.85,3.076,204,-1177.0,0.0457,24.0851,,,,,
2,1.2,0.8,12,6,6,1.0,0.249,0.751,10.1,0.009,2.13,1.018,0.3793,314.4,188.71,1.666,232,-800.6,0.043,24.0405,,,,,
1,1.2,0.5,16,10,4,0.3,0.256,0.69,22.2,0.029,2.66,1.051,0.2778,197.71,72.36,2.732,216,-29.8,0.0867,24.0272,,,,,
1,1.2,0.8,20,10,6,0.5,0.254,0.735,15.5,0.019,2.04,1.034,0.2478,250.1,79.7,3.138,230,-175.9,0.0706,24.0218,,,,,
2,1.5,0.65,16,8,8,0.5,0.252,0.742,16.8,0.021,4.78,1.036,0.322,426.69,195.62,2.181,118,-96.6,0.062,23.9776,,,,,
2,1.2,0.35,20,4,6,0.3,0.25,0.749,9.4,0.015,2.16,1.021,0.1875,557.35,125.96,4.425,192,-660.6,0.0516,23.9705,,,,,
1,1.2,0.65,20,8,10,0.15,0.249,0.542,26.1,0.051,5.42,1.084,0.2893,242.39,91.04,2.662,159,417.3,0.0785,23.9563,,,,,
1,1.2,0.35,16,8,8,0.3,0.243,0.419,27.3,0.069,5.38,1.104,0.2727,208.77,70.89,2.945,209,539.8,0.0688,23.9388,,,,,
2,1.5,0.65,20,8,6,0.5,0.25,0.749,13.6,0.001,0.26,1.002,0.2066,581.24,151.04,3.848,121,-646.6,0.0544,23.9158,,,,,
2,1.2,0.5,8,4,6,1.0,0.25,0.75,9.3,0.012,2.75,1.024,0.433,275.67,205.71,1.34,224,-639.4,0.0544,23.9111,,,,,
2,1.5,0.8,16,4,10,0.3,0.251,0.743,15.2,0.017,4.45,1.031,0.3524,420.06,221.69,1.895,105,-120.8,0.0626,23.8665,,,,,
2,1.2,0.5,16,4,8,0.5,0.251,0.749,10.4,0.018,3.68,1.03,0.3056,416.22,177.83,2.34,216,-408.8,0.0622,23.8551,,,,,
2,1.5,0.65,20,6,8,0.3,0.251,0.743,15.4,0.018,3.9,1.029,0.25,551.19,178.53,3.087,104,-176.4,0.0653,23.8128,,,,,
1,1.2,0.8,20,6,4,0.5,0.25,0.737,15.5,0.02,1.98,1.035,0.2241,257.86,71.94,3.584,232,-191.0,0.062,23.7988,,,,,
1,1.5,0.8,20,4,10,0.3,0.243,0.483,26.7,0.058,6.79,1.096,0.2571,300.46,94.87,3.167,105,418.5,0.0667,23.7889,,,,,
1,1.2,0.65,20,10,4,0.3,0.251,0.734,16.9,0.028,2.57,1.049,0.2176,254.64,67.53,3.771,216,-49.2,0.0681,23.7827,,,,,
2,1.2,0.5,12,4,4,1.0,0.248,0.752,9.2,-0.002,-0.39,0.996,0.3114,351.23,159.39,2.203,228,-1364.8,0.051,23.7809,,,,,
1,1.2,0.65,16,6,8,1.0,0.25,0.706,20.7,0.021,2.44,1.038,0.339,196.72,97.2,2.024,236,-85.8,0.0678,23.7759,,,,,
2,1.5,0.65,16,4,10,0.3,0.25,0.742,16.0,0.025,5.88,1.043,0.3333,425.49,203.93,2.086,105,29.2,0.0632,23.7609,,,,,
1,1.2,0.65,20,6,6,1.0,0.249,0.746,15.8,0.022,2.23,1.037,0.2393,259.31,78.65,3.297,234,-134.1,0.0577,23.7607,,,,,
2,1.5,0.65,20,4,6,0.5,0.251,0.744,15.3,0.011,2.28,1.019,0.1967,630.33,151.53,4.16,122,-405.2,0.0686,23.7428,,,,,
1,1.2,0.65,16,4,4,1.0,0.25,0.718,18.6,0.025,2.51,1.045,0.2787,210.66,77.91,2.704,244,-70.7,0.0687,23.7217,,,,,
2,1.2,0.5,12,6,10,1.0,0.248,0.751,10.6,0.008,1.85,1.014,0.3839,338.19,207.75,1.628,224,-833.8,0.0552,23.6996,,,,,
1,1.5,0.8,20,6,6,0.3,0.244,0.513,24.7,0.058,6.05,1.1,0.2212,301.84,77.98,3.871,113,367.0,0.0716,23.6969,,,,,
2,1.2,0.35,20,4,8,0.5,0.247,0.752,9.7,0.02,3.11,1.028,0.1971,573.12,136.83,4.189,208,-511.4,0.0539,23.6258,,,,,
2,1.2,0.5,16,4,4,1.0,0.246,0.754,8.4,-0.007,-1.24,0.989,0.2565,431.18,150.44,2.866,230,-1573.4,0.0494,23.6111,,,,,
2,1.2,0.5,20,6,4,0.3,0.245,0.755,8.9,-0.011,-1.85,0.983,0.202,528.34,136.08,3.883,198,-1475.2,0.0453,23.5935,,,,,
1,1.2,0.8,16,6,6,1.0,0.25,0.707,21.0,0.022,2.45,1.042,0.3333,182.97,87.81,2.084,240,-84.5,0.0784,23.5608,,,,,
1,1.2,0.5,12,6,10,1.0,0.245,0.641,22.7,0.025,2.73,1.043,0.3843,171.88,102.84,1.671,229,-16.2,0.0651,23.541,,,,,
2,1.2,0.8,12,10,6,1.0,0.243,0.757,7.5,-0.013,-3.05,0.975,0.371,315.56,191.0,1.652,221,-1899.8,0.0393,23.5141,,,,,
2,1.2,0.65,12,8,8,0.15,0.247,0.748,13.0,0.02,4.43,1.037,0.4024,304.56,197.7,1.54,164,-187.0,0.0619,23.4769,,,,,
2,1.2,0.65,20,4,4,0.3,0.245,0.755,8.9,-0.006,-1.21,0.989,0.206,526.78,138.22,3.811,199,-1354.6,0.0514,23.4722,,,,,
2,1.5,0.5,12,10,10,1.0,0.246,0.74,16.4,0.013,2.9,1.024,0.3884,316.5,196.28,1.612,121,-327.2,0.0597,23.4472,,,,,
1,1.5,0.5,20,8,10,0.5,0.238,0.459,26.2,0.067,6.57,1.104,0.2414,289.73,83.52,3.469,116,437.7,0.0644,23.4211,,,,,
1,1.2,0.65,12,6,8,1.0,0.247,0.685,23.0,0.021,2.58,1.04,0.3924,169.62,105.3,1.611,237,-51.1,0.0743,23.419,,,,,
1,1.5,0.8,16,6,10,1.0,0.233,0.295,30.8,0.066,8.33,1.122,0.3821,200.0,110.2,1.815,123,680.6,0.0653,23.4108,,,,,
2,1.2,0.65,12,4,4,1.0,0.243,0.757,7.8,-0.002,-0.41,0.996,0.3203,356.56,168.66,2.114,231,-1388.2,0.0451,23.3973,,,,,
2,1.2,0.8,16,10,4,0.5,0.244,0.756,7.4,-0.013,-2.78,0.975,0.2903,376.91,158.11,2.384,217,-1807.6,0.0536,23.3288,,,,,
1,1.2,0.65,12,6,4,0.3,0.245,0.646,23.5,0.029,3.0,1.058,0.3439,159.21,78.88,2.018,221,43.7,0.0774,23.2783,,,,,
1,1.2,0.35,12,8,8,0.3,0.235,0.414,28.1,0.065,5.18,1.101,0.3095,182.31,74.22,2.456,210,499.5,0.0656,23.2406,,,,,
2,1.2,0.5,16,6,10,1.0,0.241,0.759,8.9,0.0,0.03,1.0,0.3091,427.59,191.24,2.236,220,-1219.6,0.0441,23.2186,,,,,
2,1.2,0.65,12,8,4,0.3,0.245,0.755,9.5,-0.0,-0.04,1.0,0.3214,333.03,157.8,2.11,196,-1104.6,0.0645,23.2109,,,,,
2,1.5,0.65,16,4,8,0.3,0.244,0.749,15.6,0.025,5.59,1.042,0.3113,443.7,192.47,2.305,106,-1.4,0.0613,23.1957,,,,,
1,1.2,0.5,20,4,8,1.0,0.246,0.741,16.9,0.018,1.76,1.028,0.2281,286.33,82.32,3.478,228,-236.7,0.0724,23.1917,,,,,
1,1.2,0.65,12,10,4,0.5,0.245,0.734,17.5,0.02,2.09,1.039,0.3489,159.03,82.03,1.939,235,-167.5,0.0702,23.1598,,,,,
2,1.2,0.8,20,6,6,0.5,0.241,0.759,7.9,-0.019,-3.96,0.967,0.2385,492.53,159.48,3.088,218,-2077.8,0.0473,23.1532,,,,,
2,1.2,0.65,16,8,8,0.5,0.24,0.76,9.1,0.003,0.76,1.006,0.3349,387.19,193.79,1.998,218,-1049.8,0.0441,23.117,,,,,
1,1.2,0.5,16,6,10,0.5,0.244,0.663,21.7,0.024,2.56,1.04,0.3182,210.54,94.5,2.228,220,-53.5,0.0799,23.081,,,,,
2,1.5,0.8,20,4,10,0.3,0.243,0.753,14.3,0.01,2.24,1.016,0.2524,577.15,191.88,3.008,103,-345.8,0.0616,23.0803,,,,,
1,1.5,0.8,16,6,10,0.5,0.231,0.298,29.8,0.066,8.37,1.123,0.3814,200.56,110.1,1.822,118,657.1,0.0717,23.0799,,,,,
2,1.2,0.5,16,6,8,0.15,0.241,0.754,13.3,0.014,2.68,1.023,0.2866,409.34,160.71,2.547,157,-453.4,0.0521,23.0735,,,,,
2,1.2,0.5,20,10,8,0.15,0.24,0.76,9.1,0.004,0.66,1.006,0.2467,482.09,156.98,3.071,150,-729.8,0.0466,23.068,,,,,
1,1.2,0.65,20,10,8,1.0,0.241,0.753,15.5,0.017,1.8,1.028,0.25,269.06,87.28,3.083,232,-231.5,0.0535,23.0473,,,,,
2,1.2,0.8,8,6,4,0.5,0.24,0.76,10.5,0.005,1.32,1.012,0.4737,229.59,204.12,1.125,228,-970.0,0.0496,23.008,,,,,
2,1.2,0.65,12,4,8,0.15,0.243,0.718,18.1,0.017,3.9,1.032,0.3851,325.45,197.47,1.648,161,-268.0,0.0705,23.0074,,,,,
1,1.5,0.8,20,4,6,0.3,0.234,0.46,27.0,0.066,6.86,1.113,0.2212,305.5,77.98,3.918,113,458.6,0.0669,22.981,,,,,
2,1.2,0.5,12,10,8,0.15,0.239,0.761,11.4,0.015,2.87,1.025,0.3618,320.22,177.06,1.809,152,-403.0,0.0461,22.9778,,,,,
2,1.2,0.5,16,4,8,0.15,0.24,0.756,14.8,0.013,2.5,1.022,0.2821,417.95,160.71,2.601,156,-478.4,0.053,22.9517,,,,,
2,1.2,0.8,16,10,6,1.0,0.238,0.762,7.5,-0.013,-3.05,0.975,0.3167,374.3,177.97,2.103,221,-1899.8,0.0436,22.9274,,,,,
2,1.2,0.35,20,4,10,0.5,0.239,0.761,8.6,0.001,0.11,1.001,0.2,568.24,141.92,4.004,205,-1119.6,0.049,22.9202,,,,,
2,1.5,0.5,20,10,10,1.0,0.241,0.755,15.2,0.0,0.07,1.001,0.2458,514.09,167.42,3.071,118,-652.2,0.0606,22.9008,,,,,
2,1.5,0.65,20,6,4,0.5,0.238,0.762,12.9,-0.01,-1.95,0.983,0.176,625.27,135.92,4.6,125,-944.0,0.0464,22.8721,,,,,
2,1.2,0.35,20,8,6,0.3,0.238,0.762,9.4,-0.013,-1.8,0.982,0.1818,550.42,124.51,4.421,187,-1383.0,0.0472,22.8555,,,,,
2,1.5,0.65,16,6,8,1.0,0.243,0.753,14.2,0.016,3.6,1.027,0.3197,427.93,195.78,2.186,122,-244.0,0.0746,22.8203,,,,,
2,1.5,0.8,20,8,6,1.0,0.238,0.761,12.2,-0.016,-3.33,0.974,0.2222,550.21,161.48,3.407,126,-1124.6,0.0519,22.7652,,,,,
2,1.2,0.65,8,6,6,0.5,0.237,0.763,9.1,0.002,0.54,1.005,0.4932,237.22,229.8,1.032,221,-1118.8,0.049,22.72,,,,,
2,1.5,0.5,16,6,8,0.5,0.239,0.758,14.1,0.005,1.02,1.008,0.2881,433.68,174.11,2.491,118,-540.6,0.0607,22.6955,,,,,
1,1.2,0.8,20,8,6,1.0,0.238,0.755,14.4,0.005,0.52,1.009,0.2468,245.84,79.87,3.078,235,-536.9,0.0565,22.6907,,,,,
2,1.2,0.65,20,8,4,0.3,0.236,0.764,8.6,-0.015,-2.9,0.974,0.2053,519.53,137.83,3.769,190,-1615.4,0.0461,22.6778,,,,,
2,1.2,0.5,20,4,8,0.5,0.237,0.763,8.7,0.0,0.07,1.001,0.2275,561.24,165.18,3.398,211,-1161.0,0.0523,22.6534,,,,,
2,1.2,0.65,16,4,4,1.0,0.235,0.765,8.5,-0.007,-1.4,0.988,0.2692,426.21,158.95,2.681,234,-1639.0,0.0426,22.6474,,,,,
1,1.5,0.8,20,4,8,0.5,0.233,0.497,26.7,0.049,5.77,1.081,0.2564,300.0,95.69,3.135,117,347.4,0.074,22.6291,,,,,
2,1.5,0.5,20,10,10,0.5,0.237,0.761,14.7,-0.002,-0.37,0.997,0.2389,531.8,167.44,3.176,113,-674.2,0.0555,22.5956,,,,,
1,1.5,0.8,20,4,8,0.3,0.231,0.51,28.4,0.05,5.9,1.083,0.2547,300.46,94.78,3.17,106,328.2,0.0645,22.5877,,,,,
2,1.2,0.65,12,6,4,0.3,0.237,0.763,10.8,0.005,0.96,1.009,0.3301,324.6,158.51,2.048,206,-955.8,0.0557,22.5868,,,,,
1,1.2,0.8,16,10,10,0.15,0.227,0.384,30.6,0.052,6.29,1.097,0.3727,190.83,103.34,1.847,161,561.7,0.0657,22.5528,,,,,
1,1.2,0.8,8,6,4,1.0,0.239,0.719,21.1,0.014,1.73,1.032,0.4797,115.78,103.42,1.12,246,-263.8,0.0739,22.5485,,,,,
1,1.5,0.8,20,6,10,0.3,0.232,0.548,25.0,0.047,5.44,1.077,0.2571,295.22,94.87,3.112,105,276.9,0.0656,22.5473,,,,,
2,1.2,0.35,16,4,8,0.5,0.236,0.763,11.0,0.013,2.12,1.02,0.2617,420.15,146.04,2.877,214,-739.4,0.0541,22.5202,,,,,
2,1.5,0.65,20,4,6,1.0,0.238,0.757,15.0,0.003,0.62,1.005,0.1984,621.12,152.97,4.06,126,-627.6,0.0671,22.4733,,,,,
2,1.5,0.8,20,6,6,0.3,0.237,0.758,17.1,-0.006,-1.3,0.989,0.2162,564.82,157.47,3.587,111,-766.0,0.0637,22.4402,,,,,
1,1.2,0.65,20,8,6,0.5,0.236,0.758,14.9,0.011,1.13,1.019,0.2456,245.47,78.42,3.13,228,-379.8,0.0599,22.4193,,,,,
1,1.2,0.8,16,8,4,0.5,0.237,0.731,19.1,0.016,1.7,1.031,0.2966,187.86,76.81,2.446,236,-260.6,0.0702,22.3929,,,,,
1,1.5,0.8,20,10,10,0.5,0.233,0.529,26.6,0.042,4.81,1.071,0.2735,264.84,93.09,2.845,117,234.9,0.0811,22.3925,,,,,
1,1.2,0.5,20,6,8,1.0,0.237,0.758,15.5,0.011,1.09,1.017,0.2212,294.42,82.24,3.58,226,-386.7,0.0669,22.3779,,,,,
1,1.2,0.65,12,8,4,0.3,0.236,0.698,21.5,0.022,2.23,1.043,0.3379,161.15,78.88,2.043,219,-125.5,0.0711,22.3753,,,,,
1,1.2,0.8,16,8,6,1.0,0.237,0.734,19.4,0.014,1.52,1.026,0.3277,184.78,87.81,2.104,238,-303.7,0.0719,22.3485,,,,,
2,1.2,0.65,16,6,6,0.5,0.232,0.768,9.7,0.006,1.31,1.011,0.3202,371.55,173.06,2.147,228,-978.2,0.0426,22.3474,,,,,
2,1.2,0.65,20,6,8,1.0,0.232,0.768,7.8,-0.019,-4.12,0.969,0.2432,526.56,174.7,3.014,222,-2153.2,0.0442,22.3167,,,,,
2,1.2,0.8,16,8,6,0.5,0.23,0.77,9.5,0.002,0.43,1.004,0.3243,363.82,174.0,2.091,222,-1142.0,0.0361,22.2784,,,,,
2,1.2,0.35,12,10,8,0.15,0.234,0.745,17.8,0.029,4.44,1.046,0.3182,314.97,140.48,2.242,154,-167.6,0.0613,22.2375,,,,,
2,1.5,0.8,16,6,6,0.5,0.232,0.767,11.3,-0.017,-3.81,0.968,0.2857,404.73,167.22,2.42,126,-1185.4,0.0512,22.1794,,,,,
2,1.2,0.8,12,8,6,0.15,0.232,0.764,15.4,0.012,2.6,1.025,0.4035,261.16,172.3,1.516,171,-507.2,0.0526,22.1607,,,,,
1,1.2,0.5,20,4,6,0.5,0.235,0.754,16.2,0.013,1.24,1.021,0.2188,278.1,76.29,3.645,224,-350.5,0.0702,22.1288,,,,,
2,1.2,0.65,16,6,8,1.0,0.231,0.769,8.8,0.005,1.05,1.008,0.3362,388.69,195.29,1.99,232,-1050.2,0.0492,22.1165,,,,,
1,1.2,0.65,20,4,6,0.15,0.229,0.554,27.1,0.049,4.69,1.084,0.2381,255.31,73.63,3.467,168,317.1,0.0738,22.0751,,,,,
2,1.5,0.5,12,10,10,0.5,0.231,0.758,16.2,0.007,1.51,1.012,0.3793,323.3,195.14,1.657,116,-474.2,0.0546,22.0418,,,,,
2,1.2,0.65,16,10,8,1.0,0.228,0.772,8.1,-0.009,-2.08,0.984,0.3258,391.17,192.11,2.036,221,-1686.4,0.0379,22.0416,,,,,
2,1.5,0.65,20,8,6,1.0,0.231,0.766,13.5,-0.011,-2.15,0.982,0.208,570.42,152.53,3.74,125,-969.0,0.054,22.0285,,,,,
2,1.5,0.8,20,4,8,0.3,0.232,0.765,14.6,0.002,0.54,1.004,0.25,577.15,191.67,3.011,104,-526.4,0.0613,21.9834,,,,,
1,1.2,0.65,16,10,6,0.5,0.233,0.739,19.7,0.018,1.99,1.034,0.3233,186.83,86.31,2.165,232,-187.1,0.0707,21.9702,,,,,
2,1.2,0.35,20,6,10,0.15,0.229,0.765,14.1,0.007,0.98,1.009,0.2038,509.48,129.2,3.943,157,-720.2,0.0474,21.9693,,,,,
2,1.5,0.65,16,4,6,0.5,0.229,0.769,11.9,-0.008,-1.73,0.985,0.2583,453.78,160.39,2.829,120,-879.8,0.0479,21.9474,,,,,
2,1.5,0.65,16,4,8,0.15,0.23,0.723,21.4,0.021,4.51,1.035,0.2899,460.56,181.63,2.536,69,-75.2,0.0611,21.9187,,,,,
1,1.2,0.65,20,8,8,0.15,0.228,0.62,25.4,0.04,4.12,1.068,0.2683,241.76,83.02,2.912,164,215.8,0.0679,21.8982,,,,,
1,1.2,0.8,16,10,6,1.0,0.232,0.744,19.0,0.012,1.31,1.022,0.3264,186.22,88.28,2.109,239,-356.7,0.0687,21.8979,,,,,
2,1.2,0.65,20,10,8,1.0,0.227,0.773,7.1,-0.028,-6.1,0.953,0.242,514.65,172.37,2.986,219,-2552.0,0.0403,21.8939,,,,,
2,1.5,0.8,16,4,8,0.3,0.23,0.763,15.5,0.005,1.34,1.01,0.3208,440.21,205.9,2.138,106,-451.4,0.0585,21.852,,,,,
1,1.2,0.65,20,4,4,0.5,0.231,0.76,16.6,0.011,1.07,1.019,0.2103,272.45,71.2,3.827,233,-402.2,0.0645,21.8365,,,,,
2,1.2,0.5,12,8,8,0.15,0.227,0.772,13.2,0.002,0.3,1.003,0.3602,308.59,173.3,1.781,161,-847.8,0.047,21.7629,,,,,
2,1.5,0.65,16,10,8,0.5,0.23,0.76,16.3,0.006,1.41,1.011,0.3136,427.48,193.21,2.213,118,-494.0,0.0667,21.6957,,,,,
1,1.2,0.8,12,6,6,1.0,0.23,0.696,22.0,0.019,2.23,1.038,0.3859,156.72,94.85,1.652,241,-137.3,0.0767,21.6882,,,,,
1,1.5,0.8,20,6,8,0.3,0.223,0.571,24.4,0.039,4.56,1.065,0.2547,295.22,94.78,3.115,106,186.6,0.0618,21.6829,,,,,
1,1.2,0.65,16,8,8,1.0,0.227,0.743,18.3,0.012,1.34,1.021,0.3333,198.4,97.2,2.041,234,-342.5,0.0565,21.6597,,,,,
2,1.5,0.8,12,4,6,0.5,0.226,0.773,13.5,-0.014,-3.1,0.974,0.3223,363.47,177.44,2.048,121,-1052.2,0.0473,21.6579,,,,,
2,1.2,0.65,16,10,6,0.5,0.225,0.775,8.5,-0.009,-1.84,0.984,0.3088,375.75,170.5,2.204,217,-1608.8,0.0421,21.6576,,,,,
2,1.5,0.8,12,4,6,1.0,0.226,0.772,13.0,-0.013,-3.0,0.975,0.328,361.6,180.95,1.998,125,-1074.6,0.0485,21.6366,,,,,
2,1.2,0.5,12,6,8,0.15,0.227,0.768,15.4,0.0,0.09,1.001,0.3481,327.54,174.76,1.874,158,-864.6,0.054,21.6349,,,,,
1,1.5,0.65,20,8,8,0.5,0.221,0.487,26.0,0.048,5.24,1.079,0.2564,280.0,89.51,3.128,117,284.9,0.0685,21.6058,,,,,
2,1.5,0.65,16,8,8,1.0,0.228,0.767,16.3,0.009,2.17,1.016,0.3197,423.44,195.78,2.163,122,-419.0,0.0606,21.6029,,,,,
2,1.2,0.5,20,6,10,1.0,0.224,0.776,8.2,-0.018,-3.76,0.972,0.2381,556.57,178.87,3.112,210,-1960.6,0.046,21.4802,,,,,
2,1.5,0.5,12,8,10,1.0,0.226,0.763,17.4,0.006,1.21,1.01,0.3852,318.03,197.33,1.612,122,-535.8,0.0579,21.4741,,,,,
1,1.2,0.8,12,8,6,0.5,0.23,0.732,21.3,0.011,1.23,1.021,0.3863,153.47,94.58,1.623,233,-364.7,0.0828,21.4573,,,,,
1,1.5,0.8,20,6,8,1.0,0.222,0.578,24.2,0.035,4.1,1.057,0.2562,295.43,96.25,3.069,121,157.1,0.068,21.44,,,,,
1,1.2,0.65,12,8,8,0.5,0.226,0.736,20.9,0.011,1.31,1.02,0.393,166.25,105.49,1.576,229,-341.0,0.0641,21.4318,,,,,
1,1.5,0.8,20,10,10,1.0,0.223,0.546,26.6,0.035,4.1,1.061,0.2787,257.35,93.75,2.745,122,158.4,0.0781,21.4303,,,,,
2,1.2,0.35,20,6,8,0.5,0.225,0.775,8.8,-0.006,-0.97,0.991,0.1923,569.32,136.76,4.163,208,-1361.4,0.054,21.421,,,,,
2,1.5,0.8,16,4,8,0.15,0.225,0.716,20.3,0.019,4.51,1.034,0.3043,454.1,192.19,2.363,69,-75.2,0.0631,21.4155,,,,,
2,1.5,0.8,12,4,10,0.15,0.226,0.701,24.0,0.006,1.45,1.011,0.4348,306.67,233.33,1.314,69,-286.4,0.0708,21.4039,,,,,
2,1.2,0.35,20,6,8,0.15,0.224,0.765,14.3,0.021,2.99,1.03,0.2,509.48,123.63,4.121,160,-412.0,0.0517,21.3994,,,,,
2,1.5,0.8,16,4,4,0.3,0.225,0.772,13.8,-0.01,-2.01,0.982,0.2414,449.72,145.74,3.086,116,-882.4,0.0571,21.3668,,,,,
1,1.2,0.8,16,10,4,0.5,0.227,0.75,19.0,0.012,1.21,1.022,0.2996,185.74,77.71,2.39,237,-376.1,0.0719,21.3313,,,,,
2,1.2,0.5,12,4,6,0.5,0.223,0.776,11.9,0.002,0.32,1.003,0.3349,349.93,175.69,1.992,218,-1150.6,0.0497,21.3096,,,,,
2,1.5,0.8,16,8,8,0.5,0.226,0.772,14.5,-0.001,-0.3,0.998,0.3305,421.52,208.54,2.021,118,-696.6,0.0657,21.2929,,,,,
2,1.2,0.35,12,4,10,0.5,0.223,0.777,10.6,0.003,0.49,1.004,0.3099,356.87,159.52,2.237,213,-1083.8,0.0513,21.2749,,,,,
2,1.2,0.65,20,6,4,0.3,0.221,0.778,9.0,-0.023,-4.35,0.96,0.206,511.53,138.22,3.701,199,-1979.6,0.0419,21.2645,,,,,
2,1.2,0.8,12,6,4,0.5,0.223,0.777,10.0,-0.003,-0.68,0.994,0.3436,316.61,166.78,1.898,227,-1420.0,0.0521,21.2589,,,,,
1,1.2,0.8,16,4,4,0.15,0.208,0.29,30.4,0.064,6.03,1.124,0.2616,209.17,65.94,3.172,172,555.9,0.0546,21.2138,,,,,
2,1.2,0.8,16,6,4,0.5,0.221,0.779,9.2,-0.002,-0.49,0.996,0.2926,374.43,155.55,2.407,229,-1389.4,0.0464,21.1716,,,,,
2,1.2,0.35,20,6,10,0.5,0.22,0.78,8.7,-0.02,-3.06,0.973,0.1951,569.32,141.82,4.014,205,-1769.6,0.0418,21.1639,,,,,
2,1.2,0.5,16,10,10,0.15,0.219,0.781,10.4,-0.018,-3.43,0.972,0.2993,395.8,173.97,2.275,147,-1316.0,0.0387,21.1257,,,,,
2,1.5,0.65,16,4,6,1.0,0.221,0.777,11.7,-0.016,-3.29,0.973,0.2581,452.1,161.68,2.796,124,-1102.2,0.0497,21.1112,,,,,
2,1.2,0.35,16,4,10,0.15,0.222,0.761,20.2,0.016,2.37,1.023,0.2532,408.75,135.38,3.019,158,-504.2,0.0572,21.108,,,,,
2,1.2,0.65,12,10,6,0.5,0.219,0.781,8.3,-0.008,-1.84,0.984,0.3594,318.92,181.83,1.754,217,-1608.8,0.0413,21.0745,,,,,
1,1.2,0.5,20,8,8,0.5,0.224,0.762,16.7,0.008,0.78,1.012,0.2318,276.15,82.32,3.354,220,-444.9,0.0692,21.0585,,,,,
2,1.2,0.65,20,6,6,0.5,0.218,0.782,8.1,-0.02,-3.96,0.967,0.2294,504.73,155.35,3.249,218,-2083.8,0.0415,20.9707,,,,,
2,1.2,0.8,20,10,6,1.0,0.217,0.783,6.5,-0.038,-8.03,0.934,0.2329,488.53,158.78,3.077,219,-2974.4,0.0387,20.9263,,,,,
2,1.2,0.8,20,8,4,0.15,0.219,0.78,14.1,-0.01,-1.87,0.98,0.2249,413.1,122.24,3.379,169,-1256.4,0.0489,20.9245,,,,,
2,1.2,0.65,12,10,4,0.5,0.217,0.783,7.9,-0.014,-3.01,0.973,0.3364,317.41,165.45,1.918,217,-1863.6,0.0413,20.8738,,,,,
2,1.2,0.5,16,6,8,0.5,0.219,0.781,10.1,0.004,0.72,1.006,0.3028,411.84,177.8,2.316,218,-1058.8,0.0514,20.8727,,,,,
1,1.2,0.5,16,6,10,1.0,0.22,0.709,21.2,0.014,1.49,1.023,0.3142,211.8,94.84,2.233,226,-295.3,0.067,20.8725,,,,,
1,1.5,0.65,20,8,10,0.3,0.213,0.524,26.8,0.044,4.76,1.072,0.2571,274.54,88.62,3.098,105,206.0,0.0609,20.8713,,,,,
2,1.2,0.65,8,6,6,1.0,0.216,0.784,8.9,-0.009,-2.34,0.98,0.4934,233.54,232.07,1.006,227,-1802.4,0.0404,20.7929,,,,,
2,1.2,0.65,12,10,8,1.0,0.216,0.784,8.6,-0.012,-2.87,0.978,0.3801,329.34,206.57,1.594,221,-1861.4,0.0424,20.7525,,,,,
2,1.2,0.35,12,4,8,0.5,0.217,0.779,11.2,0.006,0.95,1.009,0.2977,363.33,152.65,2.38,215,-995.0,0.0486,20.7406,,,,,
2,1.2,0.65,20,10,10,1.0,0.215,0.785,7.7,-0.016,-3.72,0.973,0.277,489.09,192.53,2.54,213,-1974.8,0.0393,20.7145,,,,,
2,1.5,0.5,20,4,8,0.5,0.219,0.778,15.6,-0.005,-1.06,0.992,0.2087,624.08,165.93,3.761,115,-766.0,0.0619,20.672,,,,,
2,1.5,0.8,16,4,4,1.0,0.214,0.786,10.9,-0.024,-4.87,0.957,0.2385,452.17,147.98,3.056,130,-1360.8,0.0397,20.6067,,,,,
2,1.2,0.35,20,10,6,0.3,0.213,0.787,8.5,-0.028,-4.09,0.96,0.1882,518.27,125.17,4.141,186,-1796.4,0.0401,20.497,,,,,
2,1.2,0.65,12,6,6,0.5,0.214,0.786,9.6,-0.003,-0.7,0.994,0.3661,317.29,184.33,1.721,224,-1411.4,0.0455,20.4899,,,,,
1,1.5,0.65,16,4,8,0.5,0.205,0.398,30.7,0.058,6.67,1.101,0.322,226.64,97.81,2.317,118,457.1,0.0614,20.4637,,,,,
1,1.2,0.35,20,6,10,1.0,0.218,0.757,17.3,0.013,1.0,1.017,0.1937,302.52,71.44,4.235,222,-400.7,0.0712,20.4506,,,,,
2,1.2,0.8,16,10,4,0.15,0.213,0.785,12.5,-0.002,-0.44,0.995,0.2695,353.66,131.05,2.699,167,-997.8,0.0436,20.4349,,,,,
1,1.2,0.8,20,4,4,1.0,0.216,0.778,14.7,-0.005,-0.52,0.991,0.2116,271.08,73.42,3.692,241,-799.6,0.0596,20.426,,,,,
2,1.2,0.8,20,8,6,0.5,0.213,0.787,8.0,-0.043,-8.96,0.926,0.2372,470.55,158.07,2.977,215,-3124.8,0.0441,20.419,,,,,
1,1.5,0.8,20,4,8,1.0,0.211,0.53,26.9,0.038,4.44,1.062,0.2562,296.77,96.25,3.083,121,198.7,0.0745,20.386,,,,,
2,1.2,0.65,20,10,6,0.5,0.212,0.788,7.7,-0.036,-7.26,0.939,0.2279,488.56,153.61,3.181,215,-2758.4,0.0417,20.365,,,,,
2,1.2,0.5,16,4,6,0.5,0.213,0.787,9.8,-0.01,-1.87,0.984,0.2811,414.27,164.58,2.517,217,-1620.0,0.0493,20.3147,,,,,
2,1.5,0.8,16,6,8,1.0,0.216,0.782,13.6,-0.006,-1.52,0.989,0.3279,424.1,209.15,2.028,122,-869.0,0.0647,20.3127,,,,,
1,1.2,0.65,12,10,6,1.0,0.214,0.765,17.9,0.011,1.23,1.021,0.3713,159.27,92.11,1.729,237,-373.1,0.0575,20.3126,,,,,
2,1.2,0.5,20,4,4,0.15,0.211,0.787,12.4,-0.024,-3.93,0.962,0.1935,518.46,129.31,4.01,155,-1477.6,0.0399,20.3082,,,,,
2,1.5,0.8,20,8,4,0.5,0.211,0.788,12.1,-0.026,-5.11,0.954,0.1905,560.67,138.24,4.056,126,-1349.6,0.0401,20.3019,,,,,
1,1.2,0.5,20,4,8,0.15,0.21,0.579,26.8,0.043,3.91,1.067,0.2313,270.61,76.32,3.546,160,177.0,0.0677,20.2796,,,,,
1,1.5,0.65,16,4,10,0.3,0.202,0.413,29.2,0.058,6.79,1.1,0.3333,224.29,101.96,2.2,105,418.5,0.055,20.2553,,,,,
1,1.2,0.5,16,8,10,0.5,0.215,0.731,21.5,0.007,0.69,1.011,0.3119,210.66,94.5,2.229,218,-460.2,0.0738,20.1859,,,,,
2,1.2,0.65,12,10,10,1.0,0.211,0.789,9.1,-0.005,-1.33,0.99,0.4252,313.9,234.55,1.338,214,-1472.2,0.0479,20.1417,,,,,
2,1.5,0.8,20,4,4,0.5,0.209,0.79,13.5,-0.016,-3.13,0.973,0.1811,611.0,138.94,4.398,127,-1108.2,0.0414,20.0751,,,,,
1,1.2,0.35,20,4,10,1.0,0.215,0.747,19.7,0.013,1.0,1.018,0.1964,297.16,71.39,4.163,224,-402.2,0.0773,20.0671,,,,,
1,1.5,0.65,20,8,8,1.0,0.206,0.534,25.6,0.035,3.82,1.057,0.2562,275.81,89.86,3.069,121,123.7,0.0672,20.0356,,,,,
1,1.5,0.5,20,6,8,0.3,0.207,0.568,26.2,0.039,3.77,1.059,0.219,310.15,82.16,3.775,105,101.9,0.0674,20.0265,,,,,
1,1.5,0.8,20,6,4,0.3,0.205,0.548,24.3,0.047,4.6,1.083,0.1983,304.17,69.49,4.377,116,208.6,0.0609,20.0231,,,,,
2,1.2,0.5,20,8,8,0.15,0.209,0.791,11.1,-0.021,-3.86,0.967,0.2372,479.38,154.1,3.111,156,-1469.4,0.0439,20.0225,,,,,
2,1.5,0.5,12,4,8,1.0,0.212,0.781,14.9,-0.005,-1.06,0.991,0.3333,372.45,187.82,1.983,117,-779.8,0.06,20.0205,,,,,
2,1.2,0.65,20,8,8,0.5,0.208,0.792,8.2,-0.032,-6.84,0.948,0.2441,511.39,174.22,2.935,213,-2644.6,0.0401,19.9988,,,,,
1,1.2,0.8,20,10,6,1.0,0.212,0.783,15.8,-0.004,-0.45,0.993,0.2415,249.22,79.96,3.117,236,-767.7,0.0615,19.9846,,,,,
1,1.2,0.5,8,6,4,0.5,0.214,0.735,22.1,0.009,0.96,1.018,0.4231,125.76,90.56,1.389,234,-430.2,0.0786,19.9819,,,,,
2,1.2,0.8,20,10,4,0.15,0.209,0.79,12.8,-0.009,-1.64,0.983,0.2216,420.66,121.83,3.453,167,-1197.8,0.0465,19.9739,,,,,
2,1.2,0.35,16,8,6,0.3,0.208,0.792,10.7,-0.021,-3.08,0.969,0.2448,398.59,133.28,2.991,192,-1666.6,0.0418,19.965,,,,,
1,1.2,0.5,20,4,4,0.5,0.212,0.775,17.2,-0.003,-0.27,0.995,0.2009,277.18,70.01,3.959,229,-703.5,0.0639,19.9604,,,,,
1,1.2,0.65,20,10,8,0.15,0.207,0.655,25.8,0.03,3.05,1.05,0.2683,237.5,82.92,2.864,164,40.8,0.0599,19.9166,,,,,
2,1.5,0.8,16,10,8,0.5,0.212,0.786,15.2,-0.017,-4.09,0.971,0.322,420.84,205.94,2.044,118,-1144.0,0.0646,19.913,,,,,
1,1.2,0.5,20,10,10,0.5,0.212,0.774,16.6,-0.0,-0.03,1.0,0.25,265.15,88.43,2.999,216,-611.7,0.0667,19.9087,,,,,
1,1.5,0.8,16,4,10,0.3,0.2,0.468,28.9,0.048,6.07,1.085,0.3524,220.95,110.85,1.993,105,343.5,0.0551,19.8939,,,,,
1,1.2,0.35,20,6,8,1.0,0.213,0.748,18.1,0.013,1.04,1.019,0.1875,304.96,69.09,4.414,224,-393.8,0.0762,19.892,,,,,
2,1.2,0.35,8,6,6,0.3,0.208,0.791,12.2,-0.003,-0.52,0.995,0.3515,281.26,153.24,1.835,202,-1236.4,0.0463,19.8769,,,,,
2,1.5,0.8,20,6,4,1.0,0.206,0.794,11.0,-0.037,-7.4,0.936,0.1832,589.83,141.36,4.173,131,-1702.6,0.0365,19.8699,,,,,
2,1.2,0.35,12,10,4,0.3,0.207,0.793,9.2,-0.021,-3.08,0.968,0.2713,343.53,132.12,2.6,188,-1627.0,0.0432,19.8357,,,,,
2,1.2,0.35,20,6,6,0.3,0.207,0.793,9.7,-0.03,-4.36,0.958,0.1762,558.34,124.69,4.478,193,-1922.2,0.045,19.7997,,,,,
1,1.5,0.65,20,6,6,0.3,0.202,0.527,24.6,0.046,4.54,1.076,0.2054,313.41,75.28,4.163,112,194.8,0.0607,19.7996,,,,,
2,1.2,0.65,16,10,6,0.15,0.207,0.792,11.8,-0.013,-2.7,0.976,0.2975,365.14,158.45,2.304,158,-1306.0,0.0455,19.7936,,,,,
2,1.2,0.35,16,4,10,0.5,0.207,0.793,9.7,-0.008,-1.29,0.989,0.2607,424.61,151.44,2.804,211,-1447.6,0.0454,19.791,,,,,
1,1.2,0.5,8,4,6,1.0,0.211,0.718,22.4,0.012,1.3,1.023,0.4383,134.89,102.94,1.31,235,-352.2,0.0765,19.7825,,,,,
2,1.2,0.65,16,8,8,1.0,0.206,0.794,8.9,-0.014,-3.17,0.976,0.3304,383.65,194.0,1.978,224,-1958.4,0.0419,19.7611,,,,,
1,1.5,0.5,20,6,10,0.3,0.205,0.582,26.3,0.034,3.33,1.051,0.2212,310.15,83.8,3.701,104,54.7,0.0697,19.7441,,,,,
1,1.2,0.65,20,10,6,0.5,0.209,0.785,16.3,0.002,0.24,1.004,0.2402,249.42,78.52,3.177,229,-585.6,0.0597,19.7234,,,,,
1,1.2,0.5,20,6,8,0.15,0.205,0.645,25.5,0.031,2.81,1.048,0.225,275.0,76.21,3.608,160,2.0,0.0619,19.7124,,,,,
2,1.2,0.5,16,8,8,0.15,0.206,0.792,12.9,-0.012,-2.15,0.981,0.2866,392.49,160.71,2.442,157,-1211.6,0.0473,19.6603,,,,,
2,1.2,0.65,16,10,4,0.5,0.204,0.796,7.9,-0.025,-4.97,0.955,0.2765,384.93,153.98,2.5,217,-2288.6,0.0397,19.6063,,,,,
2,1.5,0.65,20,8,4,0.5,0.204,0.792,12.4,-0.032,-5.95,0.947,0.176,602.55,135.92,4.433,125,-1444.0,0.0427,19.5587,,,,,
2,1.2,0.5,16,4,10,0.15,0.204,0.796,12.9,-0.018,-3.51,0.972,0.2848,420.69,172.4,2.44,151,-1369.4,0.0422,19.5555,,,,,
2,1.2,0.5,16,4,8,1.0,0.204,0.796,10.1,-0.011,-2.16,0.983,0.2973,413.56,178.04,2.323,222,-1717.4,0.0434,19.5315,,,,,
2,1.2,0.5,20,8,10,0.5,0.202,0.798,9.1,-0.037,-7.61,0.943,0.2488,509.49,178.85,2.849,205,-2702.0,0.0383,19.4349,,,,,
1,1.2,0.35,20,8,6,0.3,0.207,0.738,20.9,0.006,0.46,1.009,0.1884,275.22,63.32,4.347,207,-483.7,0.0723,19.4195,,,,,
1,1.2,0.8,20,4,4,0.15,0.198,0.518,28.8,0.041,3.73,1.075,0.2105,253.12,62.78,4.032,171,158.7,0.0632,19.3874,,,,,
1,1.2,0.35,20,4,8,1.0,0.208,0.733,21.8,0.018,1.38,1.025,0.1903,301.16,69.06,4.361,226,-320.3,0.0798,19.3805,,,,,
1,1.5,0.8,20,6,6,0.5,0.203,0.644,23.8,0.023,2.47,1.04,0.216,298.92,79.21,3.774,125,-41.6,0.0693,19.3735,,,,,
1,1.5,0.65,20,8,8,0.3,0.196,0.539,25.9,0.038,4.13,1.063,0.2547,274.54,88.29,3.109,106,140.7,0.052,19.3554,,,,,
2,1.2,0.8,12,10,4,0.15,0.202,0.795,11.8,-0.003,-0.66,0.993,0.3353,276.15,140.32,1.968,167,-1034.4,0.0436,19.3378,,,,,
2,1.2,0.35,20,4,6,0.15,0.202,0.797,13.2,-0.014,-1.89,0.98,0.1818,521.75,118.25,4.412,154,-1153.4,0.0435,19.3333,,,,,
2,1.5,0.5,20,4,8,1.0,0.205,0.792,15.0,-0.01,-1.87,0.986,0.2101,615.12,165.96,3.706,119,-888.4,0.0589,19.3313,,,,,
2,1.2,0.35,16,4,8,0.15,0.204,0.718,23.6,0.026,3.73,1.038,0.2484,406.25,129.34,3.141,161,-296.0,0.0659,19.3166,,,,,
2,1.5,0.65,20,8,10,0.3,0.204,0.793,15.3,-0.015,-3.34,0.975,0.2524,517.54,179.22,2.888,103,-920.8,0.0559,19.2916,,,,,
2,1.2,0.5,16,8,10,0.5,0.201,0.799,9.3,-0.023,-4.89,0.963,0.3128,405.39,191.64,2.115,211,-2208.0,0.0411,19.2787,,,,,
2,1.2,0.35,16,10,8,0.15,0.202,0.787,16.4,0.014,2.0,1.021,0.2597,382.09,131.36,2.909,154,-542.6,0.0478,19.2764,,,,,
1,1.5,0.5,12,4,10,0.5,0.191,0.338,29.0,0.07,7.48,1.122,0.3761,182.67,98.12,1.862,117,547.4,0.0627,19.2586,,,,,
2,1.2,0.8,20,4,4,0.5,0.202,0.798,8.5,-0.033,-6.62,0.942,0.2081,514.93,143.71,3.583,221,-2694.6,0.0479,19.242,,,,,
1,1.5,0.8,20,4,4,0.3,0.196,0.517,27.4,0.051,4.96,1.089,0.1983,305.98,69.49,4.403,116,250.2,0.061,19.2401,,,,,
2,1.5,0.5,12,4,8,0.5,0.203,0.789,15.3,-0.013,-2.65,0.979,0.3274,375.01,186.51,2.011,113,-932.4,0.0553,19.2176,,,,,
1,1.2,0.8,12,10,4,1.0,0.203,0.787,15.0,-0.002,-0.24,0.996,0.3457,158.82,84.28,1.884,243,-739.9,0.0557,19.2153,,,,,
2,1.5,0.8,8,4,6,1.0,0.204,0.785,18.3,-0.001,-0.21,0.998,0.4885,238.24,227.99,1.045,131,-761.2,0.061,19.2133,,,,,
2,1.5,0.8,16,6,10,0.15,0.203,0.737,22.5,0.002,0.52,1.004,0.3333,404.83,201.63,2.008,69,-350.2,0.0635,19.2107,,,,,
2,1.2,0.8,16,8,6,1.0,0.199,0.801,9.0,-0.016,-3.53,0.97,0.3202,360.55,175.0,2.06,228,-2075.6,0.0346,19.209,,,,,
2,1.5,0.65,20,6,4,1.0,0.2,0.8,11.9,-0.047,-8.99,0.922,0.1692,625.27,138.19,4.525,130,-1897.0,0.0399,19.2025,,,,,
2,1.2,0.65,16,6,6,1.0,0.199,0.801,9.1,-0.01,-2.25,0.981,0.3162,368.89,173.9,2.121,234,-1836.8,0.0363,19.1742,,,,,
1,1.5,0.65,12,6,10,1.0,0.186,0.264,30.8,0.06,7.52,1.118,0.439,161.81,113.22,1.429,123,580.6,0.0538,19.1736,,,,,
2,1.2,0.35,20,4,10,1.0,0.2,0.8,8.2,-0.028,-4.39,0.962,0.1943,567.02,142.21,3.987,211,-2103.2,0.0413,19.1732,,,,,
2,1.2,0.35,16,10,4,0.3,0.2,0.8,9.2,-0.028,-4.01,0.959,0.2287,408.03,126.21,3.233,188,-1802.0,0.0415,19.1703,,,,,
1,1.2,0.8,12,8,4,0.5,0.204,0.762,19.0,0.005,0.58,1.011,0.3502,155.12,82.71,1.875,237,-525.9,0.0669,19.1643,,,,,
1,1.5,0.65,16,10,10,1.0,0.19,0.322,31.1,0.055,6.4,1.099,0.3577,198.01,100.32,1.974,123,443.1,0.0662,19.1392,,,,,
2,1.5,0.8,20,6,10,0.3,0.202,0.793,14.8,-0.018,-4.31,0.97,0.2524,551.19,191.88,2.873,103,-1020.8,0.0558,19.0989,,,,,
1,1.2,0.65,12,10,8,0.15,0.195,0.577,26.9,0.033,3.66,1.062,0.3963,158.27,97.85,1.617,164,140.8,0.059,19.0033,,,,,
1,1.2,0.5,12,4,6,0.5,0.199,0.668,22.6,0.017,1.73,1.03,0.3377,175.89,87.09,2.02,228,-245.1,0.0659,18.9802,,,,,
2,1.2,0.5,8,4,4,0.15,0.199,0.795,13.8,0.001,0.11,1.001,0.3742,263.67,157.47,1.674,155,-850.4,0.0472,18.9748,,,,,
2,1.2,0.35,20,4,8,1.0,0.198,0.802,8.7,-0.023,-3.53,0.968,0.1878,574.94,137.28,4.188,213,-1939.4,0.0447,18.9068,,,,,
2,1.2,0.8,16,6,4,0.15,0.198,0.784,18.0,0.005,0.85,1.009,0.2647,361.0,128.8,2.803,170,-801.6,0.0482,18.8907,,,,,
1,1.2,0.8,20,8,4,0.5,0.199,0.796,15.1,-0.013,-1.26,0.977,0.2241,243.43,71.94,3.384,232,-941.0,0.0523,18.869,,,,,
2,1.5,0.8,20,8,6,0.3,0.2,0.795,16.3,-0.029,-6.03,0.951,0.2162,542.96,157.47,3.448,111,-1290.6,0.0573,18.8683,,,,,
1,1.2,0.65,20,8,6,1.0,0.199,0.797,14.9,-0.013,-1.3,0.978,0.2393,244.57,78.65,3.11,234,-959.1,0.0523,18.865,,,,,
2,1.5,0.65,16,10,8,1.0,0.201,0.796,16.6,-0.007,-1.5,0.989,0.3115,422.81,193.45,2.186,122,-866.4,0.0625,18.8581,,,,,
2,1.5,0.8,8,4,6,0.5,0.2,0.787,18.3,-0.001,-0.22,0.998,0.4882,235.44,225.0,1.046,127,-738.8,0.0591,18.8568,,,,,
2,1.2,0.5,12,10,4,0.5,0.196,0.804,7.9,-0.041,-7.86,0.928,0.3148,323.46,160.09,2.02,216,-2902.4,0.0391,18.8186,,,,,
1,1.5,0.65,16,10,10,0.5,0.186,0.302,31.4,0.059,6.89,1.107,0.3559,200.89,100.33,2.002,118,482.1,0.0663,18.8104,,,,,
1,1.5,0.8,20,4,6,0.5,0.194,0.583,26.1,0.033,3.5,1.056,0.216,303.7,79.21,3.834,125,87.5,0.0632,18.8046,,,,,
2,1.5,0.8,16,8,8,1.0,0.2,0.8,14.0,-0.014,-3.37,0.976,0.3279,418.48,209.15,2.001,122,-1094.0,0.0615,18.769,,,,,
2,1.2,0.65,20,10,6,0.15,0.196,0.803,12.0,-0.024,-4.6,0.958,0.2468,428.5,146.54,2.924,158,-1606.0,0.0432,18.7389,,,,,
2,1.2,0.35,8,6,4,0.3,0.195,0.805,11.7,-0.006,-1.01,0.989,0.3448,272.78,145.11,1.88,203,-1342.0,0.0402,18.6956,,,,,
2,1.5,0.8,16,6,4,0.5,0.195,0.804,11.6,-0.036,-7.15,0.934,0.2462,409.23,143.11,2.859,130,-1657.8,0.0404,18.6955,,,,,
2,1.5,0.8,20,6,4,0.3,0.197,0.796,16.1,-0.02,-3.9,0.966,0.193,566.16,140.22,4.038,114,-1082.8,0.0518,18.6842,,,,,
2,1.2,0.5,12,6,10,0.15,0.196,0.803,14.5,-0.024,-4.9,0.959,0.3636,318.56,189.73,1.679,154,-1611.2,0.0461,18.6816,,,,,
1,1.2,0.35,20,8,8,0.5,0.2,0.762,19.8,0.007,0.55,1.01,0.1963,284.79,68.89,4.134,219,-492.3,0.0724,18.6665,,,,,
2,1.5,0.65,20,4,4,0.3,0.196,0.801,15.0,-0.037,-7.03,0.939,0.1681,647.68,139.36,4.648,113,-1426.8,0.0484,18.641,,,,,
1,1.2,0.65,16,6,6,0.5,0.198,0.727,23.0,0.014,1.56,1.027,0.3262,182.89,86.23,2.121,233,-289.9,0.0694,18.6364,,,,,
2,1.2,0.65,16,10,6,1.0,0.194,0.806,8.0,-0.028,-5.94,0.95,0.3049,371.33,171.45,2.166,223,-2567.4,0.0392,18.6161,,,,,
2,1.2,0.5,12,4,8,1.0,0.196,0.804,11.3,-0.009,-1.93,0.984,0.3453,352.86,189.04,1.867,223,-1673.0,0.0502,18.5953,,,,,
2,1.2,0.8,12,10,4,1.0,0.192,0.808,6.8,-0.045,-10.22,0.912,0.3348,314.61,173.72,1.811,224,-3532.6,0.0311,18.5788,,,,,
1,1.2,0.8,12,6,4,1.0,0.198,0.778,20.3,-0.002,-0.25,0.995,0.3455,158.97,84.32,1.885,246,-751.3,0.0647,18.5783,,,,,
2,1.2,0.5,20,10,10,0.15,0.193,0.807,9.9,-0.048,-9.34,0.926,0.2483,472.33,168.42,2.805,145,-2154.4,0.0374,18.5523,,,,,
2,1.5,0.5,20,4,8,0.3,0.196,0.796,16.1,-0.018,-3.58,0.973,0.2136,594.59,166.05,3.581,103,-945.8,0.0541,18.5427,,,,,
2,1.5,0.65,16,6,8,0.3,0.196,0.796,15.0,-0.009,-1.96,0.985,0.3113,419.46,192.47,2.179,106,-801.4,0.0544,18.5361,,,,,
2,1.5,0.8,12,4,4,0.5,0.195,0.804,14.1,-0.027,-5.6,0.948,0.272,377.95,148.9,2.538,125,-1399.6,0.0493,18.5163,,,,,
1,1.2,0.5,16,8,10,1.0,0.197,0.761,19.7,-0.004,-0.45,0.993,0.308,211.6,94.84,2.231,224,-727.0,0.0657,18.5113,,,,,
2,1.5,0.8,16,4,6,0.15,0.197,0.782,19.7,-0.015,-3.23,0.973,0.2568,455.85,161.82,2.817,74,-653.2,0.0635,18.4921,,,,,
2,1.2,0.5,12,8,10,0.15,0.193,0.806,12.2,-0.025,-5.07,0.957,0.3758,299.12,188.2,1.589,157,-1669.4,0.0406,18.4901,,,,,
2,1.2,0.8,20,6,6,1.0,0.194,0.806,7.5,-0.042,-8.98,0.927,0.2321,490.61,160.02,3.066,224,-3261.4,0.0464,18.4728,,,,,
2,1.2,0.5,16,10,4,0.5,0.193,0.807,7.9,-0.05,-9.37,0.916,0.2593,392.33,149.96,2.616,216,-3227.4,0.0416,18.4671,,,,,
1,1.2,0.35,20,4,4,0.3,0.197,0.735,21.3,0.008,0.6,1.012,0.1762,285.47,60.33,4.732,210,-463.0,0.0728,18.4483,,,,,
1,1.2,0.5,16,4,6,0.5,0.197,0.745,21.6,0.006,0.55,1.009,0.2863,205.77,81.79,2.516,227,-510.6,0.0723,18.4277,,,,,
1,1.2,0.65,8,6,6,0.5,0.196,0.729,22.7,0.01,1.28,1.022,0.4979,116.77,113.24,1.031,235,-358.0,0.0704,18.4179,,,,,
2,1.5,0.65,16,6,10,0.3,0.195,0.796,15.3,-0.009,-2.22,0.984,0.3333,401.21,203.93,1.967,105,-820.8,0.0557,18.4131,,,,,
1,1.2,0.35,12,10,10,0.3,0.191,0.596,27.9,0.036,2.99,1.057,0.3268,170.52,78.35,2.176,205,38.5,0.0666,18.4072,,,,,
2,1.5,0.8,16,6,10,0.3,0.197,0.799,15.2,-0.018,-4.6,0.968,0.3524,394.38,221.69,1.779,105,-1070.8,0.0656,18.3998,,,,,
1,1.2,0.5,12,10,4,0.5,0.197,0.783,17.3,-0.008,-0.8,0.985,0.3247,163.04,79.57,2.049,231,-831.3,0.0686,18.3886,,,,,
2,1.5,0.5,20,4,10,0.3,0.194,0.8,16.3,-0.023,-4.6,0.965,0.2157,594.59,169.38,3.51,102,-1040.2,0.0534,18.3509,,,,,
2,1.2,0.65,16,8,6,0.5,0.191,0.809,9.7,-0.017,-3.66,0.969,0.3136,362.97,171.19,2.12,220,-2036.4,0.0383,18.3332,,,,,
2,1.5,0.65,20,8,8,0.3,0.194,0.802,15.1,-0.021,-4.51,0.966,0.25,517.54,178.53,2.899,104,-1051.4,0.0541,18.3303,,,,,
2,1.2,0.35,12,8,6,0.3,0.192,0.808,10.2,-0.027,-4.1,0.959,0.2798,343.21,139.03,2.469,193,-1872.2,0.0453,18.2945,,,,,
2,1.2,0.65,12,10,6,0.15,0.192,0.808,12.0,-0.016,-3.25,0.97,0.3671,285.98,171.0,1.672,158,-1392.6,0.0482,18.2362,,,,,
2,1.2,0.5,20,6,6,0.15,0.191,0.808,12.2,-0.034,-5.92,0.947,0.2102,501.79,141.04,3.558,157,-1808.6,0.0437,18.23,,,,,
2,1.2,0.35,16,4,10,1.0,0.191,0.809,9.5,-0.025,-4.02,0.964,0.2581,421.94,152.17,2.773,217,-2081.2,0.0438,18.2247,,,,,
2,1.2,0.35,20,4,6,0.5,0.192,0.808,8.5,-0.052,-7.82,0.928,0.1787,567.74,133.09,4.266,207,-2777.8,0.0497,18.2056,,,,,
2,1.2,0.35,12,6,6,0.3,0.191,0.808,12.4,-0.017,-2.62,0.974,0.2871,340.86,140.97,2.418,202,-1661.4,0.045,18.2035,,,,,
2,1.5,0.5,16,8,8,0.5,0.191,0.804,14.4,-0.017,-3.48,0.973,0.2797,440.58,175.88,2.505,118,-1071.6,0.0465,18.1859,,,,,
1,1.2,0.8,16,6,6,0.15,0.181,0.426,31.1,0.046,4.72,1.089,0.3081,188.21,77.0,2.444,172,330.9,0.0556,18.1666,,,,,
2,1.2,0.35,16,8,4,0.3,0.189,0.811,11.0,-0.029,-4.23,0.956,0.228,404.17,124.83,3.238,193,-1897.2,0.0374,18.1516,,,,,
2,1.5,0.8,20,6,8,0.3,0.192,0.805,15.2,-0.025,-5.95,0.959,0.25,551.19,191.67,2.876,104,-1201.4,0.0531,18.1474,,,,,
1,1.2,0.8,20,10,10,0.15,0.184,0.534,28.3,0.033,3.73,1.056,0.2981,234.64,94.36,2.487,161,149.2,0.0562,18.1221,,,,,
2,1.5,0.65,16,4,6,0.15,0.192,0.796,18.4,-0.045,-9.22,0.926,0.25,463.12,166.67,2.779,72,-1067.0,0.0565,18.1059,,,,,
2,1.2,0.65,12,10,6,1.0,0.188,0.812,8.2,-0.027,-5.94,0.95,0.3543,315.83,182.46,1.731,223,-2567.4,0.0366,18.0674,,,,,
1,1.5,0.8,16,8,10,0.5,0.18,0.353,31.9,0.047,5.93,1.087,0.3814,194.17,110.1,1.764,118,369.6,0.0687,18.027,,,,,
2,1.2,0.65,12,6,6,1.0,0.188,0.812,9.4,-0.019,-4.27,0.964,0.3609,315.57,184.86,1.707,230,-2270.0,0.039,18.0208,,,,,
1,1.5,0.5,20,4,8,0.3,0.183,0.524,26.9,0.043,4.17,1.065,0.219,311.96,82.16,3.797,105,143.5,0.0583,18.0136,,,,,
1,1.5,0.65,16,8,10,0.5,0.173,0.223,32.7,0.064,7.52,1.116,0.3644,197.97,101.67,1.947,118,557.1,0.055,18.0124,,,,,
1,1.5,0.65,20,4,6,0.3,0.182,0.489,26.3,0.05,4.91,1.082,0.2054,315.22,75.28,4.187,112,236.4,0.0592,18.0026,,,,,
2,1.2,0.5,16,8,10,1.0,0.188,0.812,9.1,-0.033,-7.06,0.947,0.3088,407.55,192.25,2.12,217,-2741.6,0.0403,17.9945,,,,,
2,1.5,0.8,16,10,8,1.0,0.192,0.808,14.6,-0.03,-7.44,0.947,0.3197,416.46,206.63,2.016,122,-1591.4,0.0605,17.991,,,,,
2,1.2,0.35,12,4,10,1.0,0.188,0.812,10.4,-0.013,-2.27,0.98,0.3059,355.65,160.03,2.222,219,-1717.4,0.0426,17.9473,,,,,
2,1.2,0.5,20,6,8,0.5,0.187,0.813,8.6,-0.034,-6.63,0.949,0.2217,552.02,165.76,3.33,212,-2586.4,0.0386,17.9277,,,,,
1,1.5,0.65,16,4,8,1.0,0.179,0.426,30.3,0.049,5.64,1.085,0.3197,225.96,97.89,2.308,122,345.9,0.0579,17.9274,,,,,
1,1.5,0.65,16,8,10,1.0,0.17,0.208,32.1,0.063,7.42,1.115,0.3659,196.39,101.6,1.933,123,568.1,0.0514,17.8372,,,,,
2,1.2,0.5,16,6,8,1.0,0.186,0.814,9.4,-0.024,-4.99,0.96,0.2946,409.19,178.01,2.299,224,-2367.4,0.0383,17.8347,,,,,
1,1.2,0.65,16,8,8,0.15,0.182,0.572,27.6,0.032,3.41,1.056,0.3333,191.82,90.8,2.113,165,100.5,0.0563,17.8111,,,,,
2,1.5,0.65,20,4,4,0.5,0.188,0.812,14.3,-0.034,-6.33,0.944,0.1667,645.38,136.67,4.722,126,-1502.6,0.0496,17.8086,,,,,
1,1.5,0.8,16,10,10,0.5,0.179,0.445,31.7,0.039,4.87,1.072,0.3729,195.74,108.61,1.802,118,244.6,0.0621,17.786,,,,,
2,1.5,0.35,16,4,10,1.0,0.188,0.806,16.0,-0.016,-2.56,0.977,0.2435,441.29,145.4,3.035,115,-938.0,0.0518,17.7816,,,,,
1,1.2,0.65,20,6,4,0.5,0.189,0.802,15.6,-0.011,-1.05,0.981,0.2121,259.87,71.29,3.645,231,-888.2,0.0575,17.7773,,,,,
2,1.2,0.8,12,8,6,0.5,0.185,0.815,9.8,-0.018,-4.31,0.963,0.3767,299.28,187.77,1.594,223,-2203.6,0.0362,17.7759,,,,,
2,1.2,0.8,16,10,4,1.0,0.184,0.816,6.8,-0.054,-11.78,0.899,0.2812,374.14,162.8,2.298,224,-3882.6,0.0314,17.7729,,,,,
1,1.2,0.35,12,4,6,0.3,0.182,0.561,27.2,0.034,2.67,1.053,0.2938,181.05,71.56,2.53,211,-28.3,0.0599,17.7722,,,,,
1,1.2,0.65,16,8,6,0.5,0.189,0.774,20.9,0.005,0.49,1.008,0.3203,184.46,86.23,2.139,231,-534.1,0.0629,17.7533,,,,,
2,1.2,0.5,20,4,8,1.0,0.186,0.814,7.6,-0.038,-7.42,0.943,0.2166,562.54,165.0,3.409,217,-2819.6,0.0428,17.7436,,,,,
2,1.5,0.5,16,4,10,0.15,0.186,0.715,23.0,-0.007,-1.27,0.99,0.2571,472.84,165.38,2.859,70,-480.8,0.0581,17.7344,,,,,
2,1.2,0.5,12,6,8,0.5,0.187,0.813,11.8,-0.007,-1.47,0.988,0.3516,344.52,189.08,1.822,219,-1542.4,0.0492,17.7158,,,,,
1,1.2,0.5,12,10,8,0.5,0.19,0.773,21.2,-0.002,-0.21,0.997,0.3453,176.5,93.41,1.89,223,-671.4,0.071,17.6901,,,,,
1,1.2,0.35,20,8,10,0.5,0.188,0.78,18.9,-0.003,-0.25,0.996,0.1991,285.66,71.32,4.006,216,-658.9,0.0606,17.685,,,,,
2,1.2,0.8,16,8,4,0.15,0.185,0.809,15.5,-0.013,-2.46,0.974,0.2647,353.22,130.51,2.707,170,-1365.0,0.0429,17.6593,,,,,
2,1.2,0.5,16,6,10,0.15,0.185,0.813,13.2,-0.032,-6.08,0.951,0.2829,414.42,171.96,2.41,152,-1769.4,0.0425,17.6553,,,,,
2,1.2,0.5,20,4,6,0.5,0.186,0.814,8.7,-0.047,-8.76,0.928,0.2028,556.21,152.51,3.647,212,-3044.6,0.0476,17.6473,,,,,
2,1.2,0.8,16,8,4,0.5,0.185,0.815,9.0,-0.024,-4.92,0.955,0.287,365.29,153.93,2.373,223,-2339.4,0.0429,17.6423,,,,,
1,1.2,0.65,12,8,8,1.0,0.185,0.78,19.3,-0.005,-0.58,0.991,0.3872,165.11,105.3,1.568,235,-795.3,0.0497,17.6105,,,,,
1,1.5,0.65,20,6,6,0.5,0.183,0.616,25.9,0.024,2.39,1.04,0.2016,309.34,75.13,4.118,124,-51.3,0.0666,17.5701,,,,,
2,1.2,0.5,8,6,4,0.5,0.183,0.817,9.0,-0.023,-4.82,0.955,0.4107,247.23,180.49,1.37,224,-2334.2,0.0376,17.5472,,,,,
2,1.2,0.35,16,4,8,1.0,0.184,0.816,10.0,-0.017,-2.72,0.975,0.2557,417.02,146.93,2.838,219,-1817.4,0.0441,17.5189,,,,,
2,1.5,0.65,16,4,6,0.3,0.186,0.811,15.5,-0.033,-6.77,0.944,0.25,455.97,161.01,2.832,112,-1385.0,0.0549,17.5107,,,,,
1,1.2,0.8,20,10,4,0.5,0.187,0.81,15.5,-0.016,-1.59,0.972,0.2189,250.11,72.12,3.468,233,-1021.8,0.0604,17.5009,,,,,
2,1.2,0.35,12,8,4,0.3,0.183,0.817,11.1,-0.031,-4.59,0.952,0.268,340.07,130.81,2.6,194,-1977.8,0.0405,17.4894,,,,,
1,1.5,0.5,20,10,10,1.0,0.179,0.566,26.1,0.025,2.48,1.039,0.2479,263.33,83.52,3.153,121,-38.8,0.0594,17.477,,,,,
1,1.2,0.8,12,8,6,1.0,0.187,0.775,20.3,-0.006,-0.68,0.988,0.3808,152.47,94.85,1.608,239,-831.5,0.0671,17.4725,,,,,
2,1.2,0.65,16,4,4,0.15,0.183,0.808,15.8,0.002,0.43,1.004,0.2439,416.13,133.67,3.113,164,-848.2,0.0429,17.4684,,,,,
2,1.2,0.65,12,8,8,0.5,0.184,0.816,9.8,-0.019,-4.64,0.964,0.3881,318.93,209.89,1.52,219,-2236.4,0.0466,17.4674,,,,,
1,1.2,0.35,20,6,4,0.3,0.187,0.767,20.0,-0.006,-0.44,0.991,0.1731,284.26,60.03,4.735,208,-674.0,0.0688,17.4626,,,,,
1,1.5,0.5,20,6,8,0.5,0.18,0.601,23.5,0.025,2.42,1.037,0.2137,313.84,82.2,3.818,117,-44.2,0.0619,17.4186,,,,,
2,1.2,0.35,20,8,10,0.5,0.181,0.819,8.1,-0.051,-8.06,0.929,0.1951,543.69,141.82,3.834,205,-2794.6,0.0347,17.4069,,,,,
1,1.5,0.5,20,10,10,0.5,0.179,0.582,25.5,0.024,2.37,1.037,0.2414,272.32,83.52,3.26,116,-49.8,0.0618,17.38,,,,,
1,1.2,0.35,12,4,4,0.3,0.177,0.551,27.5,0.034,2.59,1.053,0.283,180.62,67.68,2.669,212,-43.6,0.058,17.3568,,,,,
2,1.2,0.35,16,6,8,0.15,0.183,0.773,21.1,0.011,1.55,1.016,0.2484,397.5,129.34,3.073,161,-646.0,0.0552,17.3276,,,,,
1,1.2,0.5,16,4,8,1.0,0.185,0.746,21.4,0.005,0.49,1.008,0.2987,208.88,88.27,2.366,231,-534.3,0.0695,17.3163,,,,,
1,1.2,0.5,20,10,8,0.5,0.185,0.803,16.2,-0.011,-1.05,0.984,0.2262,276.86,82.31,3.364,221,-850.7,0.061,17.3151,,,,,
2,1.5,0.65,16,6,6,0.5,0.181,0.819,11.0,-0.047,-9.64,0.918,0.264,407.43,159.24,2.559,125,-1904.8,0.0394,17.3127,,,,,
2,1.5,0.65,16,4,4,0.5,0.18,0.819,11.1,-0.058,-11.15,0.9,0.2177,459.9,142.27,3.233,124,-2077.2,0.0367,17.2691,,,,,
1,1.2,0.8,20,6,4,1.0,0.183,0.816,14.1,-0.025,-2.58,0.955,0.2134,258.5,73.4,3.522,239,-1285.6,0.0519,17.2646,,,,,
1,1.5,0.8,16,4,8,0.5,0.174,0.496,29.6,0.037,4.56,1.065,0.3305,225.0,104.27,2.158,118,207.1,0.0567,17.2567,,,,,
2,1.2,0.65,20,8,6,0.15,0.18,0.818,13.4,-0.027,-5.11,0.953,0.2424,429.25,144.11,2.979,165,-1767.6,0.0387,17.2323,,,,,
2,1.5,0.5,16,8,8,1.0,0.182,0.815,13.9,-0.025,-5.01,0.96,0.2787,436.45,175.57,2.486,122,-1294.0,0.0497,17.2153,,,,,
2,1.5,0.8,16,8,10,0.3,0.183,0.81,15.2,-0.028,-7.22,0.95,0.3524,386.95,221.69,1.745,105,-1345.8,0.0553,17.2142,,,,,
2,1.5,0.8,20,8,4,0.3,0.182,0.811,15.1,-0.039,-7.62,0.933,0.193,546.86,140.22,3.9,114,-1507.4,0.0514,17.194,,,,,
2,1.5,0.8,12,4,10,0.3,0.181,0.816,16.2,-0.029,-7.85,0.945,0.4095,327.92,240.73,1.362,105,-1412.6,0.0462,17.184,,,,,
2,1.5,0.35,16,4,10,0.5,0.181,0.815,15.1,-0.034,-5.4,0.951,0.2364,442.54,144.05,3.072,110,-1210.0,0.0467,17.1788,,,,,
1,1.5,0.5,20,4,10,0.3,0.174,0.545,26.4,0.038,3.73,1.057,0.2212,311.96,83.8,3.723,104,96.3,0.0538,17.1673,,,,,
2,1.2,0.5,20,8,10,1.0,0.179,0.821,8.2,-0.053,-10.95,0.919,0.2417,515.86,178.87,2.884,211,-3485.6,0.0368,17.1649,,,,,
2,1.5,0.65,20,6,6,0.3,0.181,0.809,17.2,-0.023,-4.49,0.963,0.2,585.48,151.99,3.852,110,-1110.4,0.0506,17.1183,,,,,
2,1.2,0.5,20,6,4,0.15,0.18,0.819,12.5,-0.052,-8.59,0.917,0.1975,482.74,129.47,3.729,157,-2227.6,0.0443,17.1161,,,,,
2,1.5,0.5,16,4,8,0.3,0.181,0.809,15.4,-0.023,-4.6,0.964,0.2762,442.83,175.33,2.526,105,-1070.8,0.0519,17.0929,,,,,
1,1.2,0.5,12,4,8,1.0,0.181,0.719,23.0,0.007,0.73,1.012,0.3448,179.76,93.5,1.922,232,-481.3,0.0654,17.0926,,,,,
2,1.2,0.35,20,8,8,0.5,0.18,0.82,8.7,-0.041,-6.26,0.943,0.1923,541.82,136.76,3.962,208,-2461.4,0.0461,17.0773,,,,,
1,1.2,0.5,20,10,10,1.0,0.181,0.809,16.0,-0.017,-1.72,0.974,0.2432,268.16,88.47,3.031,222,-1003.5,0.0544,17.0422,,,,,
2,1.5,0.65,20,8,4,1.0,0.177,0.823,11.6,-0.068,-12.84,0.888,0.1692,602.55,138.19,4.36,130,-2397.0,0.0338,17.0246,,,,,
2,1.2,0.35,20,6,10,1.0,0.177,0.823,8.3,-0.048,-7.47,0.935,0.1896,568.07,142.11,3.998,211,-2753.2,0.036,16.9796,,,,,
2,1.2,0.5,20,8,10,0.15,0.177,0.823,10.6,-0.055,-10.4,0.917,0.2384,482.97,164.85,2.93,151,-2410.4,0.0365,16.9706,,,,,
1,1.2,0.65,16,10,4,0.5,0.18,0.798,18.0,-0.005,-0.53,0.99,0.2881,187.87,76.79,2.447,236,-785.8,0.0566,16.933,,,,,
2,1.2,0.65,20,10,6,1.0,0.177,0.823,7.2,-0.06,-12.15,0.899,0.2217,486.52,154.21,3.155,221,-3917.0,0.0387,16.9263,,,,,
2,1.5,0.8,16,8,6,0.5,0.179,0.819,14.9,-0.039,-8.62,0.929,0.2778,408.26,168.96,2.416,126,-1791.4,0.0505,16.8964,,,,,
1,1.5,0.5,20,6,8,1.0,0.175,0.624,24.7,0.018,1.72,1.027,0.2149,308.5,82.24,3.751,121,-130.4,0.0605,16.8933,,,,,
2,1.2,0.65,20,6,6,1.0,0.177,0.823,7.9,-0.044,-8.88,0.927,0.2232,502.73,155.89,3.225,224,-3242.4,0.0406,16.8874,,,,,
2,1.5,0.8,16,6,8,0.3,0.181,0.814,15.1,-0.027,-6.68,0.952,0.3208,415.21,205.9,2.017,106,-1301.4,0.0622,16.8701,,,,,
2,1.5,0.8,8,4,4,0.5,0.177,0.799,18.8,0.001,0.17,1.002,0.4122,255.97,179.22,1.428,131,-711.2,0.0458,16.8566,,,,,
2,1.5,0.5,16,8,8,0.3,0.179,0.812,15.9,-0.032,-6.5,0.949,0.2762,435.94,175.33,2.486,105,-1270.8,0.0547,16.8326,,,,,
1,1.2,0.35,16,4,6,0.3,0.173,0.589,26.7,0.03,2.32,1.046,0.2571,206.71,68.43,3.021,210,-100.5,0.0605,16.8037,,,,,
1,1.2,0.5,20,4,6,1.0,0.179,0.817,14.9,-0.025,-2.33,0.961,0.2087,278.68,76.44,3.646,230,-1179.8,0.0559,16.793,,,,,
2,1.5,0.8,20,8,4,1.0,0.174,0.826,11.5,-0.064,-12.74,0.89,0.1832,560.67,141.36,3.966,131,-2402.6,0.0324,16.7516,,,,,
2,1.2,0.35,8,4,4,0.5,0.177,0.823,9.2,-0.029,-4.72,0.954,0.3209,305.93,151.54,2.019,215,-2219.6,0.0489,16.7229,,,,,
1,1.5,0.65,20,4,6,0.5,0.171,0.551,27.6,0.03,3.02,1.05,0.2016,312.5,75.13,4.16,124,27.8,0.0607,16.7195,,,,,
1,1.2,0.65,16,10,6,1.0,0.177,0.801,20.3,0.0,0.0,1.0,0.3193,184.87,86.73,2.132,238,-666.4,0.0529,16.7084,,,,,
1,1.5,0.8,20,4,6,1.0,0.173,0.617,26.2,0.022,2.33,1.037,0.2171,300.0,80.2,3.741,129,-61.2,0.0613,16.7032,,,,,
1,1.2,0.65,16,8,10,0.15,0.168,0.521,28.1,0.034,3.83,1.059,0.3438,198.86,98.33,2.022,160,164.5,0.0546,16.6409,,,,,
2,1.5,0.5,16,4,10,0.3,0.177,0.815,15.7,-0.028,-5.71,0.956,0.2816,441.78,181.08,2.44,103,-1165.2,0.0548,16.6272,,,,,
2,1.2,0.5,16,4,6,1.0,0.173,0.826,9.2,-0.038,-7.53,0.937,0.2735,411.4,165.28,2.489,223,-2928.6,0.0356,16.5909,,,,,
1,1.2,0.8,12,10,6,0.15,0.17,0.574,29.1,0.023,2.56,1.049,0.3977,138.05,86.89,1.589,171,-41.3,0.0604,16.5597,,,,,
2,1.2,0.5,12,8,10,1.0,0.172,0.828,9.8,-0.04,-8.98,0.931,0.3773,319.12,207.76,1.536,220,-3202.8,0.0323,16.5538,,,,,
2,1.5,0.8,12,4,4,1.0,0.173,0.827,12.1,-0.042,-8.84,0.921,0.2769,371.54,154.52,2.404,130,-1877.6,0.0378,16.5436,,,,,
2,1.5,0.65,16,8,8,0.3,0.175,0.812,16.6,-0.014,-3.14,0.976,0.3113,415.67,192.47,2.16,106,-926.4,0.0523,16.4939,,,,,
2,1.2,0.5,20,10,10,0.5,0.172,0.828,8.6,-0.066,-13.52,0.899,0.2524,476.13,178.85,2.662,206,-3927.0,0.0359,16.4815,,,,,
2,1.2,0.65,20,8,8,1.0,0.172,0.828,7.5,-0.055,-11.79,0.911,0.2374,509.47,174.1,2.926,219,-3803.2,0.0366,16.468,,,,,
2,1.2,0.35,12,8,10,0.15,0.172,0.81,17.4,-0.017,-2.55,0.974,0.3187,303.76,145.87,2.082,160,-1298.6,0.0401,16.4515,,,,,
2,1.5,0.35,20,4,10,0.3,0.173,0.815,17.4,-0.037,-5.61,0.951,0.1633,671.9,137.8,4.876,98,-1098.4,0.0465,16.4069,,,,,
2,1.2,0.35,20,4,4,0.3,0.173,0.826,10.2,-0.045,-6.34,0.936,0.1701,543.04,118.94,4.565,194,-2316.2,0.0452,16.3993,,,,,
2,1.5,0.5,16,6,8,1.0,0.174,0.824,15.2,-0.025,-5.01,0.96,0.2787,436.45,175.57,2.486,122,-1294.0,0.0523,16.3596,,,,,
2,1.2,0.35,20,6,8,1.0,0.171,0.829,8.3,-0.047,-7.29,0.935,0.1831,572.38,137.21,4.171,213,-2739.4,0.0391,16.3177,,,,,
1,1.5,0.8,20,6,6,1.0,0.169,0.676,23.8,0.011,1.13,1.018,0.2171,294.5,80.2,3.672,129,-215.3,0.0539,16.287,,,,,
2,1.5,0.8,16,8,8,0.3,0.173,0.823,15.3,-0.034,-8.33,0.94,0.3208,410.06,205.9,1.992,106,-1476.4,0.0513,16.2866,,,,,
2,1.2,0.8,8,6,4,1.0,0.17,0.83,9.6,-0.027,-6.85,0.939,0.4681,224.96,210.84,1.067,235,-2920.0,0.0371,16.2575,,,,,
2,1.2,0.8,16,6,4,1.0,0.169,0.831,8.6,-0.042,-9.1,0.921,0.2839,371.82,160.12,2.322,236,-3464.4,0.0325,16.2498,,,,,
2,1.5,0.5,16,4,6,0.5,0.171,0.829,12.8,-0.053,-9.9,0.917,0.2308,473.79,155.0,3.057,117,-1813.0,0.0428,16.2444,,,,,
2,1.5,0.65,16,8,10,0.3,0.173,0.815,16.8,-0.017,-3.88,0.971,0.3333,396.21,203.93,1.943,105,-995.8,0.0553,16.2296,,,,,
1,1.5,0.8,16,10,10,1.0,0.163,0.461,31.0,0.033,4.17,1.061,0.374,193.21,108.77,1.776,123,168.1,0.0602,16.2247,,,,,
1,1.2,0.5,20,6,6,0.5,0.174,0.817,14.4,-0.029,-2.72,0.955,0.2117,270.93,76.21,3.555,222,-1225.5,0.0619,16.1889,,,,,
1,1.2,0.8,16,6,4,1.0,0.172,0.801,17.7,-0.009,-0.97,0.983,0.2939,185.42,78.54,2.361,245,-923.5,0.0547,16.1863,,,,,
2,1.2,0.35,12,4,8,1.0,0.169,0.831,11.2,-0.023,-3.85,0.965,0.2909,360.6,153.37,2.351,220,-2073.0,0.0407,16.0865,,,,,
2,1.2,0.5,12,8,10,0.5,0.168,0.832,10.3,-0.034,-7.6,0.941,0.3785,318.66,206.3,1.545,214,-2819.2,0.037,16.0606,,,,,
2,1.2,0.8,20,8,6,1.0,0.167,0.833,7.5,-0.066,-13.92,0.886,0.2308,468.58,158.67,2.953,221,-4308.4,0.0327,16.0462,,,,,
1,1.5,0.8,16,8,10,1.0,0.157,0.347,31.6,0.044,5.59,1.082,0.3821,192.82,110.2,1.75,123,343.1,0.0571,16.0461,,,,,
1,1.2,0.5,16,6,8,0.5,0.172,0.735,22.1,0.003,0.28,1.005,0.3022,204.41,88.14,2.319,225,-567.5,0.072,16.0388,,,,,
2,1.5,0.65,12,4,6,0.5,0.169,0.827,14.0,-0.043,-9.16,0.922,0.3,362.51,168.45,2.152,120,-1771.6,0.0439,16.035,,,,,
2,1.2,0.35,16,10,10,0.15,0.168,0.827,13.5,-0.014,-2.1,0.979,0.2583,384.84,136.83,2.813,151,-1150.8,0.0399,16.0163,,,,,
1,1.2,0.65,8,6,4,0.5,0.17,0.789,20.3,-0.002,-0.26,0.995,0.4454,119.58,96.5,1.239,238,-728.9,0.0561,16.0015,,,,,
2,1.2,0.35,20,8,4,0.3,0.168,0.832,9.7,-0.057,-7.9,0.919,0.1649,546.43,117.36,4.656,188,-2538.6,0.0407,15.9859,,,,,
2,1.5,0.8,20,4,4,1.0,0.166,0.833,11.9,-0.054,-10.77,0.908,0.1742,611.0,141.97,4.304,132,-2161.2,0.0326,15.9509,,,,,
1,1.2,0.65,12,6,6,0.5,0.17,0.764,22.4,-0.0,-0.05,0.999,0.3718,156.9,92.94,1.688,234,-667.7,0.0626,15.9469,,,,,
1,1.2,0.65,12,10,4,1.0,0.168,0.823,15.9,-0.016,-1.69,0.969,0.3388,157.96,83.52,1.891,242,-1087.1,0.0441,15.9442,,,,,
2,1.5,0.8,16,4,4,0.15,0.17,0.802,18.5,-0.041,-7.85,0.926,0.2133,461.64,135.17,3.415,75,-1008.8,0.0583,15.918,,,,,
2,1.2,0.65,12,10,4,1.0,0.165,0.835,7.0,-0.056,-12.12,0.894,0.3259,315.01,170.27,1.85,224,-3963.6,0.03,15.9,,,,,
2,1.2,0.8,20,10,4,0.5,0.166,0.834,8.1,-0.071,-14.21,0.875,0.2064,482.24,143.35,3.364,218,-4308.0,0.0363,15.8745,,,,,
2,1.5,0.5,16,8,10,0.3,0.168,0.82,15.5,-0.037,-7.53,0.942,0.2885,420.57,181.08,2.323,104,-1365.2,0.0488,15.8607,,,,,
2,1.5,0.8,16,6,6,0.3,0.169,0.826,15.4,-0.04,-8.7,0.928,0.2743,406.99,165.85,2.454,113,-1616.0,0.0538,15.8396,,,,,
2,1.2,0.5,20,10,8,0.5,0.165,0.835,7.4,-0.064,-12.6,0.901,0.2264,508.41,165.09,3.08,212,-3846.8,0.0331,15.8379,,,,,
1,1.2,0.65,20,10,6,1.0,0.167,0.828,15.2,-0.021,-2.16,0.964,0.234,248.51,78.75,3.156,235,-1164.9,0.0441,15.8337,,,,,
2,1.5,0.8,16,6,6,1.0,0.167,0.833,12.6,-0.05,-11.04,0.911,0.2769,405.95,170.74,2.378,130,-2163.8,0.0434,15.8317,,,,,
2,1.2,0.35,16,6,6,0.3,0.166,0.832,12.6,-0.026,-4.01,0.96,0.2488,390.4,134.6,2.9,201,-1930.8,0.0398,15.8095,,,,,
2,1.2,0.5,16,10,10,0.5,0.165,0.835,9.0,-0.054,-11.4,0.914,0.3125,385.26,191.7,2.01,208,-3524.4,0.0346,15.8084,,,,,
2,1.2,0.8,20,6,4,0.5,0.167,0.833,8.3,-0.062,-12.39,0.891,0.2081,487.21,143.71,3.39,221,-3969.6,0.0457,15.787,,,,,
1,1.2,0.8,12,4,4,0.15,0.147,0.198,30.4,0.052,5.13,1.106,0.3237,165.62,71.69,2.31,173,403.1,0.0446,15.7722,,,,,
1,1.2,0.8,12,8,10,0.15,0.157,0.473,29.3,0.027,3.51,1.055,0.4695,143.67,120.55,1.192,164,115.8,0.0539,15.7314,,,,,
2,1.2,0.5,12,10,4,1.0,0.164,0.836,7.6,-0.069,-13.39,0.88,0.3063,320.89,161.0,1.993,222,-4211.0,0.0336,15.7287,,,,,
2,1.5,0.65,16,6,10,0.15,0.165,0.766,20.9,-0.014,-3.1,0.976,0.3043,417.2,186.98,2.231,69,-600.2,0.0493,15.7203,,,,,
2,1.2,0.35,20,8,10,0.15,0.164,0.829,13.9,-0.031,-4.44,0.957,0.2038,482.92,129.2,3.738,157,-1570.2,0.0404,15.6133,,,,,
2,1.2,0.65,16,8,6,1.0,0.163,0.837,8.8,-0.034,-7.43,0.937,0.3097,359.57,172.11,2.089,226,-2945.0,0.0347,15.6065,,,,,
2,1.2,0.5,12,6,4,0.5,0.164,0.836,9.4,-0.043,-8.28,0.924,0.3125,320.29,157.63,2.032,224,-3109.2,0.0404,15.5918,,,,,
1,1.2,0.5,20,8,8,1.0,0.166,0.83,14.8,-0.027,-2.62,0.959,0.2212,277.67,82.24,3.376,226,-1224.2,0.0513,15.5865,,,,,
2,1.2,0.8,12,8,4,0.5,0.164,0.836,9.0,-0.033,-7.18,0.935,0.3363,304.97,165.37,1.844,223,-2845.0,0.0412,15.575,,,,,
2,1.2,0.35,12,6,10,0.15,0.165,0.796,20.3,-0.009,-1.41,0.986,0.3125,315.5,145.45,2.169,160,-1115.4,0.0521,15.5744,,,,,
2,1.2,0.35,12,6,4,0.3,0.163,0.837,12.2,-0.024,-3.6,0.963,0.2759,336.07,132.99,2.527,203,-1867.0,0.0376,15.5487,,,,,
2,1.2,0.5,20,4,4,0.5,0.164,0.836,8.7,-0.067,-12.17,0.894,0.1881,543.84,140.96,3.858,218,-3873.0,0.043,15.5399,,,,,
2,1.5,0.65,20,8,6,0.3,0.164,0.828,16.0,-0.042,-8.35,0.931,0.2,566.18,151.99,3.725,110,-1535.0,0.0447,15.5302,,,,,
2,1.2,0.35,12,4,10,0.15,0.161,0.754,25.2,0.004,0.62,1.006,0.3125,322.0,145.45,2.214,160,-790.4,0.044,15.4757,,,,,
1,1.2,0.35,20,6,10,0.15,0.157,0.584,27.0,0.034,2.4,1.046,0.1987,272.58,64.6,4.22,156,-61.8,0.0503,15.4704,,,,,
2,1.5,0.65,12,4,6,1.0,0.162,0.833,13.8,-0.039,-8.26,0.93,0.3065,360.54,171.22,2.106,124,-1719.0,0.0386,15.4428,,,,,
1,1.2,0.5,12,6,4,0.5,0.166,0.784,21.5,-0.009,-0.91,0.983,0.3248,161.18,78.88,2.043,234,-867.7,0.0654,15.4425,,,,,
2,1.5,0.8,16,8,6,1.0,0.164,0.834,14.7,-0.051,-11.24,0.909,0.2769,405.26,170.74,2.373,130,-2188.8,0.0482,15.4418,,,,,
1,1.2,0.65,8,6,6,1.0,0.164,0.783,23.1,-0.001,-0.1,0.998,0.4979,115.1,114.36,1.007,241,-699.8,0.0563,15.4337,,,,,
1,1.5,0.35,20,6,8,0.3,0.156,0.581,24.5,0.016,1.19,1.021,0.1667,338.73,66.32,5.107,102,-164.7,0.0484,15.4216,,,,,
2,1.2,0.35,16,6,10,0.15,0.162,0.819,17.9,-0.014,-2.06,0.98,0.2468,404.49,135.29,2.99,158,-1204.2,0.0421,15.4148,,,,,
2,1.5,0.35,20,8,10,0.3,0.163,0.831,17.2,-0.058,-8.92,0.923,0.1633,651.59,137.8,4.728,98,-1423.4,0.0453,15.4128,,,,,
2,1.2,0.5,12,4,6,1.0,0.162,0.838,10.7,-0.026,-5.38,0.955,0.3259,347.54,175.99,1.975,224,-2459.2,0.0397,15.4056,,,,,
2,1.5,0.5,16,4,6,1.0,0.162,0.837,12.3,-0.055,-10.4,0.913,0.2314,471.15,155.38,3.032,121,-1935.4,0.0405,15.3935,,,,,
1,1.5,0.8,12,6,10,1.0,0.152,0.393,30.0,0.038,5.08,1.076,0.4553,158.71,123.32,1.287,123,280.6,0.0606,15.3527,,,,,
2,1.2,0.5,16,8,10,0.15,0.161,0.838,11.2,-0.051,-9.91,0.92,0.2829,400.86,171.96,2.331,152,-2352.6,0.0376,15.3504,,,,,
2,1.5,0.5,20,8,6,0.5,0.161,0.838,12.3,-0.068,-12.45,0.898,0.178,616.95,148.71,4.149,118,-2129.8,0.0387,15.3287,,,,,
1,1.2,0.8,16,8,4,1.0,0.163,0.824,17.8,-0.02,-2.16,0.961,0.2881,186.61,78.54,2.376,243,-1205.2,0.0505,15.3284,,,,,
1,1.5,0.65,20,10,8,0.5,0.158,0.611,26.2,0.012,1.28,1.019,0.2479,273.71,88.49,3.093,117,-177.6,0.0587,15.3192,,,,,
1,1.5,0.35,20,6,10,0.3,0.155,0.593,24.7,0.013,0.96,1.017,0.17,338.73,68.22,4.965,100,-184.1,0.0473,15.3107,,,,,
1,1.2,0.65,16,6,4,0.5,0.163,0.793,21.9,-0.004,-0.42,0.992,0.2869,188.24,76.33,2.466,237,-763.6,0.0561,15.3102,,,,,
1,1.2,0.5,16,10,10,0.5,0.165,0.81,20.8,-0.016,-1.66,0.975,0.3151,201.27,95.0,2.119,219,-975.7,0.0636,15.3023,,,,,
1,1.5,0.5,20,8,8,0.3,0.157,0.634,25.1,0.01,0.95,1.015,0.219,297.28,82.16,3.618,105,-194.0,0.0521,15.2858,,,,,
1,1.5,0.65,12,6,10,0.5,0.146,0.297,32.7,0.05,6.25,1.098,0.4322,162.01,112.31,1.442,118,407.1,0.0497,15.2761,,,,,
2,1.2,0.35,16,10,8,0.5,0.161,0.839,9.1,-0.042,-6.64,0.939,0.2524,404.36,145.38,2.781,210,-2558.8,0.0414,15.2715,,,,,
2,1.2,0.65,16,6,4,0.5,0.16,0.84,9.3,-0.03,-6.15,0.945,0.2763,382.5,154.54,2.475,228,-2678.6,0.0366,15.2679,,,,,
2,1.2,0.65,20,4,4,0.5,0.161,0.839,8.9,-0.055,-10.47,0.908,0.1946,529.34,140.87,3.758,221,-3550.6,0.0423,15.254,,,,,
1,1.2,0.5,20,4,10,0.15,0.16,0.711,24.6,0.0,0.0,1.0,0.2308,269.79,80.94,3.333,156,-436.8,0.0574,15.2387,,,,,
1,1.5,0.65,20,6,6,1.0,0.158,0.662,25.0,0.013,1.34,1.022,0.2031,304.17,75.86,4.01,128,-187.5,0.0554,15.233,,,,,
1,1.5,0.65,16,4,8,0.3,0.149,0.433,30.4,0.044,4.95,1.075,0.3113,228.79,96.23,2.377,106,228.2,0.0463,15.2289,,,,,
1,1.5,0.65,20,4,6,1.0,0.156,0.578,26.7,0.022,2.15,1.036,0.2031,308.17,75.86,4.063,128,-83.4,0.0586,15.2257,,,,,
1,1.5,0.8,20,8,8,0.5,0.157,0.637,25.2,0.005,0.64,1.009,0.2564,280.0,95.69,2.926,117,-252.6,0.0551,15.2162,,,,,
1,1.2,0.5,12,8,10,0.5,0.162,0.783,22.2,-0.011,-1.24,0.98,0.3801,163.25,102.1,1.599,221,-893.6,0.0585,15.1942,,,,,
2,1.5,0.65,16,4,4,1.0,0.159,0.841,10.9,-0.08,-15.56,0.863,0.2171,453.29,145.54,3.114,129,-2730.2,0.0356,15.1876,,,,,
2,1.2,0.65,20,8,6,0.5,0.16,0.84,7.9,-0.063,-12.81,0.893,0.2233,480.62,154.64,3.108,215,-3958.8,0.0418,15.1637,,,,,
2,1.2,0.5,16,10,4,1.0,0.158,0.842,7.6,-0.079,-14.86,0.869,0.2523,389.21,151.17,2.575,222,-4536.0,0.032,15.1603,,,,,
2,1.5,0.5,20,6,6,0.5,0.158,0.842,13.3,-0.057,-10.54,0.914,0.178,627.67,148.71,4.221,118,-1904.8,0.0323,15.1546,,,,,
1,1.2,0.5,12,8,10,1.0,0.162,0.802,22.5,-0.018,-1.98,0.969,0.3789,163.37,102.84,1.589,227,-1085.4,0.0578,15.1518,,,,,
2,1.5,0.65,12,4,10,0.3,0.159,0.834,16.0,-0.039,-9.52,0.93,0.381,333.13,220.38,1.512,105,-1587.6,0.0395,15.1312,,,,,
2,1.5,0.65,16,10,8,0.3,0.162,0.836,15.4,-0.044,-9.98,0.925,0.3019,406.01,189.86,2.138,106,-1651.4,0.0541,15.1231,,,,,
2,1.5,0.65,20,10,8,0.5,0.16,0.838,16.0,-0.034,-7.56,0.944,0.2435,524.31,178.74,2.933,115,-1513.4,0.0443,15.1198,,,,,
2,1.5,0.5,20,6,8,0.3,0.16,0.833,16.1,-0.042,-8.19,0.937,0.2136,573.0,166.05,3.451,103,-1420.8,0.0452,15.1171,,,,,
1,1.5,0.5,16,6,10,1.0,0.147,0.385,31.1,0.047,4.82,1.078,0.3197,207.37,90.36,2.295,122,245.9,0.0501,15.101,,,,,
2,1.5,0.65,12,6,8,1.0,0.162,0.83,16.8,-0.026,-6.37,0.952,0.377,332.55,211.51,1.572,122,-1460.8,0.0567,15.0903,,,,,
1,1.2,0.65,20,10,10,0.15,0.154,0.614,26.5,0.021,2.2,1.034,0.2893,230.98,90.93,2.54,159,-95.2,0.0506,15.0842,,,,,
1,1.2,0.35,20,6,8,0.15,0.151,0.526,26.4,0.048,3.38,1.068,0.195,272.58,61.82,4.41,159,92.3,0.0503,15.064,,,,,
2,1.5,0.8,8,4,4,1.0,0.159,0.828,18.2,-0.014,-3.14,0.971,0.4118,256.2,184.69,1.387,136,-1189.2,0.044,15.0582,,,,,
1,1.2,0.5,20,6,10,0.15,0.159,0.739,24.8,-0.008,-0.72,0.988,0.2244,276.07,80.79,3.417,156,-549.3,0.0579,15.047,,,,,
1,1.2,0.5,20,6,4,0.5,0.161,0.826,15.5,-0.033,-2.99,0.947,0.1982,269.08,70.26,3.83,227,-1314.5,0.0554,15.0305,,,,,
2,1.5,0.65,12,6,8,0.5,0.161,0.831,17.3,-0.027,-6.38,0.951,0.3729,335.17,209.46,1.6,118,-1413.4,0.0549,15.0267,,,,,
2,1.2,0.35,20,10,4,0.3,0.158,0.842,8.6,-0.075,-10.48,0.893,0.1658,530.31,117.95,4.496,187,-3002.0,0.0387,15.0251,,,,,
2,1.5,0.5,20,8,10,0.3,0.16,0.837,15.4,-0.064,-12.69,0.905,0.2157,557.09,169.38,3.289,102,-1865.2,0.0493,15.0224,,,,,
1,1.2,0.65,16,10,10,0.15,0.151,0.523,30.4,0.03,3.3,1.052,0.3459,193.18,97.12,1.989,159,79.8,0.053,15.0187,,,,,
2,1.2,0.5,16,10,10,1.0,0.157,0.843,8.7,-0.064,-13.65,0.897,0.3084,387.0,192.32,2.012,214,-4108.0,0.0346,15.0088,,,,,
1,1.2,0.5,16,8,8,0.5,0.164,0.794,21.6,-0.015,-1.51,0.976,0.296,204.55,88.14,2.321,223,-961.7,0.0762,15.003,,,,,
1,1.2,0.65,12,6,8,0.15,0.147,0.447,29.7,0.033,3.77,1.062,0.3916,163.65,99.13,1.651,166,160.2,0.0472,14.9748,,,,,
2,1.2,0.65,8,6,4,0.5,0.157,0.843,9.0,-0.036,-8.4,0.924,0.4336,234.39,194.29,1.206,226,-3164.4,0.0397,14.906,,,,,
1,1.2,0.65,20,8,4,0.5,0.158,0.839,14.6,-0.04,-3.86,0.931,0.2121,246.6,71.29,3.459,231,-1538.2,0.0465,14.8787,,,,,
2,1.5,0.65,12,10,8,0.5,0.157,0.834,18.3,-0.022,-5.32,0.96,0.3644,345.87,206.67,1.674,118,-1288.4,0.0432,14.8623,,,,,
1,1.2,0.5,12,10,10,0.5,0.161,0.822,20.4,-0.021,-2.34,0.963,0.3761,162.99,102.02,1.598,218,-1119.9,0.0645,14.8611,,,,,
2,1.2,0.65,8,4,4,0.15,0.156,0.836,15.5,-0.012,-2.45,0.976,0.3889,253.23,165.15,1.533,162,-1303.8,0.0399,14.8254,,,,,
2,1.5,0.5,20,4,6,0.3,0.157,0.839,16.6,-0.047,-8.59,0.93,0.1776,646.37,150.0,4.309,107,-1518.2,0.0447,14.819,,,,,
2,1.5,0.8,16,6,8,0.15,0.158,0.797,19.6,-0.035,-8.17,0.939,0.3043,412.44,192.19,2.146,69,-950.2,0.0562,14.8113,,,,,
2,1.2,0.8,12,8,6,1.0,0.154,0.846,9.1,-0.035,-8.12,0.931,0.3712,297.23,188.37,1.578,229,-3137.2,0.0301,14.7987,,,,,
1,1.2,0.35,16,4,4,0.3,0.152,0.613,27.1,0.023,1.72,1.035,0.2417,209.31,64.45,3.248,211,-228.3,0.0554,14.7968,,,,,
2,1.5,0.5,20,8,8,0.3,0.157,0.84,16.0,-0.06,-11.59,0.911,0.2136,557.09,166.05,3.355,103,-1770.8,0.0466,14.7774,,,,,
1,1.2,0.5,8,6,4,1.0,0.158,0.802,20.4,-0.013,-1.35,0.975,0.4208,123.02,91.73,1.341,240,-997.0,0.058,14.76,,,,,
2,1.2,0.35,20,10,10,0.5,0.155,0.845,8.4,-0.074,-11.54,0.898,0.199,512.75,141.82,3.616,206,-3519.6,0.0371,14.7582,,,,,
2,1.2,0.35,8,4,6,0.5,0.155,0.845,9.4,-0.04,-6.73,0.937,0.3302,301.81,158.85,1.9,215,-2650.6,0.0373,14.7548,,,,,
1,1.2,0.65,20,4,4,1.0,0.156,0.84,14.8,-0.035,-3.44,0.941,0.2,272.92,72.53,3.763,240,-1496.8,0.0434,14.7448,,,,,
2,1.5,0.35,16,4,10,0.15,0.154,0.764,22.2,-0.032,-4.61,0.955,0.2059,481.16,130.56,3.685,68,-694.6,0.0458,14.7305,,,,,
1,1.2,0.8,16,10,6,0.15,0.151,0.599,29.3,0.019,1.9,1.035,0.3041,182.45,77.0,2.37,171,-153.8,0.0562,14.7262,,,,,
1,1.5,0.8,20,8,6,0.3,0.151,0.629,25.1,0.007,0.77,1.013,0.2212,278.0,77.98,3.565,113,-228.9,0.0522,14.7154,,,,,
1,1.2,0.65,16,6,6,1.0,0.156,0.796,22.9,-0.002,-0.21,0.996,0.3222,181.66,86.65,2.096,239,-719.2,0.0531,14.682,,,,,
2,1.2,0.5,16,6,4,0.5,0.154,0.846,8.9,-0.05,-9.3,0.916,0.2566,394.36,148.66,2.653,226,-3367.8,0.036,14.6801,,,,,
2,1.5,0.5,20,6,10,0.3,0.155,0.838,16.1,-0.047,-9.25,0.93,0.2157,573.0,169.38,3.383,102,-1515.2,0.0423,14.6744,,,,,
1,1.2,0.5,16,10,8,0.5,0.158,0.804,21.9,-0.01,-1.0,0.984,0.2991,204.29,88.61,2.305,224,-852.2,0.0624,14.6656,,,,,
1,1.2,0.8,16,10,4,1.0,0.157,0.835,16.7,-0.025,-2.61,0.954,0.291,184.51,79.41,2.324,244,-1320.7,0.0546,14.6319,,,,,
1,1.5,0.5,20,8,10,0.3,0.15,0.646,23.8,0.005,0.48,1.007,0.2212,297.28,83.8,3.548,104,-241.2,0.0494,14.6247,,,,,
2,1.2,0.65,16,6,6,0.15,0.154,0.844,15.7,-0.016,-3.19,0.971,0.2892,369.68,154.87,2.387,166,-1459.8,0.0393,14.6202,,,,,
2,1.2,0.65,20,6,4,0.15,0.153,0.844,14.4,-0.038,-6.48,0.935,0.2,466.51,124.72,3.74,165,-1992.6,0.036,14.5897,,,,,
2,1.2,0.35,12,10,8,0.5,0.153,0.847,9.6,-0.036,-5.92,0.945,0.2905,350.51,151.85,2.308,210,-2408.8,0.0357,14.586,,,,,
2,1.2,0.5,8,6,4,1.0,0.152,0.848,9.1,-0.045,-9.48,0.912,0.4087,241.44,182.9,1.32,230,-3467.8,0.032,14.5595,,,,,
2,1.5,0.65,12,8,8,0.5,0.154,0.842,16.3,-0.034,-8.07,0.939,0.3729,330.62,209.46,1.578,118,-1613.4,0.0429,14.5534,,,,,
1,1.5,0.8,16,4,8,1.0,0.145,0.524,29.3,0.026,3.28,1.047,0.3279,224.38,104.57,2.146,122,58.4,0.0475,14.5424,,,,,
2,1.2,0.65,16,10,4,1.0,0.151,0.849,7.2,-0.067,-14.02,0.88,0.2679,382.01,158.9,2.404,224,-4388.6,0.0285,14.5303,,,,,
1,1.5,0.8,20,8,10,0.3,0.149,0.676,25.2,0.001,0.12,1.002,0.2571,274.54,94.87,2.894,105,-281.5,0.0449,14.5276,,,,,
2,1.2,0.8,8,6,4,0.15,0.153,0.833,16.7,-0.006,-1.21,0.987,0.4556,199.29,169.02,1.179,169,-1145.6,0.0414,14.5131,,,,,
2,1.2,0.8,12,6,4,1.0,0.151,0.849,9.1,-0.042,-9.36,0.918,0.3333,314.36,171.22,1.836,234,-3495.0,0.0304,14.4925,,,,,
2,1.2,0.35,16,6,8,0.5,0.153,0.846,11.1,-0.031,-5.04,0.954,0.2546,406.57,145.65,2.791,216,-2292.4,0.0407,14.4899,,,,,
2,1.5,0.8,20,8,10,0.3,0.154,0.844,14.7,-0.055,-12.81,0.911,0.2524,517.54,191.88,2.697,103,-1895.8,0.046,14.4852,,,,,
2,1.2,0.35,20,8,8,0.15,0.154,0.84,14.5,-0.02,-2.79,0.972,0.2,480.57,123.63,3.887,160,-1337.0,0.0468,14.4815,,,,,
1,1.2,0.35,20,8,10,1.0,0.155,0.822,18.2,-0.03,-2.38,0.959,0.1937,285.08,71.44,3.991,222,-1150.7,0.0553,14.463,,,,,
1,1.2,0.65,16,8,4,0.5,0.155,0.807,18.8,-0.017,-1.75,0.968,0.2809,189.21,76.33,2.479,235,-1070.3,0.0579,14.4558,,,,,
2,1.2,0.5,16,8,4,0.5,0.153,0.847,8.6,-0.068,-12.57,0.886,0.2545,384.44,148.13,2.595,220,-3997.6,0.0426,14.4472,,,,,
2,1.5,0.65,20,4,4,1.0,0.152,0.847,13.1,-0.069,-13.15,0.887,0.1603,645.38,138.86,4.648,131,-2455.6,0.0383,14.4374,,,,,
2,1.2,0.65,16,8,4,0.5,0.152,0.848,9.0,-0.05,-10.05,0.909,0.2715,371.72,152.33,2.44,221,-3458.8,0.0382,14.4365,,,,,
1,1.2,0.35,20,10,6,0.3,0.154,0.801,19.6,-0.025,-1.85,0.964,0.1845,269.88,63.32,4.262,206,-958.7,0.0564,14.4061,,,,,
2,1.2,0.65,12,8,8,1.0,0.151,0.849,9.9,-0.035,-8.4,0.935,0.3822,316.67,209.53,1.511,225,-3145.0,0.035,14.4002,,,,,
2,1.2,0.35,16,6,4,0.3,0.151,0.849,12.6,-0.04,-5.84,0.94,0.2327,391.91,126.45,3.099,202,-2311.4,0.0363,14.3747,,,,,
2,1.5,0.8,16,6,4,0.3,0.153,0.845,15.0,-0.059,-11.92,0.892,0.2414,408.64,145.74,2.804,116,-2032.8,0.047,14.3665,,,,,
1,1.2,0.5,16,8,4,0.5,0.155,0.815,18.7,-0.027,-2.49,0.954,0.2641,196.93,74.04,2.66,231,-1221.6,0.0614,14.3613,,,,,
1,1.5,0.8,20,6,4,0.5,0.15,0.72,23.0,-0.001,-0.13,0.998,0.186,300.87,68.93,4.365,129,-377.8,0.0532,14.327,,,,,
1,1.2,0.35,20,4,6,0.5,0.154,0.81,19.2,-0.021,-1.58,0.971,0.1802,295.0,66.76,4.419,222,-971.6,0.0608,14.2921,,,,,
2,1.2,0.35,12,6,10,0.5,0.15,0.85,10.3,-0.039,-6.57,0.941,0.3023,344.79,158.83,2.171,215,-2611.8,0.0381,14.238,,,,,
2,1.2,0.35,20,8,10,1.0,0.149,0.851,8.2,-0.079,-12.33,0.893,0.1896,542.44,142.11,3.817,211,-3778.2,0.0333,14.2341,,,,,
2,1.2,0.65,8,4,6,0.15,0.151,0.835,17.8,-0.006,-1.35,0.988,0.439,250.04,198.1,1.262,164,-1140.4,0.0461,14.2209,,,,,
2,1.5,0.8,16,10,6,0.5,0.151,0.846,15.2,-0.053,-11.57,0.905,0.2778,397.62,168.96,2.353,126,-2163.8,0.0453,14.2023,,,,,
2,1.2,0.5,20,10,10,1.0,0.149,0.851,7.7,-0.081,-16.67,0.876,0.2453,482.38,178.87,2.697,212,-4710.6,0.0355,14.1904,,,,,
2,1.5,0.5,16,4,8,0.15,0.15,0.782,21.7,-0.034,-6.27,0.949,0.2429,475.66,160.85,2.957,70,-830.8,0.0512,14.18,,,,,
1,1.2,0.5,16,6,4,0.5,0.153,0.808,21.2,-0.018,-1.66,0.969,0.2704,193.65,74.04,2.615,233,-1039.9,0.0623,14.1718,,,,,
1,1.5,0.8,20,8,8,0.3,0.146,0.682,24.9,-0.006,-0.71,0.99,0.2547,274.54,94.78,2.897,106,-371.8,0.0478,14.1591,,,,,
1,1.5,0.65,12,10,10,1.0,0.136,0.35,32.1,0.036,4.47,1.07,0.4309,157.78,111.61,1.414,123,205.6,0.0504,14.133,,,,,
1,1.5,0.35,20,6,4,0.3,0.144,0.628,24.3,-0.001,-0.04,0.999,0.1415,360.56,59.48,6.062,106,-300.9,0.0479,14.1252,,,,,
2,1.5,0.65,16,6,4,0.5,0.148,0.852,11.2,-0.091,-17.48,0.841,0.2248,411.04,141.75,2.9,129,-2977.2,0.0345,14.1099,,,,,
2,1.5,0.65,20,10,8,1.0,0.15,0.848,15.5,-0.047,-10.25,0.924,0.2437,514.85,179.44,2.869,119,-1885.8,0.0474,14.0584,,,,,
1,1.2,0.5,12,8,4,0.5,0.152,0.824,19.0,-0.028,-2.64,0.951,0.319,160.14,78.88,2.03,232,-1261.9,0.0608,14.0564,,,,,
2,1.2,0.8,20,4,4,1.0,0.147,0.853,7.7,-0.082,-16.88,0.858,0.1974,515.26,147.73,3.488,228,-5119.6,0.0328,14.044,,,,,
2,1.2,0.35,20,4,6,1.0,0.148,0.852,7.1,-0.094,-14.24,0.872,0.1698,569.62,133.66,4.262,212,-4205.8,0.0378,14.0439,,,,,
2,1.2,0.35,16,10,10,0.5,0.147,0.853,8.4,-0.066,-10.72,0.905,0.2512,406.85,150.81,2.698,207,-3367.0,0.0331,14.0387,,,,,
2,1.5,0.5,16,10,8,0.5,0.15,0.845,16.7,-0.046,-9.39,0.926,0.2797,419.45,175.88,2.385,118,-1769.0,0.049,14.034,,,,,
1,1.2,0.35,20,4,8,0.15,0.137,0.435,28.7,0.058,4.09,1.083,0.2013,265.62,61.81,4.297,159,204.8,0.0479,14.0265,,,,,
2,1.5,0.5,20,6,4,0.5,0.146,0.853,11.7,-0.09,-15.86,0.864,0.157,643.74,138.73,4.64,121,-2596.6,0.0305,13.9929,,,,,
1,1.5,0.5,20,4,8,0.5,0.143,0.592,25.8,0.015,1.5,1.023,0.2137,309.5,82.2,3.765,117,-152.6,0.056,13.975,,,,,
2,1.5,0.35,20,4,6,0.3,0.148,0.841,17.9,-0.056,-8.19,0.924,0.1456,680.4,125.57,5.419,103,-1420.8,0.0446,13.9401,,,,,
1,1.5,0.35,20,6,6,0.3,0.141,0.61,24.1,0.004,0.32,1.006,0.1524,348.18,62.22,5.596,105,-260.6,0.0461,13.9256,,,,,
2,1.2,0.5,12,6,8,1.0,0.147,0.853,11.0,-0.034,-7.1,0.943,0.3422,342.25,188.85,1.812,225,-2851.0,0.0387,13.9255,,,,,
2,1.5,0.8,20,8,8,0.3,0.148,0.849,14.0,-0.061,-14.37,0.9,0.25,517.54,191.67,2.7,104,-2076.4,0.0442,13.9248,,,,,
2,1.5,0.65,16,10,10,0.3,0.148,0.849,15.5,-0.048,-11.26,0.917,0.3238,385.06,201.06,1.915,105,-1770.8,0.0444,13.9204,,,,,
2,1.2,0.35,12,10,10,0.15,0.146,0.848,14.0,-0.036,-5.57,0.944,0.3311,284.17,149.01,1.907,151,-1675.8,0.0358,13.9024,,,,,
1,1.2,0.65,16,8,6,1.0,0.148,0.819,19.4,-0.013,-1.37,0.977,0.3165,182.84,86.65,2.11,237,-988.4,0.0518,13.8631,,,,,
1,1.2,0.5,16,4,6,1.0,0.149,0.815,20.5,-0.022,-2.2,0.963,0.279,204.42,82.14,2.489,233,-1164.9,0.0594,13.8204,,,,,
2,1.2,0.35,16,6,10,0.5,0.145,0.855,9.9,-0.051,-8.28,0.927,0.2535,411.79,150.94,2.728,213,-2950.6,0.034,13.8191,,,,,
2,1.2,0.5,20,4,6,1.0,0.146,0.854,6.9,-0.085,-15.97,0.871,0.1927,557.55,152.84,3.648,218,-4703.2,0.0391,13.8178,,,,,
2,1.5,0.5,20,8,6,1.0,0.145,0.855,12.6,-0.074,-13.68,0.888,0.1803,602.55,149.25,4.037,122,-2352.2,0.0347,13.8067,,,,,
1,1.2,0.5,12,4,6,1.0,0.148,0.786,23.0,-0.01,-1.04,0.982,0.3291,174.75,87.26,2.003,234,-899.4,0.0597,13.8037,,,,,
1,1.2,0.65,12,6,4,0.5,0.147,0.821,19.6,-0.019,-2.0,0.963,0.3361,156.56,82.28,1.903,238,-1141.4,0.05,13.7963,,,,,
2,1.5,0.65,16,6,8,0.15,0.146,0.807,19.8,-0.035,-7.45,0.942,0.2899,419.31,181.63,2.309,69,-900.2,0.0476,13.7896,,,,,
2,1.5,0.65,12,10,8,1.0,0.146,0.85,16.9,-0.029,-6.99,0.947,0.3689,338.28,208.77,1.62,122,-1535.8,0.0414,13.7843,,,,,
1,1.2,0.5,12,10,4,1.0,0.147,0.842,17.3,-0.036,-3.47,0.937,0.3165,161.87,80.02,2.023,237,-1485.6,0.0479,13.7747,,,,,
2,1.2,0.35,20,10,8,0.15,0.145,0.852,13.3,-0.035,-4.98,0.95,0.2078,453.39,125.2,3.621,154,-1617.6,0.0368,13.7721,,,,,
1,1.2,0.5,12,6,8,0.5,0.145,0.726,24.0,-0.001,-0.06,0.999,0.3496,173.89,93.54,1.859,226,-645.3,0.0559,13.7688,,,,,
2,1.5,0.65,12,8,8,1.0,0.146,0.852,16.4,-0.037,-8.83,0.933,0.377,326.03,211.51,1.541,122,-1760.8,0.0424,13.757,,,,,
2,1.5,0.65,8,4,6,0.3,0.145,0.841,17.4,-0.028,-6.63,0.943,0.4425,247.51,208.33,1.188,113,-1382.4,0.0403,13.7352,,,,,
2,1.2,0.35,12,6,8,0.5,0.145,0.852,11.1,-0.027,-4.44,0.959,0.2903,356.53,152.11,2.344,217,-2173.0,0.0387,13.7348,,,,,
2,1.2,0.35,20,10,8,0.5,0.144,0.856,8.2,-0.063,-9.7,0.912,0.1962,510.92,136.76,3.736,209,-3186.4,0.0333,13.7345,,,,,
2,1.2,0.35,12,6,8,0.15,0.142,0.745,23.6,0.005,0.77,1.008,0.2963,329.69,137.72,2.394,162,-776.6,0.0406,13.7272,,,,,
2,1.2,0.65,12,6,4,0.5,0.143,0.857,8.5,-0.05,-10.58,0.905,0.3244,311.58,165.29,1.885,225,-3639.4,0.03,13.6998,,,,,
2,1.5,0.5,20,6,6,1.0,0.143,0.856,12.7,-0.062,-11.43,0.907,0.1803,615.05,149.25,4.121,122,-2077.2,0.0303,13.6974,,,,,
1,1.5,0.65,20,8,6,0.3,0.141,0.644,26.4,-0.003,-0.33,0.994,0.2054,289.67,75.28,3.848,112,-351.1,0.0532,13.6818,,,,,
2,1.2,0.35,20,8,8,1.0,0.143,0.857,8.3,-0.079,-12.22,0.891,0.1831,545.46,137.21,3.975,213,-3789.4,0.0313,13.6744,,,,,
1,1.5,0.8,20,8,4,0.3,0.141,0.643,25.5,-0.001,-0.11,0.998,0.1983,280.43,69.49,4.036,116,-337.3,0.0548,13.6517,,,,,
1,1.2,0.35,20,8,8,1.0,0.147,0.828,17.4,-0.031,-2.36,0.958,0.1875,286.81,69.09,4.151,224,-1156.3,0.0569,13.6362,,,,,
2,1.2,0.5,20,6,8,1.0,0.142,0.858,8.3,-0.069,-13.67,0.895,0.211,554.23,165.55,3.348,218,-4195.0,0.0313,13.5742,,,,,
1,1.5,0.65,20,10,8,1.0,0.14,0.658,25.2,-0.002,-0.21,0.997,0.2479,268.75,88.87,3.024,121,-363.8,0.0519,13.5674,,,,,
2,1.5,0.35,20,6,6,0.3,0.144,0.845,17.6,-0.068,-9.89,0.908,0.1456,668.73,125.57,5.326,103,-1595.8,0.0443,13.5478,,,,,
1,1.5,0.5,20,4,8,1.0,0.139,0.597,26.6,0.011,1.03,1.016,0.2149,305.29,82.24,3.712,121,-213.8,0.0585,13.5224,,,,,
2,1.5,0.5,20,8,4,0.5,0.141,0.859,11.4,-0.096,-16.89,0.856,0.157,637.16,138.73,4.593,121,-2721.6,0.0302,13.4961,,,,,
1,1.2,0.5,20,4,4,1.0,0.143,0.852,16.0,-0.041,-3.72,0.935,0.1915,277.78,70.39,3.946,235,-1532.8,0.0418,13.4788,,,,,
1,1.2,0.5,12,10,10,1.0,0.144,0.838,18.9,-0.03,-3.28,0.949,0.375,162.54,102.77,1.582,224,-1361.7,0.0489,13.4752,,,,,
1,1.5,0.65,20,6,4,0.3,0.139,0.687,24.2,-0.006,-0.58,0.99,0.1739,324.79,69.08,4.702,115,-388.6,0.0478,13.4654,,,,,
2,1.2,0.5,16,10,8,0.5,0.141,0.859,9.0,-0.053,-10.82,0.914,0.293,392.34,177.92,2.205,215,-3519.6,0.033,13.4399,,,,,
2,1.5,0.5,16,6,8,0.3,0.143,0.848,16.4,-0.051,-10.31,0.919,0.2762,422.14,175.33,2.408,105,-1670.8,0.0454,13.4197,,,,,
2,1.5,0.35,20,6,4,0.3,0.142,0.848,18.2,-0.074,-10.52,0.899,0.1346,693.29,120.0,5.777,104,-1676.4,0.0415,13.3993,,,,,
2,1.2,0.8,16,8,4,1.0,0.14,0.86,8.7,-0.064,-13.62,0.881,0.2783,362.55,158.65,2.285,230,-4414.4,0.0302,13.397,,,,,
2,1.2,0.35,20,10,10,0.15,0.141,0.856,12.4,-0.046,-6.73,0.935,0.2119,455.74,131.09,3.476,151,-1850.8,0.0366,13.3772,,,,,
1,1.5,0.8,20,8,8,1.0,0.139,0.686,24.2,-0.008,-0.93,0.987,0.2562,275.81,96.25,2.866,121,-451.3,0.0527,13.3704,,,,,
2,1.5,0.8,12,4,6,0.3,0.142,0.85,18.6,-0.051,-11.28,0.906,0.3097,349.29,173.08,2.018,113,-1907.8,0.0443,13.3388,,,,,
1,1.2,0.5,16,10,10,1.0,0.143,0.842,19.5,-0.027,-2.83,0.957,0.3111,201.96,95.32,2.119,225,-1267.5,0.0516,13.3128,,,,,
2,1.5,0.35,20,4,4,0.3,0.141,0.849,17.4,-0.066,-9.32,0.91,0.1346,702.21,120.0,5.852,104,-1551.4,0.0412,13.3059,,,,,
2,1.2,0.35,20,6,4,0.3,0.141,0.859,9.4,-0.079,-11.04,0.888,0.1598,550.28,117.79,4.672,194,-3227.8,0.0397,13.3056,,,,,
2,1.5,0.5,20,6,6,0.3,0.142,0.856,16.6,-0.066,-12.09,0.902,0.1776,626.63,150.0,4.178,107,-1893.2,0.0477,13.2512,,,,,
2,1.2,0.5,12,4,8,0.15,0.142,0.842,18.2,-0.027,-5.2,0.955,0.3418,320.89,174.52,1.839,158,-1701.2,0.0506,13.2353,,,,,
2,1.5,0.8,16,10,10,0.3,0.141,0.855,13.6,-0.062,-15.55,0.892,0.3429,373.39,218.48,1.709,105,-2220.8,0.044,13.2313,,,,,
1,1.2,0.8,20,8,4,1.0,0.141,0.857,13.6,-0.055,-5.61,0.903,0.2134,244.29,73.4,3.328,239,-2010.6,0.0438,13.229,,,,,
2,1.5,0.8,16,8,6,0.3,0.142,0.848,17.5,-0.052,-11.13,0.907,0.2743,398.12,165.85,2.4,113,-1891.0,0.0509,13.2113,,,,,
2,1.5,0.8,12,4,8,0.3,0.139,0.855,15.8,-0.05,-12.73,0.908,0.3679,342.32,219.4,1.56,106,-1943.2,0.0355,13.2072,,,,,
1,1.2,0.35,20,4,10,0.15,0.131,0.563,28.3,0.035,2.48,1.048,0.2051,262.5,64.62,4.062,156,-49.3,0.0422,13.173,,,,,
2,1.5,0.5,16,6,6,0.5,0.139,0.861,11.2,-0.086,-16.02,0.863,0.2377,424.83,153.49,2.768,122,-2638.0,0.0365,13.1698,,,,,
2,1.5,0.8,16,10,8,0.3,0.14,0.857,14.2,-0.064,-15.64,0.888,0.3113,399.01,203.08,1.965,106,-2251.4,0.0431,13.1463,,,,,
1,1.5,0.65,12,10,10,0.5,0.125,0.355,31.7,0.035,4.34,1.068,0.4237,160.75,110.66,1.453,118,182.1,0.0464,13.1321,,,,,
1,1.5,0.5,16,6,10,0.5,0.127,0.426,31.3,0.038,3.95,1.064,0.3162,208.45,90.62,2.3,117,134.9,0.0468,13.1059,,,,,
2,1.5,0.8,12,10,8,0.5,0.138,0.86,15.6,-0.047,-12.1,0.913,0.3729,338.58,220.61,1.535,118,-2088.4,0.0368,13.0703,,,,,
2,1.5,0.5,16,4,6,0.3,0.139,0.857,14.4,-0.064,-12.0,0.9,0.2294,471.69,155.95,3.025,109,-1918.2,0.0436,13.0409,,,,,
1,1.2,0.65,20,10,4,0.5,0.139,0.857,15.2,-0.041,-3.96,0.93,0.2069,254.8,71.47,3.565,232,-1569.0,0.0437,13.0379,,,,,
2,1.5,0.35,20,8,6,0.3,0.138,0.855,16.8,-0.083,-12.08,0.887,0.1456,653.73,125.57,5.206,103,-1820.8,0.0402,13.0167,,,,,
1,1.5,0.5,20,8,8,0.5,0.134,0.662,25.4,-0.005,-0.53,0.992,0.2137,300.0,82.2,3.65,117,-390.1,0.0504,13.0032,,,,,
2,1.5,0.8,12,8,8,0.5,0.137,0.863,14.9,-0.056,-14.43,0.896,0.3814,324.94,223.63,1.453,118,-2363.4,0.0349,13.0028,,,,,
2,1.2,0.35,16,4,6,0.5,0.137,0.863,8.5,-0.067,-10.61,0.902,0.2336,417.07,141.01,2.958,214,-3470.0,0.0355,12.9907,,,,,
2,1.5,0.8,12,6,8,0.5,0.138,0.86,15.6,-0.048,-12.31,0.911,0.3814,330.5,223.63,1.478,118,-2113.4,0.0412,12.9825,,,,,
2,1.5,0.5,20,6,4,1.0,0.135,0.865,11.6,-0.093,-16.55,0.859,0.16,629.05,139.52,4.509,125,-2769.0,0.0284,12.9323,,,,,
2,1.5,0.35,20,8,4,0.3,0.137,0.856,17.0,-0.086,-12.2,0.882,0.1346,680.79,120.0,5.673,104,-1851.4,0.0395,12.9312,,,,,
2,1.2,0.35,12,4,6,0.5,0.137,0.863,9.6,-0.065,-10.45,0.903,0.2698,359.54,147.13,2.444,215,-3450.6,0.0403,12.8944,,,,,
1,1.2,0.35,20,10,10,0.5,0.139,0.835,19.7,-0.036,-2.82,0.951,0.1953,279.3,71.32,3.916,215,-1208.9,0.0545,12.8879,,,,,
2,1.5,0.65,20,6,4,0.3,0.138,0.86,16.2,-0.077,-14.55,0.874,0.1681,602.93,139.36,4.326,113,-2277.2,0.0462,12.882,,,,,
1,1.2,0.65,12,8,6,0.5,0.138,0.825,19.9,-0.023,-2.64,0.955,0.3664,153.53,92.94,1.652,232,-1261.9,0.0536,12.8382,,,,,
2,1.2,0.5,12,4,10,0.15,0.137,0.857,16.0,-0.041,-8.38,0.931,0.3571,317.33,189.33,1.676,154,-2147.8,0.0443,12.832,,,,,
2,1.5,0.65,20,10,10,0.3,0.137,0.862,15.2,-0.068,-14.75,0.89,0.2427,491.24,176.92,2.777,103,-2095.8,0.0436,12.8301,,,,,
1,1.5,0.8,16,4,8,0.3,0.125,0.513,30.1,0.023,2.83,1.04,0.3208,226.84,102.95,2.203,106,3.2,0.0381,12.824,,,,,
1,1.2,0.35,20,8,4,0.3,0.137,0.815,20.8,-0.032,-2.3,0.954,0.1731,273.5,60.03,4.556,208,-1061.5,0.0512,12.8207,,,,,
1,1.5,0.5,20,6,6,0.3,0.131,0.671,24.4,-0.01,-0.96,0.984,0.1835,325.42,74.3,4.38,109,-409.3,0.044,12.8136,,,,,
2,1.2,0.5,12,10,10,0.15,0.134,0.866,10.7,-0.069,-14.39,0.881,0.3741,284.61,193.14,1.474,147,-2927.6,0.0297,12.8068,,,,,
1,1.2,0.35,20,10,8,0.5,0.139,0.823,19.4,-0.026,-1.98,0.964,0.1927,278.41,68.89,4.041,218,-1042.3,0.0605,12.8034,,,,,
2,1.5,0.35,20,4,10,1.0,0.134,0.86,15.2,-0.064,-9.88,0.914,0.1681,628.08,138.83,4.524,113,-1749.2,0.0319,12.7805,,,,,
2,1.5,0.5,20,4,4,0.3,0.135,0.863,14.7,-0.088,-15.54,0.869,0.156,660.65,140.49,4.702,109,-2304.4,0.0365,12.7757,,,,,
2,1.5,0.8,16,8,4,0.5,0.134,0.865,13.1,-0.066,-13.35,0.879,0.2385,406.91,144.95,2.807,130,-2463.8,0.0322,12.7591,,,,,
2,1.5,0.65,16,6,6,1.0,0.135,0.865,12.9,-0.078,-16.17,0.866,0.2558,408.76,162.24,2.52,129,-2808.2,0.0376,12.7477,,,,,
2,1.2,0.5,16,4,4,0.15,0.134,0.861,14.6,-0.046,-7.72,0.925,0.225,424.02,133.06,3.187,160,-2131.4,0.034,12.7349,,,,,
2,1.5,0.5,16,6,10,0.3,0.136,0.854,15.8,-0.056,-11.37,0.912,0.2885,407.24,181.08,2.249,104,-1765.2,0.0448,12.734,,,,,
2,1.2,0.5,12,10,8,0.5,0.135,0.865,9.4,-0.054,-11.29,0.91,0.3349,338.78,187.55,1.806,215,-3619.6,0.0397,12.7065,,,,,
2,1.5,0.5,16,4,4,0.5,0.133,0.867,11.1,-0.104,-18.61,0.837,0.2,477.8,142.71,3.348,120,-2904.8,0.0297,12.7054,,,,,
2,1.2,0.35,20,6,6,0.5,0.135,0.865,7.9,-0.104,-15.62,0.857,0.1683,558.58,131.79,4.238,208,-4414.4,0.0398,12.7038,,,,,
1,1.5,0.8,12,6,10,0.5,0.124,0.417,31.4,0.03,4.03,1.06,0.4492,158.73,122.12,1.3,118,144.6,0.0553,12.6719,,,,,
2,1.2,0.35,20,4,4,0.5,0.137,0.863,7.6,-0.106,-15.73,0.852,0.1627,554.76,126.57,4.383,209,-4458.4,0.0516,12.6671,,,,,
2,1.2,0.5,12,8,4,0.5,0.134,0.866,9.4,-0.074,-14.3,0.869,0.3045,312.28,157.31,1.985,220,-4378.2,0.0369,12.6626,,,,,
1,1.2,0.5,12,10,8,1.0,0.135,0.843,18.9,-0.028,-2.99,0.952,0.3362,175.36,93.34,1.879,229,-1325.7,0.0453,12.6594,,,,,
2,1.2,0.5,20,8,8,0.5,0.133,0.867,8.5,-0.072,-14.17,0.89,0.2217,517.97,165.76,3.125,212,-4186.4,0.0321,12.6589,,,,,
2,1.2,0.35,8,4,4,1.0,0.133,0.867,8.6,-0.057,-9.39,0.91,0.3136,303.4,152.32,1.992,220,-3297.6,0.0327,12.6461,,,,,
2,1.2,0.35,12,8,8,0.15,0.134,0.818,19.8,-0.012,-1.75,0.982,0.3025,312.59,138.05,2.264,162,-1184.8,0.0451,12.6411,,,,,
2,1.5,0.5,16,10,8,0.3,0.134,0.859,14.8,-0.07,-14.12,0.889,0.2762,408.35,175.33,2.329,105,-2070.8,0.039,12.6403,,,,,
2,1.5,0.5,20,8,4,1.0,0.132,0.868,11.2,-0.101,-17.95,0.847,0.16,620.3,139.52,4.446,125,-2944.0,0.0285,12.6308,,,,,
2,1.2,0.65,12,8,6,0.5,0.132,0.868,9.2,-0.052,-11.7,0.901,0.3575,297.96,183.98,1.62,221,-3823.0,0.0287,12.6265,,,,,
2,1.2,0.35,12,6,10,1.0,0.133,0.867,9.8,-0.056,-9.34,0.916,0.2986,342.98,159.35,2.152,221,-3295.4,0.0344,12.6122,,,,,
2,1.2,0.35,20,10,10,1.0,0.133,0.867,8.2,-0.1,-15.69,0.863,0.1934,511.53,142.11,3.6,212,-4503.2,0.0346,12.6079,,,,,
2,1.2,0.35,16,8,10,0.5,0.132,0.868,8.7,-0.074,-12.05,0.893,0.2476,408.07,150.32,2.715,210,-3700.6,0.0298,12.6036,,,,,
1,1.2,0.65,20,6,4,1.0,0.134,0.865,14.1,-0.055,-5.43,0.906,0.2017,260.6,72.63,3.588,238,-1957.8,0.0402,12.5991,,,,,
1,1.2,0.65,12,6,10,0.15,0.122,0.458,30.5,0.031,3.68,1.059,0.4172,159.56,107.89,1.479,163,143.6,0.0432,12.5966,,,,,
1,1.2,0.5,20,10,8,1.0,0.134,0.862,14.4,-0.044,-4.27,0.934,0.2159,278.94,82.23,3.392,227,-1605.0,0.0409,12.5943,,,,,
1,1.2,0.8,12,8,4,1.0,0.134,0.856,16.6,-0.029,-3.23,0.942,0.3402,154.07,84.32,1.827,244,-1470.5,0.0422,12.587,,,,,
1,1.2,0.65,12,6,6,1.0,0.135,0.813,22.5,-0.016,-1.77,0.97,0.3667,156.11,93.17,1.675,240,-1097.0,0.0539,12.5776,,,,,
2,1.2,0.5,16,6,6,0.5,0.131,0.869,9.3,-0.065,-12.76,0.893,0.2785,380.43,164.56,2.312,219,-4020.0,0.0308,12.4839,,,,,
2,1.2,0.8,20,8,4,0.5,0.132,0.868,8.0,-0.094,-18.81,0.835,0.2064,459.95,143.35,3.209,218,-5316.6,0.0367,12.4667,,,,,
1,1.2,0.8,12,6,6,0.15,0.119,0.386,29.6,0.029,3.18,1.06,0.3988,140.04,87.62,1.598,173,65.6,0.0465,12.4552,,,,,
2,1.2,0.8,12,8,4,0.15,0.132,0.858,15.5,-0.029,-5.73,0.939,0.3275,270.44,140.22,1.929,171,-1932.2,0.0388,12.4539,,,,,
1,1.5,0.65,20,6,4,0.5,0.129,0.72,23.6,-0.014,-1.3,0.977,0.1719,319.13,67.81,4.707,128,-525.0,0.0467,12.4195,,,,,
2,1.5,0.8,12,8,8,1.0,0.131,0.869,14.2,-0.06,-15.6,0.888,0.3852,320.69,226.33,1.417,122,-2585.8,0.0345,12.4093,,,,,
2,1.5,0.5,16,4,4,1.0,0.13,0.87,11.6,-0.105,-18.81,0.836,0.2016,474.69,143.43,3.309,124,-3027.2,0.0297,12.4056,,,,,
2,1.5,0.5,16,10,8,1.0,0.132,0.864,15.5,-0.055,-11.13,0.912,0.2787,414.46,175.57,2.361,122,-2041.4,0.0408,12.3957,,,,,
2,1.5,0.65,16,4,4,0.3,0.131,0.868,12.6,-0.097,-18.76,0.837,0.2087,463.22,145.88,3.175,115,-2801.8,0.0355,12.3933,,,,,
2,1.2,0.35,16,4,4,0.5,0.132,0.868,8.3,-0.077,-11.84,0.886,0.2186,422.94,133.48,3.169,215,-3750.6,0.0412,12.3765,,,,,
2,1.2,0.35,12,10,8,1.0,0.13,0.87,9.4,-0.065,-10.67,0.902,0.2837,347.64,152.6,2.278,215,-3486.8,0.032,12.3599,,,,,
2,1.5,0.8,12,6,8,1.0,0.131,0.864,14.3,-0.049,-12.73,0.909,0.3852,328.14,226.33,1.45,122,-2235.8,0.0382,12.352,,,,,
2,1.5,0.5,16,10,10,0.3,0.131,0.863,15.2,-0.074,-15.22,0.882,0.2885,393.91,181.08,2.175,104,-2165.2,0.0387,12.3435,,,,,
2,1.5,0.65,12,4,4,0.5,0.129,0.869,13.7,-0.074,-14.51,0.868,0.2581,371.11,148.64,2.497,124,-2494.0,0.0283,12.3394,,,,,
2,1.5,0.65,16,4,4,0.15,0.132,0.861,16.2,-0.125,-22.82,0.798,0.1892,477.59,139.58,3.422,74,-2103.2,0.0446,12.3286,,,,,
1,1.2,0.65,20,6,6,0.15,0.128,0.671,27.9,0.005,0.52,1.009,0.2381,237.81,73.63,3.23,168,-382.9,0.0538,12.3265,,,,,
2,1.2,0.35,12,4,4,0.5,0.131,0.869,9.1,-0.067,-10.63,0.897,0.2593,358.54,139.84,2.564,216,-3506.2,0.0388,12.324,,,,,
2,1.5,0.65,20,8,4,0.3,0.131,0.865,14.4,-0.09,-16.98,0.854,0.1681,588.47,139.36,4.223,113,-2551.8,0.0402,12.307,,,,,
2,1.5,0.8,20,10,8,0.5,0.131,0.868,14.8,-0.072,-16.91,0.883,0.2435,524.31,191.09,2.744,115,-2588.4,0.041,12.2828,,,,,
1,1.2,0.8,20,8,6,0.15,0.126,0.647,29.8,0.004,0.44,1.008,0.2515,217.44,72.46,3.001,171,-403.8,0.0506,12.269,,,,,
1,1.2,0.5,20,8,8,0.15,0.128,0.744,24.9,-0.016,-1.48,0.975,0.225,255.9,76.21,3.358,160,-685.5,0.0469,12.2459,,,,,
2,1.5,0.8,12,10,8,1.0,0.128,0.871,15.4,-0.055,-14.16,0.898,0.377,331.47,223.36,1.484,122,-2410.8,0.0291,12.2204,,,,,
1,1.2,0.5,20,8,4,0.5,0.131,0.862,14.2,-0.06,-5.41,0.904,0.1982,256.86,70.26,3.656,227,-1864.5,0.0452,12.2161,,,,,
1,1.5,0.8,20,4,4,0.5,0.125,0.675,26.1,0.003,0.29,1.005,0.186,303.12,68.93,4.398,129,-323.7,0.0448,12.2046,,,,,
2,1.2,0.5,12,10,10,0.5,0.129,0.871,9.1,-0.069,-15.24,0.883,0.3702,309.31,206.02,1.501,208,-4324.4,0.0361,12.1775,,,,,
2,1.5,0.8,16,8,4,0.3,0.13,0.865,17.8,-0.064,-13.0,0.882,0.2414,404.17,145.74,2.773,116,-2157.8,0.0423,12.1696,,,,,
2,1.5,0.65,12,4,8,0.3,0.129,0.863,16.0,-0.053,-12.5,0.906,0.3491,345.96,204.71,1.69,106,-1918.2,0.0382,12.1604,,,,,
2,1.2,0.5,12,6,4,1.0,0.127,0.873,8.7,-0.071,-13.61,0.877,0.3043,317.79,158.59,2.004,230,-4417.8,0.0283,12.1333,,,,,
1,1.2,0.8,8,6,6,0.15,0.115,0.435,30.2,0.022,2.75,1.052,0.5202,105.83,109.04,0.971,173,-9.4,0.036,12.13,,,,,
2,1.5,0.8,16,6,6,0.15,0.131,0.839,19.2,-0.065,-13.7,0.886,0.2568,415.06,161.82,2.565,74,-1428.2,0.0539,12.1121,,,,,
2,1.5,0.35,20,4,8,0.3,0.128,0.855,19.5,-0.059,-8.94,0.92,0.16,647.22,133.93,4.833,100,-1454.4,0.0374,12.1035,,,,,
1,1.5,0.65,12,8,10,1.0,0.115,0.372,32.7,0.033,4.07,1.064,0.439,153.94,113.22,1.36,123,155.6,0.0471,12.0974,,,,,
2,1.2,0.35,16,8,10,0.15,0.127,0.865,15.7,-0.043,-6.38,0.937,0.2468,386.97,135.29,2.86,158,-1887.4,0.0317,12.0899,,,,,
1,1.2,0.65,16,4,6,0.15,0.118,0.496,29.6,0.03,2.96,1.053,0.2899,203.32,78.85,2.578,169,26.8,0.0442,12.0746,,,,,
2,1.5,0.65,20,10,8,0.3,0.129,0.87,14.8,-0.073,-15.81,0.882,0.2404,491.24,176.27,2.787,104,-2226.4,0.0416,12.0716,,,,,
2,1.2,0.35,16,10,8,1.0,0.127,0.873,9.4,-0.071,-11.37,0.897,0.2465,401.06,146.3,2.741,215,-3636.8,0.0317,12.0667,,,,,
1,1.5,0.5,20,8,8,1.0,0.125,0.686,25.3,-0.014,-1.34,0.979,0.2149,294.23,82.24,3.578,121,-501.3,0.0519,12.0299,,,,,
1,1.5,0.5,16,8,10,1.0,0.115,0.399,30.1,0.033,3.38,1.055,0.3197,202.88,90.36,2.245,122,70.9,0.0468,12.0213,,,,,
1,1.2,0.5,16,10,4,0.5,0.129,0.847,19.5,-0.034,-3.18,0.942,0.2672,193.35,74.85,2.583,232,-1387.1,0.0475,12.0211,,,,,
2,1.2,0.35,16,10,10,1.0,0.126,0.874,8.5,-0.085,-13.94,0.878,0.2488,401.53,151.56,2.649,213,-4150.6,0.0304,11.9915,,,,,
2,1.2,0.5,12,10,10,1.0,0.127,0.873,8.8,-0.076,-16.92,0.871,0.3692,308.76,207.5,1.488,214,-4808.0,0.0357,11.9868,,,,,
2,1.5,0.65,12,4,4,1.0,0.126,0.873,12.5,-0.083,-16.66,0.852,0.2636,364.72,153.16,2.381,129,-2872.0,0.0308,11.9864,,,,,
1,1.2,0.65,12,8,8,0.15,0.119,0.6,28.4,0.013,1.43,1.024,0.3976,155.3,100.12,1.551,166,-227.3,0.0388,11.9669,,,,,
2,1.5,0.8,16,6,4,1.0,0.125,0.874,11.5,-0.084,-17.3,0.848,0.237,406.69,149.03,2.729,135,-3091.8,0.0285,11.9332,,,,,
2,1.2,0.8,12,8,4,1.0,0.126,0.874,8.4,-0.071,-15.82,0.862,0.3261,302.64,169.91,1.781,230,-4920.0,0.0337,11.9268,,,,,
2,1.5,0.8,16,10,6,1.0,0.126,0.871,15.3,-0.066,-14.49,0.883,0.2769,393.52,170.74,2.305,130,-2611.2,0.0344,11.9208,,,,,
2,1.5,0.8,12,4,6,0.15,0.127,0.8,21.5,-0.039,-8.78,0.926,0.3514,310.58,181.77,1.709,74,-1064.4,0.051,11.8986,,,,,
1,1.2,0.5,16,10,8,0.15,0.121,0.687,26.7,-0.001,-0.08,0.999,0.2812,206.11,80.76,2.552,160,-460.5,0.0392,11.892,,,,,
2,1.5,0.35,12,4,10,1.0,0.126,0.858,18.3,-0.043,-7.05,0.936,0.287,358.01,153.96,2.325,115,-1454.8,0.0394,11.8609,,,,,
1,1.5,0.35,20,8,8,0.3,0.118,0.605,24.5,-0.003,-0.25,0.996,0.1667,330.15,66.32,4.978,102,-310.6,0.0389,11.8532,,,,,
1,1.5,0.35,20,8,10,0.3,0.118,0.605,24.2,-0.007,-0.5,0.991,0.17,330.15,68.22,4.839,100,-330.0,0.0396,11.8395,,,,,
2,1.5,0.35,16,4,8,0.15,0.126,0.826,21.3,-0.069,-9.76,0.905,0.1912,485.48,126.82,3.828,68,-1044.6,0.0453,11.8389,,,,,
2,1.2,0.35,12,10,10,0.5,0.125,0.875,8.1,-0.083,-13.86,0.875,0.2995,325.1,158.79,2.047,207,-4017.0,0.0332,11.8359,,,,,
1,1.5,0.5,16,4,10,0.3,0.116,0.577,28.3,0.013,1.32,1.021,0.2885,227.92,90.54,2.517,104,-153.7,0.0355,11.8103,,,,,
2,1.2,0.65,12,8,4,0.5,0.125,0.875,8.5,-0.081,-16.92,0.849,0.3167,301.4,164.49,1.832,221,-4977.8,0.0347,11.8065,,,,,
2,1.2,0.35,20,10,8,1.0,0.125,0.875,8.0,-0.099,-15.31,0.863,0.1869,514.94,137.21,3.753,214,-4464.4,0.0357,11.7868,,,,,
2,1.5,0.35,20,4,10,0.5,0.124,0.874,15.1,-0.085,-13.11,0.887,0.1574,651.98,137.36,4.746,108,-2021.2,0.031,11.7855,,,,,
1,1.2,0.5,20,6,6,1.0,0.127,0.872,14.7,-0.065,-6.1,0.9,0.2018,271.93,76.37,3.56,228,-2029.8,0.0471,11.7604,,,,,
2,1.5,0.35,16,10,10,0.5,0.125,0.872,14.6,-0.092,-14.69,0.868,0.2342,413.26,145.59,2.839,111,-2251.8,0.0375,11.7587,,,,,
2,1.5,0.65,16,6,6,0.15,0.125,0.855,19.2,-0.095,-19.29,0.846,0.25,422.84,166.67,2.537,72,-1792.0,0.0406,11.7484,,,,,
2,1.5,0.5,16,6,6,0.3,0.126,0.87,14.7,-0.086,-16.13,0.866,0.2294,453.69,155.95,2.909,109,-2368.2,0.0434,11.7439,,,,,
2,1.2,0.35,16,6,10,1.0,0.123,0.877,10.3,-0.068,-11.02,0.903,0.2511,408.39,151.68,2.693,219,-3634.2,0.028,11.7404,,,,,
2,1.2,0.5,20,10,4,0.5,0.124,0.876,7.9,-0.119,-21.51,0.812,0.186,500.02,140.71,3.553,215,-5822.2,0.0336,11.7288,,,,,
2,1.5,0.65,8,4,6,1.0,0.124,0.87,17.2,-0.036,-8.67,0.925,0.4538,236.4,212.32,1.113,130,-1855.6,0.0345,11.7271,,,,,
2,1.2,0.5,16,10,8,1.0,0.125,0.875,8.4,-0.08,-16.3,0.872,0.2851,389.56,178.13,2.187,221,-4828.2,0.0393,11.7141,,,,,
2,1.5,0.65,16,8,6,0.5,0.124,0.876,14.3,-0.064,-13.29,0.889,0.256,416.07,161.02,2.584,125,-2360.8,0.0345,11.7093,,,,,
1,1.2,0.65,12,4,8,0.15,0.11,0.403,33.1,0.026,2.94,1.048,0.3855,165.62,99.14,1.671,166,22.7,0.0402,11.6575,,,,,
2,1.5,0.65,8,4,6,0.5,0.124,0.869,16.6,-0.04,-9.54,0.917,0.4524,233.29,210.14,1.11,126,-1908.2,0.0385,11.6515,,,,,
2,1.2,0.65,20,8,6,1.0,0.122,0.878,7.7,-0.087,-17.56,0.855,0.2172,478.54,155.2,3.083,221,-5117.4,0.0287,11.6267,,,,,
2,1.2,0.65,20,6,4,0.5,0.123,0.877,8.7,-0.083,-15.9,0.86,0.1946,501.43,140.87,3.56,221,-4750.6,0.035,11.6,,,,,
2,1.5,0.35,16,10,8,0.5,0.124,0.875,14.5,-0.099,-15.62,0.858,0.2281,413.26,142.33,2.904,114,-2418.6,0.041,11.5838,,,,,
1,1.2,0.5,12,6,4,1.0,0.125,0.851,20.8,-0.037,-3.54,0.935,0.3167,160.03,79.34,2.017,240,-1522.0,0.0498,11.576,,,,,
2,1.2,0.35,16,8,8,0.5,0.122,0.878,9.8,-0.058,-9.3,0.915,0.2488,400.37,145.0,2.761,213,-3167.4,0.0315,11.5703,,,,,
1,1.5,0.35,20,6,10,1.0,0.117,0.705,23.0,-0.025,-1.98,0.965,0.1724,320.42,69.14,4.634,116,-553.9,0.0335,11.5641,,,,,
2,1.2,0.65,20,10,4,0.5,0.121,0.879,8.0,-0.095,-18.11,0.841,0.1927,495.85,140.76,3.523,218,-5164.0,0.0281,11.5383,,,,,
2,1.2,0.35,16,8,8,0.15,0.122,0.858,18.6,-0.024,-3.47,0.964,0.2484,377.29,129.34,2.917,161,-1454.2,0.0363,11.533,,,,,
2,1.5,0.65,8,4,4,0.3,0.122,0.874,15.8,-0.057,-12.5,0.889,0.3707,269.78,178.77,1.509,116,-2099.2,0.0366,11.4793,,,,,
1,1.2,0.5,20,10,8,0.15,0.119,0.775,23.9,-0.019,-1.72,0.971,0.225,254.86,76.21,3.344,160,-723.0,0.0385,11.4476,,,,,
1,1.2,0.8,20,10,4,1.0,0.122,0.873,14.0,-0.057,-5.81,0.9,0.2083,251.61,73.55,3.421,240,-2066.4,0.0385,11.4452,,,,,
2,1.2,0.35,12,4,8,0.15,0.118,0.73,27.0,0.004,0.62,1.006,0.2963,329.17,137.72,2.39,162,-801.6,0.041,11.4358,,,,,
2,1.5,0.35,16,10,10,1.0,0.121,0.873,14.5,-0.087,-14.05,0.874,0.2414,403.39,146.88,2.746,116,-2279.8,0.0349,11.4206,,,,,
2,1.2,0.65,12,10,4,0.15,0.121,0.878,12.9,-0.054,-10.37,0.896,0.3291,272.82,149.29,1.827,158,-2517.6,0.0342,11.4185,,,,,
1,1.5,0.65,20,10,10,0.3,0.117,0.698,25.6,-0.021,-2.26,0.966,0.2476,256.73,87.5,2.934,105,-531.5,0.0419,11.4173,,,,,
2,1.2,0.35,12,6,8,1.0,0.121,0.878,9.9,-0.055,-9.07,0.917,0.2838,353.76,152.83,2.315,222,-3251.0,0.0343,11.4167,,,,,
2,1.5,0.5,20,6,4,0.3,0.121,0.877,15.2,-0.102,-18.06,0.848,0.156,644.47,140.49,4.587,109,-2579.4,0.0352,11.4011,,,,,
1,1.2,0.5,20,6,4,1.0,0.123,0.875,13.8,-0.07,-6.29,0.89,0.1888,270.08,70.63,3.824,233,-2118.8,0.047,11.3667,,,,,
2,1.2,0.5,16,8,4,1.0,0.12,0.88,8.5,-0.096,-17.88,0.841,0.2478,381.31,149.38,2.553,226,-5306.2,0.0331,11.3374,,,,,
2,1.5,0.8,12,4,8,0.15,0.12,0.819,24.2,-0.047,-11.59,0.912,0.3913,306.48,216.07,1.418,69,-1186.4,0.0423,11.3368,,,,,
1,1.5,0.8,20,8,6,0.5,0.117,0.729,24.9,-0.022,-2.3,0.963,0.216,276.85,79.21,3.495,125,-637.5,0.042,11.3215,,,,,
1,1.2,0.65,12,8,4,0.5,0.12,0.864,16.9,-0.039,-4.13,0.925,0.3305,154.17,82.28,1.874,236,-1635.6,0.0387,11.2734,,,,,
2,1.2,0.5,16,6,4,1.0,0.119,0.881,8.6,-0.078,-14.56,0.87,0.25,391.34,149.86,2.611,232,-4676.4,0.0316,11.2684,,,,,
1,1.5,0.65,20,4,4,0.3,0.115,0.686,26.7,-0.009,-0.87,0.985,0.1739,323.12,69.08,4.678,115,-422.0,0.0427,11.2422,,,,,
2,1.2,0.8,20,10,4,1.0,0.117,0.883,7.3,-0.116,-23.71,0.8,0.1956,485.25,147.43,3.291,225,-6583.0,0.0245,11.2104,,,,,
2,1.2,0.65,16,10,4,0.15,0.119,0.88,12.6,-0.059,-11.09,0.893,0.2532,364.66,138.46,2.634,158,-2631.0,0.0347,11.2099,,,,,
2,1.2,0.5,8,4,6,0.15,0.118,0.88,13.1,-0.051,-10.21,0.907,0.3935,253.15,181.12,1.398,155,-2450.8,0.0316,11.1748,,,,,
1,1.2,0.8,20,10,6,0.15,0.115,0.687,27.7,-0.001,-0.15,0.997,0.2515,215.12,72.46,2.969,171,-503.8,0.0469,11.1559,,,,,
2,1.2,0.65,16,6,4,1.0,0.117,0.883,8.5,-0.07,-14.73,0.874,0.2681,379.73,159.22,2.385,235,-4778.6,0.0283,11.1339,,,,,
2,1.2,0.5,16,4,6,0.15,0.117,0.88,14.4,-0.051,-9.03,0.918,0.2516,402.24,147.27,2.731,159,-2325.8,0.0326,11.0569,,,,,
1,1.2,0.65,12,4,10,0.15,0.103,0.405,30.2,0.028,3.3,1.052,0.411,162.5,107.81,1.507,163,81.1,0.0367,11.0423,,,,,
2,1.5,0.65,16,6,6,0.3,0.118,0.879,15.8,-0.08,-16.37,0.864,0.25,417.56,161.01,2.593,112,-2460.4,0.0403,11.0029,,,,,
2,1.5,0.35,16,4,8,0.5,0.116,0.88,14.2,-0.084,-13.12,0.88,0.2232,430.24,140.52,3.062,112,-2096.2,0.0307,10.9985,,,,,
2,1.5,0.35,20,8,8,0.3,0.117,0.872,19.6,-0.087,-13.19,0.883,0.16,620.66,133.93,4.634,100,-1879.4,0.0382,10.9686,,,,,
1,1.5,0.8,20,6,4,1.0,0.115,0.799,22.0,-0.04,-3.95,0.932,0.1791,300.87,70.45,4.27,134,-904.3,0.0397,10.9649,,,,,
2,1.5,0.65,16,8,6,1.0,0.117,0.883,14.3,-0.073,-15.2,0.874,0.2558,412.55,162.24,2.543,129,-2683.2,0.0374,10.9528,,,,,
1,1.5,0.35,20,6,10,0.5,0.111,0.718,21.4,-0.038,-2.96,0.948,0.1622,335.19,68.41,4.899,111,-639.9,0.0331,10.9515,,,,,
2,1.2,0.5,20,10,6,0.5,0.115,0.885,7.0,-0.124,-23.49,0.808,0.2038,484.13,153.42,3.156,211,-6133.0,0.0283,10.9331,,,,,
2,1.2,0.5,12,10,8,1.0,0.117,0.883,8.8,-0.08,-16.75,0.867,0.3258,336.35,187.38,1.795,221,-4928.2,0.0385,10.9292,,,,,
2,1.2,0.5,20,10,8,1.0,0.116,0.884,6.9,-0.097,-19.02,0.853,0.2156,511.78,164.91,3.103,218,-5355.4,0.0346,10.9089,,,,,
2,1.2,0.35,8,4,6,1.0,0.114,0.886,8.8,-0.067,-11.35,0.895,0.3227,299.34,159.4,1.878,220,-3728.6,0.0254,10.8922,,,,,
1,1.2,0.5,20,8,6,0.5,0.118,0.881,14.4,-0.072,-6.72,0.888,0.2117,252.04,76.21,3.307,222,-2113.0,0.0465,10.8726,,,,,
1,1.5,0.8,20,10,8,0.5,0.112,0.74,25.9,-0.028,-3.31,0.953,0.2479,273.71,94.6,2.893,117,-715.1,0.039,10.864,,,,,
2,1.2,0.5,20,6,6,0.5,0.115,0.885,8.9,-0.103,-19.49,0.842,0.1972,524.94,153.21,3.426,213,-5345.0,0.0321,10.8573,,,,,
2,1.5,0.5,20,4,6,0.5,0.116,0.882,13.8,-0.082,-15.1,0.878,0.1681,646.4,148.74,4.346,119,-2463.4,0.0389,10.8281,,,,,
2,1.2,0.35,12,8,10,0.5,0.113,0.887,8.6,-0.08,-13.35,0.88,0.2972,329.28,158.22,2.081,212,-4011.8,0.0237,10.8269,,,,,
2,1.5,0.8,12,4,4,0.3,0.116,0.875,18.0,-0.063,-12.93,0.882,0.2672,362.9,150.0,2.419,116,-2149.6,0.0403,10.8203,,,,,
1,1.5,0.8,12,10,10,0.5,0.107,0.522,31.6,0.01,1.27,1.019,0.4407,155.53,120.27,1.293,118,-180.4,0.0506,10.8004,,,,,
2,1.2,0.35,16,6,8,1.0,0.114,0.885,9.9,-0.06,-9.68,0.912,0.2489,403.39,146.54,2.753,221,-3370.4,0.0301,10.8001,,,,,
1,1.2,0.5,16,6,8,1.0,0.116,0.83,22.8,-0.024,-2.49,0.96,0.2944,203.12,88.27,2.301,231,-1221.8,0.0483,10.7969,,,,,
2,1.2,0.5,20,4,4,1.0,0.113,0.887,8.2,-0.105,-19.09,0.836,0.1786,544.93,141.71,3.845,224,-5531.6,0.0254,10.7923,,,,,
2,1.5,0.5,20,8,6,0.3,0.114,0.882,14.8,-0.088,-16.07,0.87,0.1776,604.26,150.0,4.028,107,-2318.2,0.0315,10.782,,,,,
2,1.5,0.65,12,6,10,0.3,0.115,0.874,18.3,-0.051,-12.62,0.906,0.3905,312.2,220.7,1.415,105,-1912.6,0.038,10.7736,,,,,
2,1.2,0.65,20,10,4,0.15,0.114,0.885,12.5,-0.078,-13.78,0.866,0.2025,437.86,128.48,3.408,158,-3056.0,0.0317,10.7681,,,,,
1,1.5,0.5,20,6,4,0.3,0.112,0.761,22.7,-0.045,-3.98,0.932,0.1622,335.19,69.62,4.814,111,-752.4,0.0418,10.7443,,,,,
2,1.5,0.35,20,6,8,0.3,0.115,0.873,19.9,-0.084,-12.69,0.887,0.16,623.79,133.93,4.658,100,-1829.4,0.0402,10.7327,,,,,
2,1.2,0.65,8,6,4,1.0,0.112,0.888,7.9,-0.069,-16.46,0.857,0.4292,229.2,201.16,1.139,233,-5139.4,0.0238,10.7249,,,,,
2,1.5,0.35,16,4,8,1.0,0.114,0.879,14.2,-0.089,-13.96,0.873,0.2241,429.08,141.94,3.023,116,-2268.6,0.0349,10.7231,,,,,
1,1.2,0.35,20,6,6,0.5,0.116,0.863,18.4,-0.055,-4.17,0.924,0.1773,285.15,66.51,4.288,220,-1532.6,0.0474,10.7151,,,,,
2,1.5,0.35,12,4,10,0.5,0.114,0.874,17.4,-0.062,-10.1,0.908,0.2818,353.68,152.85,2.314,110,-1726.8,0.0363,10.7106,,,,,
1,1.2,0.65,20,8,4,1.0,0.115,0.884,13.5,-0.082,-8.05,0.861,0.2017,247.57,72.63,3.409,238,-2582.8,0.0397,10.7093,,,,,
2,1.2,0.5,16,10,6,0.15,0.113,0.886,11.7,-0.089,-15.83,0.859,0.2468,391.75,149.35,2.623,154,-3295.2,0.0323,10.6563,,,,,
2,1.2,0.65,12,4,6,0.15,0.113,0.869,17.6,-0.019,-3.95,0.965,0.3354,325.05,169.95,1.913,164,-1565.4,0.0353,10.6477,,,,,
1,1.2,0.65,8,6,4,1.0,0.112,0.865,18.1,-0.031,-3.57,0.935,0.4408,117.13,98.72,1.186,245,-1561.0,0.0325,10.6188,,,,,
2,1.5,0.65,16,10,6,0.5,0.113,0.883,15.1,-0.073,-15.07,0.874,0.256,409.12,161.02,2.541,125,-2583.2,0.0361,10.5902,,,,,
2,1.2,0.35,12,4,6,1.0,0.112,0.888,8.6,-0.093,-14.98,0.862,0.2636,356.52,147.99,2.409,220,-4528.6,0.0306,10.5881,,,,,
2,1.5,0.8,16,8,4,1.0,0.111,0.889,12.6,-0.092,-18.97,0.833,0.237,399.66,149.03,2.682,135,-3316.8,0.0257,10.5859,,,,,
2,1.2,0.35,16,4,6,1.0,0.112,0.888,8.2,-0.096,-15.17,0.862,0.2283,413.57,142.01,2.912,219,-4548.0,0.0312,10.5763,,,,,
1,1.5,0.65,20,10,8,0.3,0.108,0.717,25.6,-0.026,-2.83,0.957,0.2453,256.73,87.19,2.945,106,-596.8,0.0376,10.5728,,,,,
1,1.5,0.65,20,4,4,0.5,0.109,0.703,27.1,-0.014,-1.27,0.977,0.1719,319.32,67.81,4.709,128,-520.9,0.0447,10.5695,,,,,
1,1.5,0.8,16,4,6,0.5,0.106,0.662,25.6,0.0,0.0,1.0,0.2778,219.64,84.48,2.6,126,-352.8,0.038,10.5362,,,,,
2,1.5,0.35,20,6,10,0.3,0.112,0.874,19.8,-0.088,-13.46,0.883,0.1633,623.79,137.8,4.527,98,-1868.2,0.0357,10.5282,,,,,
2,1.2,0.5,16,8,8,0.5,0.111,0.889,10.0,-0.054,-11.13,0.911,0.2936,390.5,178.05,2.193,218,-3642.4,0.0295,10.5103,,,,,
2,1.2,0.35,16,8,10,1.0,0.11,0.89,8.1,-0.092,-14.95,0.869,0.2454,403.68,151.07,2.672,216,-4434.2,0.0247,10.505,,,,,
2,1.5,0.8,16,6,4,0.15,0.114,0.862,18.8,-0.09,-17.18,0.838,0.2133,417.89,135.17,3.092,75,-1708.8,0.0488,10.4966,,,,,
2,1.2,0.5,20,10,6,0.15,0.111,0.888,11.3,-0.108,-19.17,0.833,0.2078,459.74,144.78,3.175,154,-3808.6,0.0308,10.4864,,,,,
1,1.2,0.5,20,10,4,0.5,0.114,0.88,14.4,-0.067,-6.01,0.894,0.193,263.2,70.38,3.74,228,-2007.8,0.0472,10.4731,,,,,
1,1.5,0.35,20,8,4,0.3,0.105,0.649,23.7,-0.025,-1.77,0.965,0.1415,348.33,59.48,5.857,106,-484.3,0.0384,10.4695,,,,,
2,1.5,0.5,16,6,4,0.5,0.11,0.89,10.0,-0.132,-23.64,0.789,0.208,425.78,141.67,3.005,125,-3654.8,0.027,10.4593,,,,,
1,1.2,0.5,16,10,8,1.0,0.113,0.868,19.0,-0.037,-3.75,0.94,0.2913,202.99,88.73,2.288,230,-1506.5,0.045,10.4568,,,,,
1,1.5,0.65,20,8,6,0.5,0.107,0.693,25.3,-0.02,-2.02,0.966,0.2016,287.5,75.13,3.827,124,-597.2,0.0429,10.4426,,,,,
1,1.5,0.35,20,8,6,0.3,0.104,0.644,24.0,-0.023,-1.67,0.968,0.1524,335.16,62.22,5.387,105,-469.0,0.0358,10.44,,,,,
2,1.2,0.65,16,8,6,0.15,0.109,0.889,14.9,-0.048,-9.37,0.915,0.2892,348.33,154.87,2.249,166,-2484.8,0.0251,10.4034,,,,,
1,1.5,0.5,16,8,10,0.5,0.097,0.414,31.2,0.028,2.88,1.047,0.3162,205.07,90.62,2.263,117,9.9,0.0386,10.3942,,,,,
1,1.2,0.5,12,10,8,0.15,0.106,0.703,26.2,-0.009,-0.86,0.985,0.3438,164.09,87.26,1.88,160,-585.5,0.039,10.3938,,,,,
2,1.5,0.35,20,8,10,0.5,0.11,0.889,12.9,-0.121,-18.67,0.839,0.1574,616.68,137.36,4.489,108,-2621.2,0.0308,10.3866,,,,,
2,1.5,0.35,20,8,10,1.0,0.11,0.887,13.3,-0.109,-16.96,0.853,0.1681,585.98,138.83,4.221,113,-2549.2,0.0314,10.3808,,,,,
1,1.5,0.65,20,6,4,1.0,0.109,0.798,23.1,-0.05,-4.73,0.918,0.1654,319.13,68.92,4.631,133,-1001.5,0.04,10.3798,,,,,
2,1.5,0.35,20,6,10,1.0,0.11,0.887,13.7,-0.106,-16.52,0.857,0.1681,588.61,138.83,4.24,113,-2499.2,0.0324,10.3602,,,,,
1,1.5,0.8,12,10,10,1.0,0.102,0.531,30.5,0.009,1.22,1.018,0.4472,152.95,121.51,1.259,123,-194.4,0.0474,10.3532,,,,,
2,1.2,0.5,16,6,6,1.0,0.109,0.891,8.7,-0.092,-18.08,0.85,0.2711,377.56,165.24,2.285,225,-5328.6,0.0288,10.3236,,,,,
2,1.5,0.35,20,8,8,0.5,0.109,0.891,12.8,-0.128,-19.52,0.829,0.1532,616.68,134.57,4.582,111,-2788.0,0.0295,10.3092,,,,,
2,1.5,0.5,16,4,4,0.3,0.109,0.89,13.5,-0.119,-21.47,0.815,0.1982,475.78,144.38,3.295,111,-3004.4,0.0301,10.3016,,,,,
2,1.5,0.5,20,10,8,0.3,0.109,0.889,14.9,-0.102,-19.84,0.848,0.2136,518.45,166.05,3.122,103,-2620.8,0.0304,10.2982,,,,,
2,1.2,0.8,20,6,4,1.0,0.109,0.891,7.9,-0.109,-22.25,0.812,0.1974,488.04,147.73,3.304,228,-6344.6,0.0303,10.293,,,,,
2,1.2,0.35,16,4,4,1.0,0.11,0.89,7.4,-0.106,-16.35,0.846,0.2136,419.22,134.68,3.113,220,-4828.6,0.0371,10.257,,,,,
1,1.2,0.5,16,8,8,1.0,0.111,0.868,20.7,-0.042,-4.26,0.932,0.2882,203.22,88.27,2.302,229,-1616.0,0.0463,10.237,,,,,
2,1.2,0.65,20,4,4,1.0,0.107,0.893,8.3,-0.105,-20.72,0.825,0.1842,530.04,145.08,3.653,228,-6000.6,0.0235,10.2302,,,,,
2,1.2,0.8,12,6,4,0.15,0.109,0.877,16.8,-0.025,-4.92,0.948,0.3235,277.99,140.22,1.983,170,-1782.2,0.0359,10.2242,,,,,
1,1.5,0.8,12,4,10,0.3,0.102,0.66,28.8,-0.011,-1.43,0.98,0.4095,170.06,120.36,1.413,105,-444.0,0.0351,10.2118,,,,,
1,1.2,0.8,20,6,4,0.15,0.101,0.622,30.0,0.004,0.37,1.007,0.2105,237.15,62.78,3.778,171,-416.3,0.0371,10.1899,,,,,
2,1.5,0.5,20,4,6,1.0,0.109,0.889,13.8,-0.084,-15.42,0.875,0.1707,634.67,149.26,4.252,123,-2585.8,0.0376,10.1544,,,,,
2,1.5,0.5,12,4,6,1.0,0.107,0.891,12.3,-0.09,-17.56,0.851,0.281,358.1,164.37,2.179,121,-2802.2,0.0279,10.148,,,,,
2,1.2,0.5,12,10,6,0.5,0.108,0.892,8.6,-0.098,-19.93,0.833,0.3178,314.02,175.47,1.79,214,-5458.4,0.0339,10.1221,,,,,
1,1.5,0.35,20,4,10,0.3,0.098,0.562,26.5,-0.002,-0.12,0.998,0.17,332.35,68.22,4.872,100,-292.5,0.0361,10.0972,,,,,
2,1.5,0.5,20,10,10,0.3,0.107,0.891,15.1,-0.107,-21.02,0.842,0.2157,518.45,169.38,3.061,102,-2715.2,0.0307,10.0921,,,,,
1,1.2,0.8,16,8,6,0.15,0.098,0.56,30.2,0.011,1.16,1.022,0.3081,176.65,77.0,2.294,172,-281.6,0.0388,10.0507,,,,,
2,1.5,0.8,20,10,6,0.5,0.106,0.89,14.4,-0.09,-19.22,0.849,0.2049,526.22,159.79,3.293,122,-3027.6,0.0307,9.9982,,,,,
1,1.2,0.35,20,10,4,0.3,0.107,0.857,19.2,-0.06,-4.26,0.915,0.1691,269.8,60.03,4.495,207,-1461.5,0.0405,9.9976,,,,,
2,1.5,0.8,20,10,8,1.0,0.106,0.894,14.0,-0.084,-19.91,0.863,0.2437,514.85,192.22,2.678,119,-3035.8,0.0302,9.9963,,,,,
2,1.2,0.5,16,10,6,0.5,0.106,0.894,8.3,-0.101,-19.93,0.835,0.271,372.47,165.83,2.246,214,-5458.4,0.0302,9.9957,,,,,
1,1.2,0.65,16,10,4,1.0,0.106,0.884,18.1,-0.041,-4.22,0.925,0.2798,186.58,78.36,2.381,243,-1705.4,0.032,9.9895,,,,,
2,1.5,0.5,16,6,10,0.15,0.105,0.817,21.8,-0.062,-11.63,0.905,0.2571,432.57,165.38,2.616,70,-1205.8,0.0375,9.9846,,,,,
1,1.2,0.5,12,8,8,0.5,0.109,0.859,22.0,-0.036,-3.79,0.938,0.3438,167.54,93.54,1.791,224,-1477.0,0.0513,9.9701,,,,,
2,1.5,0.8,20,10,10,0.3,0.106,0.894,13.6,-0.104,-24.21,0.831,0.2427,491.24,189.42,2.593,103,-3070.8,0.0316,9.9678,,,,,
2,1.5,0.65,12,4,10,0.15,0.104,0.795,25.0,-0.049,-11.23,0.914,0.3768,317.31,209.88,1.512,69,-1161.4,0.038,9.9426,,,,,
2,1.5,0.8,12,6,10,0.3,0.106,0.889,15.9,-0.065,-17.38,0.878,0.4095,304.66,240.73,1.266,105,-2412.6,0.034,9.9347,,,,,
2,1.5,0.35,16,6,10,0.15,0.104,0.827,21.2,-0.086,-12.34,0.881,0.2059,443.66,130.56,3.398,68,-1219.6,0.0352,9.904,,,,,
1,1.5,0.35,20,4,8,0.3,0.095,0.552,26.6,0.002,0.12,1.002,0.1667,332.35,66.32,5.011,102,-273.1,0.0335,9.8882,,,,,
1,1.2,0.35,12,10,6,0.3,0.104,0.798,24.7,-0.024,-1.91,0.962,0.2871,169.79,71.06,2.39,209,-985.2,0.0421,9.8522,,,,,
1,1.5,0.8,16,4,6,0.3,0.096,0.598,29.1,0.004,0.44,1.007,0.2743,220.97,82.93,2.665,113,-266.4,0.036,9.7977,,,,,
2,1.5,0.35,20,6,8,0.5,0.104,0.895,13.2,-0.131,-19.97,0.825,0.1532,613.74,134.57,4.561,111,-2838.0,0.0304,9.7954,,,,,
1,1.2,0.65,12,8,6,1.0,0.105,0.869,18.6,-0.039,-4.41,0.926,0.3613,152.47,93.17,1.636,238,-1716.2,0.0393,9.7914,,,,,
2,1.2,0.5,12,6,6,0.5,0.103,0.897,10.0,-0.062,-12.6,0.893,0.3318,315.46,175.51,1.797,220,-4003.6,0.0255,9.7892,,,,,
2,1.2,0.65,12,6,4,1.0,0.102,0.898,7.9,-0.088,-19.14,0.836,0.3147,309.18,169.88,1.82,232,-5739.4,0.0207,9.7862,,,,,
1,1.2,0.5,12,8,4,1.0,0.104,0.88,18.1,-0.055,-5.25,0.904,0.3109,158.96,79.34,2.003,238,-1916.2,0.0333,9.7812,,,,,
1,1.5,0.5,16,4,8,0.5,0.094,0.575,28.1,0.007,0.74,1.012,0.2797,229.17,87.94,2.606,118,-242.9,0.031,9.7729,,,,,
2,1.5,0.5,12,4,6,0.5,0.103,0.896,13.1,-0.102,-19.65,0.834,0.2735,360.17,162.65,2.214,117,-2954.8,0.0272,9.7596,,,,,
2,1.2,0.65,16,8,4,1.0,0.102,0.898,8.9,-0.09,-18.78,0.838,0.2632,368.81,157.2,2.346,228,-5558.8,0.0225,9.749,,,,,
1,1.5,0.35,20,4,6,0.3,0.095,0.587,23.9,-0.013,-0.95,0.982,0.1524,339.84,62.22,5.462,105,-394.0,0.0356,9.7415,,,,,
1,1.2,0.65,12,8,10,0.15,0.095,0.569,29.1,0.012,1.38,1.022,0.4233,151.81,109.04,1.392,163,-231.4,0.0387,9.7343,,,,,
2,1.5,0.5,20,8,4,0.3,0.103,0.895,14.1,-0.119,-21.05,0.823,0.156,625.35,140.49,4.451,109,-2904.4,0.029,9.7261,,,,,
2,1.5,0.35,20,6,10,0.5,0.103,0.896,13.2,-0.124,-19.13,0.835,0.1574,613.74,137.36,4.468,108,-2671.2,0.0289,9.7254,,,,,
2,1.2,0.35,12,4,4,1.0,0.103,0.897,8.1,-0.096,-15.14,0.856,0.2534,355.42,140.91,2.522,221,-4584.2,0.0313,9.6738,,,,,
1,1.2,0.5,16,4,8,0.15,0.096,0.604,30.3,0.005,0.47,1.008,0.2795,209.72,80.71,2.598,161,-375.8,0.0421,9.6581,,,,,
2,1.5,0.8,16,10,4,0.5,0.102,0.896,14.5,-0.091,-18.33,0.834,0.2385,386.03,144.95,2.663,130,-3111.2,0.0282,9.641,,,,,
1,1.2,0.5,12,6,8,1.0,0.103,0.823,23.1,-0.027,-2.8,0.955,0.3405,172.78,93.46,1.849,232,-1299.6,0.0448,9.6263,,,,,
2,1.5,0.35,16,10,8,1.0,0.102,0.897,13.9,-0.111,-17.63,0.841,0.2288,407.21,143.68,2.834,118,-2741.0,0.0289,9.6255,,,,,
1,1.2,0.65,16,6,4,1.0,0.103,0.878,18.7,-0.04,-4.1,0.927,0.2787,186.95,77.91,2.399,244,-1683.2,0.0376,9.6044,,,,,
2,1.2,0.5,20,6,4,0.5,0.103,0.897,8.5,-0.11,-19.73,0.829,0.1835,519.93,141.01,3.687,218,-5523.0,0.0349,9.6017,,,,,
2,1.5,0.8,12,10,6,0.5,0.102,0.893,17.0,-0.076,-17.08,0.859,0.3175,327.44,177.33,1.847,126,-2858.2,0.0325,9.5642,,,,,
2,1.5,0.35,20,10,4,0.3,0.101,0.892,17.3,-0.12,-17.01,0.836,0.1346,645.07,120.0,5.376,104,-2351.4,0.0279,9.5623,,,,,
2,1.5,0.8,20,10,8,0.3,0.102,0.898,13.3,-0.11,-25.66,0.821,0.2404,491.24,189.24,2.596,104,-3251.4,0.032,9.5592,,,,,
2,1.5,0.35,16,8,10,0.3,0.103,0.877,20.7,-0.08,-12.71,0.888,0.2222,451.9,145.45,3.107,99,-1812.6,0.0402,9.5564,,,,,
2,1.5,0.65,12,8,10,0.3,0.101,0.892,16.2,-0.069,-16.9,0.874,0.3905,301.23,220.7,1.365,105,-2362.6,0.0285,9.5503,,,,,
1,1.5,0.8,16,4,6,1.0,0.097,0.693,26.6,-0.01,-1.06,0.983,0.2769,219.1,85.37,2.566,130,-501.5,0.0396,9.5371,,,,,
2,1.2,0.35,20,8,6,0.5,0.102,0.898,8.1,-0.144,-21.75,0.802,0.1683,522.15,131.79,3.962,208,-5689.4,0.0335,9.5297,,,,,
1,1.5,0.5,16,10,10,0.5,0.092,0.52,29.6,0.011,1.18,1.019,0.3162,199.66,90.62,2.203,117,-190.1,0.0425,9.5136,,,,,
2,1.5,0.8,12,8,10,0.3,0.101,0.897,14.0,-0.085,-22.62,0.841,0.4095,291.87,240.73,1.212,105,-2962.6,0.0297,9.512,,,,,
2,1.2,0.5,12,8,4,1.0,0.1,0.9,8.6,-0.101,-19.56,0.824,0.2965,309.67,158.3,1.956,226,-5686.8,0.0246,9.5077,,,,,
1,1.5,0.5,16,10,10,1.0,0.091,0.51,30.6,0.013,1.33,1.022,0.3197,196.47,90.36,2.174,122,-179.1,0.0396,9.5041,,,,,
2,1.5,0.8,20,10,6,0.3,0.102,0.891,17.8,-0.095,-19.95,0.84,0.2091,500.24,157.47,3.177,110,-2810.4,0.0359,9.503,,,,,
2,1.5,0.5,12,4,10,0.3,0.101,0.884,16.7,-0.066,-13.89,0.892,0.3301,348.38,192.39,1.811,103,-2007.0,0.0322,9.501,,,,,
1,1.2,0.35,20,4,6,1.0,0.103,0.88,19.0,-0.061,-4.63,0.917,0.1718,296.15,67.02,4.419,227,-1685.6,0.0456,9.4389,,,,,
2,1.2,0.35,20,6,6,1.0,0.1,0.9,7.5,-0.143,-21.59,0.806,0.1596,561.78,132.4,4.243,213,-5792.4,0.0283,9.4337,,,,,
1,1.2,0.5,20,8,4,1.0,0.102,0.896,13.2,-0.095,-8.55,0.851,0.1888,258.15,70.63,3.655,233,-2643.8,0.0388,9.4291,,,,,
1,1.2,0.35,20,10,10,1.0,0.102,0.879,17.3,-0.062,-4.9,0.915,0.19,278.7,71.44,3.901,221,-1700.7,0.0414,9.4288,,,,,
2,1.2,0.35,12,10,10,1.0,0.1,0.9,7.9,-0.101,-16.99,0.849,0.2958,321.92,159.33,2.02,213,-4800.6,0.0291,9.4178,,,,,
2,1.5,0.5,16,6,4,0.3,0.099,0.9,12.6,-0.138,-24.85,0.785,0.1982,458.74,144.38,3.177,111,-3379.4,0.0254,9.3954,,,,,
1,1.2,0.35,20,8,10,0.15,0.093,0.689,26.6,-0.013,-0.96,0.981,0.1987,255.65,64.6,3.957,156,-586.8,0.0283,9.3885,,,,,
2,1.5,0.65,20,10,6,0.5,0.1,0.892,14.7,-0.091,-18.19,0.851,0.1967,526.27,151.53,3.473,122,-2902.6,0.0318,9.3876,,,,,
2,1.5,0.35,20,10,6,0.3,0.099,0.894,17.8,-0.12,-17.42,0.838,0.1456,617.07,125.57,4.914,103,-2370.8,0.0268,9.3841,,,,,
1,1.2,0.65,16,8,4,1.0,0.101,0.888,17.6,-0.053,-5.42,0.904,0.2727,187.88,77.91,2.411,242,-1989.9,0.038,9.3732,,,,,
1,1.2,0.5,16,6,8,0.15,0.092,0.63,28.0,0.001,0.08,1.001,0.2795,208.33,80.71,2.581,161,-438.3,0.0335,9.3633,,,,,
2,1.5,0.65,16,8,4,0.5,0.099,0.899,13.5,-0.1,-19.46,0.827,0.2171,428.19,143.56,2.983,129,-3233.2,0.0278,9.3507,,,,,
1,1.5,0.8,20,8,6,1.0,0.097,0.766,23.5,-0.035,-3.68,0.941,0.2171,272.32,80.2,3.396,129,-836.2,0.0381,9.3492,,,,,
1,1.5,0.8,20,4,4,1.0,0.098,0.786,24.4,-0.036,-3.54,0.939,0.1791,303.12,70.45,4.302,134,-850.2,0.0404,9.3397,,,,,
2,1.5,0.5,20,10,8,0.5,0.1,0.897,13.6,-0.094,-18.43,0.86,0.2087,540.86,165.93,3.259,115,-2763.4,0.0343,9.3234,,,,,
2,1.2,0.35,12,10,6,0.5,0.098,0.902,7.5,-0.127,-20.4,0.811,0.2644,330.57,146.57,2.255,208,-5402.8,0.0247,9.3056,,,,,
1,1.5,0.5,20,10,8,0.3,0.095,0.734,24.0,-0.047,-4.52,0.929,0.219,272.28,82.16,3.314,105,-769.0,0.036,9.2921,,,,,
1,1.2,0.65,8,4,6,0.15,0.089,0.554,28.2,0.006,0.66,1.012,0.4471,125.66,100.4,1.252,170,-363.5,0.0343,9.2852,,,,,
1,1.2,0.65,20,10,4,1.0,0.1,0.898,14.9,-0.082,-8.03,0.863,0.1967,256.5,72.79,3.524,239,-2588.6,0.0363,9.2803,,,,,
2,1.2,0.35,12,8,10,1.0,0.097,0.903,8.0,-0.097,-16.19,0.856,0.2936,326.87,158.77,2.059,218,-4745.4,0.0217,9.2652,,,,,
1,1.5,0.65,20,8,4,0.3,0.096,0.762,24.4,-0.05,-4.67,0.918,0.1739,301.25,69.08,4.361,115,-859.5,0.0381,9.2641,,,,,
1,1.5,0.65,20,8,6,1.0,0.095,0.728,24.8,-0.031,-3.12,0.948,0.2031,282.21,75.86,3.72,128,-758.4,0.0385,9.2605,,,,,
2,1.5,0.5,20,4,4,0.5,0.098,0.901,11.9,-0.119,-21.08,0.822,0.1475,659.89,138.94,4.749,122,-3255.2,0.0273,9.2569,,,,,
2,1.2,0.65,12,8,6,1.0,0.097,0.903,8.9,-0.068,-15.24,0.872,0.3524,295.8,184.52,1.603,227,-4731.6,0.0222,9.2555,,,,,
2,1.5,0.5,12,4,8,0.3,0.098,0.894,17.2,-0.075,-15.47,0.877,0.3143,351.53,183.68,1.914,105,-2212.6,0.0288,9.2489,,,,,
2,1.2,0.35,20,4,4,1.0,0.099,0.901,6.8,-0.148,-21.91,0.797,0.1542,556.42,127.35,4.369,214,-5886.4,0.0327,9.2455,,,,,
1,1.2,0.5,16,8,4,1.0,0.098,0.878,16.1,-0.055,-5.12,0.908,0.2574,195.5,74.64,2.619,237,-1875.9,0.0314,9.2441,,,,,
1,1.5,0.5,20,4,6,0.3,0.09,0.624,26.4,-0.014,-1.26,0.979,0.1835,323.75,74.3,4.357,109,-442.7,0.0316,9.225,,,,,
1,1.5,0.35,20,4,4,0.3,0.09,0.617,26.1,-0.022,-1.53,0.97,0.1415,350.0,59.48,5.885,106,-459.3,0.0331,9.2162,,,,,
2,1.5,0.5,16,8,6,0.5,0.097,0.902,12.8,-0.097,-18.33,0.847,0.2295,441.58,155.32,2.843,122,-2919.0,0.0247,9.2093,,,,,
2,1.5,0.65,16,6,4,0.15,0.1,0.895,16.4,-0.169,-30.93,0.727,0.1892,434.73,139.58,3.114,74,-2703.2,0.0404,9.2069,,,,,
2,1.5,0.65,20,4,10,0.15,0.096,0.803,25.0,-0.049,-9.78,0.922,0.2174,533.33,160.65,3.32,69,-1061.4,0.0356,9.1918,,,,,
2,1.2,0.35,12,8,8,0.5,0.097,0.902,9.4,-0.074,-12.17,0.888,0.285,337.21,151.47,2.226,214,-3798.0,0.0257,9.1889,,,,,
1,1.5,0.8,20,10,8,1.0,0.096,0.795,25.6,-0.042,-4.96,0.931,0.2479,268.75,95.19,2.823,121,-938.8,0.037,9.1877,,,,,
1,1.5,0.65,12,4,8,1.0,0.091,0.636,29.4,-0.009,-1.13,0.983,0.3689,177.78,105.68,1.682,122,-479.1,0.0366,9.1869,,,,,
1,1.5,0.65,12,8,10,0.5,0.083,0.377,31.7,0.026,3.28,1.051,0.4322,155.15,112.31,1.381,118,57.1,0.0368,9.1844,,,,,
2,1.2,0.5,20,10,4,1.0,0.097,0.903,7.5,-0.153,-27.6,0.763,0.1765,503.87,141.48,3.561,221,-7330.8,0.0259,9.181,,,,,
2,1.2,0.5,12,10,6,0.15,0.098,0.902,11.8,-0.091,-17.13,0.845,0.3182,294.11,162.38,1.811,154,-3495.2,0.0314,9.171,,,,,
1,1.5,0.5,12,6,10,1.0,0.085,0.453,32.3,0.02,2.15,1.035,0.3852,163.03,98.67,1.652,122,-79.1,0.0359,9.1674,,,,,
2,1.5,0.8,12,8,6,0.5,0.097,0.901,15.6,-0.09,-20.26,0.833,0.3175,317.44,177.33,1.79,126,-3258.2,0.0272,9.161,,,,,
1,1.2,0.35,20,8,8,0.15,0.09,0.634,26.2,-0.002,-0.16,0.997,0.195,254.44,61.82,4.116,159,-470.2,0.0336,9.1557,,,,,
1,1.5,0.8,12,4,8,1.0,0.093,0.675,30.2,-0.013,-1.74,0.975,0.3852,176.06,113.17,1.556,122,-554.1,0.0422,9.1521,,,,,
1,1.5,0.5,16,4,8,1.0,0.088,0.594,27.7,0.003,0.31,1.005,0.2787,228.31,87.78,2.601,122,-304.1,0.0305,9.1449,,,,,
2,1.5,0.35,20,8,8,1.0,0.097,0.903,13.3,-0.136,-21.01,0.817,0.1565,599.09,136.08,4.402,115,-3060.4,0.0279,9.1415,,,,,
2,1.5,0.8,12,8,6,1.0,0.097,0.902,15.5,-0.093,-21.17,0.827,0.3231,313.03,180.68,1.733,130,-3480.6,0.0285,9.1322,,,,,
2,1.5,0.5,16,6,8,0.15,0.097,0.853,20.4,-0.086,-15.91,0.869,0.2429,435.95,160.85,2.71,70,-1505.8,0.0362,9.1267,,,,,
2,1.5,0.35,16,4,8,0.3,0.097,0.88,20.0,-0.077,-11.96,0.892,0.2178,451.9,141.14,3.202,101,-1773.8,0.0323,9.1233,,,,,
2,1.2,0.35,20,6,4,0.5,0.098,0.902,7.6,-0.149,-21.89,0.794,0.1531,550.79,125.42,4.391,209,-5745.0,0.0348,9.1049,,,,,
2,1.5,0.35,16,8,8,0.3,0.097,0.875,20.2,-0.077,-11.96,0.892,0.2178,451.9,141.14,3.202,101,-1773.8,0.0343,9.0989,,,,,
1,1.5,0.8,12,4,8,0.5,0.092,0.668,29.0,-0.014,-1.8,0.974,0.3814,176.67,111.82,1.58,118,-542.9,0.0417,9.0853,,,,,
2,1.2,0.5,20,8,8,1.0,0.096,0.904,8.1,-0.106,-20.78,0.841,0.211,520.54,165.55,3.144,218,-5745.0,0.0257,9.0853,,,,,
2,1.2,0.35,16,8,8,1.0,0.096,0.904,9.1,-0.087,-13.9,0.874,0.2431,397.07,145.91,2.721,218,-4245.4,0.0262,9.0756,,,,,
1,1.2,0.35,20,10,8,1.0,0.099,0.883,17.2,-0.061,-4.74,0.916,0.1839,280.93,69.09,4.066,223,-1681.3,0.0445,9.0648,,,,,
2,1.5,0.65,16,10,6,1.0,0.097,0.901,15.7,-0.083,-17.31,0.857,0.2558,404.3,162.24,2.492,129,-2955.6,0.0321,9.0639,,,,,
1,1.2,0.5,16,6,4,1.0,0.097,0.874,18.7,-0.046,-4.29,0.922,0.2636,192.26,74.64,2.576,239,-1694.2,0.0363,9.0616,,,,,
1,1.5,0.35,20,8,10,1.0,0.092,0.738,22.4,-0.05,-3.88,0.932,0.1724,309.38,69.14,4.475,116,-774.8,0.034,9.0298,,,,,
1,1.5,0.8,16,4,10,0.15,0.075,0.22,34.0,0.049,5.8,1.086,0.3333,219.02,100.82,2.173,69,206.8,0.0312,8.9905,,,,,
1,1.5,0.5,16,4,8,0.3,0.085,0.568,29.6,0.001,0.12,1.002,0.2762,230.17,87.66,2.626,105,-281.5,0.0283,8.9744,,,,,
1,1.5,0.5,20,10,8,0.5,0.092,0.747,23.8,-0.042,-4.06,0.937,0.2137,283.5,82.2,3.449,117,-802.6,0.0365,8.9527,,,,,
2,1.2,0.5,20,8,4,0.5,0.097,0.903,7.5,-0.137,-24.56,0.786,0.1814,496.66,140.05,3.546,215,-6483.8,0.0375,8.9495,,,,,
2,1.5,0.5,16,6,6,1.0,0.096,0.904,11.2,-0.113,-21.32,0.822,0.2302,428.08,155.67,2.75,126,-3391.4,0.0326,8.9483,,,,,
2,1.5,0.8,20,10,6,1.0,0.095,0.9,13.0,-0.103,-21.98,0.829,0.2063,515.6,161.75,3.188,126,-3475.0,0.0284,8.9461,,,,,
1,1.5,0.8,20,10,6,0.3,0.092,0.735,23.7,-0.044,-4.58,0.925,0.2143,264.58,77.98,3.393,112,-826.1,0.0387,8.9459,,,,,
2,1.5,0.35,16,4,10,0.3,0.095,0.879,19.1,-0.08,-12.71,0.888,0.2222,451.9,145.45,3.107,99,-1812.6,0.0318,8.9429,,,,,
2,1.5,0.35,16,6,8,0.15,0.094,0.868,22.2,-0.119,-16.75,0.837,0.1912,448.94,126.82,3.54,68,-1519.6,0.0313,8.888,,,,,
2,1.2,0.5,8,6,6,0.5,0.094,0.906,9.6,-0.063,-13.85,0.881,0.4273,240.73,203.77,1.181,220,-4278.6,0.0256,8.8874,,,,,
1,1.5,0.5,20,10,10,0.3,0.091,0.747,23.8,-0.052,-5.05,0.923,0.2212,272.28,83.8,3.249,104,-816.2,0.035,8.8861,,,,,
1,1.5,0.65,16,6,10,0.3,0.083,0.546,29.7,0.005,0.6,1.009,0.3333,205.71,101.96,2.018,105,-231.5,0.0267,8.8781,,,,,
1,1.2,0.35,20,4,4,0.5,0.095,0.884,19.2,-0.066,-4.88,0.908,0.1659,290.88,63.71,4.566,223,-1711.9,0.037,8.8234,,,,,
2,1.5,0.5,12,4,4,1.0,0.093,0.907,12.5,-0.119,-21.97,0.806,0.25,365.34,151.08,2.418,124,-3419.0,0.0248,8.8039,,,,,
2,1.5,0.35,16,4,6,0.5,0.094,0.902,13.1,-0.124,-18.64,0.825,0.2,438.3,132.88,3.298,115,-2788.0,0.0305,8.8024,,,,,
2,1.5,0.5,20,10,8,1.0,0.095,0.904,13.5,-0.102,-19.91,0.848,0.2101,529.22,165.96,3.189,119,-3035.8,0.0354,8.7957,,,,,
2,1.5,0.65,16,6,4,1.0,0.093,0.907,11.4,-0.135,-26.57,0.769,0.2164,408.25,146.67,2.784,134,-4311.2,0.0258,8.7835,,,,,
1,1.5,0.35,20,8,10,0.5,0.089,0.749,23.0,-0.058,-4.5,0.921,0.1622,325.69,68.41,4.761,111,-810.8,0.0319,8.7473,,,,,
1,1.2,0.35,8,6,6,0.3,0.088,0.72,26.3,-0.011,-0.89,0.982,0.3507,140.2,77.1,1.818,211,-778.3,0.0322,8.7314,,,,,
1,1.5,0.8,16,6,10,0.3,0.084,0.612,30.2,-0.005,-0.6,0.992,0.3524,202.03,110.85,1.823,105,-356.5,0.0296,8.7201,,,,,
1,1.2,0.65,12,6,4,1.0,0.093,0.896,17.0,-0.053,-5.61,0.9,0.3265,155.47,83.71,1.857,245,-2061.0,0.0311,8.7111,,,,,
1,1.5,0.65,20,10,6,0.5,0.09,0.751,24.3,-0.043,-4.23,0.929,0.2016,276.5,75.13,3.68,124,-872.2,0.0388,8.702,,,,,
2,1.5,0.5,16,8,6,0.3,0.094,0.895,17.6,-0.09,-16.82,0.86,0.2294,450.67,155.95,2.89,109,-2443.6,0.0367,8.6994,,,,,
2,1.5,0.35,20,6,8,1.0,0.092,0.907,13.5,-0.136,-21.01,0.817,0.1565,599.09,136.08,4.402,115,-3060.4,0.0258,8.688,,,,,
2,1.5,0.8,16,10,6,0.3,0.094,0.901,18.4,-0.093,-19.98,0.834,0.2743,365.86,165.85,2.206,113,-2891.0,0.0366,8.6826,,,,,
2,1.2,0.35,20,4,4,0.15,0.092,0.907,13.6,-0.1,-13.21,0.858,0.1603,498.58,110.88,4.497,156,-2934.0,0.0263,8.6775,,,,,
2,1.5,0.65,16,10,4,0.5,0.092,0.906,14.2,-0.109,-21.19,0.812,0.2171,420.24,143.56,2.927,129,-3455.6,0.0269,8.6686,,,,,
2,1.5,0.5,12,6,8,1.0,0.093,0.903,15.9,-0.075,-15.8,0.874,0.3279,334.31,186.59,1.792,122,-2610.8,0.0328,8.6553,,,,,
1,1.2,0.35,16,4,8,0.5,0.089,0.736,28.0,-0.006,-0.51,0.991,0.2568,210.31,73.33,2.868,222,-734.1,0.0392,8.6402,,,,,
2,1.5,0.8,12,6,6,1.0,0.091,0.908,14.6,-0.091,-20.79,0.83,0.3231,314.22,180.68,1.739,130,-3430.6,0.0232,8.6384,,,,,
2,1.2,0.5,20,10,6,1.0,0.091,0.909,6.3,-0.157,-29.64,0.761,0.1935,487.32,153.71,3.17,217,-7641.6,0.0243,8.6131,,,,,
1,1.2,0.35,16,10,6,0.3,0.09,0.809,23.4,-0.031,-2.39,0.953,0.2488,195.91,68.07,2.878,209,-1085.2,0.0349,8.6056,,,,,
1,1.5,0.65,12,4,8,0.5,0.085,0.636,28.9,-0.012,-1.48,0.978,0.3644,178.49,104.67,1.705,118,-505.4,0.0369,8.5985,,,,,
1,1.5,0.8,12,8,10,1.0,0.081,0.52,30.3,0.009,1.22,1.018,0.4553,150.22,123.32,1.218,123,-194.4,0.0357,8.5823,,,,,
2,1.5,0.5,20,4,4,1.0,0.091,0.907,11.7,-0.119,-21.21,0.821,0.1508,646.21,139.72,4.625,126,-3377.6,0.0264,8.5774,,,,,
2,1.2,0.5,16,8,8,1.0,0.091,0.909,10.0,-0.081,-16.53,0.87,0.2857,387.76,178.24,2.175,224,-4951.0,0.0269,8.5621,,,,,
1,1.5,0.5,20,8,6,0.3,0.087,0.722,23.9,-0.041,-3.78,0.938,0.1835,310.0,74.3,4.172,109,-717.7,0.0376,8.5219,,,,,
1,1.5,0.35,20,4,10,1.0,0.084,0.656,26.7,-0.031,-2.37,0.959,0.1724,318.12,69.14,4.601,116,-599.8,0.0332,8.5166,,,,,
2,1.5,0.65,12,8,8,0.3,0.09,0.901,16.2,-0.076,-17.92,0.864,0.3585,316.46,204.78,1.545,106,-2493.2,0.0255,8.5161,,,,,
2,1.5,0.65,8,4,4,1.0,0.091,0.907,15.8,-0.073,-16.13,0.856,0.3852,248.03,181.63,1.366,135,-2933.6,0.0301,8.5033,,,,,
2,1.5,0.8,12,8,8,0.3,0.09,0.908,14.4,-0.097,-24.52,0.823,0.3679,310.27,219.4,1.414,106,-3193.2,0.0254,8.4987,,,,,
2,1.2,0.65,20,8,4,0.15,0.09,0.909,14.3,-0.082,-14.2,0.858,0.2,427.87,124.72,3.431,165,-3267.6,0.0255,8.4921,,,,,
2,1.2,0.5,16,10,6,1.0,0.09,0.91,7.4,-0.127,-25.18,0.795,0.2636,369.46,166.48,2.219,220,-6767.0,0.026,8.4791,,,,,
2,1.5,0.35,20,10,10,0.5,0.09,0.91,12.4,-0.16,-24.69,0.787,0.1574,578.45,137.36,4.211,108,-3271.2,0.027,8.4606,,,,,
2,1.5,0.65,8,4,4,0.5,0.09,0.906,16.7,-0.064,-14.06,0.871,0.3846,247.45,177.5,1.394,130,-2555.6,0.0279,8.4546,,,,,
2,1.2,0.35,20,10,6,0.5,0.09,0.91,7.6,-0.16,-24.15,0.779,0.1739,490.3,132.46,3.702,207,-6152.8,0.0275,8.4492,,,,,
2,1.5,0.5,8,4,6,0.3,0.09,0.903,17.9,-0.077,-16.36,0.86,0.4,250.58,194.32,1.29,110,-2415.6,0.029,8.4416,,,,,
1,1.5,0.8,20,10,6,0.5,0.088,0.783,22.8,-0.045,-4.74,0.924,0.2097,275.96,79.21,3.484,124,-934.7,0.0392,8.4032,,,,,
1,1.2,0.5,20,10,6,0.5,0.092,0.903,13.8,-0.087,-8.16,0.865,0.2063,253.93,76.27,3.329,223,-2443.8,0.0415,8.3859,,,,,
2,1.2,0.35,16,10,6,0.5,0.089,0.911,7.0,-0.136,-21.36,0.804,0.226,386.84,140.53,2.753,208,-5602.8,0.0258,8.3844,,,,,
2,1.5,0.5,12,8,8,1.0,0.089,0.908,15.5,-0.091,-19.08,0.848,0.3279,324.31,186.59,1.738,122,-3010.8,0.0269,8.372,,,,,
2,1.5,0.65,12,6,8,0.3,0.089,0.898,17.3,-0.062,-14.62,0.889,0.3585,325.67,204.78,1.59,106,-2143.2,0.0327,8.2845,,,,,
2,1.5,0.65,20,10,6,1.0,0.088,0.906,15.5,-0.102,-20.39,0.834,0.1984,515.22,152.97,3.368,126,-3275.0,0.0271,8.2757,,,,,
2,1.2,0.5,12,10,6,1.0,0.089,0.911,7.5,-0.123,-25.18,0.793,0.3091,311.45,175.78,1.772,220,-6767.0,0.0314,8.273,,,,,
2,1.5,0.8,20,10,4,0.3,0.089,0.903,17.4,-0.103,-20.3,0.822,0.1858,505.03,140.22,3.602,113,-2927.2,0.033,8.2642,,,,,
2,1.5,0.5,20,10,6,0.3,0.088,0.912,13.9,-0.126,-23.07,0.813,0.1776,564.79,150.0,3.765,107,-3068.2,0.0272,8.2566,,,,,
2,1.5,0.5,12,4,4,0.5,0.087,0.913,12.2,-0.131,-24.16,0.786,0.2417,368.12,149.18,2.468,120,-3571.6,0.023,8.2399,,,,,
2,1.5,0.8,12,6,6,0.5,0.087,0.909,15.6,-0.092,-20.66,0.829,0.3175,316.19,177.33,1.783,126,-3308.2,0.0238,8.2368,,,,,
2,1.5,0.8,12,10,6,1.0,0.088,0.908,17.4,-0.083,-18.87,0.846,0.3231,320.18,180.68,1.772,130,-3180.6,0.0298,8.2166,,,,,
1,1.2,0.5,16,10,4,1.0,0.088,0.896,18.5,-0.062,-5.78,0.896,0.2605,191.94,75.43,2.545,238,-2041.4,0.0321,8.2057,,,,,
1,1.2,0.5,16,4,10,0.15,0.083,0.732,26.7,-0.027,-2.55,0.959,0.2803,211.08,85.73,2.462,157,-839.6,0.0338,8.1793,,,,,
1,1.5,0.8,20,8,4,0.5,0.085,0.791,22.2,-0.047,-4.55,0.919,0.186,277.08,68.93,4.02,129,-948.7,0.0349,8.1749,,,,,
1,1.5,0.65,20,10,6,0.3,0.085,0.766,23.7,-0.055,-5.47,0.909,0.2054,264.67,75.28,3.516,112,-926.1,0.0388,8.1707,,,,,
1,1.5,0.65,12,4,10,0.3,0.08,0.664,27.2,-0.019,-2.26,0.967,0.381,173.12,110.19,1.571,105,-531.5,0.0303,8.1625,,,,,
2,1.2,0.65,20,8,4,0.5,0.087,0.913,8.2,-0.121,-23.19,0.796,0.1881,481.58,140.11,3.437,218,-6275.6,0.0273,8.155,,,,,
2,1.5,0.8,12,6,8,0.3,0.087,0.907,15.3,-0.082,-20.75,0.85,0.3679,320.52,219.4,1.461,106,-2793.2,0.0286,8.1459,,,,,
2,1.5,0.5,16,8,6,1.0,0.086,0.914,12.4,-0.102,-19.33,0.839,0.2302,436.7,155.67,2.805,126,-3141.4,0.0228,8.1443,,,,,
2,1.5,0.35,16,10,6,0.5,0.086,0.912,12.4,-0.134,-20.56,0.808,0.2051,421.66,134.68,3.131,117,-3060.4,0.0231,8.1437,,,,,
1,1.5,0.5,20,8,4,0.3,0.086,0.783,24.0,-0.072,-6.31,0.892,0.1622,320.83,69.62,4.608,111,-1010.8,0.0428,8.1365,,,,,
1,1.2,0.5,20,10,4,1.0,0.09,0.906,13.5,-0.1,-9.0,0.844,0.1838,265.25,70.75,3.749,234,-2762.1,0.0455,8.1028,,,,,
2,1.5,0.5,12,8,8,0.5,0.086,0.911,15.6,-0.094,-19.51,0.845,0.322,329.54,185.31,1.778,118,-2963.4,0.0256,8.0977,,,,,
2,1.5,0.5,16,8,4,0.5,0.085,0.915,11.2,-0.137,-24.69,0.785,0.2,450.57,143.5,3.14,125,-3785.8,0.0203,8.0946,,,,,
2,1.5,0.35,20,8,4,0.5,0.086,0.914,12.0,-0.158,-23.17,0.786,0.1316,647.24,124.75,5.188,114,-3279.8,0.0257,8.0865,,,,,
2,1.2,0.5,20,6,6,1.0,0.085,0.915,7.3,-0.138,-26.15,0.79,0.1872,526.77,153.51,3.431,219,-6953.6,0.0211,8.0777,,,,,
2,1.2,0.8,20,8,4,1.0,0.085,0.915,7.2,-0.139,-28.39,0.761,0.1956,461.31,147.43,3.129,225,-7641.6,0.0227,8.0454,,,,,
2,1.5,0.35,20,6,4,0.5,0.085,0.915,11.9,-0.156,-22.95,0.788,0.1316,648.91,124.75,5.202,114,-3254.8,0.0256,7.9888,,,,,
2,1.5,0.35,20,8,6,0.5,0.085,0.915,12.6,-0.156,-23.17,0.791,0.1404,623.97,128.83,4.844,114,-3279.8,0.0257,7.9862,,,,,
1,1.2,0.5,20,4,6,0.15,0.082,0.736,27.0,-0.025,-2.13,0.962,0.2073,259.93,70.67,3.678,164,-809.2,0.0387,7.972,,,,,
1,1.2,0.5,20,8,10,0.15,0.083,0.819,24.8,-0.051,-4.73,0.925,0.2244,258.21,80.79,3.196,156,-1174.3,0.0312,7.9699,,,,,
2,1.5,0.35,16,8,6,0.3,0.085,0.897,20.5,-0.097,-14.5,0.863,0.1923,473.34,130.65,3.623,104,-2090.6,0.03,7.954,,,,,
2,1.5,0.8,8,6,6,0.3,0.087,0.897,21.8,-0.054,-13.82,0.878,0.4825,206.36,219.07,0.942,114,-2213.4,0.0408,7.932,,,,,
1,1.2,0.35,20,6,6,1.0,0.087,0.907,16.9,-0.093,-7.07,0.873,0.1689,286.73,66.78,4.294,225,-2221.6,0.0401,7.9167,,,,,
2,1.2,0.5,20,8,6,0.15,0.084,0.916,12.6,-0.117,-20.3,0.82,0.205,450.6,141.71,3.18,161,-4170.2,0.0242,7.9154,,,,,
2,1.5,0.35,20,10,10,1.0,0.084,0.916,13.3,-0.152,-23.6,0.796,0.1681,546.51,138.83,3.937,113,-3299.2,0.025,7.9009,,,,,
2,1.5,0.35,20,6,4,1.0,0.084,0.916,12.3,-0.161,-23.87,0.782,0.1356,630.22,126.47,4.983,118,-3477.2,0.025,7.8993,,,,,
2,1.2,0.65,12,8,4,1.0,0.083,0.917,7.9,-0.118,-25.44,0.783,0.307,298.9,169.14,1.767,228,-7077.8,0.0205,7.8904,,,,,
2,1.5,0.35,20,8,4,1.0,0.084,0.916,12.6,-0.166,-24.5,0.776,0.1356,625.54,126.47,4.946,118,-3552.2,0.0262,7.8755,,,,,
1,1.5,0.65,20,10,6,1.0,0.083,0.789,25.1,-0.055,-5.47,0.91,0.2031,270.67,75.86,3.568,128,-1058.4,0.0409,7.8655,,,,,
2,1.2,0.65,20,10,4,1.0,0.082,0.918,7.1,-0.14,-27.6,0.767,0.1822,499.41,145.03,3.444,225,-7464.0,0.0171,7.8579,,,,,
1,1.5,0.5,20,6,6,1.0,0.082,0.807,22.1,-0.063,-5.73,0.906,0.176,314.02,74.03,4.242,125,-1066.6,0.034,7.853,,,,,
1,1.5,0.5,20,6,6,0.5,0.081,0.796,22.5,-0.058,-5.3,0.913,0.1736,320.64,73.75,4.348,121,-980.4,0.0311,7.8478,,,,,
1,1.2,0.35,8,6,4,0.3,0.078,0.73,25.4,-0.014,-1.12,0.977,0.3443,136.13,73.2,1.86,212,-831.1,0.0267,7.8418,,,,,
2,1.5,0.5,12,6,8,0.5,0.084,0.91,15.3,-0.081,-16.97,0.865,0.322,337.43,185.31,1.821,118,-2663.4,0.0293,7.8327,,,,,
1,1.5,0.35,20,10,10,0.3,0.078,0.699,25.6,-0.062,-4.75,0.916,0.17,305.15,68.22,4.473,100,-755.0,0.0325,7.8194,,,,,
1,1.5,0.65,16,6,8,0.5,0.072,0.553,32.2,0.005,0.53,1.008,0.322,207.57,97.81,2.122,118,-267.9,0.026,7.8049,,,,,
2,1.5,0.65,16,6,4,0.3,0.084,0.916,13.6,-0.139,-27.03,0.766,0.2087,423.62,145.88,2.904,115,-3752.2,0.03,7.8009,,,,,
1,1.5,0.65,20,4,4,1.0,0.082,0.789,24.9,-0.05,-4.7,0.918,0.1654,319.32,68.92,4.633,133,-997.4,0.0394,7.7989,,,,,
2,1.5,0.65,16,8,6,0.3,0.084,0.908,18.7,-0.085,-17.48,0.855,0.25,413.1,161.01,2.566,112,-2585.4,0.0317,7.7892,,,,,
1,1.5,0.65,20,8,4,0.5,0.08,0.77,23.6,-0.053,-4.98,0.911,0.1719,297.73,67.81,4.391,128,-995.9,0.0333,7.7832,,,,,
2,1.5,0.35,20,6,6,0.5,0.083,0.917,12.0,-0.151,-22.51,0.797,0.1404,628.66,128.83,4.88,114,-3204.8,0.0259,7.7813,,,,,
2,1.5,0.65,16,8,4,1.0,0.082,0.918,12.8,-0.123,-24.15,0.79,0.2164,419.46,146.67,2.86,134,-3986.2,0.0214,7.772,,,,,
2,1.2,0.5,12,4,4,0.15,0.084,0.913,17.0,-0.071,-12.25,0.878,0.2795,314.51,139.01,2.263,161,-2873.6,0.0326,7.7576,,,,,
2,1.5,0.35,20,10,8,0.5,0.082,0.917,12.3,-0.166,-25.37,0.777,0.1532,578.45,134.57,4.298,111,-3438.0,0.0227,7.7488,,,,,
1,1.2,0.65,12,8,4,1.0,0.083,0.908,14.9,-0.072,-7.72,0.864,0.321,153.05,83.71,1.828,243,-2555.2,0.0291,7.7444,,,,,
1,1.5,0.5,20,10,8,1.0,0.079,0.771,22.8,-0.051,-4.96,0.923,0.2149,277.4,82.24,3.373,121,-938.8,0.0309,7.7327,,,,,
1,1.2,0.5,12,10,6,0.5,0.084,0.903,16.5,-0.063,-6.32,0.892,0.3289,157.98,86.84,1.819,225,-2052.0,0.0359,7.7204,,,,,
2,1.2,0.35,12,8,8,1.0,0.082,0.917,8.4,-0.102,-16.69,0.848,0.2785,334.34,152.22,2.197,219,-4876.0,0.0254,7.696,,,,,
2,1.5,0.35,20,8,6,1.0,0.082,0.918,12.6,-0.163,-24.5,0.781,0.1441,604.92,130.45,4.637,118,-3552.2,0.0256,7.689,,,,,
2,1.5,0.8,16,10,4,1.0,0.081,0.918,13.8,-0.117,-24.13,0.788,0.237,377.87,149.03,2.536,135,-4014.2,0.0212,7.6794,,,,,
1,1.5,0.8,20,10,4,0.3,0.078,0.751,23.7,-0.05,-4.89,0.913,0.1913,268.18,69.49,3.859,115,-884.5,0.0329,7.6559,,,,,
2,1.5,0.65,20,10,4,0.5,0.081,0.916,14.3,-0.12,-22.57,0.802,0.1667,547.89,136.67,4.009,126,-3550.0,0.0234,7.6412,,,,,
1,1.2,0.8,12,8,6,0.15,0.073,0.584,31.0,-0.001,-0.07,0.999,0.3988,131.88,87.62,1.505,173,-496.9,0.0347,7.6344,,,,,
2,1.2,0.65,20,6,4,1.0,0.08,0.92,7.6,-0.13,-25.76,0.782,0.1842,502.66,145.08,3.465,228,-7150.6,0.0191,7.6175,,,,,
2,1.2,0.5,16,10,4,0.15,0.081,0.919,12.1,-0.114,-19.44,0.818,0.2258,386.05,137.71,2.803,155,-3875.8,0.0242,7.6153,,,,,
2,1.2,0.5,8,6,6,1.0,0.08,0.92,10.2,-0.083,-18.35,0.845,0.4248,235.19,205.58,1.144,226,-5412.2,0.0196,7.608,,,,,
1,1.5,0.8,12,8,10,0.5,0.07,0.524,29.8,0.005,0.64,1.009,0.4492,151.18,122.12,1.238,118,-255.4,0.0322,7.5741,,,,,
2,1.5,0.35,16,4,6,1.0,0.081,0.916,12.9,-0.127,-19.28,0.82,0.2017,436.71,134.47,3.248,119,-2960.4,0.0268,7.5726,,,,,
2,1.5,0.65,20,10,6,0.3,0.081,0.916,16.9,-0.11,-21.77,0.821,0.2,499.12,151.99,3.284,110,-3010.4,0.0269,7.5708,,,,,
1,1.2,0.5,20,8,6,1.0,0.082,0.917,12.6,-0.105,-9.89,0.838,0.2018,253.18,76.37,3.315,228,-2892.3,0.032,7.5628,,,,,
2,1.5,0.35,16,4,4,0.5,0.081,0.917,13.1,-0.15,-22.12,0.788,0.1826,449.1,127.39,3.525,115,-3188.0,0.0275,7.5554,,,,,
1,1.5,0.35,20,10,8,0.3,0.075,0.687,25.1,-0.059,-4.41,0.92,0.1667,305.15,66.32,4.601,102,-735.6,0.0329,7.5552,,,,,
1,1.5,0.8,20,10,10,0.3,0.077,0.793,24.5,-0.06,-6.9,0.902,0.2476,256.73,93.67,2.741,105,-1019.0,0.0269,7.5513,,,,,
2,1.5,0.8,16,8,10,0.15,0.081,0.876,22.2,-0.078,-18.48,0.863,0.3333,347.83,201.63,1.725,69,-1661.4,0.0345,7.5396,,,,,
1,1.2,0.35,16,4,10,0.5,0.079,0.809,25.8,-0.027,-2.17,0.962,0.2557,212.5,75.92,2.799,219,-1088.2,0.035,7.5354,,,,,
2,1.5,0.8,8,4,6,0.15,0.078,0.775,26.5,-0.029,-7.33,0.934,0.5067,205.26,225.68,0.91,75,-970.0,0.0354,7.5327,,,,,
2,1.5,0.8,12,6,10,0.15,0.078,0.815,25.3,-0.052,-13.41,0.898,0.4348,272.5,233.33,1.168,69,-1311.4,0.0295,7.5309,,,,,
2,1.5,0.35,16,10,4,0.5,0.079,0.92,11.9,-0.147,-22.05,0.79,0.188,440.67,129.21,3.411,117,-3235.4,0.0189,7.5251,,,,,
1,1.5,0.8,16,4,4,0.5,0.077,0.74,27.1,-0.022,-2.21,0.96,0.2385,222.18,72.47,3.066,130,-651.5,0.0366,7.5167,,,,,
2,1.2,0.35,8,6,6,0.5,0.08,0.92,8.5,-0.106,-17.8,0.833,0.3226,275.52,157.48,1.75,217,-5078.6,0.0242,7.5152,,,,,
1,1.2,0.65,8,4,4,0.15,0.071,0.605,28.4,-0.001,-0.07,0.999,0.4,125.92,84.07,1.498,170,-488.5,0.0286,7.4996,,,,,
1,1.2,0.35,12,4,10,0.5,0.076,0.761,26.2,-0.015,-1.3,0.977,0.3032,179.1,79.79,2.245,221,-906.3,0.0295,7.4993,,,,,
1,1.5,0.8,20,10,6,1.0,0.079,0.804,22.6,-0.059,-6.25,0.901,0.2109,270.37,80.2,3.371,128,-1158.4,0.0378,7.495,,,,,
2,1.5,0.5,16,4,6,0.15,0.08,0.888,20.4,-0.124,-22.03,0.818,0.1972,502.59,150.88,3.331,71,-1961.4,0.0308,7.4809,,,,,
1,1.5,0.5,20,4,4,0.3,0.076,0.738,25.1,-0.054,-4.73,0.919,0.1622,330.56,69.62,4.748,111,-835.8,0.0353,7.4518,,,,,
1,1.5,0.35,20,6,8,0.5,0.077,0.813,22.8,-0.089,-6.72,0.881,0.1491,334.32,66.49,5.028,114,-1085.8,0.0297,7.4354,,,,,
1,1.2,0.5,8,4,4,0.15,0.072,0.65,25.2,-0.012,-1.12,0.977,0.3772,127.38,78.97,1.613,167,-655.1,0.0305,7.4235,,,,,
2,1.5,0.5,16,8,4,1.0,0.078,0.922,11.1,-0.141,-25.47,0.779,0.2016,444.78,144.17,3.085,129,-4008.2,0.0198,7.4039,,,,,
1,1.2,0.8,12,10,10,0.15,0.07,0.587,29.6,0.003,0.39,1.006,0.4596,139.36,117.82,1.183,161,-388.3,0.0327,7.3745,,,,,
2,1.5,0.5,16,6,4,1.0,0.078,0.922,11.0,-0.158,-28.57,0.752,0.2016,429.39,144.17,2.978,129,-4408.2,0.0247,7.3067,,,,,
1,1.5,0.35,20,4,10,0.5,0.072,0.699,25.8,-0.05,-3.83,0.933,0.1622,329.86,68.41,4.822,111,-735.8,0.0291,7.3052,,,,,
2,1.2,0.35,12,10,6,1.0,0.077,0.923,7.1,-0.154,-24.85,0.773,0.2582,327.39,147.47,2.22,213,-6480.8,0.0204,7.2918,,,,,
2,1.5,0.65,12,10,8,0.3,0.077,0.919,16.0,-0.09,-20.99,0.84,0.3491,316.23,201.81,1.567,106,-2818.2,0.0217,7.2784,,,,,
2,1.2,0.35,8,6,4,0.5,0.078,0.922,7.8,-0.112,-18.3,0.822,0.3165,266.83,150.34,1.775,218,-5209.2,0.0261,7.2781,,,,,
2,1.5,0.35,20,6,6,1.0,0.077,0.923,12.8,-0.156,-23.44,0.79,0.1441,612.27,130.45,4.694,118,-3427.2,0.0214,7.2721,,,,,
1,1.5,0.35,20,10,4,0.3,0.073,0.724,25.1,-0.075,-5.31,0.896,0.1415,323.33,59.48,5.436,106,-859.3,0.032,7.2698,,,,,
2,1.5,0.8,12,10,10,0.3,0.077,0.922,13.8,-0.105,-27.62,0.806,0.4,286.32,236.9,1.209,105,-3487.6,0.0235,7.2334,,,,,
2,1.2,0.5,12,6,6,1.0,0.076,0.924,9.5,-0.088,-17.91,0.85,0.323,313.06,175.82,1.781,226,-5312.2,0.0194,7.2124,,,,,
2,1.5,0.5,20,10,4,0.3,0.076,0.923,13.5,-0.152,-27.01,0.772,0.156,587.12,140.49,4.179,109,-3554.4,0.0203,7.1977,,,,,
1,1.5,0.8,16,4,4,0.3,0.069,0.637,28.8,-0.016,-1.62,0.971,0.2414,222.32,72.87,3.051,116,-512.3,0.0298,7.1852,,,,,
2,1.5,0.5,8,4,4,0.3,0.077,0.921,15.4,-0.105,-20.98,0.816,0.3393,273.69,172.3,1.589,112,-2976.8,0.0263,7.1796,,,,,
2,1.5,0.8,20,10,4,0.5,0.077,0.922,13.8,-0.124,-24.36,0.788,0.1746,517.3,138.94,3.723,126,-3775.0,0.0262,7.179,,,,,
2,1.2,0.35,12,10,4,0.5,0.077,0.923,6.9,-0.164,-25.81,0.754,0.2488,317.91,139.65,2.276,209,-6558.4,0.0262,7.1757,,,,,
1,1.5,0.65,16,6,8,1.0,0.066,0.596,32.0,-0.004,-0.51,0.992,0.3197,206.73,97.89,2.112,122,-404.1,0.0229,7.1568,,,,,
2,1.5,0.65,12,10,10,0.3,0.076,0.923,17.2,-0.086,-20.95,0.844,0.381,298.13,217.31,1.372,105,-2787.6,0.0225,7.1524,,,,,
1,1.5,0.5,20,6,4,0.5,0.075,0.842,22.8,-0.09,-7.9,0.865,0.1532,329.39,68.93,4.779,124,-1326.3,0.0302,7.146,,,,,
2,1.5,0.65,12,10,6,0.5,0.075,0.917,14.2,-0.091,-19.42,0.837,0.296,335.74,168.75,1.99,125,-3127.6,0.0197,7.1303,,,,,
2,1.5,0.35,20,10,8,0.3,0.076,0.912,18.2,-0.137,-20.69,0.816,0.16,573.79,133.93,4.284,100,-2629.4,0.0253,7.1298,,,,,
2,1.2,0.5,20,6,4,1.0,0.076,0.924,7.9,-0.145,-26.24,0.776,0.1741,521.73,141.75,3.681,224,-7131.6,0.0254,7.0917,,,,,
1,1.5,0.35,20,6,8,1.0,0.074,0.832,22.8,-0.096,-7.34,0.871,0.1525,325.47,67.25,4.84,118,-1197.0,0.0298,7.085,,,,,
2,1.2,0.35,16,10,6,1.0,0.075,0.925,6.4,-0.164,-25.79,0.766,0.2207,383.11,141.57,2.706,213,-6680.8,0.0212,7.0769,,,,,
2,1.2,0.5,12,10,4,0.15,0.075,0.924,12.7,-0.108,-19.44,0.814,0.3032,281.1,150.23,1.871,155,-3875.8,0.0216,7.0702,,,,,
2,1.5,0.35,20,10,10,0.3,0.075,0.914,18.2,-0.141,-21.63,0.812,0.1633,573.79,137.8,4.164,98,-2668.2,0.0234,7.0647,,,,,
2,1.5,0.8,16,10,4,0.3,0.077,0.914,17.4,-0.109,-22.05,0.801,0.2414,366.67,145.74,2.516,116,-3207.8,0.0341,7.0441,,,,,
1,1.5,0.5,20,6,4,1.0,0.074,0.854,21.6,-0.093,-8.24,0.859,0.1562,321.67,69.33,4.64,128,-1412.5,0.0291,7.0347,,,,,
1,1.5,0.8,20,10,8,0.3,0.072,0.813,24.5,-0.066,-7.67,0.891,0.2453,256.73,93.59,2.743,106,-1109.3,0.0259,7.0269,,,,,
1,1.5,0.65,20,10,4,0.5,0.073,0.805,23.5,-0.07,-6.54,0.883,0.1719,288.64,67.81,4.257,128,-1195.9,0.0329,7.0075,,,,,
1,1.2,0.65,20,4,4,0.15,0.07,0.728,27.2,-0.021,-1.86,0.964,0.1964,252.65,64.07,3.943,168,-782.9,0.0306,6.9939,,,,,
2,1.5,0.35,16,10,4,1.0,0.074,0.925,12.5,-0.157,-23.8,0.775,0.1901,432.38,130.87,3.304,121,-3557.8,0.0208,6.9879,,,,,
2,1.5,0.35,16,6,10,1.0,0.075,0.918,17.0,-0.106,-17.16,0.847,0.2393,397.03,147.47,2.692,117,-2663.4,0.0268,6.9856,,,,,
2,1.5,0.35,16,8,4,0.3,0.075,0.914,18.9,-0.119,-17.22,0.832,0.1714,496.77,123.56,4.02,105,-2396.2,0.0276,6.9807,,,,,
2,1.5,0.35,16,8,10,1.0,0.074,0.911,15.1,-0.096,-15.45,0.862,0.2393,404.17,147.47,2.741,117,-2463.4,0.0244,6.9578,,,,,
2,1.5,0.35,16,10,6,1.0,0.074,0.925,12.8,-0.145,-22.36,0.793,0.2066,414.79,136.2,3.046,121,-3382.8,0.0225,6.9538,,,,,
2,1.5,0.65,12,10,6,1.0,0.073,0.922,14.9,-0.096,-20.56,0.828,0.3023,327.5,171.39,1.911,129,-3375.0,0.0213,6.889,,,,,
2,1.5,0.65,16,10,4,1.0,0.073,0.926,13.6,-0.133,-26.18,0.772,0.2164,410.06,146.67,2.796,134,-4258.6,0.0207,6.888,,,,,
2,1.2,0.5,20,10,4,0.15,0.073,0.927,11.5,-0.139,-23.56,0.783,0.1871,455.57,133.84,3.404,155,-4514.2,0.0213,6.8739,,,,,
2,1.5,0.5,16,8,4,0.3,0.075,0.922,16.1,-0.134,-24.17,0.791,0.1982,462.13,144.38,3.201,111,-3304.8,0.0319,6.8708,,,,,
1,1.5,0.65,16,4,10,0.15,0.053,0.252,33.9,0.03,3.26,1.05,0.3043,224.4,93.49,2.4,69,31.8,0.0265,6.8557,,,,,
2,1.2,0.65,16,6,4,0.15,0.072,0.923,15.2,-0.064,-11.48,0.886,0.241,371.12,132.94,2.792,166,-2834.8,0.0191,6.8333,,,,,
2,1.5,0.35,16,4,6,0.3,0.073,0.909,18.7,-0.11,-16.43,0.844,0.1923,463.34,130.65,3.546,104,-2290.6,0.027,6.8149,,,,,
1,1.2,0.5,12,8,8,1.0,0.073,0.902,18.2,-0.061,-6.47,0.896,0.3348,166.4,93.46,1.78,230,-2131.3,0.0291,6.7929,,,,,
2,1.2,0.35,16,4,6,0.15,0.073,0.908,15.1,-0.072,-10.1,0.895,0.2138,404.26,122.8,3.292,159,-2495.6,0.0289,6.7798,,,,,
1,1.2,0.5,16,8,8,0.15,0.067,0.737,28.3,-0.029,-2.72,0.953,0.2795,198.33,80.71,2.457,161,-888.3,0.0254,6.7791,,,,,
2,1.5,0.35,16,6,10,0.5,0.073,0.924,14.8,-0.123,-19.72,0.824,0.2321,398.72,146.22,2.727,112,-2835.4,0.0267,6.7758,,,,,
1,1.2,0.35,20,6,4,0.5,0.074,0.914,16.6,-0.096,-7.15,0.865,0.1629,282.18,63.45,4.448,221,-2197.9,0.0336,6.7648,,,,,
2,1.2,0.35,20,10,6,1.0,0.072,0.928,6.4,-0.194,-29.48,0.735,0.1651,494.31,133.05,3.715,212,-7430.8,0.0218,6.7636,,,,,
2,1.2,0.5,12,8,8,0.5,0.072,0.928,11.4,-0.075,-15.76,0.873,0.3379,321.85,188.06,1.711,219,-4673.0,0.0221,6.7572,,,,,
2,1.75,0.5,16,4,8,0.15,0.052,0.31,32.7,0.024,3.33,1.036,0.2,483.33,116.67,4.143,30,-68.0,0.0184,6.7457,,,,,
2,1.5,0.65,20,4,6,0.15,0.073,0.897,20.2,-0.134,-25.35,0.793,0.169,572.92,147.03,3.896,71,-2197.6,0.0329,6.7322,,,,,
1,1.5,0.65,16,10,8,0.5,0.061,0.548,31.9,0.0,0.0,1.0,0.3136,211.49,96.6,2.189,118,-330.4,0.0275,6.7225,,,,,
2,1.5,0.65,12,4,6,0.15,0.073,0.896,22.1,-0.115,-24.31,0.803,0.3056,325.0,178.0,1.826,72,-2153.2,0.0338,6.7164,,,,,
1,1.5,0.35,20,10,6,0.3,0.066,0.715,25.4,-0.076,-5.48,0.896,0.1524,310.16,62.22,4.985,105,-869.0,0.0274,6.7092,,,,,
2,1.5,0.35,12,4,8,0.5,0.071,0.922,16.4,-0.11,-17.73,0.837,0.2679,340.47,148.78,2.288,112,-2613.0,0.0211,6.7,,,,,
2,1.5,0.35,16,6,8,0.3,0.071,0.915,19.0,-0.108,-16.91,0.847,0.2178,429.17,141.14,3.041,101,-2273.8,0.0232,6.677,,,,,
2,1.2,0.5,20,8,4,1.0,0.071,0.929,7.5,-0.171,-30.79,0.736,0.1719,499.21,140.84,3.544,221,-8042.4,0.0229,6.6412,,,,,
1,1.2,0.35,12,6,6,0.3,0.066,0.764,26.3,-0.024,-1.9,0.963,0.2891,168.44,71.17,2.367,211,-990.8,0.0237,6.6354,,,,,
2,1.5,0.35,20,10,8,1.0,0.07,0.929,11.8,-0.176,-27.1,0.764,0.1565,560.2,136.08,4.117,115,-3760.4,0.0185,6.6333,,,,,
2,1.5,0.35,20,10,6,0.5,0.07,0.93,12.6,-0.191,-28.43,0.743,0.1404,586.47,128.83,4.552,114,-3879.8,0.0188,6.6232,,,,,
1,1.5,0.8,16,6,8,0.5,0.063,0.637,29.4,-0.015,-1.8,0.974,0.3305,205.77,104.27,1.973,118,-542.9,0.0289,6.6224,,,,,
1,1.2,0.35,20,10,8,0.15,0.065,0.71,27.2,-0.03,-2.12,0.957,0.195,244.35,61.82,3.953,159,-782.7,0.0279,6.6173,,,,,
2,1.5,0.8,12,4,4,0.15,0.071,0.866,21.3,-0.082,-16.33,0.844,0.28,315.48,145.37,2.17,75,-1645.0,0.0342,6.6049,,,,,
2,1.5,0.5,12,8,10,0.3,0.07,0.925,16.3,-0.115,-24.28,0.81,0.3365,307.15,192.39,1.597,104,-3107.0,0.0205,6.6047,,,,,
2,1.2,0.35,20,6,4,1.0,0.07,0.93,6.7,-0.188,-27.69,0.744,0.1449,554.05,126.23,4.389,214,-7123.0,0.0199,6.6021,,,,,
1,1.5,0.8,20,8,4,1.0,0.07,0.855,22.3,-0.083,-8.21,0.858,0.1791,277.08,70.45,3.933,134,-1475.2,0.0316,6.5925,,,,,
2,1.5,0.35,16,6,10,0.3,0.07,0.915,19.0,-0.112,-17.76,0.843,0.2222,429.17,145.45,2.951,99,-2312.6,0.0228,6.5886,,,,,
1,1.5,0.65,16,6,8,0.3,0.059,0.56,29.5,-0.006,-0.71,0.989,0.3113,210.61,96.23,2.189,106,-371.8,0.0229,6.5851,,,,,
2,1.5,0.5,12,6,10,0.3,0.071,0.924,17.1,-0.108,-22.83,0.821,0.3365,311.44,192.39,1.619,104,-2957.0,0.0275,6.5649,,,,,
2,1.5,0.35,20,10,4,0.5,0.069,0.931,12.4,-0.191,-27.99,0.742,0.1316,610.57,124.75,4.894,114,-3829.8,0.0169,6.5611,,,,,
1,1.5,0.5,12,6,10,0.5,0.058,0.504,32.4,0.002,0.21,1.003,0.3761,163.35,98.12,1.665,117,-302.6,0.0278,6.5576,,,,,
1,1.2,0.35,12,4,8,0.5,0.065,0.729,28.6,-0.013,-1.07,0.98,0.2915,182.31,76.5,2.383,223,-861.9,0.0285,6.5479,,,,,
2,1.2,0.35,20,10,4,0.5,0.07,0.93,6.5,-0.203,-29.92,0.719,0.1538,498.46,125.99,3.956,208,-7383.4,0.0237,6.5257,,,,,
2,1.5,0.65,20,4,8,0.15,0.069,0.858,24.0,-0.076,-14.86,0.881,0.2029,541.07,156.36,3.46,69,-1411.4,0.0297,6.5246,,,,,
2,1.5,0.65,16,10,10,0.15,0.07,0.892,21.4,-0.114,-24.64,0.81,0.3043,345.24,186.46,1.852,69,-2086.4,0.0304,6.5063,,,,,
2,1.2,0.65,12,4,4,0.15,0.069,0.926,15.7,-0.06,-11.26,0.89,0.2805,325.61,142.58,2.284,164,-2765.4,0.0207,6.5001,,,,,
2,1.2,0.35,16,10,4,0.5,0.069,0.931,6.3,-0.177,-27.12,0.744,0.2057,383.29,133.43,2.872,209,-6833.4,0.0205,6.4891,,,,,
1,1.2,0.35,8,4,4,0.5,0.069,0.847,25.5,-0.04,-3.26,0.937,0.323,149.14,75.98,1.963,226,-1370.3,0.0336,6.4809,,,,,
2,1.5,0.8,12,6,4,0.5,0.069,0.93,15.4,-0.105,-21.56,0.803,0.2692,327.07,150.0,2.18,130,-3530.6,0.0213,6.4774,,,,,
1,1.2,0.35,20,8,6,0.5,0.071,0.919,17.9,-0.104,-7.86,0.856,0.1773,264.32,66.51,3.974,220,-2345.1,0.0334,6.4614,,,,,
2,1.5,0.35,16,4,6,0.15,0.068,0.894,20.8,-0.149,-20.49,0.799,0.1594,512.38,121.55,4.215,69,-1800.2,0.0227,6.4597,,,,,
2,1.75,0.35,16,4,6,0.15,0.042,0.124,34.6,0.076,8.06,1.108,0.1613,515.0,89.42,5.759,31,76.4,0.0128,6.446,,,,,
2,1.2,0.5,20,8,6,0.5,0.068,0.932,7.9,-0.148,-27.83,0.774,0.1972,482.68,153.21,3.15,213,-7120.0,0.0181,6.4389,,,,,
2,1.5,0.8,12,8,4,0.5,0.068,0.932,15.0,-0.108,-22.33,0.796,0.2692,324.21,150.0,2.161,130,-3630.6,0.0182,6.4361,,,,,
1,1.5,0.65,16,4,6,0.5,0.063,0.733,27.7,-0.034,-3.5,0.942,0.256,220.31,80.51,2.736,125,-787.5,0.024,6.4326,,,,,
2,1.5,0.8,12,10,8,0.3,0.068,0.93,13.8,-0.112,-28.06,0.798,0.3585,308.56,216.18,1.427,106,-3568.2,0.0197,6.4114,,,,,
2,1.5,0.35,16,8,10,0.5,0.069,0.919,15.1,-0.106,-17.04,0.848,0.2321,410.26,146.22,2.806,112,-2535.4,0.0267,6.4021,,,,,
1,1.2,0.5,8,6,6,0.5,0.072,0.892,22.2,-0.05,-5.48,0.905,0.4342,120.08,101.84,1.179,228,-1888.4,0.0454,6.4001,,,,,
2,1.5,0.65,12,8,6,0.5,0.068,0.93,14.0,-0.112,-23.82,0.799,0.296,320.88,168.75,1.901,125,-3677.6,0.0211,6.3843,,,,,
2,1.5,0.65,16,8,4,0.3,0.068,0.927,16.4,-0.136,-26.38,0.772,0.2087,426.74,145.88,2.925,115,-3677.2,0.0249,6.316,,,,,
1,1.2,0.5,12,10,6,1.0,0.069,0.929,14.9,-0.088,-8.92,0.849,0.3203,156.8,87.02,1.802,231,-2706.3,0.0301,6.3036,,,,,
1,1.2,0.35,16,4,10,1.0,0.068,0.849,26.2,-0.042,-3.44,0.94,0.2533,211.18,76.26,2.769,225,-1405.0,0.0375,6.2986,,,,,
1,1.5,0.5,16,8,10,0.3,0.058,0.628,28.8,-0.032,-3.25,0.95,0.2885,212.08,90.54,2.342,104,-628.7,0.0225,6.2916,,,,,
1,1.5,0.8,16,10,8,0.5,0.061,0.657,31.6,-0.022,-2.75,0.961,0.322,208.22,102.97,2.022,118,-655.4,0.0329,6.2873,,,,,
1,1.2,0.8,16,10,4,0.15,0.062,0.727,28.3,-0.025,-2.34,0.952,0.2632,176.94,66.37,2.666,171,-878.8,0.0277,6.2798,,,,,
1,1.5,0.8,8,4,6,1.0,0.056,0.544,32.0,-0.002,-0.29,0.995,0.4885,118.75,113.99,1.042,131,-404.3,0.026,6.2792,,,,,
2,1.5,0.8,8,6,6,1.0,0.067,0.925,16.4,-0.075,-19.49,0.833,0.4885,198.79,227.99,0.872,131,-3286.2,0.0224,6.2761,,,,,
1,1.5,0.8,20,10,4,0.5,0.066,0.84,23.9,-0.076,-7.42,0.869,0.1797,273.37,68.93,3.966,128,-1308.4,0.0303,6.2754,,,,,
1,1.5,0.8,8,4,6,0.3,0.053,0.45,34.1,0.011,1.43,1.025,0.4825,120.45,109.53,1.1,114,-156.7,0.0274,6.243,,,,,
1,1.5,0.65,20,8,4,1.0,0.065,0.849,23.3,-0.087,-8.27,0.856,0.1654,297.73,68.92,4.32,133,-1472.4,0.0273,6.2118,,,,,
2,1.2,0.35,20,8,4,0.5,0.067,0.933,7.0,-0.185,-27.27,0.743,0.1531,515.64,125.42,4.111,209,-6870.0,0.0248,6.2045,,,,,
1,1.2,0.35,12,6,4,0.3,0.062,0.773,28.8,-0.031,-2.36,0.951,0.2783,166.1,67.32,2.467,212,-1093.6,0.0252,6.1916,,,,,
2,1.5,0.35,16,4,4,1.0,0.066,0.931,13.2,-0.152,-22.64,0.785,0.1849,446.86,129.12,3.461,119,-3360.4,0.0211,6.1863,,,,,
1,1.5,0.65,16,8,8,0.5,0.055,0.526,30.5,-0.004,-0.42,0.994,0.322,204.61,97.81,2.092,118,-380.4,0.0288,6.1808,,,,,
1,1.5,0.5,20,10,6,0.3,0.065,0.804,23.5,-0.092,-8.37,0.862,0.1835,285.0,74.3,3.836,109,-1217.7,0.0359,6.1754,,,,,
2,1.5,0.5,16,10,6,0.5,0.066,0.934,12.0,-0.127,-24.04,0.799,0.2295,416.67,155.32,2.683,122,-3616.4,0.0225,6.1497,,,,,
2,1.75,0.65,16,4,8,0.15,0.038,0.092,33.9,0.054,9.17,1.087,0.2333,489.29,136.96,3.573,30,107.0,0.0149,6.1121,,,,,
1,1.5,0.8,16,8,10,0.3,0.057,0.662,30.4,-0.026,-3.33,0.954,0.3524,194.26,110.85,1.752,105,-644.0,0.0238,6.0675,,,,,
2,1.5,0.8,16,10,10,0.15,0.065,0.9,22.3,-0.101,-23.91,0.822,0.3333,330.43,201.09,1.643,69,-2036.4,0.0276,6.053,,,,,
1,1.2,0.8,16,6,4,0.15,0.053,0.542,30.7,0.002,0.15,1.003,0.2616,186.67,65.94,2.831,172,-456.6,0.0232,6.0512,,,,,
2,1.2,0.5,12,4,6,0.15,0.067,0.925,17.5,-0.074,-13.58,0.875,0.3063,311.29,156.98,1.983,160,-3068.0,0.0337,6.0507,,,,,
1,1.5,0.8,8,4,6,0.5,0.054,0.543,30.1,-0.002,-0.3,0.995,0.4882,117.34,112.5,1.043,127,-393.1,0.0282,6.0457,,,,,
1,1.5,0.8,16,4,8,0.15,0.047,0.333,34.0,0.006,0.72,1.011,0.3043,222.02,96.09,2.31,69,-143.2,0.0259,6.0422,,,,,
1,1.2,0.35,16,4,10,0.15,0.051,0.486,30.2,0.018,1.35,1.027,0.2484,210.26,67.69,3.106,157,-227.1,0.0238,6.0121,,,,,
1,1.5,0.65,16,8,10,0.3,0.053,0.574,32.8,-0.014,-1.67,0.975,0.3333,198.93,101.96,1.951,105,-469.0,0.0207,6.006,,,,,
2,1.2,0.65,16,8,4,0.15,0.064,0.931,15.1,-0.085,-15.24,0.849,0.241,355.5,132.94,2.674,166,-3459.8,0.0205,6.0052,,,,,
1,1.5,0.35,20,6,6,0.5,0.063,0.846,22.2,-0.109,-8.05,0.854,0.1368,343.49,63.74,5.389,117,-1269.2,0.0289,5.9949,,,,,
1,1.2,0.65,16,4,4,0.15,0.056,0.622,29.3,-0.006,-0.59,0.989,0.2426,209.76,67.97,3.086,169,-573.2,0.0288,5.9908,,,,,
1,1.5,0.35,20,6,4,0.5,0.063,0.848,22.0,-0.113,-8.26,0.847,0.1282,355.56,61.76,5.757,117,-1294.2,0.0296,5.9742,,,,,
2,1.5,0.8,8,6,6,0.5,0.063,0.928,15.5,-0.075,-19.31,0.832,0.4882,196.33,225.0,0.873,127,-3163.8,0.0184,5.9589,,,,,
2,1.5,0.65,16,8,10,0.15,0.064,0.891,21.3,-0.095,-20.65,0.841,0.3043,359.52,186.98,1.923,69,-1811.4,0.0292,5.9518,,,,,
2,1.5,0.65,16,8,6,0.15,0.064,0.918,20.2,-0.168,-34.03,0.728,0.25,363.89,166.67,2.183,72,-2853.2,0.0253,5.9478,,,,,
1,1.2,0.5,12,8,8,0.15,0.057,0.699,29.1,-0.024,-2.3,0.96,0.3497,156.14,87.5,1.784,163,-831.4,0.025,5.9327,,,,,
1,1.2,0.35,20,10,10,0.15,0.057,0.743,27.7,-0.041,-2.96,0.943,0.1987,245.56,64.6,3.801,156,-899.3,0.0184,5.9316,,,,,
2,1.5,0.5,12,10,8,0.5,0.063,0.934,15.5,-0.091,-18.88,0.85,0.322,331.51,185.31,1.789,118,-2888.4,0.0189,5.9304,,,,,
2,1.5,0.35,20,10,4,1.0,0.063,0.937,12.4,-0.2,-29.59,0.729,0.1356,588.04,126.47,4.65,118,-4152.2,0.0185,5.9291,,,,,
1,1.2,0.5,12,4,8,0.15,0.053,0.598,28.2,-0.012,-1.15,0.98,0.3436,163.84,87.5,1.872,163,-643.9,0.0216,5.9147,,,,,
1,1.5,0.65,16,10,8,1.0,0.053,0.594,30.9,-0.012,-1.43,0.978,0.3115,209.21,96.73,2.163,122,-516.6,0.0226,5.907,,,,,
2,1.5,0.5,12,10,8,1.0,0.063,0.932,14.8,-0.092,-19.28,0.846,0.3279,323.69,186.59,1.735,122,-3035.8,0.0206,5.9036,,,,,
1,1.5,0.8,16,8,8,0.5,0.057,0.646,30.5,-0.024,-2.97,0.958,0.3305,202.24,104.27,1.94,118,-680.4,0.0344,5.9029,,,,,
1,1.2,0.35,16,6,6,0.3,0.059,0.786,27.1,-0.034,-2.56,0.95,0.2524,191.51,68.07,2.813,210,-1125.5,0.0232,5.9014,,,,,
2,1.2,0.35,20,8,6,1.0,0.063,0.937,7.1,-0.181,-27.35,0.754,0.1596,525.75,132.4,3.971,213,-7017.4,0.0204,5.8922,,,,,
2,1.2,0.35,12,10,4,1.0,0.063,0.937,6.3,-0.191,-30.11,0.717,0.243,314.55,140.74,2.235,214,-7636.4,0.0207,5.8862,,,,,
1,1.5,0.5,12,4,10,0.3,0.055,0.675,27.8,-0.039,-4.09,0.936,0.3365,177.5,96.2,1.845,104,-716.2,0.0219,5.8726,,,,,
1,1.5,0.35,20,8,8,0.5,0.061,0.825,24.5,-0.105,-8.0,0.859,0.1491,325.74,66.49,4.899,114,-1231.7,0.0292,5.8571,,,,,
2,1.5,0.35,16,6,6,0.3,0.063,0.925,17.9,-0.136,-20.27,0.808,0.1923,443.34,130.65,3.393,104,-2690.6,0.0244,5.8474,,,,,
1,1.2,0.35,20,4,4,1.0,0.063,0.926,16.7,-0.105,-7.84,0.855,0.1579,292.01,64.06,4.558,228,-2425.9,0.0249,5.8351,,,,,
2,1.2,0.35,12,6,6,0.5,0.062,0.938,8.5,-0.13,-20.91,0.806,0.2627,330.47,146.09,2.262,217,-5753.6,0.0183,5.8344,,,,,
2,1.5,0.65,12,4,8,0.15,0.062,0.874,24.8,-0.092,-20.65,0.841,0.3478,314.58,199.44,1.577,69,-1811.4,0.0281,5.8292,,,,,
2,1.5,0.5,16,10,6,1.0,0.063,0.937,13.0,-0.134,-25.26,0.789,0.2302,410.92,155.67,2.64,126,-3888.8,0.0242,5.8154,,,,,
2,1.5,0.65,20,10,4,0.3,0.062,0.936,15.9,-0.152,-28.71,0.752,0.1681,518.72,139.36,3.722,113,-3877.2,0.0196,5.8138,,,,,
1,1.5,0.65,16,8,8,1.0,0.053,0.586,32.0,-0.014,-1.64,0.975,0.3197,203.21,97.89,2.076,122,-541.6,0.0288,5.8073,,,,,
2,1.5,0.5,12,8,8,0.3,0.062,0.935,15.7,-0.121,-25.0,0.802,0.3143,321.22,183.68,1.749,105,-3212.6,0.0203,5.8026,,,,,
2,1.5,0.8,12,6,4,1.0,0.062,0.937,14.7,-0.118,-24.83,0.78,0.2741,320.88,155.36,2.065,135,-4108.6,0.0206,5.7913,,,,,
2,1.2,0.35,16,6,6,0.5,0.062,0.938,6.4,-0.139,-21.71,0.8,0.2269,381.87,140.12,2.725,216,-5898.0,0.0209,5.7826,,,,,
1,1.5,0.65,20,10,4,0.3,0.061,0.835,23.0,-0.096,-9.02,0.842,0.1739,276.25,69.08,3.999,115,-1359.5,0.0318,5.7767,,,,,
2,1.2,0.35,16,10,4,1.0,0.062,0.938,5.9,-0.204,-31.4,0.708,0.2009,379.22,134.65,2.816,214,-7911.4,0.0215,5.7703,,,,,
2,1.5,0.65,16,10,8,0.15,0.062,0.908,22.1,-0.129,-27.54,0.786,0.2899,348.75,181.12,1.925,69,-2286.4,0.0267,5.7564,,,,,
1,1.2,0.35,16,4,8,1.0,0.06,0.816,26.7,-0.035,-2.81,0.949,0.2511,208.77,73.75,2.831,227,-1273.1,0.0315,5.7424,,,,,
2,1.2,0.35,16,6,4,0.5,0.062,0.938,6.8,-0.154,-23.45,0.776,0.212,382.86,132.75,2.884,217,-6303.6,0.0235,5.7292,,,,,
2,1.2,0.35,20,6,6,0.15,0.061,0.935,14.2,-0.123,-16.77,0.829,0.1677,484.26,117.72,4.114,161,-3601.6,0.0195,5.7226,,,,,
2,1.2,0.35,8,6,6,1.0,0.061,0.939,8.1,-0.132,-22.13,0.795,0.3153,273.02,158.06,1.727,222,-6156.6,0.0191,5.7188,,,,,
1,1.2,0.5,12,4,10,0.15,0.054,0.683,26.2,-0.027,-2.73,0.955,0.3563,162.06,93.93,1.725,160,-885.5,0.0239,5.7107,,,,,
1,1.2,0.35,12,10,4,0.3,0.059,0.844,25.6,-0.054,-4.11,0.916,0.2762,162.07,67.52,2.4,210,-1450.5,0.0252,5.6877,,,,,
2,1.5,0.65,16,10,6,0.3,0.062,0.936,18.2,-0.122,-25.07,0.792,0.25,382.74,161.01,2.377,112,-3435.4,0.0264,5.6777,,,,,
2,1.5,0.65,20,10,4,1.0,0.06,0.94,11.7,-0.151,-28.77,0.753,0.1603,547.89,138.86,3.945,131,-4503.0,0.0165,5.6704,,,,,
2,1.5,0.65,12,8,6,1.0,0.06,0.939,13.8,-0.112,-24.05,0.799,0.3023,315.96,171.39,1.844,129,-3825.0,0.0175,5.6523,,,,,
2,1.5,0.5,16,4,4,0.15,0.061,0.924,18.6,-0.212,-35.76,0.692,0.1549,519.2,137.5,3.776,71,-2936.4,0.025,5.6457,,,,,
1,1.2,0.35,12,4,10,1.0,0.057,0.808,26.7,-0.031,-2.59,0.954,0.2996,178.49,80.03,2.23,227,-1223.1,0.0233,5.6384,,,,,
1,1.5,0.65,16,4,8,0.15,0.042,0.343,32.5,0.007,0.72,1.011,0.2899,225.0,90.82,2.478,69,-143.2,0.0207,5.6302,,,,,
2,1.5,0.35,16,6,6,0.15,0.06,0.91,20.6,-0.188,-25.92,0.746,0.1594,478.29,121.55,3.935,69,-2175.2,0.0231,5.6285,,,,,
2,1.75,0.35,16,4,4,0.15,0.035,0.174,33.9,0.037,3.91,1.051,0.1562,515.0,90.74,5.676,32,-54.2,0.0125,5.6233,,,,,
2,1.5,0.5,12,6,8,0.3,0.061,0.934,15.6,-0.117,-24.04,0.809,0.3143,324.25,183.68,1.765,105,-3112.6,0.0251,5.6125,,,,,
2,1.5,0.65,12,6,6,1.0,0.059,0.939,12.8,-0.116,-24.83,0.792,0.3023,313.39,171.39,1.829,129,-3925.0,0.0147,5.6117,,,,,
1,1.5,0.35,20,10,10,1.0,0.058,0.835,23.1,-0.105,-8.19,0.857,0.1724,284.38,69.14,4.113,116,-1274.8,0.0257,5.6074,,,,,
2,1.5,0.35,12,4,8,1.0,0.06,0.931,15.5,-0.114,-18.41,0.832,0.2672,342.39,150.0,2.283,116,-2785.4,0.0217,5.593,,,,,
2,1.5,0.35,20,10,6,1.0,0.059,0.941,12.5,-0.2,-30.01,0.731,0.1441,566.68,130.45,4.344,118,-4202.2,0.0154,5.5912,,,,,
1,1.5,0.8,12,4,10,0.15,0.042,0.311,36.2,0.006,0.72,1.011,0.4348,153.33,116.67,1.314,69,-143.2,0.0278,5.5851,,,,,
1,1.5,0.35,20,10,10,0.5,0.057,0.831,22.4,-0.111,-8.56,0.851,0.1622,300.69,68.41,4.395,111,-1260.8,0.0232,5.572,,,,,
2,1.2,0.5,16,8,6,0.5,0.06,0.94,8.7,-0.124,-24.33,0.798,0.2694,357.06,164.96,2.165,219,-6553.6,0.0219,5.5626,,,,,
2,1.5,0.5,16,6,6,0.15,0.06,0.918,18.7,-0.165,-29.42,0.757,0.1972,465.09,150.88,3.083,71,-2486.4,0.0255,5.5561,,,,,
1,1.5,0.8,16,6,8,0.3,0.051,0.65,30.5,-0.025,-3.07,0.956,0.3208,208.46,102.95,2.025,106,-621.8,0.0227,5.542,,,,,
1,1.5,0.5,16,6,10,0.3,0.051,0.664,29.6,-0.036,-3.73,0.942,0.2885,210.42,90.54,2.324,104,-678.7,0.0212,5.5319,,,,,
2,1.2,0.5,12,8,8,1.0,0.059,0.941,10.3,-0.099,-21.01,0.833,0.3289,319.48,187.87,1.701,225,-5981.6,0.0188,5.5238,,,,,
2,1.5,0.35,16,4,4,0.3,0.059,0.935,17.9,-0.14,-20.32,0.802,0.1714,478.71,123.56,3.874,105,-2721.2,0.0201,5.5158,,,,,
1,1.2,0.5,12,6,8,0.15,0.05,0.629,28.0,-0.013,-1.23,0.979,0.3436,163.62,87.5,1.87,163,-656.4,0.0225,5.5139,,,,,
1,1.2,0.5,16,10,6,0.5,0.061,0.927,18.5,-0.074,-7.3,0.877,0.2788,186.51,82.21,2.269,226,-2282.8,0.0319,5.497,,,,,
2,1.2,0.65,8,6,6,0.15,0.058,0.942,14.7,-0.065,-14.67,0.866,0.4458,213.37,198.1,1.077,166,-3365.4,0.0166,5.4688,,,,,
2,1.2,0.35,12,6,4,0.5,0.058,0.942,7.9,-0.139,-21.85,0.79,0.2523,325.21,138.96,2.34,218,-5984.2,0.0175,5.4502,,,,,
2,1.75,0.35,20,4,6,0.15,0.037,0.269,32.9,-0.031,-3.23,0.957,0.129,562.5,87.04,6.463,31,-273.6,0.0168,5.446,,,,,
2,1.5,0.5,8,4,6,1.0,0.058,0.935,15.8,-0.08,-17.15,0.852,0.4094,241.3,196.33,1.229,127,-2888.8,0.0196,5.4281,,,,,
1,1.2,0.35,16,8,6,0.3,0.054,0.803,24.4,-0.042,-3.21,0.937,0.2476,193.75,68.04,2.848,210,-1263.0,0.0204,5.4215,,,,,
1,1.2,0.5,20,10,6,1.0,0.059,0.939,12.7,-0.119,-11.17,0.818,0.1965,255.68,76.43,3.345,229,-3198.1,0.0253,5.4008,,,,,
2,1.5,0.8,8,6,4,0.3,0.059,0.92,22.4,-0.066,-14.96,0.858,0.4103,220.83,178.99,1.234,117,-2405.2,0.0283,5.3973,,,,,
2,1.2,0.65,12,8,6,0.15,0.058,0.942,13.3,-0.084,-17.55,0.844,0.3473,272.32,171.79,1.585,167,-3865.4,0.0204,5.3927,,,,,
2,1.5,0.65,16,8,8,0.15,0.058,0.904,23.0,-0.114,-24.28,0.812,0.2899,361.25,181.63,1.989,69,-2061.4,0.0268,5.3777,,,,,
2,1.5,0.35,16,4,4,0.15,0.057,0.917,19.5,-0.208,-27.74,0.723,0.1304,554.02,115.0,4.818,69,-2300.2,0.0201,5.3756,,,,,
2,1.2,0.35,20,10,4,1.0,0.058,0.942,6.2,-0.237,-35.09,0.676,0.1455,503.25,126.79,3.969,213,-8661.4,0.0214,5.3721,,,,,
2,1.5,0.8,12,6,6,0.3,0.059,0.932,19.2,-0.101,-22.35,0.813,0.3097,313.57,173.08,1.812,113,-3157.8,0.0278,5.3717,,,,,
1,1.5,0.65,16,8,8,0.3,0.046,0.567,33.8,-0.022,-2.48,0.963,0.3113,204.92,96.23,2.129,106,-559.3,0.0199,5.3633,,,,,
1,1.5,0.65,16,4,6,1.0,0.052,0.758,28.6,-0.04,-4.17,0.931,0.2558,219.7,81.12,2.708,129,-898.7,0.0205,5.3602,,,,,
2,1.5,0.5,12,4,6,0.3,0.057,0.939,15.2,-0.119,-22.93,0.808,0.2661,362.08,162.5,2.228,109,-3110.0,0.0182,5.3484,,,,,
2,1.2,0.35,8,6,4,1.0,0.057,0.943,7.4,-0.137,-22.59,0.784,0.3094,264.3,151.14,1.749,223,-6287.2,0.0179,5.3419,,,,,
2,1.5,0.8,20,10,4,1.0,0.057,0.941,11.2,-0.157,-31.25,0.735,0.1679,517.3,141.97,3.644,131,-4828.0,0.0183,5.3409,,,,,
1,1.2,0.5,16,8,6,0.5,0.059,0.927,18.6,-0.084,-8.17,0.862,0.2756,185.29,81.75,2.267,225,-2467.3,0.0303,5.3356,,,,,
1,1.5,0.8,16,6,8,1.0,0.05,0.685,29.4,-0.025,-3.07,0.956,0.3279,205.0,104.57,1.96,122,-716.6,0.0236,5.3231,,,,,
1,1.2,0.35,8,4,6,0.5,0.056,0.864,23.9,-0.049,-4.17,0.922,0.3289,149.49,79.47,1.881,225,-1567.5,0.026,5.3192,,,,,
2,1.5,0.5,8,4,6,0.5,0.057,0.939,16.0,-0.089,-19.13,0.835,0.4065,237.95,195.21,1.219,123,-3041.4,0.0203,5.3051,,,,,
1,1.2,0.65,12,4,6,0.15,0.046,0.593,29.9,-0.01,-1.03,0.982,0.3412,162.5,85.71,1.896,170,-651.0,0.0199,5.2858,,,,,
1,1.2,0.8,12,10,4,0.15,0.052,0.728,28.1,-0.027,-2.63,0.945,0.3275,138.62,71.41,1.941,171,-928.8,0.0291,5.2774,,,,,
2,1.2,0.35,8,4,6,0.15,0.059,0.921,17.4,-0.07,-10.56,0.888,0.323,259.14,139.22,1.861,161,-2601.2,0.0342,5.2766,,,,,
1,1.5,0.8,8,4,4,0.3,0.041,0.442,34.1,0.008,0.96,1.018,0.4103,130.99,89.49,1.464,117,-215.1,0.0198,5.2557,,,,,
2,1.5,0.8,8,4,4,0.15,0.054,0.842,27.8,-0.061,-13.16,0.869,0.3947,221.67,166.3,1.333,76,-1425.6,0.024,5.2323,,,,,
2,1.5,0.8,16,8,4,0.15,0.057,0.915,20.7,-0.135,-25.67,0.759,0.2133,378.12,135.17,2.797,75,-2345.0,0.0279,5.2257,,,,,
2,1.2,0.5,16,6,4,0.15,0.056,0.94,16.3,-0.109,-18.13,0.824,0.2209,384.58,132.28,2.907,163,-3868.0,0.0209,5.1939,,,,,
2,1.5,0.35,16,10,8,0.3,0.055,0.928,19.9,-0.121,-18.89,0.829,0.2178,420.08,141.14,2.976,101,-2473.8,0.0181,5.1891,,,,,
2,1.5,0.8,16,8,8,0.15,0.055,0.913,22.0,-0.111,-25.72,0.808,0.3043,354.76,192.19,1.846,69,-2161.4,0.0207,5.1813,,,,,
1,1.2,0.5,20,10,10,0.15,0.053,0.859,22.8,-0.08,-7.45,0.881,0.2244,246.07,80.79,3.046,156,-1599.3,0.0199,5.1658,,,,,
1,1.2,0.5,20,4,4,0.15,0.052,0.791,25.4,-0.06,-4.92,0.906,0.1879,253.63,64.74,3.918,165,-1274.5,0.0258,5.1545,,,,,
1,1.2,0.65,12,10,10,0.15,0.048,0.665,30.2,-0.01,-1.18,0.981,0.4214,145.52,108.02,1.347,159,-632.7,0.0267,5.127,,,,,
2,1.5,0.35,16,10,10,0.3,0.054,0.932,19.9,-0.125,-19.78,0.825,0.2222,420.08,145.45,2.888,99,-2512.6,0.017,5.1017,,,,,
1,1.5,0.8,16,10,8,1.0,0.049,0.727,29.8,-0.036,-4.41,0.937,0.3197,206.09,103.31,1.995,122,-879.1,0.0237,5.0982,,,,,
2,1.2,0.35,16,6,6,1.0,0.055,0.945,7.1,-0.165,-25.97,0.764,0.2217,378.3,141.13,2.68,221,-6976.0,0.0202,5.0959,,,,,
2,1.2,0.5,20,8,6,1.0,0.055,0.945,7.9,-0.18,-34.03,0.727,0.1872,484.69,153.51,3.157,219,-8678.6,0.0209,5.0813,,,,,
1,1.2,0.5,12,6,10,0.15,0.049,0.732,26.6,-0.037,-3.75,0.938,0.3563,159.21,93.93,1.695,160,-1048.0,0.0239,5.0782,,,,,
2,1.5,0.8,20,4,10,0.15,0.054,0.897,22.4,-0.096,-21.01,0.847,0.2174,533.33,175.0,3.048,69,-1836.4,0.0238,5.0706,,,,,
1,1.5,0.35,20,6,4,1.0,0.053,0.867,23.4,-0.12,-8.81,0.838,0.1322,344.27,62.62,5.498,121,-1405.4,0.0237,5.0659,,,,,
1,1.2,0.5,12,6,6,0.5,0.056,0.894,20.0,-0.055,-5.59,0.904,0.3333,157.24,87.01,1.807,228,-1913.4,0.0343,5.064,,,,,
2,1.5,0.65,12,4,6,0.3,0.055,0.932,20.7,-0.09,-18.97,0.842,0.2857,353.12,167.81,2.104,112,-2752.2,0.0253,5.032,,,,,
2,1.5,0.5,16,10,4,0.5,0.053,0.947,11.7,-0.161,-29.07,0.747,0.2,428.67,143.5,2.987,125,-4333.2,0.0142,5.0162,,,,,
2,1.5,0.65,12,6,6,0.5,0.053,0.945,13.4,-0.12,-25.42,0.786,0.296,315.47,168.75,1.869,125,-3877.6,0.0145,5.0157,,,,,
2,1.5,0.5,20,10,6,0.5,0.053,0.947,11.3,-0.171,-31.47,0.746,0.1681,549.03,148.74,3.691,119,-4410.8,0.0143,5.0143,,,,,
2,1.5,0.8,12,8,4,1.0,0.054,0.946,13.3,-0.125,-26.32,0.767,0.2741,315.47,155.36,2.031,135,-4308.6,0.0203,4.9944,,,,,
1,1.5,0.8,16,6,6,0.3,0.046,0.689,30.9,-0.041,-4.42,0.926,0.2743,203.23,82.93,2.451,113,-816.4,0.02,4.9943,,,,,
2,1.2,0.35,16,8,6,0.5,0.053,0.947,7.6,-0.165,-25.73,0.763,0.2207,375.95,139.46,2.696,213,-6673.0,0.0154,4.9916,,,,,
2,1.5,0.65,12,10,4,0.5,0.053,0.942,14.8,-0.128,-25.41,0.772,0.2558,336.28,149.74,2.246,129,-4000.0,0.0167,4.9807,,,,,
1,1.2,0.35,12,8,6,0.3,0.05,0.811,26.1,-0.042,-3.32,0.935,0.2844,167.29,71.11,2.353,211,-1290.8,0.0225,4.9668,,,,,
1,1.2,0.35,16,10,4,0.3,0.051,0.865,23.7,-0.064,-4.76,0.904,0.2333,191.33,64.44,2.969,210,-1588.0,0.0195,4.9626,,,,,
2,1.2,0.5,20,8,4,0.15,0.053,0.945,13.2,-0.145,-24.03,0.772,0.1852,440.66,129.65,3.399,162,-4800.8,0.0172,4.9617,,,,,
1,1.5,0.8,8,4,4,0.5,0.041,0.511,33.3,-0.001,-0.1,0.998,0.4122,127.55,89.61,1.423,131,-379.3,0.0244,4.9554,,,,,
1,1.5,0.5,20,8,6,0.5,0.051,0.842,23.5,-0.088,-8.06,0.868,0.1736,304.76,73.75,4.132,121,-1313.8,0.0235,4.9501,,,,,
2,1.5,0.8,20,4,6,0.15,0.054,0.92,18.7,-0.148,-29.45,0.762,0.1644,572.92,147.95,3.872,73,-2558.8,0.0266,4.9468,,,,,
1,1.2,0.5,16,6,6,0.5,0.054,0.91,20.9,-0.066,-6.39,0.891,0.2819,185.55,81.75,2.27,227,-2085.6,0.0284,4.9396,,,,,
1,1.5,0.5,20,4,6,1.0,0.05,0.79,24.4,-0.062,-5.7,0.907,0.176,314.2,74.03,4.244,125,-1062.5,0.0271,4.9387,,,,,
1,1.5,0.5,20,4,6,0.5,0.05,0.781,24.8,-0.06,-5.48,0.91,0.1736,319.64,73.75,4.334,121,-1001.3,0.0284,4.9384,,,,,
2,1.5,0.5,8,4,4,1.0,0.053,0.945,15.0,-0.11,-22.14,0.804,0.3538,255.92,174.4,1.467,130,-3605.6,0.0189,4.9274,,,,,
1,1.5,0.35,20,6,6,1.0,0.051,0.861,22.5,-0.115,-8.61,0.845,0.1405,333.58,64.54,5.168,121,-1380.4,0.0222,4.9195,,,,,
2,1.2,0.65,20,8,4,1.0,0.052,0.948,7.8,-0.166,-32.74,0.724,0.1778,483.62,144.38,3.35,225,-8625.6,0.0146,4.9073,,,,,
2,1.2,0.65,12,6,6,0.15,0.052,0.947,14.8,-0.072,-14.82,0.867,0.3373,287.31,168.64,1.704,166,-3390.4,0.0161,4.8809,,,,,
2,1.5,0.8,16,8,6,0.15,0.053,0.92,20.3,-0.136,-28.72,0.761,0.2568,356.58,161.82,2.204,74,-2539.4,0.0254,4.8739,,,,,
2,1.2,0.35,12,6,6,1.0,0.052,0.948,7.8,-0.156,-25.17,0.77,0.2568,327.4,146.97,2.228,222,-6831.6,0.0168,4.8633,,,,,
1,1.2,0.35,12,8,4,0.3,0.048,0.819,28.4,-0.046,-3.54,0.928,0.2736,165.73,67.29,2.463,212,-1343.6,0.0181,4.8363,,,,,
2,1.5,0.5,16,10,4,1.0,0.051,0.948,11.3,-0.166,-30.1,0.739,0.2016,421.8,144.17,2.926,129,-4605.6,0.0139,4.8252,,,,,
2,1.5,0.5,12,4,4,0.3,0.051,0.947,13.9,-0.152,-27.92,0.757,0.2342,371.17,150.0,2.474,111,-3721.2,0.0141,4.8246,,,,,
1,1.2,0.5,12,8,10,0.15,0.047,0.789,25.2,-0.05,-5.08,0.915,0.3625,151.29,94.0,1.61,160,-1260.5,0.0184,4.8243,,,,,
1,1.2,0.35,20,6,4,1.0,0.053,0.939,15.1,-0.134,-9.97,0.815,0.1549,283.81,63.81,4.448,226,-2886.9,0.0255,4.8144,,,,,
2,1.2,0.5,16,8,4,0.15,0.051,0.947,14.1,-0.125,-20.74,0.799,0.2209,372.77,132.28,2.818,163,-4293.0,0.0154,4.797,,,,,
1,1.5,0.65,20,10,4,1.0,0.05,0.886,23.5,-0.103,-9.77,0.83,0.1654,288.64,68.92,4.188,133,-1672.4,0.0199,4.7949,,,,,
2,1.5,0.35,12,4,6,0.5,0.051,0.945,13.7,-0.142,-22.05,0.792,0.2435,345.15,140.23,2.461,115,-3179.8,0.016,4.7922,,,,,
1,1.5,0.5,16,8,8,0.3,0.042,0.629,28.9,-0.039,-3.93,0.938,0.2762,215.52,87.66,2.458,105,-706.5,0.02,4.7865,,,,,
2,1.2,0.35,12,6,4,1.0,0.051,0.949,6.7,-0.166,-26.07,0.753,0.2466,322.03,140.03,2.3,223,-7062.2,0.0161,4.7786,,,,,
1,1.2,0.35,16,6,8,0.15,0.034,0.408,34.7,0.014,1.02,1.021,0.2437,204.81,64.67,3.167,160,-285.5,0.0154,4.7664,,,,,
2,1.5,0.8,12,8,6,0.3,0.051,0.939,19.5,-0.111,-24.56,0.794,0.3097,306.43,173.08,1.77,113,-3407.8,0.0191,4.7472,,,,,
1,1.5,0.35,20,8,8,1.0,0.049,0.854,24.0,-0.115,-8.79,0.846,0.1525,315.97,67.25,4.698,118,-1367.9,0.0224,4.7424,,,,,
2,1.5,0.35,16,6,4,0.3,0.051,0.944,15.5,-0.165,-23.89,0.767,0.1714,457.88,123.56,3.706,105,-3096.2,0.019,4.7346,,,,,
1,1.2,0.35,16,6,4,0.3,0.047,0.814,27.5,-0.046,-3.44,0.93,0.237,192.0,64.13,2.994,211,-1315.8,0.0195,4.7264,,,,,
1,1.5,0.5,20,10,4,0.3,0.049,0.844,22.1,-0.117,-10.36,0.822,0.1622,295.83,69.62,4.249,111,-1460.8,0.0248,4.7258,,,,,
1,1.2,0.35,16,8,4,0.3,0.047,0.826,27.0,-0.05,-3.73,0.924,0.2322,195.92,64.12,3.055,211,-1378.3,0.0186,4.7091,,,,,
2,1.2,0.35,12,8,6,0.5,0.051,0.949,6.8,-0.178,-28.41,0.737,0.257,309.91,145.44,2.131,214,-7278.6,0.0199,4.7013,,,,,
1,1.5,0.5,12,8,10,1.0,0.039,0.565,32.5,-0.014,-1.54,0.975,0.3852,153.46,98.67,1.555,122,-529.1,0.0196,4.6954,,,,,
2,1.5,0.35,20,4,8,1.0,0.051,0.948,14.8,-0.16,-24.52,0.788,0.1466,622.39,135.61,4.59,116,-3494.0,0.0209,4.6855,,,,,
2,1.2,0.35,20,8,4,1.0,0.05,0.95,7.1,-0.222,-32.71,0.697,0.1449,519.37,126.23,4.114,214,-8198.0,0.0158,4.6832,,,,,
1,1.5,0.8,12,4,6,0.5,0.045,0.737,29.0,-0.039,-4.37,0.928,0.3175,176.88,88.66,1.995,126,-902.8,0.0238,4.6772,,,,,
1,1.2,0.5,16,6,10,0.15,0.045,0.776,24.4,-0.045,-4.3,0.931,0.2739,211.05,85.53,2.468,157,-1114.6,0.0182,4.6737,,,,,
1,1.5,0.8,16,4,6,0.15,0.036,0.491,30.7,-0.029,-3.04,0.949,0.2568,222.37,80.91,2.748,74,-432.2,0.0184,4.6513,,,,,
1,1.5,0.65,16,4,6,0.15,0.04,0.603,30.2,-0.06,-6.08,0.903,0.25,225.69,83.33,2.708,72,-639.1,0.0215,4.6409,,,,,
2,1.2,0.65,8,6,4,0.15,0.05,0.948,11.3,-0.087,-17.9,0.82,0.3963,206.38,165.15,1.25,164,-3853.8,0.0183,4.6395,,,,,
2,1.5,0.8,12,8,4,0.3,0.05,0.94,18.1,-0.115,-23.49,0.786,0.2672,323.39,150.0,2.156,116,-3374.6,0.0198,4.6338,,,,,
1,1.5,0.8,16,4,4,1.0,0.046,0.8,28.3,-0.047,-4.81,0.915,0.237,219.53,74.51,2.946,135,-1028.0,0.0217,4.6283,,,,,
2,1.75,0.35,20,4,4,0.15,0.03,0.33,33.9,-0.067,-7.03,0.909,0.125,562.5,88.39,6.364,32,-404.2,0.0149,4.6222,,,,,
2,1.5,0.8,8,6,4,0.5,0.049,0.941,15.2,-0.081,-18.53,0.824,0.4122,210.6,179.22,1.175,131,-3161.2,0.0168,4.5946,,,,,
1,1.5,0.35,16,4,10,1.0,0.04,0.643,30.8,-0.037,-2.99,0.947,0.2393,221.88,73.74,3.009,117,-677.6,0.0182,4.5872,,,,,
1,1.2,0.35,16,4,8,0.15,0.03,0.328,34.5,0.028,2.03,1.042,0.2437,208.97,64.67,3.231,160,-123.0,0.0177,4.5724,,,,,
1,1.5,0.8,12,4,6,1.0,0.044,0.747,28.4,-0.037,-4.23,0.931,0.3231,176.19,90.34,1.95,130,-914.0,0.0235,4.556,,,,,
1,1.2,0.35,12,10,8,0.15,0.034,0.476,30.3,0.004,0.31,1.007,0.3019,160.42,68.92,2.328,159,-395.2,0.0166,4.5371,,,,,
1,1.5,0.8,16,8,8,0.3,0.041,0.691,30.0,-0.041,-5.07,0.927,0.3208,202.21,102.95,1.964,106,-834.3,0.0187,4.531,,,,,
2,1.5,0.5,12,10,8,0.3,0.048,0.947,15.1,-0.137,-28.33,0.775,0.3143,310.62,183.68,1.691,105,-3562.6,0.0145,4.5253,,,,,
1,1.2,0.65,16,10,6,0.15,0.044,0.771,27.7,-0.035,-3.42,0.938,0.2917,178.32,78.26,2.279,168,-1045.4,0.0226,4.502,,,,,
1,1.2,0.5,16,10,6,1.0,0.051,0.945,14.6,-0.1,-9.86,0.836,0.2716,185.12,82.54,2.243,232,-2937.1,0.0311,4.4895,,,,,
2,1.5,0.35,16,8,10,0.15,0.046,0.869,28.0,-0.141,-20.22,0.805,0.2059,405.36,130.56,3.105,68,-1755.8,0.0187,4.4806,,,,,
1,1.2,0.35,20,8,6,1.0,0.049,0.946,16.1,-0.139,-10.57,0.809,0.1689,266.01,66.78,3.984,225,-3009.1,0.0217,4.4801,,,,,
2,1.5,0.5,8,4,4,0.5,0.048,0.95,15.2,-0.121,-24.23,0.785,0.3492,252.78,172.87,1.462,126,-3758.2,0.0171,4.4647,,,,,
1,1.2,0.35,8,4,4,1.0,0.048,0.897,22.2,-0.066,-5.47,0.895,0.316,147.95,76.34,1.938,231,-1909.3,0.0256,4.4524,,,,,
1,1.2,0.65,12,10,6,0.15,0.045,0.792,32.0,-0.04,-4.09,0.925,0.3571,141.25,84.84,1.665,168,-1157.9,0.0269,4.4508,,,,,
1,1.2,0.8,20,10,4,0.15,0.044,0.79,28.3,-0.049,-4.46,0.91,0.2105,214.24,62.78,3.413,171,-1241.3,0.0225,4.4474,,,,,
2,1.5,0.5,12,10,10,0.3,0.047,0.947,15.4,-0.133,-28.12,0.78,0.3365,295.73,192.39,1.537,104,-3507.0,0.0135,4.4473,,,,,
1,1.5,0.5,20,8,4,0.5,0.046,0.878,23.5,-0.115,-10.18,0.826,0.1532,314.47,68.93,4.562,124,-1609.7,0.0193,4.4422,,,,,
2,1.5,0.5,16,6,4,0.15,0.048,0.938,17.2,-0.249,-42.1,0.638,0.1549,478.29,137.5,3.478,71,-3386.4,0.021,4.4218,,,,,
2,1.5,0.8,8,6,4,1.0,0.047,0.948,14.8,-0.094,-21.89,0.798,0.4118,210.67,184.69,1.141,136,-3739.2,0.0152,4.4115,,,,,
2,1.2,0.35,12,8,4,0.5,0.049,0.951,6.5,-0.185,-28.86,0.723,0.2465,305.56,138.27,2.21,215,-7409.2,0.0247,4.405,,,,,
2,1.5,0.65,8,6,6,1.0,0.047,0.953,13.4,-0.108,-26.17,0.774,0.4538,197.84,212.32,0.932,130,-4130.6,0.015,4.3991,,,,,
1,1.2,0.35,16,10,8,0.15,0.034,0.556,30.6,-0.01,-0.71,0.986,0.2453,196.15,64.69,3.032,159,-557.7,0.0127,4.3757,,,,,
1,1.2,0.65,16,6,6,0.15,0.039,0.682,30.1,-0.021,-2.07,0.963,0.2899,185.97,78.85,2.358,169,-823.2,0.0204,4.3294,,,,,
2,1.5,0.65,16,8,4,0.15,0.047,0.945,18.8,-0.233,-42.57,0.624,0.1892,373.21,139.58,2.674,74,-3564.4,0.0202,4.3196,,,,,
2,1.5,0.8,12,10,4,0.5,0.046,0.952,14.3,-0.118,-24.25,0.779,0.2692,317.07,150.0,2.114,130,-3880.6,0.0154,4.2972,,,,,
1,1.5,0.5,20,8,4,1.0,0.045,0.885,24.8,-0.12,-10.64,0.818,0.1562,306.25,69.33,4.417,128,-1720.9,0.0208,4.2941,,,,,
1,1.5,0.65,16,4,6,0.3,0.038,0.684,30.4,-0.039,-4.02,0.933,0.25,225.45,80.51,2.8,112,-763.6,0.0176,4.2815,,,,,
1,1.2,0.65,20,8,6,0.15,0.043,0.818,29.0,-0.052,-4.91,0.912,0.2381,215.0,73.63,2.92,168,-1295.4,0.022,4.2772,,,,,
1,1.2,0.35,16,10,10,0.15,0.038,0.703,26.1,-0.037,-2.72,0.946,0.2436,197.7,67.27,2.939,156,-861.8,0.0153,4.2708,,,,,
2,1.5,0.35,16,10,6,0.3,0.046,0.942,20.7,-0.152,-22.68,0.785,0.1923,430.84,130.65,3.298,104,-2940.6,0.0188,4.26,,,,,
2,1.5,0.35,16,6,4,0.15,0.046,0.936,17.7,-0.246,-32.81,0.672,0.1304,515.13,115.0,4.479,69,-2650.2,0.0198,4.2589,,,,,
1,1.5,0.5,20,8,6,1.0,0.043,0.858,24.1,-0.094,-8.6,0.859,0.176,297.73,74.03,4.022,125,-1425.0,0.0172,4.2535,,,,,
1,1.5,0.5,20,10,6,0.5,0.044,0.875,21.9,-0.116,-10.64,0.825,0.1736,289.88,73.75,3.931,121,-1626.3,0.0197,4.2483,,,,,
2,1.5,0.65,20,6,10,0.15,0.044,0.889,25.2,-0.104,-20.65,0.836,0.2174,483.33,160.65,3.009,69,-1811.4,0.0185,4.2311,,,,,
2,1.5,0.65,8,6,6,0.5,0.045,0.955,13.9,-0.111,-26.81,0.767,0.4524,195.13,210.14,0.929,126,-4083.2,0.0138,4.2243,,,,,
1,1.2,0.8,8,6,4,0.15,0.033,0.565,31.5,-0.009,-0.94,0.98,0.4509,102.88,86.18,1.194,173,-646.9,0.0142,4.2214,,,,,
1,1.2,0.5,16,10,10,0.15,0.042,0.841,25.5,-0.073,-6.97,0.887,0.2756,198.55,85.18,2.331,156,-1524.3,0.0167,4.2168,,,,,
1,1.5,0.5,20,4,4,0.5,0.042,0.849,24.2,-0.096,-8.47,0.855,0.1532,325.66,68.93,4.725,124,-1397.2,0.0167,4.1927,,,,,
1,1.2,0.5,16,8,10,0.15,0.041,0.829,25.3,-0.069,-6.61,0.894,0.2739,202.62,85.53,2.369,157,-1477.1,0.0156,4.1771,,,,,
2,1.5,0.35,20,4,8,0.5,0.045,0.953,14.6,-0.158,-24.06,0.791,0.1429,636.29,134.11,4.744,112,-3321.6,0.0167,4.1718,,,,,
2,1.5,0.5,20,10,4,0.5,0.044,0.956,11.0,-0.195,-34.59,0.708,0.1475,568.37,138.94,4.091,122,-4902.6,0.0117,4.1666,,,,,
2,1.2,0.35,16,8,4,0.5,0.045,0.955,7.6,-0.176,-26.78,0.745,0.2056,380.0,132.06,2.877,214,-6928.6,0.0167,4.1653,,,,,
2,1.5,0.65,16,10,4,0.3,0.045,0.951,14.9,-0.174,-33.77,0.707,0.2087,391.32,145.88,2.683,115,-4527.2,0.0178,4.1566,,,,,
1,1.5,0.8,16,8,6,0.3,0.037,0.688,30.7,-0.052,-5.64,0.906,0.2743,198.79,82.93,2.397,113,-953.9,0.0186,4.1522,,,,,
1,1.5,0.5,16,6,8,0.5,0.037,0.693,29.8,-0.043,-4.34,0.931,0.2797,210.98,87.94,2.399,118,-842.9,0.0179,4.1516,,,,,
1,1.2,0.5,16,4,4,0.15,0.039,0.761,30.2,-0.047,-3.99,0.923,0.2289,208.88,67.19,3.109,166,-1127.3,0.0177,4.1457,,,,,
2,1.2,0.5,8,6,4,0.15,0.045,0.952,12.2,-0.105,-19.32,0.804,0.3665,216.77,155.88,1.391,161,-4012.0,0.0183,4.1434,,,,,
2,1.75,0.35,16,6,6,0.15,0.019,0.18,35.1,0.0,0.0,1.0,0.1613,465.0,89.42,5.2,31,-173.6,0.0081,4.1415,,,,,
2,1.5,0.65,12,4,4,0.15,0.045,0.933,19.8,-0.182,-34.12,0.696,0.2297,339.71,145.61,2.333,74,-2939.4,0.0213,4.1398,,,,,
1,1.5,0.65,12,6,10,0.3,0.035,0.675,30.6,-0.043,-5.24,0.922,0.3905,158.84,110.35,1.439,105,-844.0,0.0131,4.108,,,,,
2,1.5,0.35,12,4,4,0.5,0.044,0.953,14.5,-0.165,-25.09,0.759,0.2261,348.62,134.27,2.596,115,-3529.8,0.0153,4.1038,,,,,
2,1.2,0.35,16,4,4,0.15,0.045,0.942,16.2,-0.1,-13.51,0.854,0.1925,409.69,114.42,3.58,161,-3076.2,0.0219,4.1016,,,,,
2,1.5,0.8,12,6,4,0.3,0.045,0.944,18.9,-0.112,-23.06,0.79,0.2672,325.0,150.0,2.167,116,-3324.6,0.0218,4.0979,,,,,
2,1.5,0.65,12,4,4,0.3,0.044,0.952,18.7,-0.133,-26.52,0.769,0.2435,361.61,151.44,2.388,115,-3694.0,0.0162,4.0885,,,,,
2,1.5,0.5,20,10,6,1.0,0.043,0.957,10.5,-0.176,-32.47,0.738,0.1707,534.79,149.26,3.583,123,-4683.2,0.0112,4.0764,,,,,
2,1.5,0.65,12,10,4,1.0,0.044,0.956,13.9,-0.145,-29.31,0.742,0.2612,323.5,154.04,2.1,134,-4678.0,0.0163,4.0745,,,,,
1,1.2,0.35,20,10,6,0.5,0.044,0.947,15.4,-0.133,-10.08,0.817,0.1735,258.7,66.51,3.89,219,-2820.1,0.019,4.0479,,,,,
2,1.2,0.5,16,6,6,0.15,0.043,0.954,14.5,-0.115,-20.09,0.819,0.2407,376.79,145.93,2.582,162,-4162.4,0.0132,4.0453,,,,,
1,1.5,0.8,16,8,8,1.0,0.037,0.704,32.3,-0.036,-4.41,0.937,0.3279,200.94,104.57,1.922,122,-879.1,0.0218,4.0408,,,,,
2,1.5,0.65,8,4,6,0.15,0.044,0.904,21.9,-0.105,-24.32,0.794,0.4384,213.28,209.76,1.017,73,-2183.8,0.026,4.0367,,,,,
1,1.5,0.35,20,4,8,0.5,0.041,0.807,25.6,-0.103,-7.79,0.862,0.1491,327.21,66.49,4.921,114,-1206.7,0.0263,4.0301,,,,,
1,1.5,0.5,12,10,10,1.0,0.031,0.556,32.2,-0.018,-1.95,0.968,0.3852,152.39,98.67,1.545,122,-579.1,0.0157,4.0257,,,,,
2,1.5,0.35,12,4,6,1.0,0.043,0.954,14.5,-0.144,-22.57,0.789,0.2437,347.04,141.67,2.45,119,-3352.2,0.0142,4.0256,,,,,
2,1.5,0.8,16,10,8,0.15,0.044,0.932,24.2,-0.129,-29.71,0.777,0.3043,340.48,191.67,1.776,69,-2436.4,0.0227,4.0184,,,,,
2,1.5,0.65,12,6,4,0.5,0.043,0.956,12.1,-0.148,-29.48,0.735,0.2558,320.38,149.74,2.14,129,-4525.0,0.0146,4.0107,,,,,
2,1.5,0.65,20,4,4,0.15,0.043,0.939,20.3,-0.217,-37.33,0.66,0.1233,588.89,125.39,4.696,73,-3133.8,0.0179,3.9964,,,,,
1,1.5,0.5,16,6,8,0.3,0.035,0.67,31.3,-0.046,-4.64,0.927,0.2762,212.93,87.66,2.429,105,-781.5,0.02,3.9854,,,,,
1,1.2,0.35,16,6,10,0.15,0.032,0.571,31.4,-0.011,-0.8,0.984,0.242,208.55,67.65,3.083,157,-564.6,0.0205,3.9806,,,,,
1,1.5,0.65,12,4,8,0.3,0.035,0.707,31.3,-0.046,-5.42,0.919,0.3491,175.34,102.36,1.713,106,-871.8,0.0149,3.9762,,,,,
1,1.5,0.5,12,4,8,1.0,0.034,0.663,29.2,-0.031,-3.28,0.948,0.3279,181.25,93.29,1.943,122,-741.6,0.0171,3.9676,,,,,
2,1.5,0.5,16,8,10,0.15,0.041,0.891,26.5,-0.118,-22.14,0.82,0.2571,391.67,165.38,2.368,70,-1942.0,0.0172,3.9601,,,,,
2,1.2,0.5,16,8,6,0.15,0.042,0.956,14.0,-0.135,-23.64,0.787,0.2407,362.05,145.93,2.481,162,-4737.4,0.0125,3.9555,,,,,
2,1.5,0.5,16,10,6,0.3,0.043,0.952,16.0,-0.143,-26.91,0.776,0.2294,406.67,155.95,2.608,109,-3543.6,0.018,3.9545,,,,,
1,1.2,0.35,12,4,8,1.0,0.039,0.826,25.2,-0.04,-3.34,0.939,0.2851,180.96,76.84,2.355,228,-1400.9,0.0179,3.9478,,,,,
1,1.5,0.5,16,6,8,1.0,0.036,0.721,28.4,-0.048,-4.82,0.924,0.2787,209.93,87.78,2.391,122,-929.1,0.0192,3.9459,,,,,
1,1.5,0.5,16,8,8,0.5,0.035,0.672,29.3,-0.045,-4.56,0.928,0.2797,210.23,87.94,2.391,118,-867.9,0.0217,3.9454,,,,,
1,1.2,0.5,12,8,6,0.5,0.043,0.938,17.0,-0.089,-9.01,0.846,0.3274,151.19,87.01,1.738,226,-2670.1,0.0217,3.9233,,,,,
1,1.5,0.35,20,4,8,1.0,0.039,0.805,25.8,-0.107,-8.16,0.857,0.1525,320.14,67.25,4.76,118,-1292.9,0.0225,3.9171,,,,,
2,1.75,0.65,16,4,8,0.3,0.037,0.78,26.2,-0.108,-23.89,0.83,0.2444,477.27,186.03,2.566,45,-1327.0,0.0169,3.9106,,,,,
1,1.5,0.35,20,8,4,0.5,0.041,0.87,23.1,-0.135,-9.83,0.817,0.1282,343.33,61.76,5.559,117,-1477.6,0.023,3.9071,,,,,
2,1.75,0.65,16,6,8,0.15,0.017,0.174,33.7,-0.015,-2.5,0.976,0.2333,439.29,136.96,3.207,30,-243.0,0.0112,3.9031,,,,,
2,1.5,0.35,16,10,4,0.3,0.042,0.949,19.0,-0.168,-24.36,0.762,0.1714,455.1,123.56,3.683,105,-3146.2,0.0165,3.8967,,,,,
2,1.5,0.5,16,8,8,0.15,0.041,0.914,23.5,-0.139,-25.71,0.789,0.2429,395.59,160.85,2.459,70,-2192.0,0.0172,3.8903,,,,,
1,1.5,0.5,20,4,4,1.0,0.039,0.855,21.7,-0.097,-8.59,0.853,0.1562,319.38,69.33,4.607,128,-1458.4,0.0165,3.889,,,,,
1,1.2,0.5,20,6,6,0.15,0.04,0.838,25.4,-0.076,-6.55,0.884,0.2012,248.11,70.71,3.509,164,-1534.2,0.0241,3.8843,,,,,
1,1.2,0.5,16,8,6,1.0,0.043,0.951,16.3,-0.109,-10.71,0.822,0.2684,183.87,82.1,2.24,231,-3121.6,0.022,3.8777,,,,,
1,1.5,0.8,8,4,4,1.0,0.031,0.602,30.6,-0.015,-1.75,0.968,0.4118,127.68,92.34,1.383,136,-618.3,0.0162,3.8761,,,,,
1,1.2,0.35,20,8,4,0.5,0.042,0.953,15.9,-0.141,-10.48,0.803,0.1629,261.69,63.45,4.125,221,-2935.4,0.0173,3.8697,,,,,
2,1.5,0.5,16,10,4,0.3,0.042,0.957,13.6,-0.182,-32.73,0.717,0.1982,418.95,144.38,2.902,111,-4254.8,0.0168,3.8662,,,,,
1,1.5,0.35,20,8,6,0.5,0.04,0.868,23.2,-0.133,-9.83,0.821,0.1368,330.47,63.74,5.185,117,-1477.6,0.0205,3.8661,,,,,
1,1.2,0.35,20,10,4,0.5,0.043,0.952,13.8,-0.167,-12.36,0.768,0.1591,257.66,63.45,4.061,220,-3335.4,0.0225,3.8651,,,,,
2,1.5,0.65,8,6,6,0.3,0.042,0.951,18.5,-0.098,-23.23,0.8,0.4425,210.0,208.33,1.008,113,-3257.8,0.0182,3.8569,,,,,
1,1.5,0.8,12,4,8,0.3,0.035,0.72,28.9,-0.044,-5.54,0.92,0.3679,173.4,109.7,1.581,106,-884.3,0.019,3.8551,,,,,
2,1.5,0.5,20,10,4,1.0,0.041,0.959,11.1,-0.2,-35.47,0.701,0.1508,551.61,139.72,3.948,126,-5175.0,0.0124,3.8521,,,,,
1,1.5,0.5,20,10,6,1.0,0.04,0.895,23.1,-0.123,-11.3,0.815,0.176,282.39,74.03,3.815,125,-1762.5,0.0177,3.8405,,,,,
1,1.5,0.5,16,8,8,1.0,0.035,0.709,27.5,-0.052,-5.23,0.917,0.2787,208.46,87.78,2.375,122,-979.1,0.0217,3.834,,,,,
1,1.5,0.8,20,10,4,1.0,0.04,0.909,23.4,-0.111,-11.0,0.811,0.1729,273.37,70.45,3.88,133,-1834.9,0.016,3.8321,,,,,
2,1.5,0.8,20,4,8,0.15,0.041,0.927,23.2,-0.121,-26.09,0.808,0.2029,541.07,170.45,3.174,69,-2186.4,0.0184,3.8288,,,,,
2,1.2,0.35,8,4,4,0.15,0.043,0.934,17.0,-0.074,-10.8,0.881,0.3086,258.01,130.8,1.972,162,-2656.8,0.0273,3.8221,,,,,
2,1.2,0.5,16,8,6,1.0,0.041,0.959,8.1,-0.149,-29.34,0.76,0.2622,354.1,165.63,2.138,225,-7862.2,0.0145,3.8109,,,,,
1,1.2,0.65,20,10,6,0.15,0.039,0.84,28.9,-0.062,-5.88,0.895,0.2381,210.94,73.63,2.865,168,-1457.9,0.0228,3.8069,,,,,
2,1.5,0.35,16,8,8,1.0,0.042,0.955,14.0,-0.158,-25.07,0.776,0.2185,396.8,143.01,2.775,119,-3649.6,0.0205,3.7998,,,,,
2,1.5,0.8,12,10,4,1.0,0.041,0.958,14.1,-0.137,-28.91,0.744,0.2741,306.01,155.36,1.97,135,-4658.6,0.0152,3.7991,,,,,
1,1.5,0.5,12,10,10,0.5,0.029,0.581,30.5,-0.026,-2.78,0.955,0.3761,155.4,98.12,1.584,117,-652.6,0.0147,3.7767,,,,,
2,1.5,0.65,16,10,6,0.15,0.042,0.95,21.9,-0.202,-40.97,0.672,0.25,336.11,166.67,2.017,72,-3353.2,0.0225,3.7743,,,,,
1,1.5,0.65,12,10,8,0.5,0.031,0.617,31.4,-0.031,-3.71,0.944,0.3644,170.06,103.33,1.646,118,-767.9,0.02,3.7557,,,,,
1,1.2,0.5,8,6,6,1.0,0.042,0.935,17.9,-0.069,-7.69,0.868,0.4316,117.45,102.73,1.143,234,-2455.2,0.0259,3.7514,,,,,
2,1.75,0.5,16,6,8,0.15,0.02,0.344,35.3,-0.048,-6.67,0.929,0.2,433.33,116.67,3.714,30,-368.0,0.0084,3.7407,,,,,
2,1.5,0.8,12,6,8,0.15,0.039,0.889,27.2,-0.098,-24.28,0.815,0.3913,274.07,216.07,1.268,69,-2061.4,0.0191,3.7342,,,,,
2,1.2,0.35,16,6,4,1.0,0.04,0.96,6.2,-0.18,-27.65,0.74,0.2072,379.06,133.95,2.83,222,-7381.6,0.0134,3.7317,,,,,
2,1.75,0.5,16,4,6,0.15,0.021,0.381,30.4,-0.072,-9.68,0.896,0.1613,515.0,110.58,4.657,31,-473.6,0.0085,3.7235,,,,,
2,1.75,0.35,16,6,4,0.15,0.016,0.234,33.4,-0.037,-3.91,0.949,0.1562,465.0,90.74,5.124,32,-304.2,0.0068,3.7136,,,,,
2,1.5,0.65,12,8,4,0.5,0.041,0.957,14.5,-0.133,-26.38,0.763,0.2558,332.5,149.74,2.221,129,-4125.0,0.0203,3.6995,,,,,
1,1.2,0.35,16,10,8,0.5,0.039,0.875,25.7,-0.059,-4.75,0.914,0.2489,202.05,73.27,2.758,221,-1668.8,0.023,3.6985,,,,,
2,1.5,0.65,12,6,4,1.0,0.04,0.959,11.5,-0.157,-31.74,0.721,0.2612,314.21,154.04,2.04,134,-5003.0,0.0154,3.6959,,,,,
2,1.5,0.65,20,8,10,0.15,0.039,0.927,24.9,-0.135,-26.81,0.787,0.2174,455.0,160.65,2.832,69,-2236.4,0.0165,3.6712,,,,,
1,1.5,0.5,20,10,4,0.5,0.039,0.907,23.5,-0.139,-12.3,0.789,0.1532,300.66,68.93,4.362,124,-1872.2,0.0196,3.6698,,,,,
1,1.2,0.5,16,6,6,1.0,0.041,0.943,17.8,-0.092,-8.96,0.85,0.2747,184.18,82.1,2.243,233,-2739.9,0.0246,3.6558,,,,,
1,1.2,0.35,16,6,8,0.5,0.038,0.85,30.9,-0.051,-4.11,0.925,0.2523,200.89,73.27,2.742,222,-1534.1,0.0241,3.6541,,,,,
2,1.5,0.35,16,6,8,0.5,0.04,0.96,14.6,-0.17,-26.81,0.758,0.2174,386.67,141.67,2.729,115,-3727.2,0.0176,3.6488,,,,,
2,1.75,0.35,20,6,6,0.15,0.018,0.306,34.8,-0.093,-9.68,0.872,0.129,512.5,87.04,5.888,31,-473.6,0.0093,3.6423,,,,,
1,1.2,0.5,12,6,6,1.0,0.041,0.939,19.4,-0.081,-8.17,0.861,0.3248,156.09,87.18,1.79,234,-2567.7,0.0262,3.6361,,,,,
1,1.5,0.5,12,4,8,0.5,0.031,0.674,29.8,-0.04,-4.13,0.934,0.322,182.24,92.66,1.967,118,-817.9,0.0175,3.6342,,,,,
1,1.2,0.35,16,8,10,0.5,0.04,0.915,25.3,-0.081,-6.62,0.884,0.2466,204.63,75.76,2.701,219,-2063.2,0.0252,3.6304,,,,,
2,1.2,0.35,16,8,6,1.0,0.039,0.961,6.2,-0.191,-29.96,0.728,0.2156,372.23,140.5,2.649,218,-7751.0,0.014,3.6207,,,,,
2,1.5,0.35,12,4,4,1.0,0.039,0.96,14.3,-0.166,-25.51,0.757,0.2269,350.53,135.87,2.58,119,-3702.2,0.0142,3.6186,,,,,
2,1.5,0.35,16,8,8,0.5,0.039,0.958,14.0,-0.15,-23.77,0.786,0.2174,400.67,141.67,2.828,115,-3377.2,0.0154,3.6,,,,,
1,1.5,0.8,16,6,6,0.5,0.035,0.798,29.6,-0.061,-6.65,0.891,0.2778,195.71,84.48,2.317,126,-1190.3,0.0203,3.5944,,,,,
1,1.5,0.5,12,8,10,0.5,0.028,0.598,31.1,-0.028,-2.99,0.951,0.3761,154.83,98.12,1.578,117,-677.6,0.0167,3.5876,,,,,
1,1.2,0.35,16,8,8,0.5,0.038,0.883,25.3,-0.066,-5.29,0.904,0.2477,200.91,73.2,2.745,222,-1796.6,0.023,3.5761,,,,,
1,1.2,0.5,8,4,6,0.15,0.035,0.816,26.3,-0.06,-5.98,0.891,0.3939,123.65,90.25,1.37,165,-1449.5,0.0191,3.564,,,,,
2,1.75,0.8,16,4,8,0.15,0.018,0.346,30.6,-0.049,-10.0,0.919,0.2333,489.29,161.96,3.021,30,-468.0,0.0078,3.5522,,,,,
2,1.5,0.65,20,6,6,0.15,0.039,0.935,19.2,-0.179,-33.8,0.723,0.169,522.92,147.03,3.556,71,-2797.6,0.0221,3.5354,,,,,
1,1.5,0.8,16,4,4,0.15,0.025,0.55,31.7,-0.056,-5.33,0.9,0.2133,224.22,67.58,3.318,75,-610.0,0.0143,3.4881,,,,,
1,1.2,0.5,12,4,4,0.15,0.032,0.765,29.1,-0.054,-4.72,0.906,0.2874,157.55,70.17,2.245,167,-1255.1,0.0189,3.4301,,,,,
1,1.2,0.35,16,6,10,0.5,0.037,0.904,26.1,-0.07,-5.71,0.899,0.2511,203.41,75.84,2.682,219,-1863.2,0.0224,3.4293,,,,,
1,1.5,0.8,16,6,10,0.15,0.018,0.368,35.2,-0.017,-1.99,0.97,0.3333,195.65,100.82,1.941,69,-330.7,0.0111,3.4202,,,,,
2,1.75,0.35,16,4,8,0.15,0.011,0.163,35.6,-0.03,-3.57,0.959,0.1786,470.0,106.52,4.412,28,-256.8,0.008,3.4186,,,,,
1,1.5,0.35,20,8,4,1.0,0.036,0.882,23.1,-0.143,-10.54,0.806,0.1322,331.25,62.62,5.29,121,-1613.8,0.0221,3.4037,,,,,
1,1.5,0.5,16,4,10,0.15,0.017,0.335,34.9,-0.023,-2.14,0.965,0.2571,230.56,82.69,2.788,70,-346.0,0.012,3.4033,,,,,
1,1.5,0.8,12,6,10,0.3,0.03,0.75,29.9,-0.057,-7.62,0.893,0.4095,154.94,120.36,1.287,105,-1094.0,0.013,3.4005,,,,,
2,1.75,0.35,8,4,6,0.15,0.007,0.036,33.0,0.076,9.68,1.141,0.4194,186.54,118.06,1.58,31,126.4,0.0088,3.3957,,,,,
1,1.5,0.35,16,4,10,0.5,0.027,0.666,34.1,-0.056,-4.46,0.92,0.2321,222.6,73.11,3.045,112,-813.6,0.0118,3.3844,,,,,
2,1.75,0.5,16,4,4,0.15,0.018,0.413,32.9,-0.099,-13.28,0.858,0.1562,515.0,111.11,4.635,32,-604.2,0.0065,3.3764,,,,,
1,1.5,0.5,16,10,8,0.5,0.029,0.708,33.5,-0.053,-5.4,0.915,0.2797,207.2,87.94,2.356,118,-967.9,0.0164,3.3606,,,,,
1,1.5,0.35,20,8,6,1.0,0.035,0.879,23.1,-0.141,-10.54,0.81,0.1405,319.85,64.54,4.956,121,-1613.8,0.0204,3.3493,,,,,
1,1.2,0.35,12,6,10,0.5,0.034,0.879,26.6,-0.058,-4.86,0.913,0.2986,170.83,79.68,2.144,221,-1693.8,0.016,3.3417,,,,,
1,1.2,0.8,12,6,4,0.15,0.025,0.609,30.4,-0.023,-2.24,0.954,0.3237,142.86,71.69,1.993,173,-871.9,0.0129,3.3392,,,,,
2,1.5,0.35,12,10,10,1.0,0.036,0.963,12.4,-0.159,-26.48,0.762,0.2845,297.82,155.42,1.916,116,-3721.6,0.0135,3.3331,,,,,
2,1.5,0.65,12,8,4,1.0,0.037,0.963,12.4,-0.146,-29.5,0.741,0.2612,322.78,154.04,2.095,134,-4703.0,0.0184,3.3321,,,,,
1,1.2,0.8,16,8,4,0.15,0.027,0.653,30.1,-0.024,-2.25,0.954,0.2616,177.5,65.94,2.692,172,-869.1,0.0168,3.3239,,,,,
2,1.2,0.35,20,10,6,0.15,0.036,0.964,11.5,-0.203,-27.98,0.719,0.1688,423.72,119.73,3.539,154,-5165.0,0.0138,3.3238,,,,,
1,1.2,0.35,16,10,10,0.5,0.036,0.906,23.4,-0.082,-6.71,0.882,0.2477,203.24,75.84,2.68,218,-2072.9,0.0227,3.3192,,,,,
2,1.2,0.35,12,10,6,0.15,0.036,0.964,13.8,-0.155,-22.78,0.765,0.2662,279.07,132.3,2.109,154,-4365.0,0.0145,3.3091,,,,,
1,1.5,0.5,16,4,6,0.3,0.027,0.712,30.1,-0.068,-6.42,0.893,0.2294,234.0,77.98,3.001,109,-1005.2,0.0101,3.2804,,,,,
1,1.5,0.8,16,6,4,0.3,0.029,0.738,30.9,-0.06,-6.03,0.891,0.2414,204.02,72.87,2.8,116,-1024.8,0.0164,3.272,,,,,
1,1.5,0.35,20,10,8,0.5,0.034,0.881,23.7,-0.155,-11.73,0.793,0.1491,300.74,66.49,4.523,114,-1656.7,0.0192,3.2709,,,,,
2,1.5,0.65,12,6,10,0.15,0.033,0.852,25.8,-0.078,-18.12,0.858,0.3913,280.56,210.12,1.335,69,-1636.4,0.0187,3.27,,,,,
2,1.5,0.35,16,6,8,1.0,0.036,0.963,13.7,-0.174,-27.59,0.753,0.2185,385.26,143.01,2.694,119,-3949.6,0.0171,3.2617,,,,,
2,1.5,0.35,20,4,6,0.5,0.035,0.962,12.9,-0.181,-26.91,0.759,0.1304,650.37,128.5,5.061,115,-3738.4,0.0125,3.258,,,,,
1,1.5,0.5,16,10,8,1.0,0.029,0.738,29.5,-0.062,-6.25,0.901,0.2787,204.78,87.78,2.333,122,-1104.1,0.0176,3.2478,,,,,
1,1.2,0.35,12,6,8,0.5,0.032,0.826,30.7,-0.046,-3.81,0.93,0.287,176.56,76.42,2.311,223,-1474.4,0.0189,3.2477,,,,,
1,1.2,0.35,20,10,6,1.0,0.036,0.963,16.8,-0.166,-12.64,0.773,0.1652,260.96,66.78,3.908,224,-3459.1,0.018,3.2427,,,,,
1,1.5,0.65,16,4,4,0.5,0.032,0.853,28.1,-0.082,-7.95,0.859,0.2171,222.32,71.78,3.097,129,-1386.2,0.0155,3.2347,,,,,
2,1.2,0.35,12,8,6,1.0,0.035,0.965,6.0,-0.203,-32.56,0.703,0.2511,306.72,146.34,2.096,219,-8356.6,0.0136,3.2286,,,,,
1,1.2,0.35,12,6,10,0.15,0.02,0.495,33.5,-0.006,-0.47,0.991,0.3082,161.73,72.73,2.224,159,-520.2,0.0113,3.2284,,,,,
2,1.5,0.35,12,10,8,0.5,0.034,0.963,11.6,-0.173,-28.26,0.742,0.2719,299.29,150.6,1.987,114,-3860.4,0.0096,3.2161,,,,,
2,1.2,0.5,12,8,6,0.15,0.035,0.965,13.1,-0.142,-26.11,0.76,0.3129,264.6,158.48,1.67,163,-5168.0,0.0143,3.2131,,,,,
2,1.5,0.35,16,8,6,0.5,0.035,0.963,13.8,-0.178,-27.19,0.748,0.1949,414.86,134.21,3.091,118,-3869.0,0.0149,3.2088,,,,,
1,1.5,0.8,12,4,4,0.5,0.029,0.77,29.7,-0.053,-5.48,0.9,0.2692,183.21,75.0,2.443,130,-1076.5,0.016,3.1829,,,,,
2,1.2,0.35,16,8,4,1.0,0.035,0.965,6.9,-0.203,-30.96,0.709,0.2009,376.02,133.29,2.821,219,-8006.6,0.0159,3.1822,,,,,
2,1.5,0.8,16,10,6,0.15,0.035,0.949,20.1,-0.172,-36.15,0.699,0.2568,327.63,161.82,2.025,74,-3089.4,0.0184,3.1806,,,,,
1,1.5,0.65,12,10,8,1.0,0.026,0.665,29.5,-0.038,-4.51,0.932,0.3689,166.39,104.38,1.594,122,-891.6,0.0174,3.1781,,,,,
2,1.75,0.65,20,4,8,0.15,0.015,0.372,36.1,-0.087,-14.17,0.867,0.1667,555.0,128.0,4.336,30,-593.0,0.0086,3.1677,,,,,
1,1.5,0.5,16,4,6,0.5,0.03,0.798,28.7,-0.077,-7.27,0.878,0.2295,229.02,77.66,2.949,122,-1229.1,0.0175,3.1653,,,,,
2,1.5,0.8,12,6,6,0.15,0.034,0.911,21.8,-0.11,-24.66,0.791,0.3514,265.38,181.77,1.46,74,-2239.4,0.0206,3.1524,,,,,
2,1.5,0.35,20,4,4,0.5,0.034,0.963,12.6,-0.189,-27.78,0.746,0.1217,670.04,124.5,5.382,115,-3838.4,0.0129,3.1512,,,,,
2,1.5,0.65,8,6,4,0.5,0.034,0.966,13.4,-0.143,-31.37,0.713,0.3846,202.45,177.5,1.141,130,-4805.6,0.0126,3.1474,,,,,
2,1.2,0.65,12,8,4,0.15,0.034,0.965,11.0,-0.127,-23.98,0.765,0.2934,265.71,144.28,1.842,167,-4940.4,0.0139,3.1252,,,,,
2,1.75,0.35,8,4,4,0.15,0.005,0.065,33.4,0.043,5.47,1.078,0.4062,186.54,118.42,1.575,32,-4.2,0.0085,3.1207,,,,,
2,1.5,0.5,12,8,6,0.5,0.033,0.967,11.8,-0.175,-33.83,0.715,0.2705,313.56,162.64,1.928,122,-4810.8,0.0092,3.1162,,,,,
1,1.2,0.35,12,10,8,0.5,0.031,0.868,26.7,-0.054,-4.41,0.919,0.2851,175.99,76.34,2.305,221,-1593.8,0.0149,3.1051,,,,,
2,1.2,0.5,12,8,6,0.5,0.035,0.965,10.0,-0.128,-26.03,0.782,0.3182,292.74,174.79,1.675,220,-6959.2,0.0203,3.0938,,,,,
1,1.5,0.65,12,6,8,1.0,0.025,0.672,30.7,-0.039,-4.71,0.928,0.377,162.23,105.76,1.534,122,-916.6,0.0169,3.0714,,,,,
2,1.5,0.35,16,8,8,0.15,0.032,0.908,25.1,-0.169,-23.9,0.767,0.1912,411.54,126.82,3.245,68,-2005.8,0.0163,3.0543,,,,,
1,1.5,0.65,16,6,10,0.15,0.015,0.401,38.7,-0.035,-3.8,0.942,0.3043,201.19,93.49,2.152,69,-455.7,0.0102,3.0487,,,,,
2,1.5,0.35,16,8,4,0.5,0.033,0.965,12.3,-0.197,-29.52,0.721,0.178,429.37,128.87,3.332,118,-4144.0,0.0129,3.0478,,,,,
2,1.2,0.5,12,8,4,0.15,0.033,0.965,13.0,-0.139,-23.96,0.761,0.2866,266.38,140.6,1.895,164,-4848.6,0.0137,3.0321,,,,,
1,1.5,0.65,8,4,6,0.5,0.025,0.687,29.5,-0.041,-4.96,0.914,0.4524,116.23,105.07,1.106,126,-977.8,0.0169,3.0269,,,,,
1,1.5,0.35,20,4,6,1.0,0.031,0.846,25.5,-0.129,-9.61,0.827,0.1405,326.47,64.54,5.058,121,-1501.3,0.0227,3.0148,,,,,
1,1.5,0.35,16,4,10,0.15,0.014,0.379,36.4,-0.054,-3.86,0.926,0.2059,233.04,65.28,3.57,68,-452.9,0.0106,3.0084,,,,,
1,1.75,0.5,16,4,8,0.15,0.001,0.025,43.0,0.024,1.67,1.036,0.2,241.67,58.33,4.143,30,-34.0,0.001,3.002,,,,,
1,1.75,0.35,8,4,4,0.15,0.0,0.0,45.0,0.043,2.73,1.078,0.4062,93.27,59.21,1.575,32,-2.1,0.0,3.0,,,,,
1,1.75,0.35,8,4,6,0.15,0.0,0.0,45.0,0.076,4.84,1.141,0.4194,93.27,59.03,1.58,31,63.2,0.0,3.0,,,,,
1,1.75,0.65,16,4,8,0.15,0.0,0.0,45.0,0.054,4.58,1.087,0.2333,244.64,68.48,3.573,30,53.5,0.0,3.0,,,,,
2,1.5,0.5,12,6,6,1.0,0.032,0.968,12.0,-0.165,-32.16,0.729,0.2778,311.35,164.29,1.895,126,-4758.2,0.0101,2.9978,,,,,
1,1.75,0.35,8,6,6,0.15,0.0,0.001,45.0,-0.089,-5.65,0.835,0.4194,68.27,59.03,1.157,31,-261.8,0.0,2.997,,,,,
1,1.75,0.65,16,6,8,0.15,0.0,0.001,45.0,-0.015,-1.25,0.976,0.2333,219.64,68.48,3.207,30,-121.5,0.0,2.997,,,,,
1,1.75,0.35,16,4,6,0.15,0.0,0.003,45.0,0.076,4.03,1.108,0.1613,257.5,44.71,5.759,31,38.2,0.0,2.991,,,,,
1,2.0,0.65,8,4,4,0.5,0.0,0.004,45.0,-0.14,-15.0,0.718,0.35,108.93,81.73,1.333,20,-356.0,0.0,2.988,,,,,
1,2.0,0.65,8,4,4,1.0,0.0,0.004,45.0,-0.14,-15.0,0.718,0.35,108.93,81.73,1.333,20,-356.0,0.0,2.988,,,,,
1,2.0,0.5,8,4,4,0.5,0.0,0.005,45.0,-0.232,-23.75,0.591,0.3,114.58,83.04,1.38,20,-531.0,0.0,2.985,,,,,
1,2.0,0.5,8,4,4,1.0,0.0,0.005,45.0,-0.232,-23.75,0.591,0.3,114.58,83.04,1.38,20,-531.0,0.0,2.985,,,,,
1,1.75,0.35,8,6,4,0.15,0.0,0.006,45.0,-0.117,-7.42,0.789,0.4062,68.27,59.21,1.153,32,-327.1,0.0,2.982,,,,,
1,1.75,0.35,16,4,4,0.15,0.0,0.006,45.0,0.037,1.95,1.051,0.1562,257.5,45.37,5.676,32,-27.1,0.0,2.982,,,,,
1,1.75,0.35,16,6,6,0.15,0.0,0.006,45.0,0.0,0.0,1.0,0.1613,232.5,44.71,5.2,31,-86.8,0.0,2.982,,,,,
1,1.2,0.35,20,8,4,1.0,0.033,0.965,13.2,-0.177,-13.13,0.757,0.1549,263.45,63.81,4.129,226,-3599.4,0.0164,2.979,,,,,
1,1.5,0.65,8,4,6,1.0,0.024,0.69,29.1,-0.037,-4.52,0.922,0.4538,117.8,106.16,1.11,130,-951.5,0.0141,2.9765,,,,,
1,1.75,0.35,16,4,8,0.15,0.0,0.008,45.0,-0.03,-1.79,0.959,0.1786,235.0,53.26,4.412,28,-128.4,0.0,2.976,,,,,
1,1.75,0.65,8,4,4,0.15,0.0,0.008,45.0,-0.092,-7.72,0.824,0.3824,94.23,70.83,1.33,34,-357.7,0.0,2.976,,,,,
1,2.0,0.65,8,4,6,0.5,0.0,0.008,45.0,-0.194,-22.5,0.629,0.35,108.93,93.27,1.168,20,-506.0,0.0,2.976,,,,,
1,2.0,0.65,8,4,6,1.0,0.0,0.008,45.0,-0.194,-22.5,0.629,0.35,108.93,93.27,1.168,20,-506.0,0.0,2.976,,,,,
1,1.75,0.35,16,6,4,0.15,0.0,0.009,45.0,-0.037,-1.95,0.949,0.1562,232.5,45.37,5.124,32,-152.1,0.0,2.973,,,,,
1,1.75,0.35,16,6,8,0.15,0.0,0.01,45.0,-0.106,-6.25,0.857,0.1786,210.0,53.26,3.943,28,-253.4,0.0,2.97,,,,,
1,1.75,0.65,16,4,10,0.15,0.0,0.01,45.0,-0.118,-11.11,0.827,0.2222,239.58,82.74,2.896,27,-375.6,0.0,2.97,,,,,
2,1.5,0.35,16,8,6,1.0,0.033,0.967,14.3,-0.184,-28.35,0.74,0.1967,410.07,135.71,3.022,122,-4141.4,0.0167,2.9661,,,,,
2,1.2,0.35,16,10,6,0.15,0.032,0.967,11.8,-0.178,-25.22,0.744,0.2078,352.87,124.39,2.837,154,-4740.0,0.0119,2.9655,,,,,
1,2.0,0.5,8,4,6,0.5,0.0,0.012,45.0,-0.276,-30.0,0.534,0.3,114.58,91.96,1.246,20,-656.0,0.0,2.964,,,,,
1,2.0,0.5,8,4,6,1.0,0.0,0.012,45.0,-0.276,-30.0,0.534,0.3,114.58,91.96,1.246,20,-656.0,0.0,2.964,,,,,
1,2.0,0.65,8,6,4,0.5,0.0,0.012,45.0,-0.222,-23.75,0.553,0.35,83.93,81.73,1.027,20,-531.0,0.0,2.964,,,,,
1,2.0,0.65,8,6,4,1.0,0.0,0.012,45.0,-0.222,-23.75,0.553,0.35,83.93,81.73,1.027,20,-531.0,0.0,2.964,,,,,
1,2.0,0.8,8,4,4,0.5,0.0,0.012,45.0,-0.161,-18.12,0.678,0.35,108.93,86.54,1.259,20,-418.5,0.0,2.964,,,,,
1,2.0,0.8,8,4,4,1.0,0.0,0.012,45.0,-0.161,-18.12,0.678,0.35,108.93,86.54,1.259,20,-418.5,0.0,2.964,,,,,
1,1.75,0.35,16,8,4,0.15,0.0,0.013,45.0,-0.11,-5.86,0.847,0.1562,207.5,45.37,4.573,32,-277.1,0.0,2.961,,,,,
1,1.75,0.35,16,8,6,0.15,0.0,0.013,45.0,-0.076,-4.03,0.892,0.1613,207.5,44.71,4.641,31,-211.8,0.0,2.961,,,,,
1,1.75,0.5,8,4,6,0.15,0.0,0.013,45.0,-0.077,-6.05,0.861,0.3871,96.88,71.05,1.363,31,-274.3,0.0,2.961,,,,,
1,1.5,0.35,20,4,4,0.5,0.03,0.852,24.9,-0.133,-9.72,0.819,0.1282,344.17,61.76,5.572,117,-1465.1,0.0197,2.9599,,,,,
1,1.75,0.65,16,8,8,0.15,0.0,0.014,45.0,-0.084,-7.08,0.865,0.2333,194.64,68.48,2.842,30,-296.5,0.0,2.958,,,,,
1,2.0,0.8,8,4,6,0.5,0.0,0.014,45.0,-0.211,-25.63,0.598,0.35,108.93,98.08,1.111,20,-568.5,0.0,2.958,,,,,
1,2.0,0.8,8,4,6,1.0,0.0,0.014,45.0,-0.211,-25.63,0.598,0.35,108.93,98.08,1.111,20,-568.5,0.0,2.958,,,,,
2,1.5,0.35,16,8,4,1.0,0.033,0.966,12.0,-0.202,-30.6,0.714,0.1803,423.49,130.5,3.245,122,-4416.4,0.0174,2.9556,,,,,
1,1.75,0.35,12,8,6,0.15,0.0,0.015,45.0,-0.097,-5.24,0.859,0.1935,164.58,46.0,3.578,31,-249.3,0.0,2.955,,,,,
1,1.75,0.35,12,8,8,0.15,0.0,0.015,45.0,-0.2,-12.05,0.722,0.2143,145.83,55.11,2.646,28,-415.9,0.0,2.955,,,,,
1,1.75,0.35,16,4,10,0.15,0.0,0.015,45.0,-0.087,-5.36,0.887,0.1786,235.0,57.61,4.079,28,-228.4,0.0,2.955,,,,,
1,1.75,0.35,16,8,8,0.15,0.0,0.015,45.0,-0.181,-10.71,0.755,0.1786,185.0,53.26,3.473,28,-378.4,0.0,2.955,,,,,
1,1.75,0.35,20,4,6,0.15,0.0,0.015,45.0,-0.031,-1.61,0.957,0.129,281.25,43.52,6.463,31,-136.8,0.0,2.955,,,,,
2,1.5,0.65,8,4,4,0.15,0.032,0.933,22.0,-0.143,-29.0,0.732,0.3467,228.85,165.82,1.38,75,-2595.0,0.0175,2.9543,,,,,
2,1.5,0.35,12,10,10,0.5,0.032,0.966,12.2,-0.167,-27.68,0.751,0.2793,299.29,154.38,1.939,111,-3693.6,0.0126,2.9533,,,,,
1,1.75,0.35,12,4,6,0.15,0.0,0.016,45.0,-0.171,-9.27,0.75,0.1935,143.75,46.0,3.125,31,-374.3,0.0,2.952,,,,,
1,1.75,0.35,16,6,10,0.15,0.0,0.017,45.0,-0.159,-9.82,0.792,0.1786,210.0,57.61,3.645,28,-353.4,0.0,2.949,,,,,
1,1.75,0.35,16,10,6,0.15,0.0,0.017,45.0,-0.152,-8.06,0.785,0.1613,182.5,44.71,4.082,31,-336.8,0.0,2.949,,,,,
1,1.75,0.65,12,8,8,0.15,0.0,0.017,45.0,-0.096,-8.33,0.84,0.2667,164.06,71.02,2.31,30,-334.0,0.0,2.949,,,,,
1,2.0,0.65,12,4,4,0.5,0.0,0.017,45.0,-0.307,-28.75,0.483,0.15,179.17,65.44,2.738,20,-631.0,0.0,2.949,,,,,
1,2.0,0.65,12,4,4,1.0,0.0,0.017,45.0,-0.307,-28.75,0.483,0.15,179.17,65.44,2.738,20,-631.0,0.0,2.949,,,,,
1,1.75,0.35,20,6,6,0.15,0.0,0.018,45.0,-0.093,-4.84,0.872,0.129,256.25,43.52,5.888,31,-236.8,0.0,2.946,,,,,
1,2.0,0.65,8,6,6,0.5,0.0,0.018,45.0,-0.269,-31.25,0.485,0.35,83.93,93.27,0.9,20,-681.0,0.0,2.946,,,,,
1,2.0,0.65,8,6,6,1.0,0.0,0.018,45.0,-0.269,-31.25,0.485,0.35,83.93,93.27,0.9,20,-681.0,0.0,2.946,,,,,
1,2.0,0.5,8,6,4,0.5,0.0,0.019,45.0,-0.305,-31.25,0.462,0.3,89.58,83.04,1.079,20,-681.0,0.0,2.943,,,,,
1,2.0,0.5,8,6,4,1.0,0.0,0.019,45.0,-0.305,-31.25,0.462,0.3,89.58,83.04,1.079,20,-681.0,0.0,2.943,,,,,
1,1.75,0.35,12,8,4,0.15,0.0,0.02,45.0,-0.129,-7.03,0.814,0.1875,164.58,46.63,3.529,32,-314.6,0.0,2.94,,,,,
1,1.75,0.35,16,10,8,0.15,0.0,0.02,45.0,-0.257,-15.18,0.653,0.1786,160.0,53.26,3.004,28,-503.4,0.0,2.94,,,,,
1,1.75,0.5,8,4,4,0.15,0.0,0.02,45.0,-0.101,-7.81,0.823,0.375,96.88,70.62,1.372,32,-339.6,0.0,2.94,,,,,
1,1.75,0.65,16,10,8,0.15,0.0,0.02,45.0,-0.133,-11.25,0.786,0.2333,176.79,68.48,2.582,30,-421.5,0.0,2.94,,,,,
1,2.0,0.8,8,6,4,0.5,0.0,0.02,45.0,-0.239,-26.88,0.522,0.35,83.93,86.54,0.97,20,-593.5,0.0,2.94,,,,,
1,2.0,0.8,8,6,4,1.0,0.0,0.02,45.0,-0.239,-26.88,0.522,0.35,83.93,86.54,0.97,20,-593.5,0.0,2.94,,,,,
1,1.5,0.5,20,10,4,1.0,0.031,0.926,23.2,-0.146,-12.89,0.78,0.1562,291.88,69.33,4.21,128,-2008.4,0.0145,2.9383,,,,,
1,1.5,0.35,20,4,6,0.5,0.029,0.838,24.1,-0.125,-9.29,0.831,0.1368,334.38,63.74,5.246,117,-1415.1,0.0181,2.9373,,,,,
1,1.75,0.35,16,8,10,0.15,0.0,0.022,45.0,-0.231,-14.29,0.698,0.1786,185.0,57.61,3.211,28,-478.4,0.0,2.934,,,,,
1,1.75,0.8,16,4,8,0.15,0.0,0.022,45.0,-0.049,-5.0,0.919,0.2333,244.64,80.98,3.021,30,-234.0,0.0,2.934,,,,,
1,1.75,0.65,20,4,8,0.15,0.0,0.023,45.0,-0.087,-7.08,0.867,0.1667,277.5,64.0,4.336,30,-296.5,0.0,2.931,,,,,
1,1.75,0.35,16,10,4,0.15,0.0,0.024,45.0,-0.183,-9.77,0.745,0.1562,182.5,45.37,4.022,32,-402.1,0.0,2.928,,,,,
2,1.5,0.35,20,4,6,1.0,0.032,0.965,12.9,-0.182,-27.26,0.758,0.1345,634.72,130.1,4.879,119,-3910.8,0.0141,2.927,,,,,
1,1.75,0.35,12,10,6,0.15,0.0,0.025,45.0,-0.186,-10.08,0.728,0.1935,139.58,46.0,3.034,31,-399.3,0.0,2.925,,,,,
1,1.75,0.35,12,4,8,0.15,0.0,0.026,45.0,-0.274,-16.52,0.619,0.2143,125.0,55.11,2.268,28,-540.9,0.0,2.922,,,,,
1,1.75,0.35,20,8,6,0.15,0.0,0.026,45.0,-0.155,-8.06,0.787,0.129,231.25,43.52,5.314,31,-336.8,0.0,2.922,,,,,
1,1.75,0.65,16,6,10,0.15,0.0,0.026,45.0,-0.177,-16.67,0.741,0.2222,214.58,82.74,2.594,27,-525.6,0.0,2.922,,,,,
1,1.75,0.65,12,6,8,0.15,0.0,0.027,45.0,-0.183,-15.83,0.696,0.2667,135.94,71.02,1.914,30,-559.0,0.0,2.919,,,,,
1,1.5,0.8,16,8,4,0.3,0.024,0.724,31.0,-0.065,-6.57,0.881,0.2414,201.79,72.87,2.769,116,-1087.3,0.0119,2.9173,,,,,
1,1.75,0.65,12,10,8,0.15,0.0,0.028,45.0,-0.154,-13.33,0.744,0.2667,145.31,71.02,2.046,30,-484.0,0.0,2.916,,,,,
1,1.75,0.35,12,8,10,0.15,0.0,0.029,45.0,-0.248,-15.62,0.667,0.2143,145.83,59.66,2.444,28,-515.9,0.0,2.913,,,,,
1,1.75,0.35,20,4,4,0.15,0.0,0.031,45.0,-0.067,-3.52,0.909,0.125,281.25,44.2,6.364,32,-202.1,0.0,2.907,,,,,
1,1.75,0.35,12,4,4,0.15,0.0,0.032,45.0,-0.201,-10.94,0.711,0.1875,143.75,46.63,3.082,32,-439.6,0.0,2.904,,,,,
1,1.75,0.35,20,10,6,0.15,0.0,0.032,45.0,-0.216,-11.29,0.702,0.129,206.25,43.52,4.739,31,-436.8,0.0,2.904,,,,,
1,1.75,0.5,16,6,8,0.15,0.0,0.032,45.0,-0.048,-3.33,0.929,0.2,216.67,58.33,3.714,30,-184.0,0.0,2.904,,,,,
1,2.0,0.65,16,4,4,0.5,0.0,0.032,45.0,-0.384,-35.0,0.378,0.1,212.5,62.5,3.4,20,-756.0,0.0,2.904,,,,,
1,2.0,0.65,16,4,4,1.0,0.0,0.032,45.0,-0.384,-35.0,0.378,0.1,212.5,62.5,3.4,20,-756.0,0.0,2.904,,,,,
1,1.75,0.35,20,6,4,0.15,0.0,0.034,45.0,-0.126,-6.64,0.828,0.125,256.25,44.2,5.798,32,-302.1,0.0,2.898,,,,,
1,2.0,0.65,12,6,4,0.5,0.0,0.034,45.0,-0.347,-32.5,0.416,0.15,154.17,65.44,2.356,20,-706.0,0.0,2.898,,,,,
1,2.0,0.65,12,6,4,1.0,0.0,0.034,45.0,-0.347,-32.5,0.416,0.15,154.17,65.44,2.356,20,-706.0,0.0,2.898,,,,,
1,1.75,0.35,12,6,6,0.15,0.0,0.035,45.0,-0.261,-14.11,0.62,0.1935,118.75,46.0,2.582,31,-524.3,0.0,2.895,,,,,
1,2.0,0.65,12,4,6,0.5,0.0,0.035,45.0,-0.357,-36.25,0.426,0.15,179.17,74.26,2.413,20,-781.0,0.0,2.895,,,,,
1,2.0,0.65,12,4,6,1.0,0.0,0.035,45.0,-0.357,-36.25,0.426,0.15,179.17,74.26,2.413,20,-781.0,0.0,2.895,,,,,
2,1.75,0.35,20,6,4,0.15,0.012,0.371,35.9,-0.126,-13.28,0.828,0.125,512.5,88.39,5.798,32,-604.2,0.008,2.8902,,,,,
1,1.75,0.35,12,10,4,0.15,0.0,0.037,45.0,-0.215,-11.72,0.691,0.1875,139.58,46.63,2.993,32,-464.6,0.0,2.889,,,,,
1,1.75,0.35,12,10,8,0.15,0.0,0.037,45.0,-0.288,-17.41,0.598,0.2143,120.83,55.11,2.192,28,-565.9,0.0,2.889,,,,,
1,1.75,0.5,16,4,6,0.15,0.0,0.039,45.0,-0.072,-4.84,0.896,0.1613,257.5,55.29,4.657,31,-236.8,0.0,2.883,,,,,
1,1.75,0.65,8,4,6,0.15,0.0,0.039,45.0,-0.133,-12.5,0.75,0.3871,96.88,81.58,1.188,31,-474.3,0.0,2.883,,,,,
1,1.75,0.35,20,8,4,0.15,0.0,0.04,45.0,-0.186,-9.77,0.747,0.125,231.25,44.2,5.232,32,-402.1,0.0,2.88,,,,,
1,2.0,0.5,12,4,4,0.5,0.0,0.04,45.0,-0.356,-33.12,0.448,0.15,179.17,70.59,2.538,20,-718.5,0.0,2.88,,,,,
1,2.0,0.5,12,4,4,1.0,0.0,0.04,45.0,-0.356,-33.12,0.448,0.15,179.17,70.59,2.538,20,-718.5,0.0,2.88,,,,,
1,2.0,0.5,8,6,6,0.5,0.0,0.041,45.0,-0.345,-37.5,0.417,0.3,89.58,91.96,0.974,20,-806.0,0.0,2.877,,,,,
1,2.0,0.5,8,6,6,1.0,0.0,0.041,45.0,-0.345,-37.5,0.417,0.3,89.58,91.96,0.974,20,-806.0,0.0,2.877,,,,,
1,1.5,0.35,20,4,4,1.0,0.03,0.866,24.2,-0.136,-10.02,0.816,0.1322,335.16,62.62,5.352,121,-1551.3,0.0218,2.8765,,,,,
1,1.75,0.35,12,6,8,0.15,0.0,0.042,45.0,-0.362,-21.88,0.495,0.2143,100.0,55.11,1.814,28,-690.9,0.0,2.874,,,,,
1,2.0,0.8,12,4,4,0.5,0.0,0.043,45.0,-0.323,-31.88,0.457,0.15,179.17,69.12,2.592,20,-693.5,0.0,2.871,,,,,
1,2.0,0.8,12,4,4,1.0,0.0,0.043,45.0,-0.323,-31.88,0.457,0.15,179.17,69.12,2.592,20,-693.5,0.0,2.871,,,,,
1,1.75,0.65,20,6,8,0.15,0.0,0.044,45.0,-0.138,-11.25,0.789,0.1667,252.5,64.0,3.945,30,-421.5,0.0,2.868,,,,,
1,2.0,0.8,8,6,6,0.5,0.0,0.044,45.0,-0.283,-34.38,0.461,0.35,83.93,98.08,0.856,20,-743.5,0.0,2.868,,,,,
1,2.0,0.8,8,6,6,1.0,0.0,0.044,45.0,-0.283,-34.38,0.461,0.35,83.93,98.08,0.856,20,-743.5,0.0,2.868,,,,,
1,1.75,0.35,16,10,10,0.15,0.0,0.045,45.0,-0.303,-18.75,0.604,0.1786,160.0,57.61,2.777,28,-603.4,0.0,2.865,,,,,
1,2.0,0.65,12,8,4,0.5,0.0,0.045,45.0,-0.387,-36.25,0.348,0.15,129.17,65.44,1.974,20,-781.0,0.0,2.865,,,,,
1,2.0,0.65,12,8,4,1.0,0.0,0.045,45.0,-0.387,-36.25,0.348,0.15,129.17,65.44,1.974,20,-781.0,0.0,2.865,,,,,
1,1.2,0.5,12,8,6,1.0,0.032,0.959,17.7,-0.114,-11.53,0.806,0.319,150.0,87.18,1.721,232,-3324.4,0.0183,2.8617,,,,,
1,1.75,0.35,12,6,4,0.15,0.0,0.047,45.0,-0.287,-15.62,0.588,0.1875,118.75,46.63,2.546,32,-589.6,0.0,2.859,,,,,
1,1.5,0.8,12,4,6,0.3,0.023,0.697,29.3,-0.051,-5.64,0.906,0.3097,174.64,86.54,2.018,113,-953.9,0.0141,2.8575,,,,,
1,1.5,0.65,12,4,10,0.15,0.013,0.405,35.5,-0.049,-5.62,0.914,0.3768,158.65,104.94,1.512,69,-580.7,0.0095,2.8561,,,,,
1,1.75,0.35,20,10,4,0.15,0.0,0.048,45.0,-0.245,-12.89,0.667,0.125,206.25,44.2,4.667,32,-502.1,0.0,2.856,,,,,
1,1.75,0.8,16,6,8,0.15,0.0,0.048,45.0,-0.107,-10.83,0.826,0.2333,219.64,80.98,2.712,30,-409.0,0.0,2.856,,,,,
1,2.0,0.65,16,6,4,0.5,0.0,0.048,45.0,-0.412,-37.5,0.333,0.1,187.5,62.5,3.0,20,-806.0,0.0,2.856,,,,,
1,2.0,0.65,16,6,4,1.0,0.0,0.048,45.0,-0.412,-37.5,0.333,0.1,187.5,62.5,3.0,20,-806.0,0.0,2.856,,,,,
1,1.75,0.5,16,8,8,0.15,0.0,0.05,45.0,-0.12,-8.33,0.821,0.2,191.67,58.33,3.286,30,-334.0,0.0,2.85,,,,,
1,2.0,0.8,12,6,4,0.5,0.0,0.05,45.0,-0.361,-35.63,0.394,0.15,154.17,69.12,2.23,20,-768.5,0.0,2.85,,,,,
1,2.0,0.8,12,6,4,1.0,0.0,0.05,45.0,-0.361,-35.63,0.394,0.15,154.17,69.12,2.23,20,-768.5,0.0,2.85,,,,,
1,2.0,0.5,12,6,4,0.5,0.0,0.051,45.0,-0.396,-36.88,0.385,0.15,154.17,70.59,2.184,20,-793.5,0.0,2.847,,,,,
1,2.0,0.5,12,6,4,1.0,0.0,0.051,45.0,-0.396,-36.88,0.385,0.15,154.17,70.59,2.184,20,-793.5,0.0,2.847,,,,,
1,1.75,0.35,12,4,10,0.15,0.0,0.053,45.0,-0.318,-20.09,0.571,0.2143,125.0,59.66,2.095,28,-640.9,0.0,2.841,,,,,
1,1.75,0.65,16,4,4,0.15,0.0,0.053,45.0,-0.123,-8.82,0.811,0.1471,257.5,54.74,4.704,34,-395.2,0.0,2.841,,,,,
1,1.75,0.5,8,6,6,0.15,0.0,0.054,45.0,-0.201,-15.73,0.639,0.3871,71.88,71.05,1.012,31,-574.3,0.0,2.838,,,,,
1,1.5,0.65,12,6,8,0.5,0.021,0.651,30.2,-0.04,-4.77,0.927,0.3729,163.35,104.73,1.56,118,-892.9,0.0124,2.8366,,,,,
1,1.75,0.5,12,8,8,0.15,0.0,0.055,45.0,-0.135,-9.58,0.793,0.2333,157.14,60.33,2.605,30,-371.5,0.0,2.835,,,,,
1,2.0,0.65,16,8,4,0.5,0.0,0.055,45.0,-0.439,-40.0,0.289,0.1,162.5,62.5,2.6,20,-856.0,0.0,2.835,,,,,
1,2.0,0.65,16,8,4,1.0,0.0,0.055,45.0,-0.439,-40.0,0.289,0.1,162.5,62.5,2.6,20,-856.0,0.0,2.835,,,,,
1,1.75,0.5,16,4,10,0.15,0.0,0.056,45.0,-0.163,-12.5,0.777,0.1852,235.0,68.75,3.418,27,-413.1,0.0,2.832,,,,,
2,1.5,0.35,16,6,6,0.5,0.031,0.969,11.7,-0.203,-31.0,0.713,0.1949,395.3,134.21,2.945,118,-4319.0,0.0134,2.8317,,,,,
2,1.75,0.65,16,4,8,0.5,0.028,0.858,25.9,-0.136,-30.45,0.788,0.2364,478.85,188.1,2.546,55,-1983.0,0.0156,2.8299,,,,,
1,1.75,0.65,12,4,8,0.15,0.0,0.057,45.0,-0.173,-15.0,0.712,0.2667,139.06,71.02,1.958,30,-534.0,0.0,2.829,,,,,
1,1.5,0.35,20,10,8,1.0,0.03,0.905,24.7,-0.165,-12.61,0.779,0.1525,290.97,67.25,4.327,118,-1817.9,0.0184,2.8271,,,,,
1,1.75,0.35,12,10,10,0.15,0.0,0.058,45.0,-0.332,-20.98,0.552,0.2143,120.83,59.66,2.025,28,-665.9,0.0,2.826,,,,,
1,1.75,0.5,16,4,4,0.15,0.0,0.058,45.0,-0.099,-6.64,0.858,0.1562,257.5,55.56,4.635,32,-302.1,0.0,2.826,,,,,
1,1.75,0.5,16,6,6,0.15,0.0,0.058,45.0,-0.132,-8.87,0.809,0.1613,232.5,55.29,4.205,31,-361.8,0.0,2.826,,,,,
1,1.75,0.35,20,4,8,0.15,0.0,0.059,45.0,-0.252,-14.29,0.68,0.1071,283.33,50.0,5.667,28,-478.4,0.0,2.823,,,,,
1,1.75,0.5,12,4,8,0.15,0.0,0.059,45.0,-0.17,-12.08,0.739,0.2333,146.43,60.33,2.427,30,-446.5,0.0,2.823,,,,,
2,1.75,0.35,16,4,10,0.15,0.007,0.246,34.3,-0.087,-10.71,0.887,0.1786,470.0,115.22,4.079,28,-456.8,0.0061,2.8188,,,,,
1,2.0,0.65,12,6,6,0.5,0.0,0.061,45.0,-0.394,-40.0,0.366,0.15,154.17,74.26,2.076,20,-856.0,0.0,2.817,,,,,
1,2.0,0.65,12,6,6,1.0,0.0,0.061,45.0,-0.394,-40.0,0.366,0.15,154.17,74.26,2.076,20,-856.0,0.0,2.817,,,,,
1,1.5,0.8,16,8,6,0.5,0.027,0.791,29.5,-0.063,-6.94,0.886,0.2778,194.64,84.48,2.304,126,-1227.8,0.0216,2.814,,,,,
1,1.75,0.35,20,6,8,0.15,0.0,0.062,45.0,-0.299,-16.96,0.62,0.1071,258.33,50.0,5.167,28,-553.4,0.0,2.814,,,,,
1,2.0,0.65,12,10,4,0.5,0.0,0.062,45.0,-0.427,-40.0,0.281,0.15,104.17,65.44,1.592,20,-856.0,0.0,2.814,,,,,
1,2.0,0.65,12,10,4,1.0,0.0,0.062,45.0,-0.427,-40.0,0.281,0.15,104.17,65.44,1.592,20,-856.0,0.0,2.814,,,,,
1,1.75,0.65,16,8,10,0.15,0.0,0.065,45.0,-0.235,-22.22,0.655,0.2222,189.58,82.74,2.291,27,-675.6,0.0,2.805,,,,,
1,2.0,0.5,12,8,4,0.5,0.0,0.068,45.0,-0.437,-40.62,0.323,0.15,129.17,70.59,1.83,20,-868.5,0.0,2.796,,,,,
1,2.0,0.5,12,8,4,1.0,0.0,0.068,45.0,-0.437,-40.62,0.323,0.15,129.17,70.59,1.83,20,-868.5,0.0,2.796,,,,,
1,2.0,0.8,16,4,4,0.5,0.0,0.068,45.0,-0.397,-38.13,0.358,0.1,212.5,65.97,3.221,20,-818.5,0.0,2.796,,,,,
1,2.0,0.8,16,4,4,1.0,0.0,0.068,45.0,-0.397,-38.13,0.358,0.1,212.5,65.97,3.221,20,-818.5,0.0,2.796,,,,,
1,1.2,0.8,20,8,4,0.15,0.025,0.774,28.2,-0.047,-4.24,0.914,0.2105,215.28,62.78,3.429,171,-1203.8,0.0154,2.7948,,,,,
1,1.75,0.5,16,6,4,0.15,0.0,0.069,45.0,-0.157,-10.55,0.775,0.1562,232.5,55.56,4.185,32,-427.1,0.0,2.793,,,,,
1,1.75,0.35,20,4,10,0.15,0.0,0.07,45.0,-0.301,-17.86,0.63,0.1071,283.33,54.0,5.247,28,-578.4,0.0,2.79,,,,,
1,1.75,0.65,8,6,4,0.15,0.0,0.07,45.0,-0.205,-17.28,0.605,0.3824,69.23,70.83,0.977,34,-682.7,0.0,2.79,,,,,
1,1.75,0.65,20,8,8,0.15,0.0,0.07,45.0,-0.19,-15.42,0.711,0.1667,227.5,64.0,3.555,30,-546.5,0.0,2.79,,,,,
1,2.0,0.65,16,10,4,0.5,0.0,0.07,45.0,-0.467,-42.5,0.244,0.1,137.5,62.5,2.2,20,-906.0,0.0,2.79,,,,,
1,2.0,0.65,16,10,4,1.0,0.0,0.07,45.0,-0.467,-42.5,0.244,0.1,137.5,62.5,2.2,20,-906.0,0.0,2.79,,,,,
2,1.75,0.5,20,4,8,0.15,0.015,0.503,31.2,-0.149,-20.0,0.789,0.1333,562.5,109.62,5.132,30,-768.0,0.0079,2.7879,,,,,
2,1.5,0.35,12,10,8,1.0,0.03,0.968,12.1,-0.182,-29.85,0.73,0.2712,297.75,151.74,1.962,118,-4182.8,0.011,2.7869,,,,,
2,1.5,0.35,20,4,4,1.0,0.03,0.968,12.8,-0.19,-28.1,0.745,0.1261,652.04,126.2,5.167,119,-4010.8,0.011,2.7854,,,,,
1,2.0,0.5,12,4,6,0.5,0.0,0.072,45.0,-0.399,-39.38,0.406,0.15,179.17,77.94,2.299,20,-843.5,0.0,2.784,,,,,
1,2.0,0.5,12,4,6,1.0,0.0,0.072,45.0,-0.399,-39.38,0.406,0.15,179.17,77.94,2.299,20,-843.5,0.0,2.784,,,,,
1,2.0,0.5,16,4,4,0.5,0.0,0.072,45.0,-0.435,-39.38,0.351,0.1,212.5,67.36,3.155,20,-843.5,0.0,2.784,,,,,
1,2.0,0.5,16,4,4,1.0,0.0,0.072,45.0,-0.435,-39.38,0.351,0.1,212.5,67.36,3.155,20,-843.5,0.0,2.784,,,,,
1,2.0,0.8,12,4,6,0.5,0.0,0.072,45.0,-0.371,-39.38,0.406,0.15,179.17,77.94,2.299,20,-843.5,0.0,2.784,,,,,
1,2.0,0.8,12,4,6,1.0,0.0,0.072,45.0,-0.371,-39.38,0.406,0.15,179.17,77.94,2.299,20,-843.5,0.0,2.784,,,,,
1,2.0,0.8,12,8,4,0.5,0.0,0.072,45.0,-0.399,-39.38,0.33,0.15,129.17,69.12,1.869,20,-843.5,0.0,2.784,,,,,
1,2.0,0.8,12,8,4,1.0,0.0,0.072,45.0,-0.399,-39.38,0.33,0.15,129.17,69.12,1.869,20,-843.5,0.0,2.784,,,,,
1,2.0,0.8,16,6,4,0.5,0.0,0.072,45.0,-0.423,-40.63,0.316,0.1,187.5,65.97,2.842,20,-868.5,0.0,2.784,,,,,
1,2.0,0.8,16,6,4,1.0,0.0,0.072,45.0,-0.423,-40.63,0.316,0.1,187.5,65.97,2.842,20,-868.5,0.0,2.784,,,,,
1,1.2,0.35,8,4,6,1.0,0.029,0.924,24.2,-0.075,-6.36,0.882,0.3217,148.31,79.73,1.86,230,-2106.5,0.0131,2.7781,,,,,
1,1.75,0.35,20,8,8,0.15,0.0,0.074,45.0,-0.346,-19.64,0.56,0.1071,233.33,50.0,4.667,28,-628.4,0.0,2.778,,,,,
1,1.75,0.5,16,10,8,0.15,0.0,0.075,45.0,-0.192,-13.33,0.714,0.2,166.67,58.33,2.857,30,-484.0,0.0,2.775,,,,,
1,1.75,0.65,12,8,10,0.15,0.0,0.075,45.0,-0.244,-23.61,0.63,0.2593,155.36,86.25,1.801,27,-713.1,0.0,2.775,,,,,
1,1.5,0.8,12,4,4,1.0,0.026,0.824,29.8,-0.066,-6.94,0.877,0.2741,180.41,77.68,2.322,135,-1315.5,0.0143,2.7631,,,,,
1,1.75,0.5,8,6,4,0.15,0.0,0.079,45.0,-0.221,-17.19,0.611,0.375,71.88,70.62,1.018,32,-639.6,0.0,2.763,,,,,
1,1.75,0.5,16,8,6,0.15,0.0,0.079,45.0,-0.192,-12.9,0.722,0.1613,207.5,55.29,3.753,31,-486.8,0.0,2.763,,,,,
1,1.75,0.65,20,10,8,0.15,0.0,0.079,45.0,-0.22,-17.92,0.664,0.1667,212.5,64.0,3.32,30,-621.5,0.0,2.763,,,,,
1,1.75,0.5,20,4,6,0.15,0.0,0.08,45.0,-0.159,-10.48,0.776,0.129,281.25,53.7,5.237,31,-411.8,0.0,2.76,,,,,
2,1.5,0.35,16,10,10,0.15,0.029,0.915,25.6,-0.187,-26.84,0.741,0.2059,373.21,130.56,2.859,68,-2205.8,0.0154,2.7597,,,,,
2,1.5,0.65,20,8,6,0.15,0.03,0.948,19.2,-0.212,-40.14,0.671,0.169,485.42,147.03,3.301,71,-3247.6,0.0153,2.7594,,,,,
1,1.2,0.35,20,10,4,1.0,0.032,0.968,13.9,-0.2,-14.86,0.726,0.1511,260.09,63.81,4.076,225,-3974.4,0.0221,2.7577,,,,,
1,1.5,0.5,12,4,8,0.3,0.022,0.715,30.0,-0.065,-6.67,0.894,0.3143,179.17,91.84,1.951,105,-994.0,0.0116,2.7565,,,,,
1,1.75,0.5,16,6,10,0.15,0.0,0.082,45.0,-0.224,-17.13,0.694,0.1852,210.0,68.75,3.055,27,-538.1,0.0,2.754,,,,,
1,1.75,0.5,20,4,8,0.15,0.0,0.082,45.0,-0.149,-10.0,0.789,0.1333,281.25,54.81,5.132,30,-384.0,0.0,2.754,,,,,
1,2.0,0.5,16,6,4,0.5,0.0,0.082,45.0,-0.463,-41.88,0.309,0.1,187.5,67.36,2.784,20,-893.5,0.0,2.754,,,,,
1,2.0,0.5,16,6,4,1.0,0.0,0.082,45.0,-0.463,-41.88,0.309,0.1,187.5,67.36,2.784,20,-893.5,0.0,2.754,,,,,
1,1.5,0.8,12,4,8,0.15,0.013,0.447,32.9,-0.047,-5.8,0.912,0.3913,153.24,108.04,1.418,69,-593.2,0.0083,2.7539,,,,,
2,1.5,0.35,16,6,4,0.5,0.03,0.97,10.3,-0.228,-34.18,0.677,0.178,403.18,128.87,3.129,118,-4694.0,0.0123,2.7537,,,,,
1,1.75,0.65,16,6,4,0.15,0.0,0.083,45.0,-0.174,-12.5,0.732,0.1471,232.5,54.74,4.247,34,-520.2,0.0,2.751,,,,,
2,1.2,0.35,12,8,4,1.0,0.03,0.97,6.3,-0.211,-32.98,0.688,0.2409,302.26,139.37,2.169,220,-8487.2,0.0126,2.7483,,,,,
1,1.75,0.35,20,10,8,0.15,0.0,0.084,45.0,-0.393,-22.32,0.5,0.1071,208.33,50.0,4.167,28,-703.4,0.0,2.748,,,,,
2,1.5,0.65,20,8,8,0.15,0.029,0.942,22.4,-0.155,-30.43,0.756,0.2029,464.29,156.36,2.969,69,-2486.4,0.0122,2.7426,,,,,
1,1.75,0.5,12,6,8,0.15,0.0,0.086,45.0,-0.252,-17.92,0.613,0.2333,121.43,60.33,2.013,30,-621.5,0.0,2.742,,,,,
1,1.2,0.35,12,4,10,0.15,0.011,0.378,40.7,0.006,0.47,1.009,0.3082,164.8,72.73,2.266,159,-370.2,0.0096,2.7401,,,,,
1,1.75,0.5,12,10,8,0.15,0.0,0.087,45.0,-0.217,-15.42,0.667,0.2333,132.14,60.33,2.19,30,-546.5,0.0,2.739,,,,,
1,1.75,0.65,16,10,10,0.15,0.0,0.087,45.0,-0.275,-25.93,0.597,0.2222,172.92,82.74,2.09,27,-775.6,0.0,2.739,,,,,
1,1.5,0.5,16,4,8,0.15,0.012,0.426,34.5,-0.05,-4.64,0.924,0.2429,231.62,80.42,2.88,70,-521.0,0.0075,2.7361,,,,,
1,1.75,0.35,20,6,10,0.15,0.0,0.088,45.0,-0.346,-20.54,0.574,0.1071,258.33,54.0,4.784,28,-653.4,0.0,2.736,,,,,
1,1.75,0.8,16,8,8,0.15,0.0,0.088,45.0,-0.164,-16.67,0.732,0.2333,194.64,80.98,2.404,30,-584.0,0.0,2.736,,,,,
1,2.0,0.65,12,8,6,0.5,0.0,0.088,45.0,-0.431,-43.75,0.307,0.15,129.17,74.26,1.739,20,-931.0,0.0,2.736,,,,,
1,2.0,0.65,12,8,6,1.0,0.0,0.088,45.0,-0.431,-43.75,0.307,0.15,129.17,74.26,1.739,20,-931.0,0.0,2.736,,,,,
1,1.75,0.5,12,8,6,0.15,0.0,0.09,45.0,-0.206,-14.11,0.693,0.1935,164.58,57.0,2.887,31,-524.3,0.0,2.73,,,,,
1,2.0,0.8,12,10,4,0.5,0.0,0.09,45.0,-0.437,-43.13,0.266,0.15,104.17,69.12,1.507,20,-918.5,0.0,2.73,,,,,
1,2.0,0.8,12,10,4,1.0,0.0,0.09,45.0,-0.437,-43.13,0.266,0.15,104.17,69.12,1.507,20,-918.5,0.0,2.73,,,,,
2,1.5,0.5,12,8,6,1.0,0.029,0.971,12.2,-0.169,-32.96,0.722,0.2778,308.5,164.29,1.878,126,-4858.2,0.0086,2.7287,,,,,
1,1.75,0.35,12,6,10,0.15,0.0,0.091,45.0,-0.403,-25.45,0.457,0.2143,100.0,59.66,1.676,28,-790.9,0.0,2.727,,,,,
1,2.0,0.8,16,8,4,0.5,0.0,0.091,45.0,-0.449,-43.13,0.274,0.1,162.5,65.97,2.463,20,-918.5,0.0,2.727,,,,,
1,2.0,0.8,16,8,4,1.0,0.0,0.091,45.0,-0.449,-43.13,0.274,0.1,162.5,65.97,2.463,20,-918.5,0.0,2.727,,,,,
1,1.2,0.65,20,6,4,0.15,0.026,0.81,31.5,-0.056,-4.99,0.903,0.1964,236.74,64.07,3.695,168,-1307.9,0.0183,2.7252,,,,,
1,1.75,0.65,16,4,6,0.15,0.0,0.092,45.0,-0.14,-11.29,0.786,0.1613,257.5,62.98,4.089,31,-436.8,0.0,2.724,,,,,
1,2.0,0.5,12,6,6,0.5,0.0,0.092,45.0,-0.436,-43.12,0.349,0.15,154.17,77.94,1.978,20,-918.5,0.0,2.724,,,,,
1,2.0,0.5,12,6,6,1.0,0.0,0.092,45.0,-0.436,-43.12,0.349,0.15,154.17,77.94,1.978,20,-918.5,0.0,2.724,,,,,
1,1.75,0.5,20,6,8,0.15,0.0,0.093,45.0,-0.199,-13.33,0.719,0.1333,256.25,54.81,4.675,30,-484.0,0.0,2.721,,,,,
1,1.75,0.8,12,8,8,0.15,0.0,0.093,45.0,-0.173,-17.92,0.709,0.2667,164.06,84.09,1.951,30,-621.5,0.0,2.721,,,,,
2,1.5,0.8,20,6,6,0.15,0.03,0.952,17.5,-0.189,-37.67,0.695,0.1644,522.92,147.95,3.534,73,-3158.8,0.0167,2.7193,,,,,
2,1.5,0.5,12,4,10,0.15,0.025,0.816,29.0,-0.091,-17.86,0.853,0.3286,314.13,180.32,1.742,70,-1642.0,0.0133,2.7118,,,,,
1,1.75,0.5,16,8,4,0.15,0.0,0.097,45.0,-0.215,-14.45,0.692,0.1562,207.5,55.56,3.735,32,-552.1,0.0,2.709,,,,,
1,1.75,0.8,8,4,4,0.15,0.0,0.098,45.0,-0.163,-16.91,0.681,0.3824,94.23,85.71,1.099,34,-670.2,0.0,2.706,,,,,
1,2.0,0.5,12,10,4,0.5,0.0,0.099,45.0,-0.477,-44.38,0.26,0.15,104.17,70.59,1.476,20,-943.5,0.0,2.703,,,,,
1,2.0,0.5,12,10,4,1.0,0.0,0.099,45.0,-0.477,-44.38,0.26,0.15,104.17,70.59,1.476,20,-943.5,0.0,2.703,,,,,
1,1.75,0.5,20,6,6,0.15,0.0,0.1,45.0,-0.208,-13.71,0.707,0.129,256.25,53.7,4.772,31,-511.8,0.0,2.7,,,,,
1,1.2,0.35,16,8,8,0.15,0.016,0.559,34.6,-0.024,-1.72,0.965,0.2437,193.59,64.67,2.994,160,-723.0,0.0089,2.698,,,,,
1,1.75,0.5,20,4,4,0.15,0.0,0.102,45.0,-0.184,-12.11,0.744,0.125,281.25,54.02,5.207,32,-477.1,0.0,2.694,,,,,
1,1.5,0.65,16,4,4,1.0,0.027,0.889,30.1,-0.102,-9.98,0.826,0.2164,219.4,73.33,2.992,134,-1712.7,0.013,2.692,,,,,
1,1.75,0.65,20,4,10,0.15,0.0,0.103,45.0,-0.267,-24.07,0.631,0.1481,278.12,76.63,3.629,27,-725.6,0.0,2.691,,,,,
1,2.0,0.5,16,8,4,0.5,0.0,0.103,45.0,-0.49,-44.38,0.268,0.1,162.5,67.36,2.412,20,-943.5,0.0,2.691,,,,,
1,2.0,0.5,16,8,4,1.0,0.0,0.103,45.0,-0.49,-44.38,0.268,0.1,162.5,67.36,2.412,20,-943.5,0.0,2.691,,,,,
1,1.5,0.5,16,4,6,1.0,0.025,0.81,27.8,-0.079,-7.44,0.876,0.2302,228.02,77.84,2.929,126,-1290.3,0.0153,2.6884,,,,,
1,1.75,0.8,16,4,10,0.15,0.0,0.104,45.0,-0.205,-23.15,0.697,0.2222,239.58,98.21,2.439,27,-700.6,0.0,2.688,,,,,
1,1.75,0.35,20,8,10,0.15,0.0,0.105,45.0,-0.391,-23.21,0.519,0.1071,233.33,54.0,4.321,28,-728.4,0.0,2.685,,,,,
2,1.5,0.5,8,6,6,1.0,0.029,0.97,11.6,-0.15,-32.3,0.721,0.4094,204.28,196.33,1.04,127,-4813.8,0.011,2.6835,,,,,
1,1.75,0.5,16,10,6,0.15,0.0,0.106,45.0,-0.252,-16.94,0.635,0.1613,182.5,55.29,3.301,31,-611.8,0.0,2.682,,,,,
1,2.0,0.65,20,4,4,0.5,0.0,0.106,45.0,-0.493,-43.75,0.231,0.05,262.5,59.87,4.385,20,-931.0,0.0,2.682,,,,,
1,2.0,0.65,20,4,4,1.0,0.0,0.106,45.0,-0.493,-43.75,0.231,0.05,262.5,59.87,4.385,20,-931.0,0.0,2.682,,,,,
1,1.75,0.5,16,8,10,0.15,0.0,0.107,45.0,-0.284,-21.76,0.612,0.1852,185.0,68.75,2.691,27,-663.1,0.0,2.679,,,,,
1,1.75,0.8,20,4,8,0.15,0.0,0.108,45.0,-0.171,-16.67,0.735,0.1667,277.5,75.5,3.675,30,-584.0,0.0,2.676,,,,,
1,2.0,0.8,12,6,6,0.5,0.0,0.109,45.0,-0.406,-43.12,0.349,0.15,154.17,77.94,1.978,20,-918.5,0.0,2.673,,,,,
1,2.0,0.8,12,6,6,1.0,0.0,0.109,45.0,-0.406,-43.12,0.349,0.15,154.17,77.94,1.978,20,-918.5,0.0,2.673,,,,,
1,1.75,0.5,12,8,4,0.15,0.0,0.11,45.0,-0.229,-15.62,0.664,0.1875,164.58,57.21,2.877,32,-589.6,0.0,2.67,,,,,
2,1.5,0.35,16,10,8,0.15,0.028,0.931,22.2,-0.211,-29.78,0.71,0.1912,380.77,126.82,3.002,68,-2405.8,0.0128,2.6674,,,,,
1,2.0,0.65,16,4,6,0.5,0.0,0.111,45.0,-0.43,-42.5,0.333,0.1,212.5,70.83,3.0,20,-906.0,0.0,2.667,,,,,
1,2.0,0.65,16,4,6,1.0,0.0,0.111,45.0,-0.43,-42.5,0.333,0.1,212.5,70.83,3.0,20,-906.0,0.0,2.667,,,,,
1,1.75,0.5,20,8,8,0.15,0.0,0.113,45.0,-0.249,-16.67,0.649,0.1333,231.25,54.81,4.219,30,-584.0,0.0,2.661,,,,,
1,1.75,0.65,20,4,4,0.15,0.0,0.113,45.0,-0.197,-13.97,0.703,0.1176,281.25,53.33,5.273,34,-570.2,0.0,2.661,,,,,
1,1.75,0.5,20,8,6,0.15,0.0,0.114,45.0,-0.256,-16.94,0.638,0.129,231.25,53.7,4.306,31,-611.8,0.0,2.658,,,,,
1,1.75,0.65,16,8,4,0.15,0.0,0.114,45.0,-0.225,-16.18,0.654,0.1471,207.5,54.74,3.791,34,-645.2,0.0,2.658,,,,,
1,1.75,0.65,16,6,6,0.15,0.0,0.115,45.0,-0.19,-15.32,0.71,0.1613,232.5,62.98,3.692,31,-561.8,0.0,2.655,,,,,
1,1.75,0.8,16,10,8,0.15,0.0,0.117,45.0,-0.205,-20.83,0.664,0.2333,176.79,80.98,2.183,30,-709.0,0.0,2.649,,,,,
1,2.0,0.65,20,6,4,0.5,0.0,0.117,45.0,-0.507,-45.0,0.209,0.05,237.5,59.87,3.967,20,-956.0,0.0,2.649,,,,,
1,2.0,0.65,20,6,4,1.0,0.0,0.117,45.0,-0.507,-45.0,0.209,0.05,237.5,59.87,3.967,20,-956.0,0.0,2.649,,,,,
1,2.0,0.8,16,10,4,0.5,0.0,0.117,45.0,-0.475,-45.63,0.232,0.1,137.5,65.97,2.084,20,-968.5,0.0,2.649,,,,,
1,2.0,0.8,16,10,4,1.0,0.0,0.117,45.0,-0.475,-45.63,0.232,0.1,137.5,65.97,2.084,20,-968.5,0.0,2.649,,,,,
1,1.2,0.5,12,4,6,0.15,0.023,0.766,29.0,-0.058,-5.35,0.901,0.3133,156.01,78.95,1.976,166,-1352.3,0.0143,2.6477,,,,,
1,1.75,0.5,12,4,6,0.15,0.0,0.118,45.0,-0.265,-18.15,0.605,0.1935,143.75,57.0,2.522,31,-649.3,0.0,2.646,,,,,
1,1.75,0.5,20,6,4,0.15,0.0,0.12,45.0,-0.231,-15.23,0.678,0.125,256.25,54.02,4.744,32,-577.1,0.0,2.64,,,,,
1,1.75,0.65,12,8,4,0.15,0.0,0.122,45.0,-0.236,-17.28,0.627,0.1765,164.58,56.25,2.926,34,-682.7,0.0,2.634,,,,,
1,1.75,0.5,12,10,6,0.15,0.0,0.123,45.0,-0.276,-18.95,0.588,0.1935,139.58,57.0,2.449,31,-674.3,0.0,2.631,,,,,
1,1.5,0.65,16,4,4,0.15,0.022,0.736,31.5,-0.14,-12.84,0.773,0.1892,231.25,69.79,3.313,74,-1157.2,0.0148,2.63,,,,,
1,2.0,0.65,16,6,6,0.5,0.0,0.124,45.0,-0.456,-45.0,0.294,0.1,187.5,70.83,2.647,20,-956.0,0.0,2.628,,,,,
1,2.0,0.65,16,6,6,1.0,0.0,0.124,45.0,-0.456,-45.0,0.294,0.1,187.5,70.83,2.647,20,-956.0,0.0,2.628,,,,,
1,1.75,0.5,16,10,4,0.15,0.0,0.125,45.0,-0.274,-18.36,0.608,0.1562,182.5,55.56,3.285,32,-677.1,0.0,2.625,,,,,
1,2.0,0.35,8,4,4,0.5,0.0,0.125,45.0,-0.5,-45.62,0.342,0.15,158.33,81.62,1.94,20,-968.5,0.0,2.625,,,,,
1,2.0,0.35,8,4,4,1.0,0.0,0.125,45.0,-0.5,-45.62,0.342,0.15,158.33,81.62,1.94,20,-968.5,0.0,2.625,,,,,
1,2.0,0.35,8,4,6,0.5,0.0,0.125,45.0,-0.5,-45.62,0.342,0.15,158.33,81.62,1.94,20,-968.5,0.0,2.625,,,,,
1,2.0,0.35,8,4,6,1.0,0.0,0.125,45.0,-0.5,-45.62,0.342,0.15,158.33,81.62,1.94,20,-968.5,0.0,2.625,,,,,
1,1.75,0.65,12,10,10,0.15,0.0,0.127,45.0,-0.292,-28.24,0.558,0.2593,137.5,86.25,1.594,27,-838.1,0.0,2.619,,,,,
1,1.2,0.35,16,8,10,1.0,0.029,0.937,24.2,-0.098,-8.0,0.861,0.2444,202.5,76.1,2.661,225,-2430.0,0.0193,2.6155,,,,,
1,2.0,0.5,12,8,6,0.5,0.0,0.13,45.0,-0.474,-46.88,0.292,0.15,129.17,77.94,1.657,20,-993.5,0.0,2.61,,,,,
1,2.0,0.5,12,8,6,1.0,0.0,0.13,45.0,-0.474,-46.88,0.292,0.15,129.17,77.94,1.657,20,-993.5,0.0,2.61,,,,,
1,2.0,0.5,16,10,4,0.5,0.0,0.132,45.0,-0.518,-46.88,0.227,0.1,137.5,67.36,2.041,20,-993.5,0.0,2.604,,,,,
1,2.0,0.5,16,10,4,1.0,0.0,0.132,45.0,-0.518,-46.88,0.227,0.1,137.5,67.36,2.041,20,-993.5,0.0,2.604,,,,,
1,1.75,0.5,12,8,10,0.15,0.0,0.133,45.0,-0.296,-23.15,0.583,0.2222,145.83,71.43,2.042,27,-700.6,0.0,2.601,,,,,
1,1.75,0.65,8,6,6,0.15,0.0,0.133,45.0,-0.236,-22.18,0.556,0.3871,71.88,81.58,0.881,31,-774.3,0.0,2.601,,,,,
1,2.0,0.65,12,10,6,0.5,0.0,0.134,45.0,-0.468,-47.5,0.248,0.15,104.17,74.26,1.403,20,-1006.0,0.0,2.598,,,,,
1,2.0,0.65,12,10,6,1.0,0.0,0.134,45.0,-0.468,-47.5,0.248,0.15,104.17,74.26,1.403,20,-1006.0,0.0,2.598,,,,,
1,1.2,0.35,16,4,6,0.5,0.028,0.927,26.1,-0.085,-6.73,0.876,0.2332,204.33,70.91,2.882,223,-2124.4,0.017,2.596,,,,,
2,1.2,0.35,20,6,4,0.15,0.029,0.97,12.6,-0.178,-23.57,0.749,0.1553,453.24,111.21,4.075,161,-4695.6,0.0154,2.5952,,,,,
1,1.75,0.35,20,10,10,0.15,0.0,0.135,45.0,-0.436,-25.89,0.463,0.1071,208.33,54.0,3.858,28,-803.4,0.0,2.595,,,,,
1,2.0,0.5,16,4,6,0.5,0.0,0.135,45.0,-0.475,-45.62,0.318,0.1,212.5,74.31,2.86,20,-968.5,0.0,2.595,,,,,
1,2.0,0.5,16,4,6,1.0,0.0,0.135,45.0,-0.475,-45.62,0.318,0.1,212.5,74.31,2.86,20,-968.5,0.0,2.595,,,,,
2,1.5,0.8,20,4,4,0.15,0.029,0.947,19.9,-0.178,-32.43,0.703,0.1351,567.5,126.17,4.498,74,-2814.4,0.0189,2.5949,,,,,
1,1.2,0.35,16,6,10,1.0,0.029,0.93,23.9,-0.086,-7.0,0.878,0.2489,201.79,76.18,2.649,225,-2205.0,0.0215,2.5923,,,,,
1,1.75,0.65,20,6,4,0.15,0.0,0.136,45.0,-0.239,-16.91,0.641,0.1176,256.25,53.33,4.805,34,-670.2,0.0,2.592,,,,,
2,1.5,0.65,20,6,8,0.15,0.028,0.929,23.9,-0.127,-25.0,0.799,0.2029,491.07,156.36,3.141,69,-2111.4,0.017,2.5891,,,,,
1,1.75,0.5,12,4,4,0.15,0.0,0.138,45.0,-0.286,-19.53,0.58,0.1875,143.75,57.21,2.513,32,-714.6,0.0,2.586,,,,,
1,1.75,0.5,20,10,8,0.15,0.0,0.138,45.0,-0.299,-20.0,0.579,0.1333,206.25,54.81,3.763,30,-684.0,0.0,2.586,,,,,
1,1.5,0.8,16,10,6,0.5,0.023,0.766,29.7,-0.059,-6.45,0.894,0.2778,196.43,84.48,2.325,126,-1165.3,0.0174,2.5853,,,,,
2,1.75,0.5,16,6,6,0.15,0.01,0.426,37.0,-0.132,-17.74,0.809,0.1613,465.0,110.58,4.205,31,-723.6,0.0056,2.5809,,,,,
1,1.75,0.5,20,10,6,0.15,0.0,0.14,45.0,-0.305,-20.16,0.569,0.129,206.25,53.7,3.841,31,-711.8,0.0,2.58,,,,,
1,2.0,0.65,20,8,4,0.5,0.0,0.14,45.0,-0.521,-46.25,0.187,0.05,212.5,59.87,3.549,20,-981.0,0.0,2.58,,,,,
1,2.0,0.65,20,8,4,1.0,0.0,0.14,45.0,-0.521,-46.25,0.187,0.05,212.5,59.87,3.549,20,-981.0,0.0,2.58,,,,,
1,1.2,0.35,12,8,10,0.15,0.019,0.606,29.1,-0.021,-1.65,0.967,0.3145,153.75,72.94,2.108,159,-707.7,0.0226,2.5736,,,,,
1,1.5,0.65,8,4,6,0.3,0.017,0.628,34.8,-0.036,-4.31,0.926,0.4425,121.5,104.17,1.166,113,-803.9,0.0096,2.5726,,,,,
1,1.75,0.5,20,8,4,0.15,0.0,0.143,45.0,-0.278,-18.36,0.612,0.125,231.25,54.02,4.281,32,-677.1,0.0,2.571,,,,,
2,1.75,0.35,16,8,6,0.15,0.004,0.239,37.0,-0.076,-8.06,0.892,0.1613,415.0,89.42,4.641,31,-423.6,0.0051,2.5693,,,,,
1,1.75,0.65,16,10,4,0.15,0.0,0.145,45.0,-0.276,-19.85,0.575,0.1471,182.5,54.74,3.334,34,-770.2,0.0,2.565,,,,,
2,1.5,0.65,16,10,4,0.15,0.028,0.963,17.1,-0.27,-49.32,0.564,0.1892,337.5,139.58,2.418,74,-4064.4,0.0132,2.5623,,,,,
1,2.0,0.65,20,10,4,0.5,0.0,0.146,45.0,-0.535,-47.5,0.165,0.05,187.5,59.87,3.132,20,-1006.0,0.0,2.562,,,,,
1,2.0,0.65,20,10,4,1.0,0.0,0.146,45.0,-0.535,-47.5,0.165,0.05,187.5,59.87,3.132,20,-1006.0,0.0,2.562,,,,,
2,1.75,0.65,16,4,4,0.15,0.012,0.485,32.6,-0.123,-17.65,0.811,0.1471,515.0,109.48,4.704,34,-790.4,0.0074,2.5616,,,,,
1,1.75,0.5,12,4,10,0.15,0.0,0.147,45.0,-0.355,-27.78,0.5,0.2222,125.0,71.43,1.75,27,-825.6,0.0,2.559,,,,,
1,1.75,0.65,16,8,6,0.15,0.0,0.148,45.0,-0.241,-19.35,0.634,0.1613,207.5,62.98,3.295,31,-686.8,0.0,2.556,,,,,
1,1.75,0.65,20,6,10,0.15,0.0,0.148,45.0,-0.308,-27.78,0.574,0.1481,253.12,76.63,3.303,27,-825.6,0.0,2.556,,,,,
1,1.75,0.65,20,4,6,0.15,0.0,0.152,45.0,-0.214,-16.94,0.682,0.129,281.25,61.11,4.602,31,-611.8,0.0,2.544,,,,,
1,1.2,0.5,16,4,6,0.15,0.023,0.796,26.7,-0.06,-5.3,0.905,0.2485,202.44,73.99,2.736,165,-1337.0,0.0151,2.54,,,,,
2,1.2,0.5,8,6,6,0.15,0.029,0.971,11.8,-0.139,-27.24,0.752,0.3851,213.94,178.28,1.2,161,-5287.4,0.018,2.5395,,,,,
1,1.5,0.8,12,4,4,0.3,0.019,0.703,32.8,-0.063,-6.47,0.882,0.2672,181.45,75.0,2.419,116,-1074.8,0.0098,2.5386,,,,,
1,1.2,0.35,12,6,8,0.15,0.008,0.353,33.9,0.008,0.62,1.013,0.2919,169.15,68.86,2.456,161,-350.8,0.0089,2.5383,,,,,
1,1.75,0.5,12,10,4,0.15,0.0,0.154,45.0,-0.297,-20.31,0.563,0.1875,139.58,57.21,2.44,32,-739.6,0.0,2.538,,,,,
1,1.75,0.8,12,10,8,0.15,0.0,0.154,45.0,-0.221,-22.92,0.628,0.2667,145.31,84.09,1.728,30,-771.5,0.0,2.538,,,,,
1,2.0,0.8,12,8,6,0.5,0.0,0.154,45.0,-0.441,-46.88,0.292,0.15,129.17,77.94,1.657,20,-993.5,0.0,2.538,,,,,
1,2.0,0.8,12,8,6,1.0,0.0,0.154,45.0,-0.441,-46.88,0.292,0.15,129.17,77.94,1.657,20,-993.5,0.0,2.538,,,,,
1,1.75,0.8,12,6,8,0.15,0.0,0.156,45.0,-0.245,-25.42,0.588,0.2667,135.94,84.09,1.617,30,-846.5,0.0,2.532,,,,,
1,1.75,0.5,12,6,6,0.15,0.0,0.157,45.0,-0.335,-22.98,0.5,0.1935,118.75,57.0,2.083,31,-799.3,0.0,2.529,,,,,
1,1.75,0.5,16,10,10,0.15,0.0,0.157,45.0,-0.345,-26.39,0.529,0.1852,160.0,68.75,2.327,27,-788.1,0.0,2.529,,,,,
1,1.75,0.8,20,6,8,0.15,0.0,0.157,45.0,-0.214,-20.83,0.669,0.1667,252.5,75.5,3.344,30,-709.0,0.0,2.529,,,,,
1,2.0,0.8,16,4,6,0.5,0.0,0.157,45.0,-0.442,-45.62,0.318,0.1,212.5,74.31,2.86,20,-968.5,0.0,2.529,,,,,
1,2.0,0.8,16,4,6,1.0,0.0,0.157,45.0,-0.442,-45.62,0.318,0.1,212.5,74.31,2.86,20,-968.5,0.0,2.529,,,,,
2,1.2,0.5,12,6,6,0.15,0.028,0.972,12.3,-0.134,-24.45,0.775,0.3025,278.35,155.75,1.787,162,-4868.0,0.0136,2.5288,,,,,
1,1.2,0.35,12,8,10,0.5,0.027,0.926,24.6,-0.086,-7.24,0.871,0.2941,166.35,79.57,2.091,221,-2218.8,0.0157,2.5277,,,,,
1,1.5,0.8,12,4,6,0.15,0.011,0.434,32.2,-0.039,-4.39,0.926,0.3514,155.29,90.89,1.709,74,-532.2,0.012,2.5243,,,,,
1,1.75,0.65,12,4,4,0.15,0.0,0.16,45.0,-0.286,-20.96,0.548,0.1765,143.75,56.25,2.556,34,-807.7,0.0,2.52,,,,,
2,1.5,0.5,16,10,10,0.15,0.027,0.934,25.1,-0.168,-31.43,0.744,0.2571,355.56,165.38,2.15,70,-2592.0,0.0148,2.52,,,,,
1,2.0,0.65,16,8,6,0.5,0.0,0.161,45.0,-0.481,-47.5,0.255,0.1,162.5,70.83,2.294,20,-1006.0,0.0,2.517,,,,,
1,2.0,0.65,16,8,6,1.0,0.0,0.161,45.0,-0.481,-47.5,0.255,0.1,162.5,70.83,2.294,20,-1006.0,0.0,2.517,,,,,
1,1.2,0.35,12,8,8,0.15,0.011,0.477,36.0,-0.017,-1.24,0.974,0.2981,158.33,69.03,2.294,161,-650.8,0.0062,2.5111,,,,,
1,2.0,0.8,20,4,4,0.5,0.0,0.163,45.0,-0.502,-46.87,0.219,0.05,262.5,63.16,4.156,20,-993.5,0.0,2.511,,,,,
1,2.0,0.8,20,4,4,1.0,0.0,0.163,45.0,-0.502,-46.87,0.219,0.05,262.5,63.16,4.156,20,-993.5,0.0,2.511,,,,,
1,1.75,0.65,12,6,10,0.15,0.0,0.164,45.0,-0.34,-32.87,0.486,0.2593,119.64,86.25,1.387,27,-963.1,0.0,2.508,,,,,
1,1.75,0.65,12,8,6,0.15,0.0,0.164,45.0,-0.251,-20.56,0.608,0.1935,164.58,65.0,2.532,31,-724.3,0.0,2.508,,,,,
2,1.75,0.8,16,4,8,0.3,0.024,0.875,27.6,-0.158,-38.33,0.753,0.2444,477.27,205.15,2.326,45,-1977.0,0.0101,2.5002,,,,,
1,1.75,0.5,20,4,10,0.15,0.0,0.167,45.0,-0.347,-25.46,0.553,0.1111,283.33,64.06,4.423,27,-763.1,0.0,2.499,,,,,
1,2.0,0.35,8,6,4,0.5,0.0,0.168,45.0,-0.541,-49.38,0.288,0.15,133.33,81.62,1.634,20,-1043.5,0.0,2.496,,,,,
1,2.0,0.35,8,6,4,1.0,0.0,0.168,45.0,-0.541,-49.38,0.288,0.15,133.33,81.62,1.634,20,-1043.5,0.0,2.496,,,,,
1,2.0,0.35,8,6,6,0.5,0.0,0.168,45.0,-0.541,-49.38,0.288,0.15,133.33,81.62,1.634,20,-1043.5,0.0,2.496,,,,,
1,2.0,0.35,8,6,6,1.0,0.0,0.168,45.0,-0.541,-49.38,0.288,0.15,133.33,81.62,1.634,20,-1043.5,0.0,2.496,,,,,
1,2.0,0.35,12,4,4,0.5,0.0,0.169,45.0,-0.55,-48.75,0.304,0.1,212.5,77.78,2.732,20,-1031.0,0.0,2.493,,,,,
1,2.0,0.35,12,4,4,1.0,0.0,0.169,45.0,-0.55,-48.75,0.304,0.1,212.5,77.78,2.732,20,-1031.0,0.0,2.493,,,,,
1,2.0,0.35,12,4,6,0.5,0.0,0.169,45.0,-0.55,-48.75,0.304,0.1,212.5,77.78,2.732,20,-1031.0,0.0,2.493,,,,,
1,2.0,0.35,12,4,6,1.0,0.0,0.169,45.0,-0.55,-48.75,0.304,0.1,212.5,77.78,2.732,20,-1031.0,0.0,2.493,,,,,
1,2.0,0.35,16,4,4,0.5,0.0,0.169,45.0,-0.55,-48.75,0.304,0.1,212.5,77.78,2.732,20,-1031.0,0.0,2.493,,,,,
1,2.0,0.35,16,4,4,1.0,0.0,0.169,45.0,-0.55,-48.75,0.304,0.1,212.5,77.78,2.732,20,-1031.0,0.0,2.493,,,,,
1,2.0,0.35,16,4,6,0.5,0.0,0.169,45.0,-0.55,-48.75,0.304,0.1,212.5,77.78,2.732,20,-1031.0,0.0,2.493,,,,,
1,2.0,0.35,16,4,6,1.0,0.0,0.169,45.0,-0.55,-48.75,0.304,0.1,212.5,77.78,2.732,20,-1031.0,0.0,2.493,,,,,
1,1.75,0.35,8,4,6,0.3,0.0,0.171,45.0,-0.173,-14.72,0.715,0.3333,110.83,77.5,1.43,45,-788.5,0.0,2.487,,,,,
1,2.0,0.8,20,6,4,0.5,0.0,0.172,45.0,-0.515,-48.12,0.198,0.05,237.5,63.16,3.76,20,-1018.5,0.0,2.484,,,,,
1,2.0,0.8,20,6,4,1.0,0.0,0.172,45.0,-0.515,-48.12,0.198,0.05,237.5,63.16,3.76,20,-1018.5,0.0,2.484,,,,,
2,1.2,0.5,12,6,4,0.15,0.027,0.969,11.1,-0.138,-23.53,0.765,0.2761,276.98,138.14,2.005,163,-4748.6,0.0115,2.4828,,,,,
2,1.75,0.35,16,6,8,0.15,0.003,0.224,40.3,-0.106,-12.5,0.857,0.1786,420.0,106.52,3.943,28,-506.8,0.007,2.48,,,,,
1,2.0,0.5,20,4,4,0.5,0.0,0.174,45.0,-0.546,-48.12,0.214,0.05,262.5,64.47,4.071,20,-1018.5,0.0,2.478,,,,,
1,2.0,0.5,20,4,4,1.0,0.0,0.174,45.0,-0.546,-48.12,0.214,0.05,262.5,64.47,4.071,20,-1018.5,0.0,2.478,,,,,
1,1.75,0.65,20,8,4,0.15,0.0,0.175,45.0,-0.28,-19.85,0.578,0.1176,231.25,53.33,4.336,34,-770.2,0.0,2.475,,,,,
1,2.0,0.5,16,6,6,0.5,0.0,0.175,45.0,-0.501,-48.12,0.28,0.1,187.5,74.31,2.523,20,-1018.5,0.0,2.475,,,,,
1,2.0,0.5,16,6,6,1.0,0.0,0.175,45.0,-0.501,-48.12,0.28,0.1,187.5,74.31,2.523,20,-1018.5,0.0,2.475,,,,,
1,2.0,0.8,16,6,6,0.5,0.0,0.175,45.0,-0.466,-48.12,0.28,0.1,187.5,74.31,2.523,20,-1018.5,0.0,2.475,,,,,
1,2.0,0.8,16,6,6,1.0,0.0,0.175,45.0,-0.466,-48.12,0.28,0.1,187.5,74.31,2.523,20,-1018.5,0.0,2.475,,,,,
1,1.2,0.35,16,4,4,0.5,0.027,0.937,23.9,-0.095,-7.31,0.861,0.2188,206.89,67.29,3.075,224,-2264.7,0.0168,2.4728,,,,,
1,1.75,0.8,16,6,10,0.15,0.0,0.176,45.0,-0.254,-28.7,0.624,0.2222,214.58,98.21,2.185,27,-850.6,0.0,2.472,,,,,
2,1.75,0.35,12,8,6,0.15,0.004,0.27,38.8,-0.097,-10.48,0.859,0.1935,329.17,92.0,3.578,31,-498.6,0.0054,2.4697,,,,,
1,1.75,0.65,20,6,6,0.15,0.0,0.177,45.0,-0.255,-20.16,0.621,0.129,256.25,61.11,4.193,31,-711.8,0.0,2.469,,,,,
1,1.75,0.8,16,4,4,0.15,0.0,0.177,45.0,-0.203,-18.01,0.678,0.1471,257.5,65.52,3.93,34,-707.7,0.0,2.469,,,,,
1,1.75,0.65,12,10,4,0.15,0.0,0.179,45.0,-0.296,-21.69,0.532,0.1765,139.58,56.25,2.481,34,-832.7,0.0,2.463,,,,,
1,1.2,0.35,16,8,10,0.15,0.02,0.687,34.6,-0.043,-3.18,0.938,0.242,198.68,67.65,2.937,157,-939.6,0.0209,2.4607,,,,,
1,1.75,0.5,20,10,4,0.15,0.0,0.182,45.0,-0.326,-21.48,0.545,0.125,206.25,54.02,3.818,32,-777.1,0.0,2.454,,,,,
1,1.5,0.8,12,8,10,0.3,0.022,0.818,29.5,-0.082,-10.95,0.846,0.4095,146.8,120.36,1.22,105,-1444.0,0.0113,2.4539,,,,,
1,1.5,0.8,12,10,8,0.5,0.02,0.756,31.8,-0.056,-7.1,0.897,0.3729,166.48,110.3,1.509,118,-1167.9,0.011,2.4522,,,,,
1,1.75,0.5,12,10,10,0.15,0.0,0.183,45.0,-0.367,-28.7,0.483,0.2222,120.83,71.43,1.692,27,-850.6,0.0,2.451,,,,,
1,2.0,0.65,16,10,6,0.5,0.0,0.183,45.0,-0.506,-50.0,0.216,0.1,137.5,70.83,1.941,20,-1056.0,0.0,2.451,,,,,
1,2.0,0.65,16,10,6,1.0,0.0,0.183,45.0,-0.506,-50.0,0.216,0.1,137.5,70.83,1.941,20,-1056.0,0.0,2.451,,,,,
1,2.0,0.5,12,10,6,0.5,0.0,0.184,45.0,-0.512,-50.62,0.236,0.15,104.17,77.94,1.336,20,-1068.5,0.0,2.448,,,,,
1,2.0,0.5,12,10,6,1.0,0.0,0.184,45.0,-0.512,-50.62,0.236,0.15,104.17,77.94,1.336,20,-1068.5,0.0,2.448,,,,,
1,2.0,0.8,20,8,4,0.5,0.0,0.184,45.0,-0.528,-49.37,0.177,0.05,212.5,63.16,3.365,20,-1043.5,0.0,2.448,,,,,
1,2.0,0.8,20,8,4,1.0,0.0,0.184,45.0,-0.528,-49.37,0.177,0.05,212.5,63.16,3.365,20,-1043.5,0.0,2.448,,,,,
1,2.0,0.5,20,6,4,0.5,0.0,0.185,45.0,-0.56,-49.37,0.194,0.05,237.5,64.47,3.684,20,-1043.5,0.0,2.445,,,,,
1,2.0,0.5,20,6,4,1.0,0.0,0.185,45.0,-0.56,-49.37,0.194,0.05,237.5,64.47,3.684,20,-1043.5,0.0,2.445,,,,,
1,2.0,0.5,16,8,6,0.5,0.0,0.186,45.0,-0.527,-50.62,0.243,0.1,162.5,74.31,2.187,20,-1068.5,0.0,2.442,,,,,
1,2.0,0.5,16,8,6,1.0,0.0,0.186,45.0,-0.527,-50.62,0.243,0.1,162.5,74.31,2.187,20,-1068.5,0.0,2.442,,,,,
2,1.75,0.5,16,6,4,0.15,0.01,0.468,33.0,-0.157,-21.09,0.775,0.1562,465.0,111.11,4.185,32,-854.2,0.0065,2.4369,,,,,
1,1.5,0.35,16,4,8,0.15,0.01,0.466,32.3,-0.091,-6.43,0.875,0.1912,234.62,63.41,3.7,68,-627.9,0.0068,2.4366,,,,,
2,1.75,0.35,12,8,4,0.15,0.005,0.326,38.6,-0.129,-14.06,0.814,0.1875,329.17,93.27,3.529,32,-629.2,0.0035,2.4363,,,,,
1,1.75,0.5,12,6,4,0.15,0.0,0.189,45.0,-0.354,-24.22,0.479,0.1875,118.75,57.21,2.076,32,-864.6,0.0,2.433,,,,,
1,2.0,0.5,20,8,4,0.5,0.0,0.189,45.0,-0.575,-50.62,0.173,0.05,212.5,64.47,3.296,20,-1068.5,0.0,2.433,,,,,
1,2.0,0.5,20,8,4,1.0,0.0,0.189,45.0,-0.575,-50.62,0.173,0.05,212.5,64.47,3.296,20,-1068.5,0.0,2.433,,,,,
1,1.75,0.8,8,4,6,0.15,0.0,0.191,45.0,-0.198,-22.58,0.624,0.3871,96.88,98.03,0.988,31,-786.8,0.0,2.427,,,,,
1,2.0,0.8,20,10,4,0.5,0.0,0.192,45.0,-0.542,-50.62,0.156,0.05,187.5,63.16,2.969,20,-1068.5,0.0,2.424,,,,,
1,2.0,0.8,20,10,4,1.0,0.0,0.192,45.0,-0.542,-50.62,0.156,0.05,187.5,63.16,2.969,20,-1068.5,0.0,2.424,,,,,
1,1.75,0.65,16,10,6,0.15,0.0,0.193,45.0,-0.291,-23.39,0.557,0.1613,182.5,62.98,2.898,31,-811.8,0.0,2.421,,,,,
2,1.75,0.8,16,6,8,0.15,0.009,0.452,30.9,-0.107,-21.67,0.826,0.2333,439.29,161.96,2.712,30,-818.0,0.0048,2.4207,,,,,
1,1.75,0.5,20,6,10,0.15,0.0,0.194,45.0,-0.385,-28.24,0.504,0.1111,258.33,64.06,4.033,27,-838.1,0.0,2.418,,,,,
1,1.75,0.65,12,4,10,0.15,0.0,0.194,45.0,-0.34,-32.87,0.486,0.2593,119.64,86.25,1.387,27,-963.1,0.0,2.418,,,,,
1,1.5,0.65,16,6,8,0.15,0.01,0.478,32.9,-0.056,-5.98,0.907,0.2899,201.88,90.82,2.223,69,-605.7,0.0059,2.4177,,,,,
2,1.5,0.35,12,10,4,0.5,0.026,0.974,12.2,-0.222,-34.38,0.672,0.2308,304.74,136.11,2.239,117,-4677.2,0.0093,2.4147,,,,,
1,1.75,0.8,12,4,8,0.15,0.0,0.196,45.0,-0.237,-24.58,0.601,0.2667,139.06,84.09,1.654,30,-821.5,0.0,2.412,,,,,
1,2.0,0.8,12,10,6,0.5,0.0,0.196,45.0,-0.477,-50.62,0.236,0.15,104.17,77.94,1.336,20,-1068.5,0.0,2.412,,,,,
1,2.0,0.8,12,10,6,1.0,0.0,0.196,45.0,-0.477,-50.62,0.236,0.15,104.17,77.94,1.336,20,-1068.5,0.0,2.412,,,,,
1,2.0,0.5,20,10,4,0.5,0.0,0.199,45.0,-0.589,-51.87,0.153,0.05,187.5,64.47,2.908,20,-1093.5,0.0,2.403,,,,,
1,2.0,0.5,20,10,4,1.0,0.0,0.199,45.0,-0.589,-51.87,0.153,0.05,187.5,64.47,2.908,20,-1093.5,0.0,2.403,,,,,
2,1.5,0.65,8,6,4,1.0,0.027,0.973,12.5,-0.151,-33.54,0.7,0.3852,202.83,181.63,1.117,135,-5283.6,0.015,2.4009,,,,,
1,1.75,0.65,20,8,10,0.15,0.0,0.2,45.0,-0.349,-31.48,0.518,0.1481,228.12,76.63,2.977,27,-925.6,0.0,2.4,,,,,
1,1.2,0.35,16,6,8,1.0,0.026,0.903,26.6,-0.079,-6.33,0.886,0.2467,199.33,73.68,2.705,227,-2073.1,0.0207,2.3996,,,,,
2,1.75,0.35,16,8,4,0.15,0.004,0.294,33.8,-0.11,-11.72,0.847,0.1562,415.0,90.74,4.573,32,-554.2,0.0053,2.3992,,,,,
1,1.75,0.5,12,6,10,0.15,0.0,0.201,45.0,-0.426,-33.33,0.4,0.2222,100.0,71.43,1.4,27,-975.6,0.0,2.397,,,,,
1,2.0,0.35,12,6,4,0.5,0.0,0.201,45.0,-0.578,-51.25,0.268,0.1,187.5,77.78,2.411,20,-1081.0,0.0,2.397,,,,,
1,2.0,0.35,12,6,4,1.0,0.0,0.201,45.0,-0.578,-51.25,0.268,0.1,187.5,77.78,2.411,20,-1081.0,0.0,2.397,,,,,
1,2.0,0.35,12,6,6,0.5,0.0,0.201,45.0,-0.578,-51.25,0.268,0.1,187.5,77.78,2.411,20,-1081.0,0.0,2.397,,,,,
1,2.0,0.35,12,6,6,1.0,0.0,0.201,45.0,-0.578,-51.25,0.268,0.1,187.5,77.78,2.411,20,-1081.0,0.0,2.397,,,,,
1,2.0,0.35,16,6,4,0.5,0.0,0.201,45.0,-0.578,-51.25,0.268,0.1,187.5,77.78,2.411,20,-1081.0,0.0,2.397,,,,,
1,2.0,0.35,16,6,4,1.0,0.0,0.201,45.0,-0.578,-51.25,0.268,0.1,187.5,77.78,2.411,20,-1081.0,0.0,2.397,,,,,
1,2.0,0.35,16,6,6,0.5,0.0,0.201,45.0,-0.578,-51.25,0.268,0.1,187.5,77.78,2.411,20,-1081.0,0.0,2.397,,,,,
1,2.0,0.35,16,6,6,1.0,0.0,0.201,45.0,-0.578,-51.25,0.268,0.1,187.5,77.78,2.411,20,-1081.0,0.0,2.397,,,,,
1,1.5,0.65,20,4,10,0.15,0.006,0.362,35.5,-0.049,-4.89,0.922,0.2174,266.67,80.32,3.32,69,-530.7,0.005,2.3953,,,,,
1,1.75,0.35,8,4,4,0.3,0.0,0.202,45.0,-0.186,-15.76,0.696,0.3261,110.83,77.02,1.439,46,-853.8,0.0,2.394,,,,,
1,1.75,0.65,12,4,6,0.15,0.0,0.202,45.0,-0.3,-24.6,0.531,0.1935,143.75,65.0,2.212,31,-849.3,0.0,2.394,,,,,
2,1.75,0.5,8,4,6,0.15,0.003,0.276,29.3,-0.077,-12.1,0.861,0.3871,193.75,142.11,1.363,31,-548.6,0.0037,2.39,,,,,
2,1.75,0.35,8,6,6,0.15,0.0,0.182,45.0,-0.089,-11.29,0.835,0.4194,136.54,118.06,1.157,31,-523.6,0.0033,2.3882,,,,,
1,1.5,0.65,16,4,4,0.3,0.022,0.856,28.0,-0.103,-10.0,0.827,0.2087,228.65,72.94,3.135,115,-1472.0,0.0092,2.3829,,,,,
2,1.5,0.5,8,6,6,0.3,0.026,0.97,17.7,-0.142,-30.23,0.741,0.4,215.91,194.32,1.111,110,-3941.0,0.0116,2.3799,,,,,
1,1.75,0.65,20,8,6,0.15,0.0,0.207,45.0,-0.296,-23.39,0.561,0.129,231.25,61.11,3.784,31,-811.8,0.0,2.379,,,,,
2,2.0,0.65,8,4,4,0.5,0.0,0.207,45.0,-0.14,-30.0,0.718,0.35,217.86,163.46,1.333,20,-712.0,0.0,2.379,,,,,
2,2.0,0.65,8,4,4,1.0,0.0,0.207,45.0,-0.14,-30.0,0.718,0.35,217.86,163.46,1.333,20,-712.0,0.0,2.379,,,,,
2,1.5,0.5,12,6,4,1.0,0.026,0.974,10.7,-0.192,-35.87,0.685,0.2481,314.76,151.55,2.077,129,-5350.0,0.0111,2.3782,,,,,
1,1.75,0.8,20,8,8,0.15,0.0,0.208,45.0,-0.256,-25.0,0.603,0.1667,227.5,75.5,3.013,30,-834.0,0.0,2.376,,,,,
1,1.75,0.65,20,10,4,0.15,0.0,0.209,45.0,-0.322,-22.79,0.516,0.1176,206.25,53.33,3.867,34,-870.2,0.0,2.373,,,,,
1,2.0,0.8,16,8,6,0.5,0.0,0.209,45.0,-0.49,-50.62,0.243,0.1,162.5,74.31,2.187,20,-1068.5,0.0,2.373,,,,,
1,2.0,0.8,16,8,6,1.0,0.0,0.209,45.0,-0.49,-50.62,0.243,0.1,162.5,74.31,2.187,20,-1068.5,0.0,2.373,,,,,
1,1.2,0.35,20,4,6,0.15,0.02,0.77,28.2,-0.066,-4.5,0.907,0.1739,253.57,58.83,4.31,161,-1175.8,0.0129,2.3724,,,,,
2,1.5,0.8,20,6,10,0.15,0.025,0.941,21.9,-0.146,-31.88,0.767,0.2174,483.33,175.0,2.762,69,-2586.4,0.0115,2.3718,,,,,
2,1.75,0.65,16,4,6,0.15,0.01,0.497,33.9,-0.14,-22.58,0.786,0.1613,515.0,125.96,4.089,31,-873.6,0.0056,2.3679,,,,,
1,1.2,0.35,12,4,6,0.5,0.025,0.925,25.2,-0.082,-6.64,0.877,0.2679,177.08,73.86,2.398,224,-2114.7,0.0143,2.3636,,,,,
1,1.5,0.35,20,10,6,1.0,0.026,0.929,23.1,-0.188,-14.05,0.747,0.1405,294.85,64.54,4.568,121,-2038.8,0.019,2.3551,,,,,
2,1.75,0.35,20,8,6,0.15,0.005,0.356,38.2,-0.155,-16.13,0.787,0.129,462.5,87.04,5.314,31,-673.6,0.0032,2.3538,,,,,
2,1.75,0.65,16,4,10,0.15,0.005,0.35,34.0,-0.118,-22.22,0.827,0.2222,479.17,165.48,2.896,27,-751.2,0.0041,2.3534,,,,,
1,1.5,0.35,16,4,8,0.3,0.014,0.614,31.4,-0.068,-5.32,0.904,0.2178,228.98,70.57,3.245,101,-820.3,0.0083,2.3505,,,,,
1,1.2,0.35,12,4,8,0.15,0.004,0.302,37.0,0.006,0.47,1.01,0.2919,168.62,68.86,2.449,161,-375.8,0.0066,2.3498,,,,,
2,1.5,0.5,12,8,4,0.5,0.025,0.975,11.6,-0.197,-36.42,0.68,0.24,322.41,149.74,2.153,125,-5252.6,0.0081,2.3388,,,,,
1,1.75,0.65,12,10,6,0.15,0.0,0.221,45.0,-0.31,-25.4,0.515,0.1935,139.58,65.0,2.147,31,-874.3,0.0,2.337,,,,,
2,1.5,0.65,8,6,4,0.3,0.026,0.971,20.3,-0.14,-30.6,0.728,0.3707,220.93,178.77,1.236,116,-4199.6,0.0136,2.3361,,,,,
2,1.75,0.65,16,8,8,0.15,0.003,0.294,37.3,-0.084,-14.17,0.865,0.2333,389.29,136.96,2.842,30,-593.0,0.0038,2.3324,,,,,
2,1.75,0.5,20,4,6,0.15,0.01,0.494,33.1,-0.159,-20.97,0.776,0.129,562.5,107.41,5.237,31,-823.6,0.0081,2.3268,,,,,
1,1.5,0.65,12,8,8,0.5,0.017,0.703,29.5,-0.052,-6.25,0.905,0.3729,159.38,104.73,1.522,118,-1067.9,0.0107,2.3258,,,,,
1,1.75,0.5,20,8,10,0.15,0.0,0.225,45.0,-0.423,-31.02,0.455,0.1111,233.33,64.06,3.642,27,-913.1,0.0,2.325,,,,,
1,1.5,0.35,20,10,4,1.0,0.025,0.925,23.7,-0.188,-13.84,0.745,0.1322,306.25,62.62,4.891,121,-2013.8,0.0167,2.3163,,,,,
1,1.75,0.8,16,6,4,0.15,0.0,0.228,45.0,-0.245,-21.69,0.612,0.1471,232.5,65.52,3.549,34,-832.7,0.0,2.316,,,,,
2,1.5,0.5,12,6,4,0.5,0.025,0.975,9.4,-0.203,-37.62,0.669,0.24,317.41,149.74,2.12,125,-5402.6,0.0092,2.3156,,,,,
1,1.75,0.65,20,10,10,0.15,0.0,0.229,45.0,-0.369,-33.33,0.489,0.1481,215.62,76.63,2.814,27,-975.6,0.0,2.313,,,,,
1,1.75,0.65,12,6,4,0.15,0.0,0.23,45.0,-0.347,-25.37,0.452,0.1765,118.75,56.25,2.111,34,-957.7,0.0,2.31,,,,,
1,1.75,0.8,16,4,6,0.15,0.0,0.23,45.0,-0.219,-21.37,0.66,0.1613,257.5,75.0,3.433,31,-749.3,0.0,2.31,,,,,
1,1.2,0.35,12,10,10,0.15,0.017,0.731,28.0,-0.059,-4.57,0.909,0.3141,144.64,72.9,1.984,156,-1149.3,0.0074,2.3084,,,,,
1,2.0,0.5,16,10,6,0.5,0.0,0.231,45.0,-0.553,-53.12,0.206,0.1,137.5,74.31,1.85,20,-1118.5,0.0,2.307,,,,,
1,2.0,0.5,16,10,6,1.0,0.0,0.231,45.0,-0.553,-53.12,0.206,0.1,137.5,74.31,1.85,20,-1118.5,0.0,2.307,,,,,
1,2.0,0.35,12,8,4,0.5,0.0,0.232,45.0,-0.606,-53.75,0.232,0.1,162.5,77.78,2.089,20,-1131.0,0.0,2.304,,,,,
1,2.0,0.35,12,8,4,1.0,0.0,0.232,45.0,-0.606,-53.75,0.232,0.1,162.5,77.78,2.089,20,-1131.0,0.0,2.304,,,,,
1,2.0,0.35,12,8,6,0.5,0.0,0.232,45.0,-0.606,-53.75,0.232,0.1,162.5,77.78,2.089,20,-1131.0,0.0,2.304,,,,,
1,2.0,0.35,12,8,6,1.0,0.0,0.232,45.0,-0.606,-53.75,0.232,0.1,162.5,77.78,2.089,20,-1131.0,0.0,2.304,,,,,
1,2.0,0.35,16,8,4,0.5,0.0,0.232,45.0,-0.606,-53.75,0.232,0.1,162.5,77.78,2.089,20,-1131.0,0.0,2.304,,,,,
1,2.0,0.35,16,8,4,1.0,0.0,0.232,45.0,-0.606,-53.75,0.232,0.1,162.5,77.78,2.089,20,-1131.0,0.0,2.304,,,,,
1,2.0,0.35,16,8,6,0.5,0.0,0.232,45.0,-0.606,-53.75,0.232,0.1,162.5,77.78,2.089,20,-1131.0,0.0,2.304,,,,,
1,2.0,0.35,16,8,6,1.0,0.0,0.232,45.0,-0.606,-53.75,0.232,0.1,162.5,77.78,2.089,20,-1131.0,0.0,2.304,,,,,
1,1.75,0.8,20,10,8,0.15,0.0,0.233,45.0,-0.282,-27.5,0.563,0.1667,212.5,75.5,2.815,30,-909.0,0.0,2.301,,,,,
2,1.5,0.35,16,6,6,1.0,0.025,0.975,11.5,-0.205,-31.62,0.71,0.1967,393.41,135.71,2.899,122,-4541.4,0.0103,2.2942,,,,,
2,1.5,0.5,8,6,6,0.5,0.025,0.975,9.8,-0.158,-33.96,0.707,0.4065,201.45,195.21,1.032,123,-4866.4,0.0103,2.2942,,,,,
1,2.0,0.65,20,4,6,0.5,0.0,0.236,45.0,-0.533,-51.25,0.204,0.05,262.5,67.76,3.874,20,-1081.0,0.0,2.292,,,,,
1,2.0,0.65,20,4,6,1.0,0.0,0.236,45.0,-0.533,-51.25,0.204,0.05,262.5,67.76,3.874,20,-1081.0,0.0,2.292,,,,,
2,1.2,0.35,20,8,6,0.15,0.025,0.973,15.6,-0.177,-24.07,0.754,0.1677,440.74,117.72,3.744,161,-4776.6,0.0107,2.2915,,,,,
1,1.5,0.8,16,6,8,0.15,0.009,0.482,32.4,-0.055,-6.34,0.905,0.3043,198.81,96.09,2.069,69,-630.7,0.0068,2.2906,,,,,
2,1.75,0.35,16,10,6,0.15,0.003,0.314,26.0,-0.152,-16.13,0.785,0.1613,365.0,89.42,4.082,31,-673.6,0.0032,2.2858,,,,,
2,1.5,0.65,20,6,4,0.15,0.025,0.964,20.3,-0.253,-43.49,0.604,0.1233,538.89,125.39,4.298,73,-3583.8,0.0125,2.2833,,,,,
1,1.5,0.8,16,6,4,0.5,0.021,0.851,31.0,-0.081,-8.17,0.852,0.2385,197.18,72.47,2.721,130,-1426.5,0.0102,2.2807,,,,,
1,2.0,0.8,16,10,6,0.5,0.0,0.24,45.0,-0.514,-53.12,0.206,0.1,137.5,74.31,1.85,20,-1118.5,0.0,2.28,,,,,
1,2.0,0.8,16,10,6,1.0,0.0,0.24,45.0,-0.514,-53.12,0.206,0.1,137.5,74.31,1.85,20,-1118.5,0.0,2.28,,,,,
1,1.5,0.65,16,6,6,0.3,0.019,0.785,29.8,-0.08,-8.26,0.863,0.25,208.48,80.51,2.59,112,-1238.6,0.0104,2.279,,,,,
1,1.5,0.65,16,10,10,0.3,0.017,0.723,31.7,-0.065,-7.5,0.89,0.3238,186.76,100.53,1.858,105,-1081.5,0.0103,2.2742,,,,,
2,1.75,0.5,16,8,8,0.15,0.006,0.405,37.5,-0.12,-16.67,0.821,0.2,383.33,116.67,3.286,30,-668.0,0.0056,2.2556,,,,,
1,2.0,0.65,20,6,6,0.5,0.0,0.249,45.0,-0.546,-52.5,0.184,0.05,237.5,67.76,3.505,20,-1106.0,0.0,2.253,,,,,
1,2.0,0.65,20,6,6,1.0,0.0,0.249,45.0,-0.546,-52.5,0.184,0.05,237.5,67.76,3.505,20,-1106.0,0.0,2.253,,,,,
2,1.5,0.5,12,6,6,0.5,0.024,0.976,11.5,-0.175,-33.83,0.715,0.2705,313.56,162.64,1.928,122,-4810.8,0.0074,2.2515,,,,,
1,1.2,0.35,12,10,8,1.0,0.024,0.923,24.0,-0.081,-6.64,0.88,0.2788,174.6,76.69,2.277,226,-2132.8,0.0156,2.2478,,,,,
1,1.5,0.65,12,6,8,0.3,0.016,0.716,33.2,-0.065,-7.67,0.883,0.3585,161.84,102.39,1.581,106,-1109.3,0.0079,2.2469,,,,,
2,1.5,0.65,12,6,6,0.15,0.025,0.949,15.4,-0.179,-37.85,0.694,0.3056,280.68,178.0,1.577,72,-3128.2,0.0169,2.2404,,,,,
2,1.5,0.35,16,8,6,0.15,0.024,0.948,20.5,-0.229,-31.52,0.691,0.1594,443.18,121.55,3.646,69,-2561.4,0.0122,2.2397,,,,,
1,1.2,0.35,12,6,10,1.0,0.023,0.907,24.7,-0.073,-6.17,0.891,0.2952,169.96,79.92,2.127,227,-2035.6,0.0136,2.2387,,,,,
1,1.5,0.35,20,10,4,0.5,0.023,0.904,23.7,-0.179,-13.03,0.758,0.1282,318.33,61.76,5.154,117,-1852.6,0.0144,2.231,,,,,
2,1.5,0.5,12,10,6,1.0,0.024,0.976,13.1,-0.17,-33.16,0.721,0.2778,307.78,164.29,1.873,126,-4883.2,0.0085,2.2307,,,,,
1,1.75,0.65,20,10,6,0.15,0.0,0.257,45.0,-0.337,-26.61,0.5,0.129,206.25,61.11,3.375,31,-911.8,0.0,2.229,,,,,
1,1.75,0.8,8,6,4,0.15,0.0,0.259,45.0,-0.255,-26.47,0.5,0.3824,69.23,85.71,0.808,34,-995.2,0.0,2.223,,,,,
2,1.75,0.35,8,6,4,0.15,0.0,0.246,45.0,-0.117,-14.84,0.789,0.4062,136.54,118.42,1.153,32,-654.2,0.002,2.2212,,,,,
2,1.5,0.8,20,8,10,0.15,0.024,0.951,23.2,-0.174,-38.04,0.722,0.2174,455.0,175.0,2.6,69,-3011.4,0.0127,2.2206,,,,,
1,1.5,0.35,20,10,6,0.5,0.023,0.904,22.3,-0.179,-13.25,0.759,0.1368,305.47,63.74,4.793,117,-1877.6,0.0152,2.2159,,,,,
2,1.75,0.65,12,8,8,0.15,0.003,0.341,34.7,-0.096,-16.67,0.84,0.2667,328.12,142.05,2.31,30,-668.0,0.003,2.2086,,,,,
1,1.5,0.8,16,6,6,0.15,0.012,0.593,33.2,-0.085,-8.95,0.851,0.2568,199.34,80.91,2.464,74,-869.7,0.0093,2.1997,,,,,
1,1.75,0.65,16,4,8,0.3,0.001,0.294,41.0,-0.108,-11.94,0.83,0.2444,238.64,93.01,2.566,45,-663.5,0.0012,2.1905,,,,,
1,2.0,0.65,20,8,6,0.5,0.0,0.27,45.0,-0.559,-53.75,0.165,0.05,212.5,67.76,3.136,20,-1131.0,0.0,2.19,,,,,
1,2.0,0.65,20,8,6,1.0,0.0,0.27,45.0,-0.559,-53.75,0.165,0.05,212.5,67.76,3.136,20,-1131.0,0.0,2.19,,,,,
2,1.75,0.5,8,4,4,0.15,0.003,0.351,19.0,-0.101,-15.62,0.823,0.375,193.75,141.25,1.372,32,-679.2,0.0025,2.1877,,,,,
1,2.0,0.5,20,4,6,0.5,0.0,0.272,45.0,-0.581,-54.38,0.194,0.05,262.5,71.05,3.694,20,-1143.5,0.0,2.184,,,,,
1,2.0,0.5,20,4,6,1.0,0.0,0.272,45.0,-0.581,-54.38,0.194,0.05,262.5,71.05,3.694,20,-1143.5,0.0,2.184,,,,,
1,1.5,0.65,12,4,6,0.5,0.018,0.771,30.3,-0.069,-7.3,0.877,0.296,176.01,84.38,2.086,125,-1262.5,0.0128,2.1778,,,,,
2,1.2,0.5,12,8,6,1.0,0.024,0.976,11.1,-0.152,-30.98,0.744,0.3097,290.24,175.12,1.657,226,-8267.8,0.0115,2.1696,,,,,
2,1.75,0.5,12,8,8,0.15,0.005,0.415,35.8,-0.135,-19.17,0.793,0.2333,314.29,120.65,2.605,30,-743.0,0.0035,2.1693,,,,,
1,1.5,0.35,16,4,10,0.3,0.012,0.622,31.7,-0.072,-5.68,0.9,0.2222,228.98,72.73,3.148,99,-839.7,0.0066,2.1661,,,,,
1,1.75,0.5,20,10,10,0.15,0.0,0.279,45.0,-0.461,-33.8,0.407,0.1111,208.33,64.06,3.252,27,-988.1,0.0,2.163,,,,,
1,1.75,0.65,12,6,6,0.15,0.0,0.279,45.0,-0.359,-29.44,0.438,0.1935,118.75,65.0,1.827,31,-999.3,0.0,2.163,,,,,
1,1.75,0.8,16,8,10,0.15,0.0,0.28,45.0,-0.303,-34.26,0.552,0.2222,189.58,98.21,1.93,27,-1000.6,0.0,2.16,,,,,
1,1.5,0.65,12,8,10,0.3,0.017,0.746,31.1,-0.066,-8.1,0.88,0.3905,151.52,110.35,1.373,105,-1144.0,0.0134,2.1424,,,,,
1,2.0,0.5,20,6,6,0.5,0.0,0.287,45.0,-0.595,-55.62,0.176,0.05,237.5,71.05,3.343,20,-1168.5,0.0,2.139,,,,,
1,2.0,0.5,20,6,6,1.0,0.0,0.287,45.0,-0.595,-55.62,0.176,0.05,237.5,71.05,3.343,20,-1168.5,0.0,2.139,,,,,
1,1.5,0.65,16,6,6,0.15,0.015,0.699,33.4,-0.116,-11.81,0.811,0.25,202.78,83.33,2.433,72,-1051.6,0.011,2.1374,,,,,
1,2.0,0.65,20,10,6,0.5,0.0,0.288,45.0,-0.572,-55.0,0.146,0.05,187.5,67.76,2.767,20,-1156.0,0.0,2.136,,,,,
1,2.0,0.65,20,10,6,1.0,0.0,0.288,45.0,-0.572,-55.0,0.146,0.05,187.5,67.76,2.767,20,-1156.0,0.0,2.136,,,,,
1,1.75,0.8,16,6,6,0.15,0.0,0.291,45.0,-0.26,-25.4,0.596,0.1613,232.5,75.0,3.1,31,-874.3,0.0,2.127,,,,,
1,1.75,0.8,20,4,4,0.15,0.0,0.291,45.0,-0.266,-23.16,0.588,0.1176,281.25,63.75,4.412,34,-882.7,0.0,2.127,,,,,
1,2.0,0.8,20,4,6,0.5,0.0,0.291,45.0,-0.541,-54.38,0.194,0.05,262.5,71.05,3.694,20,-1143.5,0.0,2.127,,,,,
1,2.0,0.8,20,4,6,1.0,0.0,0.291,45.0,-0.541,-54.38,0.194,0.05,262.5,71.05,3.694,20,-1143.5,0.0,2.127,,,,,
2,1.5,0.35,20,4,10,0.15,0.022,0.933,25.0,-0.233,-31.99,0.697,0.1324,555.56,121.61,4.568,68,-2555.8,0.0104,2.127,,,,,
1,1.75,0.35,8,4,6,0.5,0.0,0.293,45.0,-0.166,-14.12,0.738,0.3148,126.47,78.72,1.607,54,-913.7,0.0,2.121,,,,,
1,1.75,0.8,16,8,4,0.15,0.0,0.293,45.0,-0.286,-25.37,0.546,0.1471,207.5,65.52,3.167,34,-957.7,0.0,2.121,,,,,
2,1.75,0.65,20,4,8,0.3,0.021,0.911,22.0,-0.22,-46.67,0.672,0.1778,537.5,172.97,3.107,45,-2352.0,0.0092,2.1205,,,,,
1,1.5,0.8,16,8,6,1.0,0.02,0.825,29.6,-0.074,-8.17,0.868,0.2769,193.4,85.37,2.265,130,-1426.5,0.0174,2.1162,,,,,
2,1.5,0.5,16,10,8,0.15,0.022,0.946,20.0,-0.185,-34.29,0.718,0.2429,360.29,160.85,2.24,70,-2792.0,0.0096,2.104,,,,,
1,1.75,0.8,12,8,10,0.15,0.0,0.299,45.0,-0.308,-35.65,0.53,0.2593,155.36,102.5,1.516,27,-1038.1,0.0,2.103,,,,,
2,2.0,0.8,8,4,4,0.5,0.0,0.301,45.0,-0.161,-36.25,0.678,0.35,217.86,173.08,1.259,20,-837.0,0.0,2.097,,,,,
2,2.0,0.8,8,4,4,1.0,0.0,0.301,45.0,-0.161,-36.25,0.678,0.35,217.86,173.08,1.259,20,-837.0,0.0,2.097,,,,,
1,1.5,0.8,8,4,6,0.15,0.002,0.318,42.5,-0.029,-3.67,0.934,0.5067,102.63,112.84,0.91,75,-485.0,0.0072,2.096,,,,,
1,1.2,0.35,16,10,10,1.0,0.023,0.937,24.6,-0.1,-8.2,0.857,0.2455,200.68,76.18,2.634,224,-2464.7,0.0162,2.0954,,,,,
2,1.75,0.65,8,4,4,0.15,0.001,0.309,18.0,-0.092,-15.44,0.824,0.3824,188.46,141.67,1.33,34,-715.4,0.0038,2.0938,,,,,
2,1.75,0.65,20,6,8,0.15,0.006,0.46,38.5,-0.138,-22.5,0.789,0.1667,505.0,128.0,3.945,30,-843.0,0.0056,2.09,,,,,
1,1.2,0.65,16,10,4,0.15,0.019,0.835,25.2,-0.071,-6.47,0.873,0.25,177.38,67.76,2.618,168,-1557.9,0.0126,2.0869,,,,,
2,1.5,0.35,12,10,6,0.5,0.023,0.977,11.4,-0.208,-32.88,0.692,0.2479,298.38,142.05,2.101,117,-4502.2,0.0107,2.0858,,,,,
1,2.0,0.35,12,10,4,0.5,0.0,0.305,45.0,-0.634,-56.25,0.196,0.1,137.5,77.78,1.768,20,-1181.0,0.0,2.085,,,,,
1,2.0,0.35,12,10,4,1.0,0.0,0.305,45.0,-0.634,-56.25,0.196,0.1,137.5,77.78,1.768,20,-1181.0,0.0,2.085,,,,,
1,2.0,0.35,12,10,6,0.5,0.0,0.305,45.0,-0.634,-56.25,0.196,0.1,137.5,77.78,1.768,20,-1181.0,0.0,2.085,,,,,
1,2.0,0.35,12,10,6,1.0,0.0,0.305,45.0,-0.634,-56.25,0.196,0.1,137.5,77.78,1.768,20,-1181.0,0.0,2.085,,,,,
1,2.0,0.35,16,10,4,0.5,0.0,0.305,45.0,-0.634,-56.25,0.196,0.1,137.5,77.78,1.768,20,-1181.0,0.0,2.085,,,,,
1,2.0,0.35,16,10,4,1.0,0.0,0.305,45.0,-0.634,-56.25,0.196,0.1,137.5,77.78,1.768,20,-1181.0,0.0,2.085,,,,,
1,2.0,0.35,16,10,6,0.5,0.0,0.305,45.0,-0.634,-56.25,0.196,0.1,137.5,77.78,1.768,20,-1181.0,0.0,2.085,,,,,
1,2.0,0.35,16,10,6,1.0,0.0,0.305,45.0,-0.634,-56.25,0.196,0.1,137.5,77.78,1.768,20,-1181.0,0.0,2.085,,,,,
2,1.5,0.5,12,8,4,1.0,0.023,0.977,11.4,-0.19,-35.49,0.689,0.2481,316.33,151.55,2.087,129,-5300.0,0.0111,2.0789,,,,,
1,2.0,0.5,20,8,6,0.5,0.0,0.311,45.0,-0.608,-56.88,0.157,0.05,212.5,71.05,2.991,20,-1193.5,0.0,2.067,,,,,
1,2.0,0.5,20,8,6,1.0,0.0,0.311,45.0,-0.608,-56.88,0.157,0.05,212.5,71.05,2.991,20,-1193.5,0.0,2.067,,,,,
2,1.5,0.65,12,6,6,0.3,0.023,0.968,19.2,-0.137,-28.79,0.76,0.2857,318.75,167.81,1.899,112,-3852.2,0.0131,2.066,,,,,
1,2.0,0.8,20,6,6,0.5,0.0,0.313,45.0,-0.553,-55.62,0.176,0.05,237.5,71.05,3.343,20,-1168.5,0.0,2.061,,,,,
1,2.0,0.8,20,6,6,1.0,0.0,0.313,45.0,-0.553,-55.62,0.176,0.05,237.5,71.05,3.343,20,-1168.5,0.0,2.061,,,,,
1,1.75,0.8,12,8,4,0.15,0.0,0.315,45.0,-0.294,-26.47,0.523,0.1765,164.58,67.41,2.442,34,-995.2,0.0,2.055,,,,,
1,1.2,0.35,16,10,8,1.0,0.022,0.927,25.5,-0.087,-6.97,0.875,0.2434,200.45,73.68,2.72,226,-2207.8,0.0149,2.0543,,,,,
2,1.75,0.35,16,6,10,0.15,0.001,0.333,22.0,-0.159,-19.64,0.792,0.1786,420.0,115.22,3.645,28,-706.8,0.0026,2.0464,,,,,
1,1.75,0.35,16,4,6,0.3,0.0,0.323,45.0,-0.234,-17.78,0.67,0.1556,232.14,63.82,3.638,45,-926.0,0.0,2.031,,,,,
2,1.75,0.35,12,4,6,0.15,0.0,0.323,45.0,-0.171,-18.55,0.75,0.1935,287.5,92.0,3.125,31,-748.6,0.0,2.031,,,,,
1,1.75,0.8,20,4,6,0.15,0.0,0.325,45.0,-0.282,-27.02,0.573,0.129,281.25,72.69,3.869,31,-924.3,0.0,2.025,,,,,
1,1.75,0.8,20,4,10,0.15,0.0,0.325,45.0,-0.334,-36.11,0.533,0.1481,278.12,90.76,3.064,27,-1050.6,0.0,2.025,,,,,
1,1.5,0.8,16,10,6,1.0,0.018,0.811,28.7,-0.071,-7.88,0.872,0.2769,194.44,85.37,2.278,130,-1389.0,0.0145,2.0239,,,,,
2,1.5,0.5,12,10,6,0.5,0.022,0.978,13.4,-0.171,-33.22,0.72,0.2705,315.83,162.64,1.942,122,-4735.8,0.0089,2.0217,,,,,
1,1.75,0.8,20,6,4,0.15,0.0,0.328,45.0,-0.3,-26.1,0.536,0.1176,256.25,63.75,4.02,34,-982.7,0.0,2.016,,,,,
1,2.0,0.8,20,8,6,0.5,0.0,0.332,45.0,-0.566,-56.88,0.157,0.05,212.5,71.05,2.991,20,-1193.5,0.0,2.004,,,,,
1,2.0,0.8,20,8,6,1.0,0.0,0.332,45.0,-0.566,-56.88,0.157,0.05,212.5,71.05,2.991,20,-1193.5,0.0,2.004,,,,,
2,1.5,0.8,16,10,4,0.15,0.022,0.954,16.9,-0.177,-33.67,0.683,0.2133,340.62,135.17,2.52,75,-2945.0,0.0136,1.9997,,,,,
2,1.75,0.35,12,8,8,0.15,0.001,0.353,28.0,-0.2,-24.11,0.722,0.2143,291.67,110.23,2.646,28,-831.8,0.002,1.998,,,,,
2,2.0,0.65,8,6,4,0.5,0.0,0.334,45.0,-0.222,-47.5,0.553,0.35,167.86,163.46,1.027,20,-1062.0,0.0,1.998,,,,,
2,2.0,0.65,8,6,4,1.0,0.0,0.334,45.0,-0.222,-47.5,0.553,0.35,167.86,163.46,1.027,20,-1062.0,0.0,1.998,,,,,
2,2.0,0.65,8,4,6,0.5,0.0,0.335,45.0,-0.194,-45.0,0.629,0.35,217.86,186.54,1.168,20,-1012.0,0.0,1.995,,,,,
2,2.0,0.65,8,4,6,1.0,0.0,0.335,45.0,-0.194,-45.0,0.629,0.35,217.86,186.54,1.168,20,-1012.0,0.0,1.995,,,,,
1,1.5,0.65,20,4,8,0.15,0.004,0.439,36.5,-0.076,-7.43,0.881,0.2029,270.54,78.18,3.46,69,-705.7,0.004,1.9906,,,,,
2,1.5,0.35,16,8,4,0.15,0.021,0.962,20.9,-0.277,-36.96,0.63,0.1304,483.33,115.0,4.203,69,-2936.4,0.0082,1.9879,,,,,
1,1.75,0.8,16,8,6,0.15,0.0,0.338,45.0,-0.302,-29.44,0.532,0.1613,207.5,75.0,2.767,31,-999.3,0.0,1.986,,,,,
2,1.75,0.35,16,8,8,0.15,0.0,0.324,45.0,-0.181,-21.43,0.755,0.1786,370.0,106.52,3.473,28,-756.8,0.0026,1.9764,,,,,
1,2.0,0.8,20,10,6,0.5,0.0,0.343,45.0,-0.578,-58.12,0.139,0.05,187.5,71.05,2.639,20,-1218.5,0.0,1.971,,,,,
1,2.0,0.8,20,10,6,1.0,0.0,0.343,45.0,-0.578,-58.12,0.139,0.05,187.5,71.05,2.639,20,-1218.5,0.0,1.971,,,,,
2,2.0,0.5,8,4,4,0.5,0.0,0.343,45.0,-0.232,-47.5,0.591,0.3,229.17,166.07,1.38,20,-1062.0,0.0,1.971,,,,,
2,2.0,0.5,8,4,4,1.0,0.0,0.343,45.0,-0.232,-47.5,0.591,0.3,229.17,166.07,1.38,20,-1062.0,0.0,1.971,,,,,
1,1.5,0.65,12,4,6,1.0,0.015,0.762,29.2,-0.063,-6.78,0.887,0.3023,175.32,85.69,2.046,129,-1236.2,0.01,1.9698,,,,,
1,2.0,0.5,20,10,6,0.5,0.0,0.344,45.0,-0.621,-58.12,0.139,0.05,187.5,71.05,2.639,20,-1218.5,0.0,1.968,,,,,
1,2.0,0.5,20,10,6,1.0,0.0,0.344,45.0,-0.621,-58.12,0.139,0.05,187.5,71.05,2.639,20,-1218.5,0.0,1.968,,,,,
1,1.5,0.5,16,6,10,0.15,0.005,0.48,37.8,-0.086,-8.04,0.869,0.2571,207.64,82.69,2.511,70,-758.5,0.0039,1.9675,,,,,
2,1.75,0.35,16,8,10,0.15,0.002,0.396,39.0,-0.231,-28.57,0.698,0.1786,370.0,115.22,3.211,28,-956.8,0.002,1.966,,,,,
1,1.75,0.8,16,10,10,0.15,0.0,0.347,45.0,-0.336,-37.96,0.503,0.2222,172.92,98.21,1.761,27,-1100.6,0.0,1.959,,,,,
1,1.5,0.8,12,10,8,1.0,0.016,0.799,27.1,-0.063,-8.09,0.884,0.377,163.04,111.68,1.46,122,-1329.1,0.01,1.954,,,,,
1,1.5,0.8,16,6,6,1.0,0.017,0.832,27.6,-0.07,-7.69,0.875,0.2769,195.14,85.37,2.286,130,-1364.0,0.0102,1.9494,,,,,
1,1.75,0.8,16,10,4,0.15,0.0,0.351,45.0,-0.328,-29.04,0.48,0.1471,182.5,65.52,2.786,34,-1082.7,0.0,1.947,,,,,
1,1.2,0.35,12,4,4,0.5,0.02,0.929,27.0,-0.085,-6.72,0.871,0.2578,176.51,70.36,2.509,225,-2142.5,0.0105,1.9432,,,,,
1,1.75,0.35,8,4,4,0.5,0.0,0.354,45.0,-0.177,-15.0,0.723,0.3091,126.47,78.29,1.615,55,-979.0,0.0,1.938,,,,,
1,1.75,0.8,8,6,6,0.15,0.0,0.355,45.0,-0.283,-32.26,0.463,0.3871,71.88,98.03,0.733,31,-1086.8,0.0,1.935,,,,,
1,1.5,0.5,16,8,6,0.3,0.013,0.72,31.9,-0.09,-8.49,0.859,0.2294,225.0,77.98,2.885,109,-1230.2,0.0086,1.9297,,,,,
1,1.75,0.35,16,4,4,0.3,0.0,0.357,45.0,-0.248,-18.75,0.653,0.1522,232.14,63.78,3.64,46,-991.3,0.0,1.929,,,,,
1,1.75,0.8,12,8,6,0.15,0.0,0.359,45.0,-0.308,-30.65,0.51,0.1935,164.58,77.5,2.124,31,-1036.8,0.0,1.923,,,,,
2,1.5,0.35,16,6,4,1.0,0.021,0.979,11.2,-0.229,-34.7,0.676,0.1803,400.76,130.5,3.071,122,-4916.4,0.009,1.9209,,,,,
1,1.75,0.8,12,4,4,0.15,0.0,0.364,45.0,-0.335,-30.15,0.457,0.1765,143.75,67.41,2.132,34,-1120.2,0.0,1.908,,,,,
1,2.0,0.35,20,4,4,0.5,0.0,0.364,45.0,-0.666,-57.5,0.186,0.05,262.5,74.34,3.531,20,-1206.0,0.0,1.908,,,,,
1,2.0,0.35,20,4,4,1.0,0.0,0.364,45.0,-0.666,-57.5,0.186,0.05,262.5,74.34,3.531,20,-1206.0,0.0,1.908,,,,,
1,2.0,0.35,20,4,6,0.5,0.0,0.364,45.0,-0.666,-57.5,0.186,0.05,262.5,74.34,3.531,20,-1206.0,0.0,1.908,,,,,
1,2.0,0.35,20,4,6,1.0,0.0,0.364,45.0,-0.666,-57.5,0.186,0.05,262.5,74.34,3.531,20,-1206.0,0.0,1.908,,,,,
1,1.2,0.65,12,4,4,0.15,0.014,0.74,25.0,-0.048,-4.56,0.911,0.2882,162.76,72.31,2.251,170,-1251.0,0.0116,1.9062,,,,,
1,1.75,0.8,20,6,6,0.15,0.0,0.366,45.0,-0.316,-30.24,0.522,0.129,256.25,72.69,3.525,31,-1024.3,0.0,1.902,,,,,
2,1.75,0.5,16,8,6,0.15,0.004,0.478,35.2,-0.192,-25.81,0.722,0.1613,415.0,110.58,3.753,31,-973.6,0.0032,1.8908,,,,,
1,1.5,0.8,12,6,10,0.15,0.002,0.403,40.0,-0.052,-6.7,0.898,0.4348,136.25,116.67,1.168,69,-655.7,0.0048,1.8891,,,,,
1,1.2,0.35,12,8,10,1.0,0.02,0.95,26.0,-0.102,-8.59,0.848,0.2907,165.15,79.81,2.069,227,-2585.6,0.0102,1.8867,,,,,
2,1.75,0.5,16,4,10,0.15,0.003,0.433,39.3,-0.163,-25.0,0.777,0.1852,470.0,137.5,3.418,27,-826.2,0.0057,1.8774,,,,,
2,1.5,0.5,20,4,10,0.15,0.019,0.932,24.9,-0.185,-32.86,0.737,0.1714,537.5,150.86,3.563,70,-2692.0,0.0086,1.8744,,,,,
2,1.75,0.65,16,10,8,0.15,0.001,0.393,45.0,-0.133,-22.5,0.786,0.2333,353.57,136.96,2.582,30,-843.0,0.0024,1.8704,,,,,
1,1.5,0.65,12,8,8,1.0,0.013,0.736,30.3,-0.054,-6.56,0.9,0.377,157.34,105.76,1.488,122,-1141.6,0.0095,1.8624,,,,,
2,1.75,0.35,12,4,8,0.15,0.0,0.38,45.0,-0.274,-33.04,0.619,0.2143,250.0,110.23,2.268,28,-1081.8,0.0,1.86,,,,,
1,1.75,0.8,20,8,4,0.15,0.0,0.381,45.0,-0.333,-29.04,0.484,0.1176,231.25,63.75,3.627,34,-1082.7,0.0,1.857,,,,,
2,1.5,0.8,12,6,4,0.15,0.02,0.941,18.1,-0.153,-30.33,0.71,0.28,265.48,145.37,1.826,75,-2695.0,0.0132,1.8524,,,,,
2,1.75,0.35,20,8,4,0.15,0.002,0.415,40.5,-0.186,-19.53,0.747,0.125,462.5,88.39,5.232,32,-804.2,0.0049,1.8503,,,,,
1,1.5,0.8,16,8,10,0.15,0.006,0.547,35.2,-0.078,-9.24,0.863,0.3333,173.91,100.82,1.725,69,-830.7,0.0046,1.8486,,,,,
1,1.75,0.8,12,10,10,0.15,0.0,0.387,45.0,-0.348,-40.28,0.47,0.2593,137.5,102.5,1.341,27,-1163.1,0.0,1.839,,,,,
1,1.2,0.8,12,8,4,0.15,0.012,0.717,29.2,-0.042,-4.19,0.914,0.3237,136.83,71.69,1.909,173,-1209.4,0.0088,1.8379,,,,,
2,1.75,0.5,20,4,4,0.15,0.007,0.55,27.4,-0.184,-24.22,0.744,0.125,562.5,108.04,5.207,32,-954.2,0.0097,1.8342,,,,,
1,1.75,0.5,8,4,6,0.5,0.0,0.389,45.0,-0.133,-13.84,0.762,0.375,118.45,93.21,1.271,56,-931.8,0.0,1.833,,,,,
1,1.5,0.35,16,8,8,0.3,0.008,0.596,31.9,-0.078,-6.06,0.89,0.2178,225.57,70.57,3.196,101,-895.3,0.0078,1.8316,,,,,
2,1.75,0.35,12,4,4,0.15,0.0,0.39,45.0,-0.201,-21.88,0.711,0.1875,287.5,93.27,3.082,32,-879.2,0.0,1.83,,,,,
1,1.2,0.5,12,10,10,0.15,0.018,0.902,24.3,-0.105,-10.66,0.825,0.3526,142.05,93.81,1.514,156,-2099.3,0.0105,1.8296,,,,,
1,1.5,0.5,16,4,4,0.3,0.016,0.863,30.8,-0.124,-11.15,0.807,0.1982,235.8,72.19,3.266,111,-1548.3,0.0067,1.8293,,,,,
1,1.5,0.65,16,10,6,0.5,0.015,0.801,28.5,-0.079,-8.2,0.863,0.256,201.95,80.51,2.508,125,-1375.0,0.0113,1.8254,,,,,
2,1.5,0.5,12,10,4,1.0,0.02,0.98,12.8,-0.203,-37.81,0.668,0.2481,306.95,151.55,2.025,129,-5600.0,0.0088,1.8249,,,,,
1,1.75,0.35,16,4,8,0.3,0.0,0.392,45.0,-0.289,-23.21,0.608,0.1667,216.07,71.07,3.04,42,-1092.6,0.0,1.824,,,,,
1,1.5,0.8,12,8,8,0.5,0.015,0.808,25.5,-0.073,-9.43,0.864,0.3814,156.67,111.82,1.401,118,-1442.9,0.0104,1.822,,,,,
1,1.5,0.8,12,6,8,0.3,0.014,0.789,28.3,-0.085,-10.73,0.845,0.3679,159.29,109.7,1.452,106,-1434.3,0.0085,1.8215,,,,,
1,2.0,0.35,20,6,4,0.5,0.0,0.393,45.0,-0.68,-58.75,0.168,0.05,237.5,74.34,3.195,20,-1231.0,0.0,1.821,,,,,
1,2.0,0.35,20,6,4,1.0,0.0,0.393,45.0,-0.68,-58.75,0.168,0.05,237.5,74.34,3.195,20,-1231.0,0.0,1.821,,,,,
1,2.0,0.35,20,6,6,0.5,0.0,0.393,45.0,-0.68,-58.75,0.168,0.05,237.5,74.34,3.195,20,-1231.0,0.0,1.821,,,,,
1,2.0,0.35,20,6,6,1.0,0.0,0.393,45.0,-0.68,-58.75,0.168,0.05,237.5,74.34,3.195,20,-1231.0,0.0,1.821,,,,,
1,1.75,0.5,16,4,6,0.3,0.0,0.394,45.0,-0.18,-16.85,0.73,0.1957,233.33,77.7,3.003,46,-903.8,0.0,1.818,,,,,
1,1.75,0.8,20,6,10,0.15,0.0,0.394,45.0,-0.368,-39.81,0.485,0.1481,253.12,90.76,2.789,27,-1150.6,0.0,1.818,,,,,
1,1.75,0.35,8,4,6,1.0,0.0,0.395,45.0,-0.194,-16.52,0.692,0.3214,115.28,78.95,1.46,56,-1081.8,0.0,1.815,,,,,
2,1.5,0.5,12,10,4,0.5,0.02,0.98,11.7,-0.205,-38.02,0.666,0.24,315.75,149.74,2.109,125,-5452.6,0.0093,1.8147,,,,,
2,1.5,0.35,12,10,6,1.0,0.02,0.98,12.9,-0.216,-34.27,0.682,0.2479,296.77,143.41,2.069,121,-4824.6,0.0097,1.8059,,,,,
1,1.5,0.8,12,4,4,0.15,0.005,0.526,37.8,-0.082,-8.17,0.844,0.28,157.74,72.69,2.17,75,-822.5,0.0052,1.8037,,,,,
2,1.5,0.8,20,6,4,0.15,0.02,0.967,19.9,-0.215,-39.19,0.641,0.1351,517.5,126.17,4.102,74,-3314.4,0.0119,1.801,,,,,
2,1.75,0.35,20,10,6,0.15,0.001,0.416,21.0,-0.216,-22.58,0.702,0.129,412.5,87.04,4.739,31,-873.6,0.0024,1.8,,,,,
1,1.75,0.35,8,6,6,0.3,0.0,0.401,45.0,-0.271,-23.06,0.554,0.3333,85.83,77.5,1.108,45,-1163.5,0.0,1.797,,,,,
2,1.75,0.35,12,10,6,0.15,0.0,0.381,45.0,-0.186,-20.16,0.728,0.1935,279.17,92.0,3.034,31,-798.6,0.003,1.7964,,,,,
1,1.5,0.65,16,10,8,0.3,0.012,0.731,30.0,-0.069,-7.78,0.883,0.3019,193.75,94.93,2.041,106,-1121.8,0.0088,1.7951,,,,,
1,1.5,0.5,16,10,10,0.3,0.013,0.75,26.8,-0.091,-9.25,0.856,0.2885,191.25,90.54,2.112,104,-1253.7,0.0108,1.7948,,,,,
2,1.75,0.35,16,10,8,0.15,0.0,0.402,45.0,-0.257,-30.36,0.653,0.1786,320.0,106.52,3.004,28,-1006.8,0.0,1.794,,,,,
1,1.75,0.35,16,6,6,0.3,0.0,0.403,45.0,-0.286,-21.67,0.598,0.1556,207.14,63.82,3.246,45,-1101.0,0.0,1.791,,,,,
1,1.5,0.65,8,4,4,0.5,0.014,0.781,27.1,-0.066,-7.21,0.868,0.3846,123.25,88.75,1.389,130,-1301.5,0.0112,1.7904,,,,,
2,1.75,0.65,16,6,10,0.15,0.003,0.481,35.3,-0.177,-33.33,0.741,0.2222,429.17,165.48,2.594,27,-1051.2,0.0029,1.7891,,,,,
2,1.75,0.35,12,8,10,0.15,0.001,0.43,38.0,-0.248,-31.25,0.667,0.2143,291.67,119.32,2.444,28,-1031.8,0.001,1.787,,,,,
2,1.75,0.35,16,10,4,0.15,0.0,0.38,45.0,-0.183,-19.53,0.745,0.1562,365.0,90.74,4.022,32,-804.2,0.0037,1.787,,,,,
1,1.5,0.35,16,8,10,0.15,0.004,0.508,32.2,-0.141,-10.11,0.805,0.2059,202.68,65.28,3.105,68,-877.9,0.0039,1.7861,,,,,
2,1.75,0.65,8,4,6,0.15,0.003,0.486,25.7,-0.133,-25.0,0.75,0.3871,193.75,163.16,1.188,31,-948.6,0.0024,1.7854,,,,,
1,1.75,0.8,12,4,6,0.15,0.0,0.405,45.0,-0.348,-34.68,0.445,0.1935,143.75,77.5,1.855,31,-1161.8,0.0,1.785,,,,,
1,1.2,0.35,12,8,8,0.5,0.018,0.906,23.1,-0.081,-6.67,0.878,0.2825,170.24,76.33,2.23,223,-2111.9,0.0123,1.7829,,,,,
2,1.5,0.8,20,6,8,0.15,0.019,0.955,24.4,-0.168,-36.23,0.733,0.2029,491.07,170.45,2.881,69,-2886.4,0.0098,1.7827,,,,,
1,1.75,0.8,12,10,4,0.15,0.0,0.406,45.0,-0.343,-30.88,0.444,0.1765,139.58,67.41,2.071,34,-1145.2,0.0,1.782,,,,,
1,1.75,0.8,16,10,6,0.15,0.0,0.408,45.0,-0.343,-33.47,0.468,0.1613,182.5,75.0,2.433,31,-1124.3,0.0,1.776,,,,,
1,2.0,0.35,20,8,4,0.5,0.0,0.408,45.0,-0.695,-60.0,0.15,0.05,212.5,74.34,2.858,20,-1256.0,0.0,1.776,,,,,
1,2.0,0.35,20,8,4,1.0,0.0,0.408,45.0,-0.695,-60.0,0.15,0.05,212.5,74.34,2.858,20,-1256.0,0.0,1.776,,,,,
1,2.0,0.35,20,8,6,0.5,0.0,0.408,45.0,-0.695,-60.0,0.15,0.05,212.5,74.34,2.858,20,-1256.0,0.0,1.776,,,,,
1,2.0,0.35,20,8,6,1.0,0.0,0.408,45.0,-0.695,-60.0,0.15,0.05,212.5,74.34,2.858,20,-1256.0,0.0,1.776,,,,,
2,1.5,0.5,16,8,6,0.15,0.019,0.961,21.0,-0.208,-36.97,0.695,0.1972,426.79,150.88,2.829,71,-3022.6,0.0092,1.7751,,,,,
1,1.5,0.65,12,6,10,0.15,0.001,0.433,33.0,-0.078,-9.06,0.858,0.3913,140.28,105.06,1.335,69,-818.2,0.0014,1.7697,,,,,
1,1.5,0.8,16,6,4,1.0,0.017,0.894,25.6,-0.105,-10.74,0.811,0.237,194.53,74.51,2.611,135,-1828.0,0.0102,1.7637,,,,,
1,1.75,0.65,16,6,8,0.3,0.0,0.407,45.0,-0.164,-18.06,0.743,0.2444,213.64,93.01,2.297,45,-938.5,0.0009,1.7607,,,,,
2,1.5,0.35,20,8,10,0.15,0.018,0.944,23.6,-0.259,-35.66,0.662,0.1324,527.78,121.61,4.34,68,-2805.8,0.008,1.754,,,,,
2,1.5,0.5,8,6,4,1.0,0.019,0.981,8.7,-0.188,-37.9,0.664,0.3538,211.36,174.4,1.212,130,-5655.6,0.0074,1.751,,,,,
1,1.5,0.5,16,6,8,0.15,0.005,0.555,38.8,-0.11,-10.18,0.833,0.2429,208.82,80.42,2.597,70,-908.5,0.0035,1.7493,,,,,
2,1.5,0.65,12,6,4,0.15,0.019,0.967,18.2,-0.243,-45.61,0.593,0.2297,289.71,145.61,1.99,74,-3789.4,0.0097,1.749,,,,,
2,2.0,0.8,8,6,4,0.5,0.0,0.42,45.0,-0.239,-53.75,0.522,0.35,167.86,173.08,0.97,20,-1187.0,0.0,1.74,,,,,
2,2.0,0.8,8,6,4,1.0,0.0,0.42,45.0,-0.239,-53.75,0.522,0.35,167.86,173.08,0.97,20,-1187.0,0.0,1.74,,,,,
1,1.75,0.8,20,8,6,0.15,0.0,0.421,45.0,-0.349,-33.47,0.471,0.129,231.25,72.69,3.182,31,-1124.3,0.0,1.737,,,,,
1,1.5,0.65,12,8,8,0.3,0.012,0.763,30.8,-0.083,-9.79,0.851,0.3585,155.92,102.39,1.523,106,-1334.3,0.007,1.7348,,,,,
1,1.5,0.8,20,4,10,0.15,0.005,0.552,32.0,-0.096,-10.51,0.847,0.2174,266.67,87.5,3.048,69,-918.2,0.0049,1.7307,,,,,
2,1.5,0.65,12,8,6,0.3,0.019,0.972,17.5,-0.141,-29.69,0.752,0.2857,315.62,167.81,1.881,112,-3952.2,0.0099,1.729,,,,,
2,2.0,0.8,8,4,6,0.5,0.0,0.424,45.0,-0.211,-51.25,0.598,0.35,217.86,196.15,1.111,20,-1137.0,0.0,1.728,,,,,
2,2.0,0.8,8,4,6,1.0,0.0,0.424,45.0,-0.211,-51.25,0.598,0.35,217.86,196.15,1.111,20,-1137.0,0.0,1.728,,,,,
1,1.75,0.5,8,4,4,0.5,0.0,0.425,45.0,-0.142,-14.69,0.748,0.3684,118.45,92.36,1.282,57,-997.1,0.0,1.725,,,,,
1,1.5,0.65,8,4,4,1.0,0.015,0.83,30.3,-0.074,-8.24,0.852,0.3852,123.56,90.81,1.361,135,-1490.5,0.012,1.7242,,,,,
2,1.5,0.8,20,8,6,0.15,0.019,0.969,16.6,-0.22,-43.84,0.645,0.1644,485.42,147.95,3.281,73,-3608.8,0.0108,1.7197,,,,,
2,1.75,0.5,16,4,6,0.5,0.015,0.852,26.9,-0.155,-28.57,0.764,0.1964,470.45,150.56,3.125,56,-1913.6,0.009,1.7192,,,,,
1,1.5,0.65,20,6,10,0.15,0.003,0.505,36.3,-0.104,-10.33,0.836,0.2174,241.67,80.32,3.009,69,-905.7,0.003,1.716,,,,,
1,1.5,0.5,12,6,10,0.3,0.013,0.783,27.1,-0.095,-10.1,0.842,0.3365,159.64,96.2,1.66,104,-1341.2,0.0099,1.7143,,,,,
1,1.75,0.5,16,4,4,0.3,0.0,0.429,45.0,-0.191,-17.82,0.715,0.1915,233.33,77.3,3.018,47,-969.1,0.0,1.713,,,,,
1,1.75,0.8,12,6,10,0.15,0.0,0.429,45.0,-0.388,-44.91,0.409,0.2593,119.64,102.5,1.167,27,-1288.1,0.0,1.713,,,,,
2,1.75,0.8,20,4,8,0.15,0.007,0.622,30.1,-0.171,-33.33,0.735,0.1667,555.0,151.0,3.675,30,-1168.0,0.005,1.712,,,,,
1,1.75,0.35,16,4,6,0.5,0.0,0.43,45.0,-0.215,-16.67,0.701,0.1667,234.72,66.94,3.506,54,-1051.2,0.0,1.71,,,,,
1,1.2,0.65,12,10,4,0.15,0.015,0.847,24.5,-0.068,-6.55,0.869,0.3214,134.72,73.46,1.834,168,-1570.4,0.0104,1.7066,,,,,
2,1.2,0.65,12,6,4,0.15,0.019,0.976,12.8,-0.122,-22.81,0.775,0.2831,277.96,141.6,1.963,166,-4715.4,0.0105,1.7057,,,,,
1,1.5,0.5,12,4,10,0.15,0.0,0.432,45.0,-0.091,-8.93,0.853,0.3286,157.07,90.16,1.742,70,-821.0,0.0,1.704,,,,,
2,1.75,0.65,12,10,8,0.15,0.001,0.45,45.0,-0.154,-26.67,0.744,0.2667,290.62,142.05,2.046,30,-968.0,0.0023,1.7015,,,,,
2,1.75,0.5,20,6,8,0.15,0.005,0.542,27.8,-0.199,-26.67,0.719,0.1333,512.5,109.62,4.675,30,-968.0,0.008,1.6988,,,,,
1,1.2,0.35,12,10,10,0.5,0.018,0.935,22.0,-0.098,-8.2,0.854,0.2936,163.67,79.63,2.055,218,-2397.9,0.0121,1.6984,,,,,
1,1.75,0.5,8,4,6,0.3,0.0,0.435,45.0,-0.201,-20.92,0.655,0.3478,114.06,92.92,1.228,46,-1091.3,0.0,1.695,,,,,
2,1.75,0.5,12,8,6,0.15,0.003,0.514,37.7,-0.206,-28.23,0.693,0.1935,329.17,114.0,2.887,31,-1048.6,0.003,1.6896,,,,,
1,1.75,0.35,12,4,6,0.3,0.0,0.437,45.0,-0.311,-23.89,0.554,0.1778,167.19,65.2,2.564,45,-1201.0,0.0,1.689,,,,,
2,1.75,0.65,16,4,6,0.3,0.015,0.864,25.7,-0.185,-35.94,0.709,0.1875,466.67,151.92,3.072,48,-1993.8,0.0089,1.686,,,,,
1,1.5,0.8,8,4,4,0.15,0.0,0.418,45.0,-0.061,-6.58,0.869,0.3947,110.83,83.15,1.333,76,-712.8,0.003,1.6854,,,,,
1,1.5,0.8,16,10,10,0.3,0.013,0.788,30.0,-0.076,-9.64,0.866,0.3429,181.25,109.24,1.659,105,-1306.5,0.0106,1.6841,,,,,
2,1.75,0.35,12,6,6,0.15,0.0,0.439,45.0,-0.261,-28.23,0.62,0.1935,237.5,92.0,2.582,31,-1048.6,0.0,1.683,,,,,
1,1.5,0.35,16,6,10,0.15,0.002,0.482,24.0,-0.118,-8.46,0.837,0.2059,210.71,65.28,3.228,68,-765.4,0.0033,1.6817,,,,,
2,1.5,0.65,20,10,10,0.15,0.018,0.953,23.4,-0.181,-35.87,0.714,0.2174,411.67,160.19,2.57,69,-2861.4,0.0103,1.6817,,,,,
2,1.75,0.5,12,4,8,0.15,0.0,0.431,45.0,-0.17,-24.17,0.739,0.2333,292.86,120.65,2.427,30,-893.0,0.0013,1.6812,,,,,
1,1.75,0.5,16,4,8,0.3,0.0,0.44,45.0,-0.202,-19.89,0.703,0.2045,230.56,84.29,2.735,44,-998.2,0.0,1.68,,,,,
1,2.0,0.35,20,10,4,0.5,0.0,0.44,45.0,-0.709,-61.25,0.133,0.05,187.5,74.34,2.522,20,-1281.0,0.0,1.68,,,,,
1,2.0,0.35,20,10,4,1.0,0.0,0.44,45.0,-0.709,-61.25,0.133,0.05,187.5,74.34,2.522,20,-1281.0,0.0,1.68,,,,,
1,2.0,0.35,20,10,6,0.5,0.0,0.44,45.0,-0.709,-61.25,0.133,0.05,187.5,74.34,2.522,20,-1281.0,0.0,1.68,,,,,
1,2.0,0.35,20,10,6,1.0,0.0,0.44,45.0,-0.709,-61.25,0.133,0.05,187.5,74.34,2.522,20,-1281.0,0.0,1.68,,,,,
1,1.75,0.8,12,10,6,0.15,0.0,0.442,45.0,-0.357,-35.48,0.432,0.1935,139.58,77.5,1.801,31,-1186.8,0.0,1.674,,,,,
1,1.5,0.8,12,8,8,1.0,0.014,0.832,27.3,-0.077,-9.94,0.857,0.3852,154.79,113.17,1.368,122,-1554.1,0.0095,1.6712,,,,,
1,1.75,0.35,8,6,4,0.3,0.0,0.443,45.0,-0.283,-23.91,0.539,0.3261,85.83,77.02,1.114,46,-1228.8,0.0,1.671,,,,,
1,1.75,0.8,20,10,4,0.15,0.0,0.443,45.0,-0.367,-31.99,0.431,0.1176,206.25,63.75,3.235,34,-1182.7,0.0,1.671,,,,,
1,1.5,0.8,12,6,8,0.5,0.012,0.765,28.6,-0.06,-7.73,0.888,0.3814,161.11,111.82,1.441,118,-1242.9,0.0101,1.6673,,,,,
1,1.75,0.5,16,4,6,0.5,0.0,0.445,45.0,-0.155,-14.29,0.764,0.1964,235.23,75.28,3.125,56,-956.8,0.0,1.665,,,,,
2,1.75,0.5,16,4,6,0.3,0.015,0.838,27.2,-0.18,-33.7,0.73,0.1957,466.67,155.41,3.003,46,-1807.6,0.0139,1.6623,,,,,
1,1.5,0.35,16,8,10,0.3,0.006,0.606,35.0,-0.081,-6.44,0.886,0.2222,225.57,72.73,3.102,99,-914.7,0.0056,1.6518,,,,,
1,1.75,0.8,12,4,10,0.15,0.0,0.45,45.0,-0.388,-44.91,0.409,0.2593,119.64,102.5,1.167,27,-1288.1,0.0,1.65,,,,,
2,1.5,0.35,8,4,4,0.3,0.018,0.96,23.8,-0.132,-20.75,0.794,0.2925,273.39,142.33,1.921,106,-2793.6,0.0109,1.6484,,,,,
2,1.75,0.65,16,6,4,0.15,0.003,0.533,26.0,-0.174,-25.0,0.732,0.1471,465.0,109.48,4.247,34,-1040.4,0.0022,1.6473,,,,,
1,1.75,0.35,8,4,4,1.0,0.0,0.451,45.0,-0.205,-17.32,0.678,0.3158,115.28,78.53,1.468,57,-1147.1,0.0,1.647,,,,,
1,1.75,0.35,16,6,4,0.3,0.0,0.451,45.0,-0.299,-22.55,0.583,0.1522,207.14,63.78,3.248,46,-1166.3,0.0,1.647,,,,,
2,1.75,0.5,16,10,8,0.15,0.001,0.466,37.0,-0.192,-26.67,0.714,0.2,333.33,116.67,2.857,30,-968.0,0.0026,1.6461,,,,,
1,1.5,0.5,16,10,8,0.3,0.011,0.756,30.7,-0.096,-9.64,0.848,0.2762,194.83,87.66,2.222,105,-1306.5,0.0077,1.6445,,,,,
1,1.75,0.65,16,4,6,0.3,0.0,0.453,45.0,-0.185,-17.97,0.709,0.1875,233.33,75.96,3.072,48,-996.9,0.0,1.641,,,,,
2,1.75,0.65,20,4,4,0.15,0.006,0.619,26.7,-0.197,-27.94,0.703,0.1176,562.5,106.67,5.273,34,-1140.4,0.0045,1.6341,,,,,
1,1.2,0.5,20,6,4,0.15,0.015,0.881,29.7,-0.108,-8.86,0.833,0.1818,242.92,64.81,3.748,165,-1924.5,0.0089,1.634,,,,,
1,1.75,0.8,20,10,6,0.15,0.0,0.458,45.0,-0.383,-36.69,0.42,0.129,206.25,72.69,2.838,31,-1224.3,0.0,1.626,,,,,
2,1.5,0.5,8,6,4,0.5,0.018,0.982,8.7,-0.198,-39.7,0.647,0.3492,208.46,172.87,1.206,126,-5708.2,0.0087,1.626,,,,,
1,1.75,0.5,8,4,4,0.3,0.0,0.459,45.0,-0.212,-21.81,0.64,0.3404,114.06,91.94,1.241,47,-1156.6,0.0,1.623,,,,,
1,1.2,0.65,16,8,6,0.15,0.013,0.813,27.6,-0.059,-5.84,0.896,0.2899,172.96,78.85,2.193,169,-1460.7,0.01,1.6215,,,,,
2,1.75,0.35,20,4,8,0.15,0.001,0.456,21.0,-0.252,-28.57,0.68,0.1071,566.67,100.0,5.667,28,-956.8,0.0055,1.6185,,,,,
1,1.5,0.65,8,4,4,0.3,0.01,0.74,33.4,-0.072,-7.87,0.86,0.3707,130.52,89.38,1.46,116,-1237.3,0.0066,1.6171,,,,,
1,1.75,0.8,12,6,4,0.15,0.0,0.461,45.0,-0.384,-34.56,0.377,0.1765,118.75,67.41,1.762,34,-1270.2,0.0,1.617,,,,,
2,1.75,0.5,16,4,4,0.3,0.015,0.862,26.3,-0.191,-35.64,0.715,0.1915,466.67,154.61,3.018,47,-1938.2,0.0127,1.6147,,,,,
1,1.2,0.5,16,10,6,0.15,0.015,0.888,23.2,-0.106,-9.45,0.831,0.2439,190.62,73.99,2.576,164,-2009.2,0.0089,1.614,,,,,
1,1.75,0.8,20,8,10,0.15,0.0,0.462,45.0,-0.403,-43.52,0.437,0.1481,228.12,90.76,2.513,27,-1250.6,0.0,1.614,,,,,
1,1.5,0.5,12,8,10,0.3,0.013,0.807,27.8,-0.109,-11.54,0.819,0.3365,155.36,96.2,1.615,104,-1491.2,0.0114,1.6123,,,,,
2,1.2,0.35,12,4,6,0.15,0.018,0.954,20.4,-0.093,-13.34,0.86,0.2577,319.05,128.72,2.479,163,-3087.8,0.0136,1.612,,,,,
1,1.5,0.35,16,8,4,0.3,0.009,0.702,31.2,-0.12,-8.69,0.83,0.1714,247.92,61.78,4.013,105,-1206.5,0.0079,1.6089,,,,,
2,1.75,0.35,12,10,8,0.15,0.0,0.464,45.0,-0.288,-34.82,0.598,0.2143,241.67,110.23,2.192,28,-1131.8,0.0,1.608,,,,,
2,1.75,0.5,16,6,10,0.15,0.001,0.49,21.0,-0.224,-34.26,0.694,0.1852,420.0,137.5,3.055,27,-1076.2,0.0012,1.6025,,,,,
2,1.5,0.35,8,4,6,0.3,0.017,0.942,23.0,-0.109,-17.86,0.826,0.3333,253.57,153.57,1.651,105,-2463.0,0.0111,1.6013,,,,,
1,1.75,0.8,20,10,10,0.15,0.0,0.468,45.0,-0.42,-45.37,0.413,0.1481,215.62,90.76,2.376,27,-1300.6,0.0,1.596,,,,,
1,1.75,0.65,16,8,8,0.3,0.0,0.464,45.0,-0.181,-20.0,0.715,0.2444,205.68,93.01,2.211,45,-1026.0,0.0009,1.5897,,,,,
1,1.5,0.65,12,4,6,0.15,0.007,0.648,31.3,-0.115,-12.15,0.803,0.3056,162.5,89.0,1.826,72,-1076.6,0.0073,1.5892,,,,,
1,1.5,0.65,16,8,10,0.15,0.004,0.574,39.2,-0.095,-10.33,0.841,0.3043,179.76,93.49,1.923,69,-905.7,0.0039,1.5881,,,,,
2,2.0,0.65,12,4,4,0.5,0.0,0.471,45.0,-0.307,-57.5,0.483,0.15,358.33,130.88,2.738,20,-1262.0,0.0,1.587,,,,,
2,2.0,0.65,12,4,4,1.0,0.0,0.471,45.0,-0.307,-57.5,0.483,0.15,358.33,130.88,2.738,20,-1262.0,0.0,1.587,,,,,
2,1.75,0.35,12,10,4,0.15,0.0,0.453,45.0,-0.215,-23.44,0.691,0.1875,279.17,93.27,2.993,32,-929.2,0.0032,1.5778,,,,,
1,1.5,0.5,16,4,4,0.5,0.015,0.902,26.5,-0.126,-11.4,0.801,0.2,230.0,71.75,3.206,125,-1775.0,0.0086,1.5777,,,,,
1,1.75,0.35,16,4,4,0.5,0.0,0.476,45.0,-0.227,-17.5,0.687,0.1636,234.72,66.85,3.511,55,-1116.5,0.0,1.572,,,,,
1,1.5,0.35,12,4,10,0.15,0.0,0.477,45.0,-0.166,-12.32,0.763,0.25,158.82,69.36,2.29,68,-1027.9,0.0,1.569,,,,,
1,1.75,0.5,16,4,4,0.5,0.0,0.478,45.0,-0.165,-15.13,0.75,0.193,235.23,75.0,3.136,57,-1022.1,0.0,1.566,,,,,
1,1.75,0.65,8,4,6,0.3,0.0,0.478,45.0,-0.204,-21.88,0.635,0.3333,114.06,89.84,1.27,48,-1184.4,0.0,1.566,,,,,
1,1.5,0.5,8,4,6,0.3,0.01,0.749,31.0,-0.084,-8.98,0.846,0.4,123.3,97.16,1.269,110,-1295.5,0.0079,1.5649,,,,,
1,1.75,0.5,16,6,6,0.3,0.0,0.48,45.0,-0.232,-21.74,0.652,0.1957,208.33,77.7,2.681,46,-1128.8,0.0,1.56,,,,,
2,1.75,0.35,20,10,4,0.15,0.0,0.472,45.0,-0.245,-25.78,0.667,0.125,412.5,88.39,4.667,32,-1004.2,0.0013,1.5582,,,,,
1,1.75,0.35,16,4,10,0.3,0.0,0.481,45.0,-0.314,-25.6,0.585,0.1667,216.07,73.93,2.923,42,-1192.6,0.0,1.557,,,,,
1,1.75,0.8,16,4,8,0.3,0.0,0.473,45.0,-0.158,-19.17,0.753,0.2444,238.64,102.57,2.326,45,-988.5,0.0013,1.5552,,,,,
1,1.75,0.35,12,4,4,0.3,0.0,0.483,45.0,-0.323,-24.73,0.54,0.1739,167.19,65.13,2.567,46,-1266.3,0.0,1.551,,,,,
1,1.75,0.65,16,4,10,0.3,0.0,0.483,45.0,-0.199,-23.21,0.707,0.2381,235.0,103.91,2.262,42,-1092.6,0.0,1.551,,,,,
2,1.75,0.5,20,6,6,0.15,0.003,0.545,25.7,-0.208,-27.42,0.707,0.129,512.5,107.41,4.772,31,-1023.6,0.0053,1.5508,,,,,
1,1.5,0.8,12,6,8,1.0,0.012,0.797,29.4,-0.061,-7.89,0.887,0.3852,160.11,113.17,1.415,122,-1304.1,0.0112,1.5497,,,,,
1,1.5,0.35,16,6,8,0.15,0.003,0.562,31.7,-0.151,-10.66,0.792,0.1912,212.5,63.41,3.351,68,-915.4,0.0029,1.5467,,,,,
1,1.5,0.35,16,4,6,0.3,0.008,0.697,28.8,-0.102,-7.57,0.856,0.1923,235.0,65.33,3.597,104,-1078.7,0.0069,1.5462,,,,,
2,1.5,0.8,8,6,6,0.15,0.016,0.918,23.7,-0.103,-26.33,0.763,0.5067,167.76,225.68,0.743,75,-2395.0,0.0126,1.5457,,,,,
2,1.75,0.65,12,6,8,0.15,0.0,0.463,45.0,-0.183,-31.67,0.696,0.2667,271.88,142.05,1.914,30,-1118.0,0.0033,1.5452,,,,,
2,1.75,0.65,20,8,8,0.15,0.002,0.535,33.5,-0.19,-30.83,0.711,0.1667,455.0,128.0,3.555,30,-1093.0,0.0025,1.538,,,,,
2,1.5,0.8,20,8,8,0.15,0.017,0.969,24.5,-0.193,-41.67,0.693,0.2029,464.29,170.45,2.724,69,-3261.4,0.0102,1.5371,,,,,
2,1.5,0.65,12,6,8,0.15,0.016,0.914,21.2,-0.116,-26.09,0.795,0.3623,279.0,199.43,1.399,69,-2186.4,0.0137,1.5369,,,,,
2,1.75,0.5,16,8,4,0.15,0.002,0.536,36.5,-0.215,-28.91,0.692,0.1562,415.0,111.11,3.735,32,-1104.2,0.0025,1.5363,,,,,
2,2.0,0.5,8,4,6,0.5,0.0,0.488,45.0,-0.276,-60.0,0.534,0.3,229.17,183.93,1.246,20,-1312.0,0.0,1.536,,,,,
2,2.0,0.5,8,4,6,1.0,0.0,0.488,45.0,-0.276,-60.0,0.534,0.3,229.17,183.93,1.246,20,-1312.0,0.0,1.536,,,,,
2,1.5,0.5,8,6,4,0.3,0.017,0.982,16.6,-0.186,-37.05,0.675,0.3393,226.32,172.3,1.314,112,-4777.2,0.0085,1.5329,,,,,
1,1.2,0.35,16,8,8,1.0,0.016,0.933,21.6,-0.093,-7.49,0.866,0.2423,199.32,73.62,2.707,227,-2335.6,0.0112,1.5294,,,,,
2,1.75,0.5,20,6,4,0.15,0.004,0.599,23.8,-0.231,-30.47,0.678,0.125,512.5,108.04,4.744,32,-1154.2,0.0032,1.5278,,,,,
1,1.75,0.65,16,4,8,0.5,0.0,0.485,45.0,-0.136,-15.23,0.788,0.2364,239.42,94.05,2.546,55,-991.5,0.0009,1.5267,,,,,
1,1.5,0.65,16,6,6,0.5,0.013,0.864,30.5,-0.093,-9.6,0.84,0.256,196.48,80.51,2.44,125,-1550.0,0.0072,1.5255,,,,,
2,1.75,0.5,16,4,8,0.3,0.013,0.864,23.5,-0.202,-39.77,0.703,0.2045,461.11,168.57,2.735,44,-1996.4,0.0072,1.525,,,,,
1,1.75,0.65,16,4,4,0.3,0.0,0.492,45.0,-0.196,-18.75,0.691,0.18,233.33,74.09,3.15,50,-1077.5,0.0,1.524,,,,,
1,1.75,0.8,12,6,6,0.15,0.0,0.492,45.0,-0.397,-39.52,0.368,0.1935,118.75,77.5,1.532,31,-1311.8,0.0,1.524,,,,,
2,1.75,0.35,12,6,4,0.15,0.0,0.492,45.0,-0.287,-31.25,0.588,0.1875,237.5,93.27,2.546,32,-1179.2,0.0,1.524,,,,,
2,1.75,0.65,16,6,6,0.15,0.003,0.566,31.7,-0.19,-30.65,0.71,0.1613,465.0,125.96,3.692,31,-1123.6,0.0036,1.5209,,,,,
1,1.75,0.5,8,4,6,1.0,0.0,0.494,45.0,-0.16,-16.81,0.712,0.3793,109.66,94.1,1.165,58,-1137.4,0.0,1.518,,,,,
2,1.75,0.35,20,6,8,0.15,0.0,0.484,45.0,-0.299,-33.93,0.62,0.1071,516.67,100.0,5.167,28,-1106.8,0.0016,1.5164,,,,,
2,1.75,0.5,8,4,6,0.5,0.012,0.84,29.2,-0.133,-27.68,0.762,0.375,236.9,186.43,1.271,56,-1863.6,0.0066,1.5129,,,,,
2,1.75,0.35,12,4,10,0.15,0.0,0.497,45.0,-0.318,-40.18,0.571,0.2143,250.0,119.32,2.095,28,-1281.8,0.0,1.509,,,,,
1,1.75,0.35,16,6,8,0.3,0.0,0.498,45.0,-0.341,-27.38,0.538,0.1667,191.07,71.07,2.688,42,-1267.6,0.0,1.506,,,,,
2,1.75,0.65,12,4,8,0.15,0.0,0.49,45.0,-0.173,-30.0,0.712,0.2667,278.12,142.05,1.958,30,-1068.0,0.0013,1.5042,,,,,
1,1.5,0.65,12,4,8,0.15,0.002,0.54,35.5,-0.092,-10.33,0.841,0.3478,157.29,99.72,1.577,69,-905.7,0.0042,1.4903,,,,,
1,1.2,0.35,16,4,6,1.0,0.016,0.954,20.3,-0.112,-8.88,0.839,0.2281,202.64,71.38,2.839,228,-2663.4,0.0104,1.482,,,,,
2,1.75,0.35,16,10,10,0.15,0.0,0.506,45.0,-0.303,-37.5,0.604,0.1786,320.0,115.22,2.777,28,-1206.8,0.0,1.482,,,,,
2,1.5,0.5,16,8,4,0.15,0.016,0.973,18.2,-0.281,-47.54,0.591,0.1549,443.18,137.5,3.223,71,-3772.6,0.0078,1.4766,,,,,
1,1.5,0.35,16,8,6,0.3,0.006,0.657,32.2,-0.098,-7.33,0.861,0.1923,236.25,65.33,3.616,104,-1053.7,0.0068,1.4744,,,,,
1,1.75,0.35,16,4,8,0.5,0.0,0.509,45.0,-0.26,-21.08,0.65,0.1765,222.22,73.21,3.035,51,-1217.8,0.0,1.473,,,,,
1,1.5,0.65,20,6,8,0.15,0.003,0.588,36.7,-0.127,-12.5,0.799,0.2029,245.54,78.18,3.141,69,-1055.7,0.003,1.4676,,,,,
1,1.75,0.35,16,8,6,0.3,0.0,0.511,45.0,-0.337,-25.56,0.526,0.1556,182.14,63.82,2.854,45,-1276.0,0.0,1.467,,,,,
1,1.2,0.35,16,4,4,1.0,0.016,0.96,20.5,-0.122,-9.44,0.823,0.214,205.1,67.85,3.023,229,-2803.7,0.0103,1.4667,,,,,
2,1.75,0.5,16,4,4,0.5,0.013,0.866,26.4,-0.165,-30.26,0.75,0.193,470.45,150.0,3.136,57,-2044.2,0.0099,1.4645,,,,,
1,1.2,0.35,12,10,10,1.0,0.016,0.957,20.0,-0.115,-9.65,0.83,0.2902,162.12,79.87,2.03,224,-2789.7,0.0109,1.4639,,,,,
2,1.75,0.5,8,6,6,0.15,0.0,0.499,45.0,-0.201,-31.45,0.639,0.3871,143.75,142.11,1.012,31,-1148.6,0.0022,1.4583,,,,,
1,1.75,0.65,8,4,6,0.5,0.0,0.514,45.0,-0.153,-17.03,0.716,0.3621,118.45,93.92,1.261,58,-1149.9,0.0,1.458,,,,,
1,1.5,0.35,16,8,10,0.5,0.008,0.736,31.8,-0.107,-8.59,0.847,0.2321,204.81,73.11,2.801,112,-1276.1,0.0056,1.4552,,,,,
1,1.75,0.35,16,4,10,0.5,0.0,0.515,45.0,-0.265,-21.75,0.648,0.18,222.22,75.3,2.951,50,-1227.5,0.0,1.455,,,,,
2,1.5,0.8,20,8,4,0.15,0.016,0.973,16.6,-0.241,-43.92,0.598,0.1351,482.5,126.17,3.824,74,-3664.4,0.0089,1.455,,,,,
2,1.75,0.35,12,6,8,0.15,0.0,0.515,45.0,-0.362,-43.75,0.495,0.2143,200.0,110.23,1.814,28,-1381.8,0.0,1.455,,,,,
2,1.5,0.35,12,10,4,1.0,0.017,0.983,13.4,-0.229,-35.72,0.662,0.2314,302.79,137.63,2.2,121,-4999.6,0.0126,1.4486,,,,,
1,1.75,0.5,16,8,6,0.3,0.0,0.519,45.0,-0.24,-22.55,0.639,0.1957,204.17,77.7,2.628,46,-1166.3,0.0,1.443,,,,,
1,1.5,0.5,16,8,10,0.15,0.001,0.54,42.0,-0.118,-11.07,0.82,0.2571,195.83,82.69,2.368,70,-971.0,0.0022,1.4323,,,,,
2,1.75,0.5,20,10,4,1.0,0.016,0.966,23.4,-0.308,-54.66,0.555,0.1356,503.12,142.16,3.539,59,-3555.4,0.0111,1.4314,,,,,
2,1.75,0.5,12,6,8,0.15,0.0,0.523,45.0,-0.252,-35.83,0.613,0.2333,242.86,120.65,2.013,30,-1243.0,0.0,1.431,,,,,
1,1.5,0.8,16,10,8,0.3,0.01,0.794,28.9,-0.087,-10.61,0.848,0.3113,190.53,101.54,1.876,106,-1421.8,0.008,1.4288,,,,,
1,1.5,0.8,8,6,6,0.3,0.006,0.673,30.8,-0.054,-6.91,0.878,0.4825,103.18,109.53,0.942,114,-1106.7,0.0068,1.4261,,,,,
2,1.75,0.35,20,8,8,0.15,0.001,0.549,28.0,-0.346,-39.29,0.56,0.1071,466.67,100.0,4.667,28,-1256.8,0.0012,1.4255,,,,,
2,1.5,0.35,20,8,8,0.15,0.015,0.963,18.0,-0.291,-39.34,0.623,0.1176,553.12,118.33,4.674,68,-3055.8,0.0071,1.4246,,,,,
1,1.5,0.65,16,10,10,0.15,0.004,0.63,38.0,-0.114,-12.32,0.81,0.3043,172.62,93.23,1.852,69,-1043.2,0.0037,1.4232,,,,,
2,2.0,0.5,8,6,4,0.5,0.0,0.526,45.0,-0.305,-62.5,0.462,0.3,179.17,166.07,1.079,20,-1362.0,0.0,1.422,,,,,
2,2.0,0.5,8,6,4,1.0,0.0,0.526,45.0,-0.305,-62.5,0.462,0.3,179.17,166.07,1.079,20,-1362.0,0.0,1.422,,,,,
2,1.75,0.5,16,8,10,0.15,0.002,0.578,35.5,-0.284,-43.52,0.612,0.1852,370.0,137.5,2.691,27,-1326.2,0.002,1.42,,,,,
1,1.75,0.5,8,4,4,1.0,0.0,0.527,45.0,-0.169,-17.58,0.699,0.3729,109.66,93.24,1.176,59,-1202.7,0.0,1.419,,,,,
1,1.75,0.65,8,4,4,0.3,0.0,0.527,45.0,-0.215,-22.5,0.619,0.32,114.06,86.76,1.315,50,-1265.0,0.0,1.419,,,,,
1,1.5,0.65,16,8,8,0.15,0.004,0.631,41.8,-0.114,-12.14,0.812,0.2899,180.62,90.82,1.989,69,-1030.7,0.0038,1.4188,,,,,
1,1.5,0.35,16,8,8,0.15,0.002,0.577,25.5,-0.169,-11.95,0.767,0.1912,205.77,63.41,3.245,68,-1002.9,0.0022,1.4183,,,,,
1,1.5,0.35,16,6,10,1.0,0.009,0.774,33.9,-0.107,-8.65,0.846,0.2393,198.21,73.74,2.688,117,-1340.1,0.0066,1.4181,,,,,
2,1.75,0.35,20,4,10,0.15,0.001,0.542,22.0,-0.301,-35.71,0.63,0.1071,566.67,108.0,5.247,28,-1156.8,0.0028,1.4156,,,,,
1,1.5,0.35,16,4,8,1.0,0.01,0.803,32.4,-0.11,-8.72,0.844,0.2185,215.87,71.51,3.019,119,-1370.7,0.0075,1.4116,,,,,
2,1.75,0.5,12,10,8,0.15,0.0,0.514,45.0,-0.217,-30.83,0.667,0.2333,264.29,120.65,2.19,30,-1093.0,0.0024,1.4097,,,,,
1,1.5,0.65,16,10,6,1.0,0.011,0.828,29.7,-0.09,-9.3,0.846,0.2558,199.62,81.12,2.461,129,-1561.2,0.0087,1.4092,,,,,
1,1.5,0.8,16,6,4,0.15,0.004,0.627,35.8,-0.112,-10.67,0.799,0.2133,199.22,67.58,2.948,75,-1010.0,0.0049,1.409,,,,,
2,1.75,0.65,20,4,6,0.15,0.004,0.634,32.0,-0.214,-33.87,0.682,0.129,562.5,122.22,4.602,31,-1223.6,0.004,1.4052,,,,,
1,1.75,0.5,16,6,4,0.3,0.0,0.532,45.0,-0.243,-22.61,0.638,0.1915,208.33,77.3,2.695,47,-1194.1,0.0,1.404,,,,,
2,1.5,0.65,20,10,8,0.15,0.015,0.961,26.2,-0.198,-38.77,0.688,0.2029,421.43,155.91,2.703,69,-3061.4,0.0084,1.4037,,,,,
1,1.5,0.35,16,6,10,0.3,0.007,0.717,33.4,-0.113,-8.96,0.842,0.2222,214.2,72.73,2.945,99,-1164.7,0.0062,1.4034,,,,,
2,1.75,0.5,16,10,6,0.15,0.001,0.558,21.0,-0.252,-33.87,0.635,0.1613,365.0,110.58,3.301,31,-1223.6,0.0012,1.3985,,,,,
2,2.0,0.65,8,6,6,0.5,0.0,0.534,45.0,-0.269,-62.5,0.485,0.35,167.86,186.54,0.9,20,-1362.0,0.0,1.398,,,,,
2,2.0,0.65,8,6,6,1.0,0.0,0.534,45.0,-0.269,-62.5,0.485,0.35,167.86,186.54,0.9,20,-1362.0,0.0,1.398,,,,,
1,1.5,0.8,16,10,10,0.15,0.003,0.614,37.7,-0.101,-11.96,0.822,0.3333,165.22,100.54,1.643,69,-1018.2,0.0028,1.393,,,,,
2,1.75,0.65,20,10,8,0.15,0.002,0.587,32.0,-0.22,-35.83,0.664,0.1667,425.0,128.0,3.32,30,-1243.0,0.002,1.393,,,,,
1,1.75,0.5,16,6,8,0.3,0.0,0.536,45.0,-0.254,-25.0,0.627,0.2045,205.56,84.29,2.439,44,-1223.2,0.0,1.392,,,,,
1,1.75,0.5,16,4,8,0.5,0.0,0.537,45.0,-0.192,-18.75,0.717,0.2037,232.95,83.14,2.802,54,-1163.7,0.0,1.389,,,,,
1,1.75,0.65,12,8,8,0.3,0.0,0.538,45.0,-0.21,-23.89,0.657,0.2889,158.65,98.05,1.618,45,-1201.0,0.0,1.386,,,,,
1,1.75,0.35,16,6,6,0.5,0.0,0.54,45.0,-0.269,-20.83,0.627,0.1667,209.72,66.94,3.133,54,-1276.2,0.0,1.38,,,,,
1,1.75,0.65,16,6,6,0.3,0.0,0.54,45.0,-0.233,-22.66,0.633,0.1875,208.33,75.96,2.743,48,-1221.9,0.0,1.38,,,,,
2,1.75,0.65,16,10,8,0.5,0.015,0.946,20.1,-0.217,-48.64,0.661,0.2364,401.92,188.1,2.137,55,-2983.0,0.0121,1.3741,,,,,
1,1.75,0.35,20,4,6,0.3,0.0,0.542,45.0,-0.342,-25.28,0.536,0.1111,262.5,61.25,4.286,45,-1263.5,0.0,1.374,,,,,
2,1.75,0.5,20,8,8,0.15,0.002,0.59,35.5,-0.249,-33.33,0.649,0.1333,462.5,109.62,4.219,30,-1168.0,0.0025,1.3737,,,,,
1,1.75,0.35,12,4,8,0.3,0.0,0.543,45.0,-0.365,-29.76,0.495,0.1905,153.12,72.79,2.104,42,-1367.6,0.0,1.371,,,,,
1,1.75,0.65,16,10,8,0.3,0.0,0.543,45.0,-0.221,-24.44,0.652,0.2444,187.5,93.01,2.016,45,-1226.0,0.0,1.371,,,,,
1,1.75,0.5,16,6,6,0.5,0.0,0.544,45.0,-0.209,-19.2,0.683,0.1964,210.23,75.28,2.793,56,-1231.8,0.0,1.368,,,,,
1,1.5,0.8,16,8,4,0.5,0.011,0.859,29.7,-0.091,-9.23,0.833,0.2385,192.74,72.47,2.659,130,-1564.0,0.0062,1.3651,,,,,
1,1.5,0.35,16,8,10,1.0,0.006,0.709,24.8,-0.097,-7.8,0.861,0.2393,201.79,73.74,2.737,117,-1240.1,0.0047,1.3608,,,,,
1,1.75,0.65,20,4,8,0.3,0.0,0.548,45.0,-0.22,-23.33,0.672,0.1778,268.75,86.49,3.107,45,-1176.0,0.0,1.356,,,,,
2,2.0,0.8,12,4,4,0.5,0.0,0.548,45.0,-0.323,-63.75,0.457,0.15,358.33,138.24,2.592,20,-1387.0,0.0,1.356,,,,,
2,2.0,0.8,12,4,4,1.0,0.0,0.548,45.0,-0.323,-63.75,0.457,0.15,358.33,138.24,2.592,20,-1387.0,0.0,1.356,,,,,
2,1.5,0.65,20,8,4,0.15,0.015,0.971,16.7,-0.277,-47.6,0.567,0.1233,505.56,125.39,4.032,73,-3883.8,0.0096,1.3496,,,,,
1,1.75,0.5,12,8,6,0.3,0.0,0.552,45.0,-0.254,-24.18,0.611,0.2174,175.0,79.51,2.201,46,-1241.3,0.0,1.344,,,,,
1,1.75,0.65,16,4,6,0.5,0.0,0.553,45.0,-0.177,-17.46,0.719,0.1897,235.23,76.6,3.071,58,-1174.9,0.0,1.341,,,,,
2,1.75,0.8,12,8,8,0.15,0.002,0.602,29.0,-0.173,-35.83,0.709,0.2667,328.12,168.18,1.951,30,-1243.0,0.0024,1.3397,,,,,
2,1.75,0.65,20,4,8,1.0,0.015,0.959,19.9,-0.264,-56.58,0.613,0.1579,566.67,173.44,3.267,57,-3544.2,0.012,1.3386,,,,,
1,1.5,0.65,16,8,6,0.3,0.008,0.763,33.5,-0.086,-8.82,0.854,0.25,206.25,80.51,2.562,112,-1301.1,0.0074,1.338,,,,,
1,1.5,0.8,12,10,6,0.5,0.01,0.821,32.3,-0.084,-9.52,0.843,0.3175,160.62,88.66,1.812,126,-1552.8,0.0086,1.3348,,,,,
1,1.5,0.8,20,4,8,0.15,0.003,0.633,39.0,-0.121,-13.04,0.808,0.2029,270.54,85.23,3.174,69,-1093.2,0.0029,1.3337,,,,,
2,1.5,0.65,12,8,4,0.3,0.015,0.983,18.5,-0.174,-34.57,0.698,0.2435,328.57,151.44,2.17,115,-4619.0,0.0089,1.328,,,,,
1,1.75,0.5,16,8,8,0.3,0.0,0.558,45.0,-0.262,-25.85,0.614,0.2045,201.39,84.29,2.389,44,-1260.7,0.0,1.326,,,,,
1,1.5,0.35,16,6,8,0.3,0.006,0.715,34.7,-0.11,-8.54,0.845,0.2178,214.2,70.57,3.035,101,-1145.3,0.0057,1.3233,,,,,
1,1.2,0.35,12,4,6,1.0,0.014,0.962,24.2,-0.108,-8.79,0.84,0.262,175.62,74.26,2.365,229,-2653.7,0.0074,1.3232,,,,,
2,2.0,0.65,12,6,4,0.5,0.0,0.559,45.0,-0.347,-65.0,0.416,0.15,308.33,130.88,2.356,20,-1412.0,0.0,1.323,,,,,
2,2.0,0.65,12,6,4,1.0,0.0,0.559,45.0,-0.347,-65.0,0.416,0.15,308.33,130.88,2.356,20,-1412.0,0.0,1.323,,,,,
1,1.5,0.5,16,6,6,0.3,0.009,0.803,29.4,-0.107,-10.09,0.832,0.2294,218.0,77.98,2.796,109,-1405.2,0.0071,1.3216,,,,,
2,1.75,0.8,16,4,10,0.15,0.003,0.637,32.7,-0.205,-46.3,0.697,0.2222,479.17,196.43,2.439,27,-1401.2,0.003,1.3206,,,,,
1,1.75,0.35,12,4,6,0.5,0.0,0.56,45.0,-0.278,-21.76,0.608,0.1852,182.5,68.18,2.677,54,-1326.2,0.0,1.32,,,,,
2,1.5,0.65,12,6,4,0.3,0.015,0.98,16.1,-0.178,-35.43,0.691,0.2435,325.0,151.44,2.146,115,-4719.0,0.0098,1.3192,,,,,
1,1.5,0.5,12,4,8,0.15,0.0,0.561,45.0,-0.141,-13.57,0.774,0.3,155.36,85.97,1.807,70,-1146.0,0.0,1.317,,,,,
2,1.75,0.35,20,6,10,0.15,0.001,0.587,28.0,-0.346,-41.07,0.574,0.1071,516.67,108.0,4.784,28,-1306.8,0.0012,1.3115,,,,,
1,1.5,0.65,12,6,8,0.15,0.0,0.563,45.0,-0.116,-13.04,0.795,0.3623,139.5,99.72,1.399,69,-1093.2,0.0,1.311,,,,,
1,1.5,0.8,12,8,10,0.15,0.0,0.563,45.0,-0.107,-13.77,0.791,0.4348,120.0,116.67,1.029,69,-1143.2,0.0,1.311,,,,,
1,1.75,0.35,16,8,4,0.3,0.0,0.563,45.0,-0.349,-26.36,0.513,0.1522,182.14,63.78,2.856,46,-1341.3,0.0,1.311,,,,,
1,1.75,0.5,16,8,4,0.3,0.0,0.563,45.0,-0.251,-23.4,0.626,0.1915,204.17,77.3,2.641,47,-1231.6,0.0,1.311,,,,,
2,1.5,0.35,20,4,8,0.15,0.014,0.958,23.1,-0.274,-37.13,0.644,0.1176,571.88,118.33,4.833,68,-2905.8,0.0088,1.3089,,,,,
1,1.5,0.35,16,4,8,0.5,0.008,0.78,36.1,-0.106,-8.37,0.849,0.2174,216.5,70.83,3.056,115,-1284.5,0.0064,1.3082,,,,,
1,1.5,0.8,16,10,6,0.3,0.009,0.8,35.0,-0.099,-10.73,0.822,0.2743,180.24,82.93,2.174,113,-1528.9,0.0083,1.3075,,,,,
1,1.5,0.8,16,8,8,0.15,0.003,0.643,36.3,-0.111,-12.86,0.808,0.3043,177.38,96.09,1.846,69,-1080.7,0.0028,1.3054,,,,,
1,1.75,0.65,16,8,6,0.3,0.0,0.565,45.0,-0.241,-23.44,0.62,0.1875,204.17,75.96,2.688,48,-1259.4,0.0,1.305,,,,,
2,2.0,0.5,12,4,4,0.5,0.0,0.565,45.0,-0.356,-66.25,0.448,0.15,358.33,141.18,2.538,20,-1437.0,0.0,1.305,,,,,
2,2.0,0.5,12,4,4,1.0,0.0,0.565,45.0,-0.356,-66.25,0.448,0.15,358.33,141.18,2.538,20,-1437.0,0.0,1.305,,,,,
1,1.75,0.65,8,4,4,0.5,0.0,0.567,45.0,-0.164,-17.62,0.698,0.3443,118.45,89.06,1.33,61,-1245.8,0.0,1.299,,,,,
2,1.75,0.8,16,8,8,0.15,0.001,0.583,21.0,-0.164,-33.33,0.732,0.2333,389.29,161.96,2.404,30,-1168.0,0.0024,1.299,,,,,
1,1.5,0.5,16,4,4,1.0,0.012,0.906,26.7,-0.126,-11.43,0.801,0.2016,228.85,72.09,3.175,129,-1836.2,0.0074,1.2988,,,,,
2,1.75,0.65,16,6,8,0.3,0.01,0.841,21.1,-0.164,-36.11,0.743,0.2444,427.27,186.03,2.297,45,-1877.0,0.0074,1.2987,,,,,
1,1.75,0.35,16,4,6,1.0,0.0,0.568,45.0,-0.27,-20.76,0.627,0.1607,216.67,66.22,3.272,56,-1319.3,0.0,1.296,,,,,
1,1.75,0.35,16,6,10,0.3,0.0,0.568,45.0,-0.365,-29.76,0.517,0.1667,191.07,73.93,2.585,42,-1367.6,0.0,1.296,,,,,
1,1.75,0.35,12,8,6,0.3,0.0,0.569,45.0,-0.354,-27.22,0.492,0.1778,148.44,65.2,2.277,45,-1351.0,0.0,1.293,,,,,
2,1.75,0.5,12,4,6,0.15,0.0,0.569,45.0,-0.265,-36.29,0.605,0.1935,287.5,114.0,2.522,31,-1298.6,0.0,1.293,,,,,
2,1.75,0.5,12,8,4,0.15,0.0,0.569,45.0,-0.229,-31.25,0.664,0.1875,329.17,114.42,2.877,32,-1179.2,0.0,1.293,,,,,
1,1.2,0.5,16,10,4,0.15,0.012,0.906,26.0,-0.124,-10.45,0.801,0.2242,187.5,67.68,2.771,165,-2187.0,0.0077,1.2928,,,,,
2,1.75,0.35,12,10,10,0.15,0.0,0.57,45.0,-0.332,-41.96,0.552,0.2143,241.67,119.32,2.025,28,-1331.8,0.0,1.29,,,,,
1,1.5,0.65,12,4,4,0.5,0.01,0.837,30.0,-0.098,-9.79,0.824,0.2558,179.55,74.87,2.398,129,-1623.7,0.0085,1.2897,,,,,
1,1.2,0.35,12,6,8,1.0,0.012,0.897,21.4,-0.073,-6.03,0.891,0.2807,175.2,76.75,2.283,228,-2013.4,0.0093,1.2877,,,,,
1,1.75,0.5,16,4,6,1.0,0.0,0.573,45.0,-0.206,-18.97,0.688,0.1897,220.45,75.0,2.939,58,-1262.4,0.0,1.281,,,,,
1,1.5,0.5,16,8,4,0.3,0.01,0.842,29.3,-0.135,-12.16,0.79,0.1982,230.68,72.19,3.195,111,-1660.8,0.0083,1.2787,,,,,
1,1.5,0.35,12,4,8,0.15,0.0,0.574,45.0,-0.204,-14.89,0.711,0.2353,155.47,67.31,2.31,68,-1202.9,0.0,1.278,,,,,
1,1.5,0.65,16,10,4,0.5,0.011,0.87,24.9,-0.116,-11.24,0.8,0.2171,207.14,71.78,2.886,129,-1811.2,0.0091,1.2755,,,,,
1,1.2,0.65,16,6,4,0.15,0.009,0.806,26.9,-0.067,-6.14,0.881,0.2426,186.89,67.97,2.75,169,-1510.7,0.0091,1.2724,,,,,
1,1.75,0.5,16,6,4,0.5,0.0,0.576,45.0,-0.218,-19.96,0.67,0.193,210.23,75.0,2.803,57,-1297.1,0.0,1.272,,,,,
2,1.75,0.5,8,6,4,0.15,0.0,0.562,45.0,-0.221,-34.38,0.611,0.375,143.75,141.25,1.018,32,-1279.2,0.0022,1.2693,,,,,
1,1.75,0.35,8,6,6,0.5,0.0,0.577,45.0,-0.258,-21.99,0.592,0.3148,101.47,78.72,1.289,54,-1338.7,0.0,1.269,,,,,
2,1.75,0.5,12,10,6,0.15,0.001,0.603,21.0,-0.276,-37.9,0.588,0.1935,279.17,114.0,2.449,31,-1348.6,0.001,1.268,,,,,
1,1.75,0.5,20,4,6,0.3,0.0,0.578,45.0,-0.265,-24.18,0.616,0.1522,255.36,74.36,3.434,46,-1241.3,0.0,1.266,,,,,
2,1.75,0.35,20,10,8,0.15,0.001,0.604,28.0,-0.393,-44.64,0.5,0.1071,416.67,100.0,4.167,28,-1406.8,0.001,1.265,,,,,
1,1.5,0.5,16,8,8,0.15,0.001,0.597,43.0,-0.139,-12.86,0.789,0.2429,197.79,80.42,2.459,70,-1096.0,0.0021,1.2636,,,,,
2,1.5,0.8,12,8,10,0.15,0.012,0.906,27.2,-0.107,-27.54,0.791,0.4348,240.0,233.33,1.029,69,-2286.4,0.0092,1.2623,,,,,
2,1.75,0.8,20,4,8,0.3,0.013,0.949,23.4,-0.263,-61.11,0.61,0.1778,537.5,190.54,2.821,45,-3002.0,0.0077,1.2606,,,,,
1,1.75,0.65,12,4,8,0.3,0.0,0.58,45.0,-0.237,-26.94,0.614,0.2889,148.08,98.05,1.51,45,-1338.5,0.0,1.26,,,,,
1,1.75,0.65,16,4,10,0.5,0.0,0.58,45.0,-0.179,-21.57,0.731,0.2549,229.81,107.57,2.136,51,-1242.8,0.0,1.26,,,,,
1,1.75,0.65,16,6,4,0.3,0.0,0.58,45.0,-0.244,-23.25,0.617,0.18,208.33,74.09,2.812,50,-1302.5,0.0,1.26,,,,,
2,1.5,0.65,20,10,6,0.15,0.014,0.972,15.6,-0.257,-48.59,0.602,0.169,435.42,147.03,2.961,71,-3847.6,0.0091,1.2591,,,,,
1,1.5,0.35,16,4,6,0.15,0.001,0.601,19.0,-0.171,-11.78,0.77,0.1594,246.59,60.78,4.057,69,-1005.7,0.0019,1.2566,,,,,
1,1.5,0.8,12,6,8,0.15,0.0,0.564,45.0,-0.098,-12.14,0.815,0.3913,137.04,108.04,1.268,69,-1030.7,0.0026,1.2564,,,,,
1,1.75,0.5,16,8,6,0.5,0.0,0.583,45.0,-0.226,-20.76,0.657,0.1964,202.27,75.28,2.687,56,-1319.3,0.0,1.251,,,,,
2,1.75,0.65,16,4,4,0.3,0.011,0.886,28.3,-0.196,-37.5,0.691,0.18,466.67,148.17,3.15,50,-2155.0,0.008,1.2496,,,,,
1,1.5,0.8,8,6,4,0.3,0.004,0.685,33.2,-0.066,-7.48,0.858,0.4103,110.42,89.49,1.234,117,-1202.6,0.0045,1.2421,,,,,
2,1.75,0.8,16,4,4,0.15,0.004,0.69,29.0,-0.203,-36.03,0.678,0.1471,515.0,131.03,3.93,34,-1415.4,0.0038,1.2414,,,,,
1,1.5,0.5,12,6,8,0.5,0.008,0.798,32.1,-0.096,-10.06,0.84,0.322,163.82,92.66,1.768,118,-1517.9,0.0071,1.2401,,,,,
1,1.75,0.35,12,6,6,0.3,0.0,0.587,45.0,-0.369,-28.33,0.472,0.1778,142.19,65.2,2.181,45,-1401.0,0.0,1.239,,,,,
2,1.5,0.8,20,10,6,0.15,0.014,0.978,16.3,-0.261,-52.05,0.579,0.1644,435.42,147.95,2.943,73,-4208.8,0.0095,1.2339,,,,,
1,1.75,0.65,16,4,4,0.5,0.0,0.589,45.0,-0.188,-18.03,0.702,0.1803,235.23,73.75,3.19,61,-1270.8,0.0,1.233,,,,,
1,1.5,0.65,16,10,8,0.15,0.003,0.669,37.7,-0.129,-13.77,0.786,0.2899,174.38,90.56,1.925,69,-1143.2,0.0028,1.2274,,,,,
1,1.5,0.35,16,4,4,0.3,0.006,0.755,28.3,-0.132,-9.52,0.814,0.1714,243.06,61.78,3.934,105,-1294.0,0.0045,1.2261,,,,,
2,1.5,0.5,20,4,8,0.15,0.013,0.963,19.1,-0.216,-37.86,0.695,0.1571,547.73,147.03,3.725,70,-3042.0,0.0074,1.2241,,,,,
1,1.75,0.35,20,4,4,0.3,0.0,0.592,45.0,-0.354,-26.09,0.522,0.1087,262.5,61.28,4.284,46,-1328.8,0.0,1.224,,,,,
1,1.75,0.5,12,8,4,0.3,0.0,0.592,45.0,-0.265,-25.0,0.598,0.2128,175.0,79.05,2.214,47,-1306.6,0.0,1.224,,,,,
2,1.75,0.5,16,10,4,0.15,0.001,0.618,21.0,-0.274,-36.72,0.608,0.1562,365.0,111.11,3.285,32,-1354.2,0.001,1.223,,,,,
1,1.2,0.5,12,10,6,0.15,0.011,0.896,24.5,-0.107,-9.91,0.82,0.311,145.34,79.98,1.817,164,-2084.2,0.0079,1.2217,,,,,
1,1.2,0.35,8,4,4,0.15,0.004,0.705,34.8,-0.072,-5.26,0.883,0.311,127.94,65.38,1.957,164,-1321.7,0.0026,1.2214,,,,,
2,1.75,0.8,16,4,6,0.15,0.004,0.697,33.0,-0.219,-42.74,0.66,0.1613,515.0,150.0,3.433,31,-1498.6,0.0039,1.2191,,,,,
1,1.5,0.8,12,8,8,0.3,0.009,0.843,29.1,-0.103,-13.09,0.811,0.3679,152.88,109.7,1.394,106,-1684.3,0.0064,1.2165,,,,,
1,1.5,0.8,20,4,6,0.15,0.005,0.725,32.6,-0.148,-14.73,0.762,0.1644,286.46,73.98,3.872,73,-1279.4,0.0047,1.2151,,,,,
1,1.75,0.5,16,10,6,0.3,0.0,0.595,45.0,-0.287,-26.9,0.57,0.1957,181.94,77.7,2.342,46,-1366.3,0.0,1.215,,,,,
2,2.0,0.65,16,4,4,0.5,0.0,0.595,45.0,-0.384,-70.0,0.378,0.1,425.0,125.0,3.4,20,-1512.0,0.0,1.215,,,,,
2,2.0,0.65,16,4,4,1.0,0.0,0.595,45.0,-0.384,-70.0,0.378,0.1,425.0,125.0,3.4,20,-1512.0,0.0,1.215,,,,,
1,1.75,0.65,12,8,6,0.3,0.0,0.596,45.0,-0.254,-25.0,0.593,0.2083,175.0,77.63,2.254,48,-1334.4,0.0,1.212,,,,,
1,1.75,0.8,16,6,8,0.3,0.0,0.596,45.0,-0.209,-25.28,0.674,0.2444,213.64,102.57,2.083,45,-1263.5,0.0,1.212,,,,,
2,1.75,0.65,16,8,4,0.15,0.001,0.615,21.0,-0.225,-32.35,0.654,0.1471,415.0,109.48,3.791,34,-1290.4,0.0021,1.2096,,,,,
1,1.5,0.65,20,8,10,0.15,0.001,0.621,33.0,-0.135,-13.41,0.787,0.2174,227.5,80.32,2.832,69,-1118.2,0.0012,1.2095,,,,,
1,1.75,0.65,8,4,6,1.0,0.0,0.597,45.0,-0.18,-20.21,0.666,0.3667,109.66,95.39,1.15,60,-1380.5,0.0,1.209,,,,,
2,2.0,0.8,8,6,6,0.5,0.0,0.597,45.0,-0.283,-68.75,0.461,0.35,167.86,196.15,0.856,20,-1487.0,0.0,1.209,,,,,
2,2.0,0.8,8,6,6,1.0,0.0,0.597,45.0,-0.283,-68.75,0.461,0.35,167.86,196.15,0.856,20,-1487.0,0.0,1.209,,,,,
1,1.5,0.5,16,4,6,0.15,0.002,0.648,40.0,-0.141,-12.5,0.794,0.1972,243.75,75.44,3.231,71,-1086.3,0.0021,1.2076,,,,,
1,1.75,0.5,16,4,4,1.0,0.0,0.598,45.0,-0.216,-19.7,0.676,0.1864,220.45,74.74,2.95,59,-1327.7,0.0,1.206,,,,,
1,1.2,0.35,12,8,8,1.0,0.013,0.949,23.9,-0.107,-8.83,0.841,0.2763,168.85,76.67,2.202,228,-2650.9,0.0105,1.2041,,,,,
1,1.5,0.65,16,6,6,1.0,0.01,0.879,31.5,-0.099,-10.27,0.83,0.2558,195.83,81.12,2.414,129,-1686.2,0.0065,1.2039,,,,,
1,1.75,0.65,16,8,4,0.3,0.0,0.599,45.0,-0.251,-24.0,0.605,0.18,204.17,74.09,2.756,50,-1340.0,0.0,1.203,,,,,
1,1.75,0.8,16,4,4,0.3,0.0,0.599,45.0,-0.221,-22.55,0.646,0.1765,233.33,77.38,3.015,51,-1292.8,0.0,1.203,,,,,
1,1.75,0.35,12,4,4,0.5,0.0,0.6,45.0,-0.289,-22.5,0.596,0.1818,182.5,68.06,2.682,55,-1391.5,0.0,1.2,,,,,
1,1.75,0.5,12,8,8,0.3,0.0,0.6,45.0,-0.276,-27.56,0.587,0.2273,172.5,86.4,1.997,44,-1335.7,0.0,1.2,,,,,
1,1.75,0.65,16,6,10,0.3,0.0,0.6,45.0,-0.25,-29.17,0.632,0.2381,210.0,103.91,2.021,42,-1342.6,0.0,1.2,,,,,
1,1.75,0.35,12,4,10,0.3,0.0,0.601,45.0,-0.388,-32.14,0.476,0.1905,153.12,75.74,2.022,42,-1467.6,0.0,1.197,,,,,
1,1.75,0.35,20,6,6,0.3,0.0,0.601,45.0,-0.379,-28.06,0.485,0.1111,237.5,61.25,3.878,45,-1388.5,0.0,1.197,,,,,
2,1.75,0.65,20,6,6,0.15,0.003,0.676,32.3,-0.255,-40.32,0.621,0.129,512.5,122.22,4.193,31,-1423.6,0.0033,1.1967,,,,,
1,1.5,0.35,16,10,10,0.5,0.007,0.787,30.9,-0.122,-9.82,0.825,0.2321,199.52,73.11,2.729,112,-1413.6,0.0062,1.1934,,,,,
1,1.5,0.35,16,10,10,0.15,0.0,0.594,45.0,-0.187,-13.42,0.741,0.2059,186.61,65.28,2.859,68,-1102.9,0.0016,1.1864,,,,,
1,1.75,0.35,16,4,4,1.0,0.0,0.605,45.0,-0.281,-21.49,0.614,0.1579,216.67,66.15,3.276,57,-1384.6,0.0,1.185,,,,,
1,1.75,0.35,16,6,4,0.5,0.0,0.605,45.0,-0.28,-21.59,0.614,0.1636,209.72,66.85,3.137,55,-1341.5,0.0,1.185,,,,,
1,1.75,0.65,16,4,8,1.0,0.0,0.606,45.0,-0.182,-20.39,0.717,0.2281,226.92,93.47,2.428,57,-1322.1,0.0,1.182,,,,,
1,1.75,0.65,16,6,8,0.5,0.0,0.606,45.0,-0.188,-21.14,0.706,0.2364,214.42,94.05,2.28,55,-1316.5,0.0,1.182,,,,,
2,1.75,0.5,20,8,6,0.15,0.0,0.6,45.0,-0.256,-33.87,0.638,0.129,462.5,107.41,4.306,31,-1223.6,0.0009,1.1817,,,,,
1,1.5,0.65,12,8,10,0.15,0.0,0.607,45.0,-0.13,-15.04,0.765,0.3913,125.0,105.06,1.19,69,-1230.7,0.0,1.179,,,,,
1,1.5,0.35,12,4,10,1.0,0.002,0.652,17.5,-0.077,-6.41,0.885,0.2821,175.76,77.98,2.254,117,-1077.6,0.0032,1.1742,,,,,
1,1.2,0.35,20,6,6,0.15,0.009,0.864,30.6,-0.123,-8.39,0.829,0.1677,242.13,58.86,4.114,161,-1800.8,0.0054,1.1733,,,,,
2,1.75,0.5,12,4,4,0.15,0.0,0.609,45.0,-0.286,-39.06,0.58,0.1875,287.5,114.42,2.513,32,-1429.2,0.0,1.173,,,,,
2,1.75,0.65,16,4,10,0.3,0.01,0.886,24.3,-0.199,-46.43,0.707,0.2381,470.0,207.81,2.262,42,-2185.2,0.007,1.173,,,,,
1,1.75,0.5,20,4,4,0.3,0.0,0.61,45.0,-0.275,-25.0,0.603,0.1489,255.36,74.06,3.448,47,-1306.6,0.0,1.17,,,,,
2,1.75,0.5,12,8,10,0.15,0.0,0.61,45.0,-0.296,-46.3,0.583,0.2222,291.67,142.86,2.042,27,-1401.2,0.0,1.17,,,,,
2,1.75,0.65,16,8,10,0.15,0.0,0.61,45.0,-0.235,-44.44,0.655,0.2222,379.17,165.48,2.291,27,-1351.2,0.0,1.17,,,,,
2,2.0,0.8,12,6,4,0.5,0.0,0.61,45.0,-0.361,-71.25,0.394,0.15,308.33,138.24,2.23,20,-1537.0,0.0,1.17,,,,,
2,2.0,0.8,12,6,4,1.0,0.0,0.61,45.0,-0.361,-71.25,0.394,0.15,308.33,138.24,2.23,20,-1537.0,0.0,1.17,,,,,
1,1.5,0.65,12,10,10,0.3,0.007,0.804,27.1,-0.095,-11.55,0.828,0.381,146.25,108.65,1.346,105,-1506.5,0.005,1.1673,,,,,
1,1.75,0.8,16,8,8,0.3,0.0,0.611,45.0,-0.225,-27.22,0.649,0.2444,205.68,102.57,2.005,45,-1351.0,0.0,1.167,,,,,
1,1.5,0.35,12,4,10,0.5,0.003,0.689,42.0,-0.097,-8.04,0.857,0.2768,173.39,77.47,2.238,112,-1213.6,0.0029,1.1657,,,,,
1,1.5,0.65,20,4,6,0.15,0.003,0.676,23.3,-0.134,-12.68,0.793,0.169,286.46,73.52,3.896,71,-1098.8,0.0049,1.1654,,,,,
2,1.75,0.5,20,10,8,0.15,0.001,0.638,28.0,-0.299,-40.0,0.579,0.1333,412.5,109.62,3.763,30,-1368.0,0.001,1.163,,,,,
1,1.75,0.5,16,4,10,0.5,0.0,0.613,45.0,-0.235,-24.5,0.666,0.22,221.59,93.91,2.36,50,-1365.0,0.0,1.161,,,,,
1,1.75,0.5,16,4,10,0.3,0.0,0.614,45.0,-0.298,-30.79,0.588,0.1951,225.0,92.8,2.424,41,-1377.3,0.0,1.158,,,,,
2,1.75,0.35,12,6,10,0.15,0.0,0.614,45.0,-0.403,-50.89,0.457,0.2143,200.0,119.32,1.676,28,-1581.8,0.0,1.158,,,,,
1,1.75,0.5,12,4,6,0.3,0.0,0.616,45.0,-0.3,-28.53,0.541,0.2174,155.0,79.51,1.949,46,-1441.3,0.0,1.152,,,,,
1,1.75,0.65,20,4,6,0.3,0.0,0.616,45.0,-0.263,-25.0,0.598,0.1458,255.36,72.87,3.504,48,-1334.4,0.0,1.152,,,,,
1,1.75,0.8,8,4,4,0.3,0.0,0.616,45.0,-0.219,-24.75,0.599,0.3333,111.03,92.65,1.198,51,-1405.3,0.0,1.152,,,,,
2,1.5,0.35,20,6,10,0.15,0.012,0.952,21.5,-0.281,-38.6,0.634,0.1324,505.56,121.61,4.157,68,-3005.8,0.0079,1.1497,,,,,
2,1.75,0.5,20,10,6,0.15,0.001,0.641,21.0,-0.305,-40.32,0.569,0.129,412.5,107.41,3.841,31,-1423.6,0.0012,1.1495,,,,,
2,1.75,0.5,20,8,4,0.15,0.001,0.643,36.0,-0.278,-36.72,0.612,0.125,462.5,108.04,4.281,32,-1354.2,0.001,1.148,,,,,
2,1.5,0.35,8,6,4,0.3,0.013,0.979,19.9,-0.2,-31.37,0.689,0.2925,237.1,142.33,1.666,106,-3918.6,0.0088,1.1474,,,,,
1,1.75,0.35,16,8,8,0.3,0.0,0.618,45.0,-0.393,-31.55,0.467,0.1667,166.07,71.07,2.337,42,-1442.6,0.0,1.146,,,,,
2,2.0,0.65,12,8,4,0.5,0.0,0.618,45.0,-0.387,-72.5,0.348,0.15,258.33,130.88,1.974,20,-1562.0,0.0,1.146,,,,,
2,2.0,0.65,12,8,4,1.0,0.0,0.618,45.0,-0.387,-72.5,0.348,0.15,258.33,130.88,1.974,20,-1562.0,0.0,1.146,,,,,
2,1.75,0.5,20,4,4,1.0,0.012,0.95,26.8,-0.275,-48.73,0.603,0.1356,546.88,142.16,3.847,59,-3205.4,0.0085,1.1433,,,,,
1,1.75,0.35,16,10,6,0.3,0.0,0.619,45.0,-0.388,-29.44,0.454,0.1556,157.14,63.82,2.462,45,-1451.0,0.0,1.143,,,,,
1,1.75,0.5,16,8,4,0.5,0.0,0.619,45.0,-0.235,-21.49,0.645,0.193,202.27,75.0,2.697,57,-1384.6,0.0,1.143,,,,,
1,1.75,0.8,16,4,6,0.3,0.0,0.62,45.0,-0.231,-25.0,0.636,0.1875,233.33,84.62,2.758,48,-1334.4,0.0,1.14,,,,,
1,1.5,0.8,16,8,4,0.15,0.002,0.659,31.5,-0.135,-12.83,0.759,0.2133,189.06,67.58,2.797,75,-1172.5,0.0039,1.1395,,,,,
1,1.5,0.35,8,4,6,0.3,0.001,0.646,30.0,-0.109,-8.93,0.826,0.3333,126.79,76.79,1.651,105,-1231.5,0.001,1.139,,,,,
1,1.5,0.8,8,6,6,0.15,0.0,0.615,45.0,-0.103,-13.17,0.763,0.5067,83.88,112.84,0.743,75,-1197.5,0.0009,1.1367,,,,,
1,1.75,0.35,12,8,4,0.3,0.0,0.623,45.0,-0.366,-27.99,0.48,0.1739,148.44,65.13,2.279,46,-1416.3,0.0,1.131,,,,,
1,1.5,0.35,16,10,8,0.15,0.001,0.648,22.0,-0.211,-14.89,0.71,0.1912,190.38,63.41,3.002,68,-1202.9,0.0014,1.1247,,,,,
2,1.75,0.65,8,6,4,0.15,0.0,0.615,45.0,-0.205,-34.56,0.605,0.3824,138.46,141.67,0.977,34,-1365.4,0.0016,1.1234,,,,,
1,1.75,0.35,16,6,8,0.5,0.0,0.626,45.0,-0.314,-25.49,0.577,0.1765,197.22,73.21,2.694,51,-1442.8,0.0,1.122,,,,,
2,2.0,0.65,12,4,6,0.5,0.0,0.626,45.0,-0.357,-72.5,0.426,0.15,358.33,148.53,2.413,20,-1562.0,0.0,1.122,,,,,
2,2.0,0.65,12,4,6,1.0,0.0,0.626,45.0,-0.357,-72.5,0.426,0.15,358.33,148.53,2.413,20,-1562.0,0.0,1.122,,,,,
1,1.75,0.5,8,6,6,0.3,0.0,0.627,45.0,-0.285,-29.62,0.511,0.3478,89.06,92.92,0.959,46,-1491.3,0.0,1.119,,,,,
1,1.75,0.5,12,8,6,0.5,0.0,0.627,45.0,-0.237,-22.1,0.633,0.2143,178.12,76.7,2.322,56,-1394.3,0.0,1.119,,,,,
2,1.75,0.5,12,4,10,0.15,0.0,0.627,45.0,-0.355,-55.56,0.5,0.2222,250.0,142.86,1.75,27,-1651.2,0.0,1.119,,,,,
1,1.75,0.5,12,4,8,0.3,0.0,0.628,45.0,-0.301,-30.11,0.549,0.2273,161.25,86.4,1.866,44,-1448.2,0.0,1.116,,,,,
1,1.75,0.65,20,6,8,0.3,0.0,0.628,45.0,-0.262,-27.78,0.609,0.1778,243.75,86.49,2.818,45,-1376.0,0.0,1.116,,,,,
2,1.75,0.65,20,10,8,1.0,0.013,0.975,21.2,-0.296,-63.6,0.565,0.1579,522.22,173.44,3.011,57,-3944.2,0.011,1.1155,,,,,
2,1.75,0.5,20,10,6,1.0,0.012,0.964,28.8,-0.3,-53.45,0.565,0.1379,503.12,142.5,3.531,58,-3424.8,0.0079,1.1133,,,,,
1,1.5,0.5,12,10,8,1.0,0.007,0.82,26.3,-0.102,-10.66,0.83,0.3279,158.75,93.29,1.702,122,-1641.6,0.0053,1.1132,,,,,
1,1.75,0.35,8,6,4,0.5,0.0,0.629,45.0,-0.269,-22.73,0.58,0.3091,101.47,78.29,1.296,55,-1404.0,0.0,1.113,,,,,
1,1.75,0.35,16,6,10,0.5,0.0,0.629,45.0,-0.32,-26.25,0.575,0.18,197.22,75.3,2.619,50,-1452.5,0.0,1.113,,,,,
2,1.75,0.8,20,4,4,0.15,0.006,0.788,31.7,-0.266,-46.32,0.588,0.1176,562.5,127.5,4.412,34,-1765.4,0.0053,1.1122,,,,,
2,1.75,0.65,12,8,10,0.15,0.0,0.63,45.0,-0.244,-47.22,0.63,0.2593,310.71,172.5,1.801,27,-1426.2,0.0,1.11,,,,,
2,1.75,0.5,8,4,4,0.5,0.008,0.858,30.1,-0.142,-29.39,0.748,0.3684,236.9,184.72,1.282,57,-1994.2,0.0047,1.1075,,,,,
1,1.5,0.5,12,6,8,0.3,0.006,0.796,29.2,-0.118,-12.14,0.807,0.3143,161.74,91.84,1.761,105,-1569.0,0.0044,1.1057,,,,,
1,1.5,0.35,12,6,10,0.15,0.0,0.632,45.0,-0.238,-17.65,0.661,0.25,137.5,69.36,1.982,68,-1390.4,0.0,1.104,,,,,
1,1.75,0.5,16,10,4,0.3,0.0,0.632,45.0,-0.297,-27.66,0.557,0.1915,181.94,77.3,2.354,47,-1431.6,0.0,1.104,,,,,
1,1.75,0.5,20,6,6,0.3,0.0,0.632,45.0,-0.306,-27.99,0.556,0.1522,230.36,74.36,3.098,46,-1416.3,0.0,1.104,,,,,
1,1.75,0.5,20,8,6,0.3,0.0,0.632,45.0,-0.303,-27.72,0.56,0.1522,232.14,74.36,3.122,46,-1403.8,0.0,1.104,,,,,
1,1.75,0.8,16,4,8,0.5,0.0,0.632,45.0,-0.179,-21.82,0.722,0.2364,239.42,102.68,2.332,55,-1354.0,0.0,1.104,,,,,
1,1.75,0.35,12,6,4,0.3,0.0,0.633,45.0,-0.38,-29.08,0.46,0.1739,142.19,65.13,2.183,46,-1466.3,0.0,1.101,,,,,
2,1.75,0.65,20,4,8,0.5,0.012,0.955,21.6,-0.258,-55.45,0.619,0.1636,550.0,173.91,3.163,55,-3358.0,0.01,1.0988,,,,,
2,1.75,0.8,8,4,4,0.15,0.001,0.643,40.0,-0.163,-33.82,0.681,0.3824,188.46,171.43,1.099,34,-1340.4,0.0035,1.0987,,,,,
2,1.75,0.5,20,4,6,0.3,0.011,0.914,26.1,-0.265,-48.37,0.616,0.1522,510.71,148.72,3.434,46,-2482.6,0.0113,1.0984,,,,,
1,1.5,0.5,12,6,10,0.15,0.0,0.634,45.0,-0.165,-16.25,0.732,0.3286,134.78,90.16,1.495,70,-1333.5,0.0,1.098,,,,,
2,1.75,0.65,12,8,4,0.15,0.001,0.653,22.0,-0.236,-34.56,0.627,0.1765,329.17,112.5,2.926,34,-1365.4,0.002,1.098,,,,,
1,1.5,0.5,8,4,6,1.0,0.007,0.82,28.9,-0.081,-8.76,0.849,0.4094,120.19,98.17,1.224,127,-1468.1,0.0062,1.0946,,,,,
1,1.75,0.65,16,8,10,0.3,0.0,0.636,45.0,-0.262,-30.65,0.613,0.2381,203.75,103.91,1.961,42,-1405.1,0.0,1.092,,,,,
1,1.75,0.65,20,4,4,0.3,0.0,0.636,45.0,-0.273,-25.5,0.584,0.14,255.36,71.22,3.585,50,-1415.0,0.0,1.092,,,,,
1,1.75,0.35,20,6,4,0.3,0.0,0.637,45.0,-0.391,-28.8,0.473,0.1087,237.5,61.28,3.876,46,-1453.8,0.0,1.089,,,,,
1,1.5,0.65,20,8,8,0.15,0.001,0.663,39.0,-0.155,-15.22,0.756,0.2029,232.14,78.18,2.969,69,-1243.2,0.001,1.088,,,,,
1,1.75,0.65,12,8,4,0.3,0.0,0.638,45.0,-0.264,-25.5,0.579,0.2,175.0,75.62,2.314,50,-1415.0,0.0,1.086,,,,,
1,1.75,0.65,8,4,4,1.0,0.0,0.639,45.0,-0.19,-20.63,0.65,0.3492,109.66,90.55,1.211,63,-1476.4,0.0,1.083,,,,,
1,1.5,0.8,16,8,6,0.15,0.003,0.711,34.3,-0.136,-14.36,0.761,0.2568,178.29,80.91,2.204,74,-1269.7,0.0038,1.0818,,,,,
1,1.5,0.8,12,10,6,1.0,0.008,0.851,32.1,-0.091,-10.38,0.83,0.3231,157.14,90.34,1.739,130,-1714.0,0.0071,1.0802,,,,,
1,1.2,0.35,12,4,4,1.0,0.011,0.956,24.8,-0.112,-8.86,0.833,0.2522,175.0,70.86,2.47,230,-2681.5,0.0059,1.0801,,,,,
1,1.75,0.35,16,4,8,1.0,0.0,0.64,45.0,-0.314,-25.24,0.579,0.1698,204.17,72.16,2.829,53,-1485.9,0.0,1.08,,,,,
1,1.75,0.5,8,6,6,0.5,0.0,0.64,45.0,-0.223,-23.21,0.602,0.375,93.45,93.21,1.003,56,-1456.8,0.0,1.08,,,,,
1,1.75,0.8,8,4,4,0.5,0.0,0.64,45.0,-0.175,-20.16,0.671,0.3548,115.91,95.0,1.22,62,-1423.6,0.0,1.08,,,,,
1,1.5,0.35,16,6,6,0.15,0.001,0.663,20.0,-0.221,-15.22,0.702,0.1594,225.0,60.78,3.702,69,-1243.2,0.0014,1.0797,,,,,
1,1.75,0.35,16,4,10,1.0,0.0,0.641,45.0,-0.319,-25.96,0.576,0.1731,204.17,74.13,2.754,52,-1495.6,0.0,1.077,,,,,
1,1.2,0.5,20,10,6,0.15,0.01,0.917,23.0,-0.127,-10.98,0.806,0.2012,226.14,70.71,3.198,164,-2259.2,0.0072,1.0752,,,,,
1,1.75,0.65,20,8,8,0.3,0.0,0.642,45.0,-0.265,-28.06,0.605,0.1778,242.19,86.49,2.8,45,-1388.5,0.0,1.074,,,,,
2,1.75,0.35,20,8,10,0.15,0.0,0.642,45.0,-0.391,-46.43,0.519,0.1071,466.67,108.0,4.321,28,-1456.8,0.0,1.074,,,,,
2,2.0,0.5,12,6,4,0.5,0.0,0.642,45.0,-0.396,-73.75,0.385,0.15,308.33,141.18,2.184,20,-1587.0,0.0,1.074,,,,,
2,2.0,0.5,12,6,4,1.0,0.0,0.642,45.0,-0.396,-73.75,0.385,0.15,308.33,141.18,2.184,20,-1587.0,0.0,1.074,,,,,
1,1.2,0.65,8,6,6,0.15,0.008,0.86,28.0,-0.061,-6.91,0.875,0.4471,108.72,100.4,1.083,170,-1651.0,0.0061,1.0735,,,,,
1,1.75,0.5,12,4,6,0.5,0.0,0.643,45.0,-0.257,-23.88,0.604,0.2143,169.79,76.7,2.214,56,-1494.3,0.0,1.071,,,,,
1,1.75,0.5,16,6,8,0.5,0.0,0.643,45.0,-0.244,-23.84,0.64,0.2037,207.95,83.14,2.501,54,-1438.7,0.0,1.071,,,,,
1,1.75,0.5,16,10,6,0.5,0.0,0.643,45.0,-0.233,-21.43,0.646,0.1964,198.86,75.28,2.642,56,-1356.8,0.0,1.071,,,,,
1,1.75,0.65,12,6,8,0.3,0.0,0.643,45.0,-0.266,-30.28,0.566,0.2889,136.54,98.05,1.393,45,-1488.5,0.0,1.071,,,,,
2,1.75,0.65,16,4,10,0.5,0.01,0.92,28.9,-0.179,-43.14,0.731,0.2549,459.62,215.13,2.136,51,-2485.6,0.007,1.071,,,,,
1,1.5,0.8,12,6,6,0.15,0.0,0.615,45.0,-0.11,-12.33,0.791,0.3514,132.69,90.89,1.46,74,-1119.7,0.0043,1.0694,,,,,
2,1.75,0.8,16,10,8,0.15,0.001,0.663,21.0,-0.205,-41.67,0.664,0.2333,353.57,161.96,2.183,30,-1418.0,0.002,1.068,,,,,
2,1.75,0.65,20,4,10,0.15,0.001,0.66,21.0,-0.267,-48.15,0.631,0.1481,556.25,153.26,3.629,27,-1451.2,0.0025,1.0667,,,,,
1,1.5,0.65,8,4,6,0.15,0.0,0.603,45.0,-0.105,-12.16,0.794,0.4384,106.64,104.88,1.017,73,-1091.9,0.0063,1.0658,,,,,
2,1.75,0.65,16,8,6,0.15,0.0,0.635,45.0,-0.241,-38.71,0.634,0.1613,415.0,125.96,3.295,31,-1373.6,0.0016,1.0634,,,,,
2,1.75,0.65,20,6,4,0.15,0.001,0.655,40.0,-0.239,-33.82,0.641,0.1176,512.5,106.67,4.805,34,-1340.4,0.0035,1.0613,,,,,
1,1.5,0.65,8,4,4,0.15,0.002,0.685,34.5,-0.143,-14.5,0.732,0.3467,114.42,82.91,1.38,75,-1297.5,0.0039,1.0611,,,,,
2,1.75,0.65,16,4,6,0.5,0.009,0.887,32.7,-0.177,-34.91,0.719,0.1897,470.45,153.19,3.071,58,-2349.8,0.0077,1.0575,,,,,
2,1.2,0.35,12,4,4,0.15,0.012,0.966,22.5,-0.102,-14.18,0.844,0.2439,315.62,120.56,2.618,164,-3243.4,0.0105,1.0564,,,,,
1,1.5,0.8,16,10,4,0.5,0.008,0.861,27.0,-0.097,-9.81,0.822,0.2385,190.32,72.47,2.626,130,-1639.0,0.0068,1.0561,,,,,
1,1.5,0.35,8,4,6,0.15,0.0,0.648,45.0,-0.226,-17.21,0.657,0.3043,108.33,72.14,1.502,69,-1380.7,0.0,1.056,,,,,
1,1.75,0.65,16,6,6,0.5,0.0,0.648,45.0,-0.225,-22.2,0.642,0.1897,210.23,76.6,2.745,58,-1449.9,0.0,1.056,,,,,
1,1.2,0.65,12,6,6,0.15,0.008,0.86,29.5,-0.07,-7.28,0.871,0.3412,144.18,85.71,1.682,170,-1713.5,0.007,1.0558,,,,,
2,1.75,0.8,20,4,8,1.0,0.012,0.977,16.9,-0.3,-69.74,0.562,0.1579,566.67,189.06,2.997,57,-4294.2,0.009,1.0528,,,,,
1,1.75,0.35,12,4,6,1.0,0.0,0.65,45.0,-0.304,-23.88,0.567,0.1964,159.09,68.61,2.319,56,-1494.3,0.0,1.05,,,,,
2,2.0,0.8,16,4,4,0.5,0.0,0.65,45.0,-0.397,-76.25,0.358,0.1,425.0,131.94,3.221,20,-1637.0,0.0,1.05,,,,,
2,2.0,0.8,16,4,4,1.0,0.0,0.65,45.0,-0.397,-76.25,0.358,0.1,425.0,131.94,3.221,20,-1637.0,0.0,1.05,,,,,
1,1.5,0.5,16,10,10,0.15,0.001,0.672,43.0,-0.168,-15.71,0.744,0.2571,177.78,82.69,2.15,70,-1296.0,0.0016,1.0494,,,,,
1,1.75,0.5,16,10,8,0.3,0.0,0.651,45.0,-0.309,-30.4,0.547,0.2045,179.17,84.29,2.126,44,-1460.7,0.0,1.047,,,,,
1,1.5,0.35,16,10,10,1.0,0.005,0.78,30.0,-0.116,-9.4,0.832,0.2393,195.09,73.74,2.646,117,-1427.6,0.005,1.045,,,,,
1,1.5,0.5,20,4,10,0.15,0.001,0.676,43.0,-0.185,-16.43,0.737,0.1714,268.75,75.43,3.563,70,-1346.0,0.0012,1.0445,,,,,
1,1.75,0.65,16,8,8,0.5,0.0,0.652,45.0,-0.211,-23.64,0.671,0.2364,203.85,94.05,2.167,55,-1454.0,0.0,1.044,,,,,
2,1.75,0.5,16,10,10,0.15,0.0,0.652,45.0,-0.345,-52.78,0.529,0.1852,320.0,137.5,2.327,27,-1576.2,0.0,1.044,,,,,
1,1.2,0.5,12,10,4,0.15,0.009,0.909,24.7,-0.116,-10.3,0.8,0.297,139.03,73.38,1.895,165,-2162.0,0.0052,1.0421,,,,,
1,1.75,0.5,12,10,6,0.3,0.0,0.653,45.0,-0.306,-29.08,0.533,0.2174,152.5,79.51,1.918,46,-1466.3,0.0,1.041,,,,,
1,1.75,0.65,16,10,6,0.3,0.0,0.653,45.0,-0.284,-27.6,0.553,0.1875,181.94,75.96,2.395,48,-1459.4,0.0,1.041,,,,,
2,1.75,0.5,12,6,6,0.15,0.0,0.653,45.0,-0.335,-45.97,0.5,0.1935,237.5,114.0,2.083,31,-1598.6,0.0,1.041,,,,,
1,1.5,0.35,16,4,4,0.15,0.001,0.676,21.0,-0.231,-15.4,0.692,0.1304,265.28,57.5,4.614,69,-1255.7,0.0014,1.0407,,,,,
1,1.75,0.5,12,8,4,0.5,0.0,0.654,45.0,-0.247,-22.81,0.622,0.2105,178.12,76.39,2.332,57,-1459.6,0.0,1.038,,,,,
2,1.75,0.8,16,4,6,0.3,0.01,0.922,29.9,-0.231,-50.0,0.636,0.1875,466.67,169.23,2.758,48,-2668.8,0.0083,1.0377,,,,,
2,1.75,0.8,20,6,8,0.15,0.002,0.695,34.5,-0.214,-41.67,0.669,0.1667,505.0,151.0,3.344,30,-1418.0,0.0036,1.0374,,,,,
1,1.75,0.5,12,4,4,0.3,0.0,0.655,45.0,-0.31,-29.26,0.53,0.2128,155.0,79.05,1.961,47,-1506.6,0.0,1.035,,,,,
1,1.75,0.5,20,8,4,0.3,0.0,0.655,45.0,-0.313,-28.46,0.549,0.1489,232.14,74.06,3.134,47,-1469.1,0.0,1.035,,,,,
1,1.75,0.65,12,10,8,0.3,0.0,0.656,45.0,-0.259,-29.44,0.578,0.2889,139.42,98.05,1.422,45,-1451.0,0.0,1.032,,,,,
1,1.5,0.8,12,10,10,0.15,0.0,0.657,45.0,-0.13,-16.49,0.75,0.4203,117.67,113.75,1.034,69,-1330.7,0.0,1.029,,,,,
1,1.75,0.35,12,4,8,0.5,0.0,0.657,45.0,-0.322,-26.47,0.559,0.1961,171.25,74.7,2.293,51,-1492.8,0.0,1.029,,,,,
1,1.5,0.8,16,10,8,0.15,0.001,0.68,30.0,-0.129,-14.86,0.777,0.3043,170.24,95.83,1.776,69,-1218.2,0.0014,1.0287,,,,,
2,1.5,0.35,16,10,6,0.15,0.011,0.975,21.0,-0.287,-39.49,0.613,0.1594,393.18,121.55,3.235,69,-3111.4,0.0057,1.0274,,,,,
1,1.5,0.35,16,8,6,0.15,0.001,0.682,45.0,-0.229,-15.76,0.691,0.1594,221.59,60.78,3.646,69,-1280.7,0.0012,1.0265,,,,,
1,1.5,0.35,20,4,10,0.15,0.0,0.65,45.0,-0.233,-15.99,0.697,0.1324,277.78,60.81,4.568,68,-1277.9,0.0013,1.0242,,,,,
2,1.75,0.8,20,10,8,1.0,0.012,0.984,22.0,-0.33,-76.75,0.518,0.1579,522.22,189.06,2.762,57,-4694.2,0.0094,1.0235,,,,,
1,1.75,0.35,12,4,10,0.5,0.0,0.659,45.0,-0.328,-27.25,0.557,0.2,171.25,76.88,2.228,50,-1502.5,0.0,1.023,,,,,
1,1.75,0.8,16,4,10,0.3,0.0,0.66,45.0,-0.248,-31.85,0.637,0.2381,235.0,115.23,2.039,42,-1455.1,0.0,1.02,,,,,
1,1.75,0.5,16,10,4,0.5,0.0,0.662,45.0,-0.242,-22.15,0.634,0.193,198.86,75.0,2.652,57,-1422.1,0.0,1.014,,,,,
1,1.5,0.8,16,8,4,1.0,0.009,0.9,23.9,-0.116,-11.94,0.79,0.237,189.45,74.51,2.542,135,-1990.5,0.008,1.0136,,,,,
1,1.5,0.65,12,4,4,1.0,0.008,0.874,30.5,-0.106,-10.73,0.811,0.2612,176.79,77.02,2.295,134,-1812.7,0.007,1.0133,,,,,
1,1.5,0.65,12,4,6,0.3,0.004,0.759,28.8,-0.09,-9.49,0.842,0.2857,176.56,83.91,2.104,112,-1376.1,0.005,1.0117,,,,,
2,1.5,0.35,16,10,4,0.15,0.011,0.976,20.0,-0.326,-43.48,0.565,0.1304,433.33,115.0,3.768,69,-3386.4,0.0064,1.0117,,,,,
1,1.75,0.65,20,6,6,0.3,0.0,0.663,45.0,-0.302,-28.65,0.54,0.1458,230.36,72.87,3.161,48,-1509.4,0.0,1.011,,,,,
2,2.0,0.5,8,6,6,0.5,0.0,0.663,45.0,-0.345,-75.0,0.417,0.3,179.17,183.93,0.974,20,-1612.0,0.0,1.011,,,,,
2,2.0,0.5,8,6,6,1.0,0.0,0.663,45.0,-0.345,-75.0,0.417,0.3,179.17,183.93,0.974,20,-1612.0,0.0,1.011,,,,,
2,1.75,0.5,12,10,4,0.15,0.0,0.657,45.0,-0.297,-40.62,0.563,0.1875,279.17,114.42,2.44,32,-1479.2,0.0009,1.0107,,,,,
2,1.75,0.5,16,10,6,0.5,0.009,0.924,27.6,-0.233,-42.86,0.646,0.1964,397.73,150.56,2.642,56,-2713.6,0.0046,1.0083,,,,,
1,1.75,0.65,16,4,6,1.0,0.0,0.664,45.0,-0.225,-22.29,0.645,0.1833,220.45,76.79,2.871,60,-1505.5,0.0,1.008,,,,,
1,1.75,0.5,8,6,4,0.5,0.0,0.665,45.0,-0.232,-23.9,0.59,0.3684,93.45,92.36,1.012,57,-1522.1,0.0,1.005,,,,,
1,1.75,0.5,16,4,8,1.0,0.0,0.665,45.0,-0.241,-23.44,0.646,0.1964,218.18,82.5,2.645,56,-1469.3,0.0,1.005,,,,,
2,1.75,0.65,8,6,6,0.15,0.0,0.665,45.0,-0.236,-44.35,0.556,0.3871,143.75,163.16,0.881,31,-1548.6,0.0,1.005,,,,,
1,1.75,0.35,16,10,4,0.3,0.0,0.666,45.0,-0.399,-30.16,0.442,0.1522,157.14,63.78,2.464,46,-1516.3,0.0,1.002,,,,,
1,1.75,0.35,20,8,6,0.3,0.0,0.666,45.0,-0.417,-30.83,0.434,0.1111,212.5,61.25,3.469,45,-1513.5,0.0,1.002,,,,,
1,1.75,0.5,20,6,4,0.3,0.0,0.666,45.0,-0.316,-28.72,0.544,0.1489,230.36,74.06,3.11,47,-1481.6,0.0,1.002,,,,,
1,1.75,0.8,8,4,6,0.3,0.0,0.666,45.0,-0.242,-28.91,0.568,0.3333,114.06,100.39,1.136,48,-1521.9,0.0,1.002,,,,,
2,1.75,0.5,20,4,10,0.15,0.0,0.66,45.0,-0.347,-50.93,0.553,0.1111,566.67,128.12,4.423,27,-1526.2,0.0009,1.0017,,,,,
2,1.75,0.65,12,8,6,0.15,0.0,0.656,45.0,-0.251,-41.13,0.608,0.1935,329.17,130.0,2.532,31,-1448.6,0.0016,1.0004,,,,,
1,1.5,0.35,16,6,6,0.3,0.004,0.772,30.5,-0.137,-10.22,0.806,0.1923,221.25,65.33,3.387,104,-1353.7,0.0036,0.9994,,,,,
1,1.75,0.8,16,6,4,0.3,0.0,0.667,45.0,-0.265,-26.96,0.577,0.1765,208.33,77.38,2.692,51,-1517.8,0.0,0.999,,,,,
2,1.5,0.5,12,4,8,0.15,0.009,0.892,25.6,-0.141,-27.14,0.774,0.3,310.71,171.94,1.807,70,-2292.0,0.0101,0.9953,,,,,
1,1.75,0.65,20,8,6,0.3,0.0,0.669,45.0,-0.299,-28.39,0.544,0.1458,232.14,72.87,3.186,48,-1496.9,0.0,0.993,,,,,
1,1.5,0.65,20,6,6,0.15,0.003,0.745,34.7,-0.179,-16.9,0.723,0.169,261.46,73.52,3.556,71,-1398.8,0.0032,0.9928,,,,,
1,1.5,0.35,16,10,6,0.3,0.004,0.773,25.8,-0.163,-12.14,0.77,0.1923,211.25,65.33,3.234,104,-1553.7,0.0039,0.9915,,,,,
1,1.75,0.8,8,4,6,0.5,0.0,0.671,45.0,-0.192,-23.49,0.646,0.3621,118.45,104.05,1.138,58,-1524.9,0.0,0.987,,,,,
1,1.75,0.5,12,4,4,0.5,0.0,0.672,45.0,-0.266,-24.56,0.593,0.2105,169.79,76.39,2.223,57,-1559.6,0.0,0.984,,,,,
1,1.75,0.65,12,4,6,0.3,0.0,0.672,45.0,-0.296,-29.17,0.525,0.2083,155.0,77.63,1.997,48,-1534.4,0.0,0.984,,,,,
1,1.75,0.65,16,6,4,0.5,0.0,0.672,45.0,-0.234,-22.54,0.627,0.1803,210.23,73.75,2.851,61,-1545.8,0.0,0.984,,,,,
2,2.0,0.65,16,6,4,0.5,0.0,0.672,45.0,-0.412,-75.0,0.333,0.1,375.0,125.0,3.0,20,-1612.0,0.0,0.984,,,,,
2,2.0,0.65,16,6,4,1.0,0.0,0.672,45.0,-0.412,-75.0,0.333,0.1,375.0,125.0,3.0,20,-1612.0,0.0,0.984,,,,,
2,1.75,0.65,16,8,8,0.3,0.008,0.874,24.2,-0.181,-40.0,0.715,0.2444,411.36,186.03,2.211,45,-2052.0,0.0085,0.9833,,,,,
2,1.5,0.35,12,6,10,0.5,0.011,0.987,16.8,-0.173,-28.79,0.743,0.2768,300.81,154.94,1.941,112,-3852.2,0.0062,0.9822,,,,,
2,1.75,0.5,20,6,10,0.15,0.001,0.699,30.0,-0.385,-56.48,0.504,0.1111,516.67,128.12,4.033,27,-1676.2,0.001,0.98,,,,,
1,1.5,0.65,12,10,10,0.15,0.0,0.674,45.0,-0.146,-16.67,0.739,0.3768,125.48,102.62,1.223,69,-1343.2,0.0,0.978,,,,,
1,1.75,0.65,20,10,8,0.3,0.0,0.674,45.0,-0.291,-30.83,0.566,0.1778,226.56,86.49,2.62,45,-1513.5,0.0,0.978,,,,,
2,1.75,0.65,16,10,10,0.15,0.0,0.674,45.0,-0.275,-51.85,0.597,0.2222,345.83,165.48,2.09,27,-1551.2,0.0,0.978,,,,,
1,1.5,0.65,16,8,6,0.5,0.006,0.829,31.8,-0.09,-9.3,0.845,0.256,197.66,80.51,2.455,125,-1512.5,0.0059,0.9778,,,,,
2,1.75,0.65,20,10,10,1.0,0.011,0.98,18.3,-0.336,-76.89,0.526,0.1698,502.78,195.45,2.572,53,-4371.8,0.0075,0.9771,,,,,
1,1.5,0.35,16,6,10,0.5,0.005,0.805,28.8,-0.124,-9.93,0.823,0.2321,199.04,73.11,2.722,112,-1426.1,0.0047,0.9769,,,,,
2,1.75,0.65,20,10,6,1.0,0.011,0.972,21.8,-0.31,-59.58,0.53,0.1333,503.12,146.15,3.442,60,-3911.0,0.0087,0.9761,,,,,
1,1.2,0.35,16,4,6,0.15,0.003,0.752,31.3,-0.091,-6.33,0.869,0.2099,199.63,61.04,3.271,162,-1478.6,0.003,0.9756,,,,,
1,1.2,0.35,12,10,6,0.5,0.011,0.979,20.5,-0.148,-11.94,0.78,0.2613,161.85,73.4,2.205,222,-3271.6,0.0077,0.9755,,,,,
1,1.5,0.5,8,4,6,0.5,0.006,0.833,29.5,-0.091,-9.76,0.832,0.4065,118.5,97.6,1.214,123,-1544.4,0.0054,0.9753,,,,,
1,1.75,0.5,12,10,6,0.5,0.0,0.675,45.0,-0.249,-23.21,0.615,0.2143,172.92,76.7,2.254,56,-1456.8,0.0,0.975,,,,,
2,1.75,0.65,16,10,4,0.15,0.001,0.694,28.0,-0.276,-39.71,0.575,0.1471,365.0,109.48,3.334,34,-1540.4,0.002,0.975,,,,,
2,1.75,0.8,20,4,6,0.15,0.004,0.779,28.8,-0.282,-54.03,0.573,0.129,562.5,145.37,3.869,31,-1848.6,0.0039,0.9735,,,,,
1,1.5,0.35,20,8,10,0.15,0.001,0.7,32.0,-0.259,-17.83,0.662,0.1324,263.89,60.81,4.34,68,-1402.9,0.0012,0.9725,,,,,
1,1.75,0.35,16,8,10,0.3,0.0,0.676,45.0,-0.416,-33.93,0.449,0.1667,166.07,73.93,2.246,42,-1542.6,0.0,0.972,,,,,
1,1.75,0.5,16,6,6,1.0,0.0,0.676,45.0,-0.258,-23.71,0.61,0.1897,195.45,75.0,2.606,58,-1537.4,0.0,0.972,,,,,
2,1.5,0.8,12,10,4,0.3,0.011,0.98,20.4,-0.156,-31.9,0.71,0.2672,291.94,150.0,1.946,116,-4349.6,0.0078,0.9719,,,,,
2,1.75,0.8,20,10,6,1.0,0.011,0.982,21.7,-0.343,-72.5,0.481,0.1333,503.12,161.06,3.124,60,-4686.0,0.0076,0.9696,,,,,
1,1.75,0.35,12,8,8,0.3,0.0,0.677,45.0,-0.409,-33.33,0.434,0.1905,134.38,72.79,1.846,42,-1517.6,0.0,0.969,,,,,
1,1.75,0.35,16,8,6,0.5,0.0,0.677,45.0,-0.323,-25.0,0.552,0.1667,184.72,66.94,2.759,54,-1501.2,0.0,0.969,,,,,
1,1.75,0.5,20,4,8,0.3,0.0,0.677,45.0,-0.333,-31.53,0.536,0.1364,266.67,78.62,3.392,44,-1510.7,0.0,0.969,,,,,
1,1.2,0.5,8,6,4,0.15,0.008,0.898,22.4,-0.099,-9.21,0.814,0.3713,108.87,78.93,1.379,167,-2005.1,0.0057,0.9674,,,,,
1,1.75,0.65,12,10,6,0.3,0.0,0.678,45.0,-0.301,-29.69,0.517,0.2083,152.5,77.63,1.964,48,-1559.4,0.0,0.966,,,,,
2,1.75,0.5,16,4,8,0.5,0.008,0.905,30.0,-0.192,-37.5,0.717,0.2037,465.91,166.28,2.802,54,-2327.4,0.0048,0.9654,,,,,
2,1.75,0.5,20,4,4,0.3,0.01,0.926,24.9,-0.275,-50.0,0.603,0.1489,510.71,148.12,3.448,47,-2613.2,0.0114,0.9647,,,,,
1,1.75,0.5,8,6,4,0.3,0.0,0.679,45.0,-0.295,-30.32,0.5,0.3404,89.06,91.94,0.969,47,-1556.6,0.0,0.963,,,,,
2,1.75,0.35,20,10,10,0.15,0.0,0.679,45.0,-0.436,-51.79,0.463,0.1071,416.67,108.0,3.858,28,-1606.8,0.0,0.963,,,,,
1,1.5,0.35,16,10,10,0.3,0.001,0.7,36.0,-0.135,-10.73,0.81,0.2222,206.25,72.73,2.836,99,-1339.7,0.0017,0.9624,,,,,
2,1.75,0.65,20,8,4,0.15,0.001,0.705,36.0,-0.28,-39.71,0.578,0.1176,462.5,106.67,4.336,34,-1540.4,0.001,0.962,,,,,
1,1.5,0.5,12,6,8,1.0,0.005,0.804,32.4,-0.09,-9.43,0.85,0.3279,162.5,93.29,1.742,122,-1491.6,0.0056,0.9605,,,,,
1,1.75,0.65,16,10,4,0.3,0.0,0.68,45.0,-0.293,-28.0,0.539,0.18,181.94,74.09,2.456,50,-1540.0,0.0,0.96,,,,,
1,1.75,0.8,16,4,4,0.5,0.0,0.68,45.0,-0.213,-21.77,0.657,0.1774,235.23,77.21,3.047,62,-1523.6,0.0,0.96,,,,,
2,2.0,0.8,12,8,4,0.5,0.0,0.681,45.0,-0.399,-78.75,0.33,0.15,258.33,138.24,1.869,20,-1687.0,0.0,0.957,,,,,
2,2.0,0.8,12,8,4,1.0,0.0,0.681,45.0,-0.399,-78.75,0.33,0.15,258.33,138.24,1.869,20,-1687.0,0.0,0.957,,,,,
2,1.5,0.65,12,8,6,0.15,0.011,0.973,20.6,-0.226,-47.57,0.615,0.3056,248.86,178.0,1.398,72,-3828.2,0.0096,0.9567,,,,,
1,1.5,0.8,20,6,10,0.15,0.0,0.682,45.0,-0.146,-15.94,0.767,0.2174,241.67,87.5,2.762,69,-1293.2,0.0,0.954,,,,,
1,1.75,0.5,20,4,6,0.5,0.0,0.682,45.0,-0.263,-23.44,0.617,0.1429,264.06,71.35,3.701,56,-1469.3,0.0,0.954,,,,,
2,1.75,0.65,12,4,4,0.15,0.0,0.682,45.0,-0.286,-41.91,0.548,0.1765,287.5,112.5,2.556,34,-1615.4,0.0,0.954,,,,,
2,1.75,0.65,16,4,8,1.0,0.009,0.919,31.6,-0.182,-40.79,0.717,0.2281,453.85,186.93,2.428,57,-2644.2,0.0082,0.9523,,,,,
2,1.75,0.65,20,8,8,0.3,0.009,0.936,20.0,-0.265,-56.11,0.605,0.1778,484.38,172.97,2.8,45,-2777.0,0.0057,0.9519,,,,,
1,1.75,0.65,16,8,6,0.5,0.0,0.683,45.0,-0.24,-23.71,0.618,0.1897,202.27,76.6,2.641,58,-1537.4,0.0,0.951,,,,,
2,1.75,0.5,20,10,4,0.5,0.01,0.959,25.1,-0.307,-54.39,0.556,0.1404,484.38,142.35,3.403,57,-3419.2,0.0072,0.9481,,,,,
1,1.5,0.65,12,10,6,0.5,0.006,0.844,28.3,-0.101,-10.7,0.82,0.296,164.53,84.38,1.95,125,-1687.5,0.0051,0.948,,,,,
1,1.75,0.35,8,6,6,1.0,0.0,0.684,45.0,-0.288,-24.55,0.542,0.3214,90.28,78.95,1.144,56,-1531.8,0.0,0.948,,,,,
2,1.75,0.8,8,4,6,0.15,0.001,0.7,43.0,-0.198,-45.16,0.624,0.3871,193.75,196.05,0.988,31,-1573.6,0.0024,0.948,,,,,
2,2.0,0.8,12,4,6,0.5,0.0,0.684,45.0,-0.371,-78.75,0.406,0.15,358.33,155.88,2.299,20,-1687.0,0.0,0.948,,,,,
2,2.0,0.8,12,4,6,1.0,0.0,0.684,45.0,-0.371,-78.75,0.406,0.15,358.33,155.88,2.299,20,-1687.0,0.0,0.948,,,,,
1,1.5,0.8,12,6,4,0.15,0.0,0.674,45.0,-0.153,-15.17,0.71,0.28,132.74,72.69,1.826,75,-1347.5,0.0016,0.9464,,,,,
1,1.75,0.35,16,6,6,1.0,0.0,0.685,45.0,-0.323,-24.78,0.554,0.1607,191.67,66.22,2.894,56,-1544.3,0.0,0.945,,,,,
1,1.75,0.5,12,10,4,0.3,0.0,0.685,45.0,-0.316,-29.79,0.521,0.2128,152.5,79.05,1.929,47,-1531.6,0.0,0.945,,,,,
2,1.75,0.5,20,10,4,0.15,0.0,0.685,45.0,-0.326,-42.97,0.545,0.125,412.5,108.04,3.818,32,-1554.2,0.0,0.945,,,,,
1,1.75,0.8,16,8,4,0.3,0.0,0.688,45.0,-0.272,-27.7,0.565,0.1765,204.17,77.38,2.638,51,-1555.3,0.0,0.936,,,,,
1,1.5,0.35,16,10,8,0.3,0.001,0.7,38.0,-0.132,-10.27,0.814,0.2178,206.25,70.57,2.923,101,-1320.3,0.0031,0.9354,,,,,
1,1.5,0.8,12,8,8,0.15,0.0,0.689,45.0,-0.146,-18.12,0.725,0.3913,121.76,108.04,1.127,69,-1443.2,0.0,0.933,,,,,
1,1.75,0.8,16,6,6,0.3,0.0,0.689,45.0,-0.275,-29.69,0.568,0.1875,208.33,84.62,2.462,48,-1559.4,0.0,0.933,,,,,
2,1.75,0.5,12,6,4,0.15,0.0,0.689,45.0,-0.354,-48.44,0.479,0.1875,237.5,114.42,2.076,32,-1729.2,0.0,0.933,,,,,
1,1.75,0.35,12,4,4,1.0,0.0,0.69,45.0,-0.314,-24.56,0.556,0.193,159.09,68.48,2.323,57,-1559.6,0.0,0.93,,,,,
1,1.75,0.8,16,4,6,0.5,0.0,0.69,45.0,-0.22,-23.92,0.651,0.1897,235.23,84.57,2.781,58,-1549.9,0.0,0.93,,,,,
2,1.75,0.8,16,4,8,0.5,0.009,0.93,25.2,-0.179,-43.64,0.722,0.2364,478.85,205.36,2.332,55,-2708.0,0.0077,0.9298,,,,,
1,1.2,0.5,16,6,4,0.15,0.007,0.884,24.4,-0.108,-9.11,0.826,0.2229,193.58,67.25,2.879,166,-1977.3,0.0049,0.9294,,,,,
1,1.75,0.35,12,6,8,0.3,0.0,0.691,45.0,-0.424,-34.52,0.414,0.1905,128.12,72.79,1.76,42,-1567.6,0.0,0.927,,,,,
2,1.75,0.8,12,4,8,0.15,0.0,0.691,45.0,-0.237,-49.17,0.601,0.2667,278.12,168.18,1.654,30,-1643.0,0.0,0.927,,,,,
1,1.5,0.35,16,6,4,0.3,0.005,0.824,28.2,-0.166,-12.02,0.765,0.1714,228.47,61.78,3.698,105,-1556.5,0.0044,0.9254,,,,,
1,1.5,0.65,16,8,6,1.0,0.006,0.846,25.5,-0.098,-10.17,0.831,0.2558,196.21,81.12,2.419,129,-1673.7,0.0059,0.9251,,,,,
2,1.75,0.65,20,8,6,0.15,0.001,0.716,22.0,-0.296,-46.77,0.561,0.129,462.5,122.22,3.784,31,-1623.6,0.0012,0.9245,,,,,
1,1.5,0.5,12,8,8,0.3,0.005,0.825,21.2,-0.127,-13.1,0.792,0.3143,158.71,91.84,1.728,105,-1669.0,0.0043,0.9244,,,,,
1,1.75,0.65,16,10,8,0.5,0.0,0.692,45.0,-0.217,-24.32,0.661,0.2364,200.96,94.05,2.137,55,-1491.5,0.0,0.924,,,,,
2,1.75,0.65,16,10,6,0.15,0.0,0.692,45.0,-0.291,-46.77,0.557,0.1613,365.0,125.96,2.898,31,-1623.6,0.0,0.924,,,,,
2,2.0,0.5,12,4,6,0.5,0.0,0.692,45.0,-0.399,-78.75,0.406,0.15,358.33,155.88,2.299,20,-1687.0,0.0,0.924,,,,,
2,2.0,0.5,12,4,6,1.0,0.0,0.692,45.0,-0.399,-78.75,0.406,0.15,358.33,155.88,2.299,20,-1687.0,0.0,0.924,,,,,
2,2.0,0.5,16,4,4,0.5,0.0,0.692,45.0,-0.435,-78.75,0.351,0.1,425.0,134.72,3.155,20,-1687.0,0.0,0.924,,,,,
2,2.0,0.5,16,4,4,1.0,0.0,0.692,45.0,-0.435,-78.75,0.351,0.1,425.0,134.72,3.155,20,-1687.0,0.0,0.924,,,,,
2,1.75,0.8,16,6,4,0.15,0.002,0.743,27.5,-0.245,-43.38,0.612,0.1471,465.0,131.03,3.549,34,-1665.4,0.0022,0.9218,,,,,
1,1.75,0.5,16,8,8,0.5,0.0,0.693,45.0,-0.261,-25.46,0.615,0.2037,200.0,83.14,2.406,54,-1526.2,0.0,0.921,,,,,
1,1.75,0.5,20,10,6,0.3,0.0,0.693,45.0,-0.339,-30.98,0.509,0.1522,210.71,74.36,2.834,46,-1553.8,0.0,0.921,,,,,
2,1.5,0.35,8,6,6,0.3,0.01,0.974,21.7,-0.161,-26.43,0.742,0.3333,227.86,153.57,1.484,105,-3363.0,0.0064,0.9202,,,,,
1,1.75,0.35,12,10,6,0.3,0.0,0.695,45.0,-0.412,-31.67,0.409,0.1778,123.44,65.2,1.893,45,-1551.0,0.0,0.915,,,,,
1,1.75,0.5,12,10,8,0.3,0.0,0.695,45.0,-0.327,-32.67,0.511,0.2273,150.0,86.4,1.736,44,-1560.7,0.0,0.915,,,,,
2,1.75,0.65,16,4,4,0.5,0.008,0.902,30.6,-0.188,-36.07,0.702,0.1803,470.45,147.5,3.19,61,-2541.6,0.0078,0.9142,,,,,
1,1.5,0.8,12,6,6,0.3,0.004,0.797,29.8,-0.101,-11.17,0.813,0.3097,156.79,86.54,1.812,113,-1578.9,0.0041,0.9141,,,,,
1,1.75,0.5,16,6,10,0.3,0.0,0.696,45.0,-0.345,-35.67,0.522,0.1951,200.0,92.8,2.155,41,-1577.3,0.0,0.912,,,,,
1,1.75,0.65,8,6,6,0.3,0.0,0.696,45.0,-0.282,-30.21,0.496,0.3333,89.06,89.84,0.991,48,-1584.4,0.0,0.912,,,,,
1,1.75,0.65,20,6,4,0.3,0.0,0.696,45.0,-0.311,-29.0,0.527,0.14,230.36,71.22,3.234,50,-1590.0,0.0,0.912,,,,,
1,1.75,0.8,16,8,6,0.3,0.0,0.696,45.0,-0.282,-30.47,0.557,0.1875,204.17,84.62,2.413,48,-1596.9,0.0,0.912,,,,,
1,1.75,0.8,16,10,8,0.3,0.0,0.696,45.0,-0.262,-31.67,0.591,0.2444,187.5,102.57,1.828,45,-1551.0,0.0,0.912,,,,,
2,1.75,0.8,16,8,8,0.3,0.008,0.924,22.6,-0.225,-54.44,0.649,0.2444,411.36,205.15,2.005,45,-2702.0,0.0046,0.912,,,,,
1,1.75,0.35,16,10,6,0.5,0.0,0.698,45.0,-0.326,-25.23,0.548,0.1667,183.33,66.94,2.739,54,-1513.7,0.0,0.906,,,,,
1,1.75,0.5,16,6,4,1.0,0.0,0.698,45.0,-0.267,-24.36,0.599,0.1864,195.45,74.74,2.615,59,-1602.7,0.0,0.906,,,,,
1,1.75,0.65,16,10,10,0.3,0.0,0.699,45.0,-0.298,-34.82,0.56,0.2381,186.25,103.91,1.792,42,-1580.1,0.0,0.903,,,,,
1,1.75,0.65,16,6,10,0.5,0.0,0.7,45.0,-0.232,-27.94,0.651,0.2549,204.81,107.57,1.904,51,-1567.8,0.0,0.9,,,,,
1,1.75,0.65,20,8,4,0.3,0.0,0.7,45.0,-0.308,-28.75,0.531,0.14,232.14,71.22,3.259,50,-1577.5,0.0,0.9,,,,,
1,1.5,0.65,16,6,4,0.15,0.004,0.792,28.0,-0.192,-17.57,0.69,0.1892,206.25,69.79,2.955,74,-1507.2,0.0057,0.8986,,,,,
1,1.5,0.65,16,8,6,0.15,0.003,0.774,25.0,-0.168,-17.01,0.728,0.25,181.94,83.33,2.183,72,-1426.6,0.0036,0.8978,,,,,
1,1.5,0.35,12,8,10,0.15,0.0,0.701,45.0,-0.27,-20.04,0.615,0.25,127.94,69.36,1.845,68,-1552.9,0.0,0.897,,,,,
1,1.5,0.65,12,8,8,0.15,0.0,0.701,45.0,-0.162,-18.3,0.712,0.3623,125.0,99.72,1.254,69,-1455.7,0.0,0.897,,,,,
1,1.75,0.5,20,4,4,0.5,0.0,0.701,45.0,-0.272,-24.12,0.606,0.1404,264.06,71.17,3.71,57,-1534.6,0.0,0.897,,,,,
1,1.2,0.35,12,4,6,0.15,0.001,0.726,36.0,-0.093,-6.67,0.86,0.2577,159.52,64.36,2.479,163,-1543.9,0.0012,0.8945,,,,,
1,1.5,0.8,8,6,4,0.15,0.0,0.702,45.0,-0.15,-16.12,0.68,0.3947,86.67,83.15,1.042,76,-1437.8,0.0,0.894,,,,,
1,1.75,0.8,12,8,8,0.3,0.0,0.702,45.0,-0.25,-31.11,0.596,0.2889,158.65,108.2,1.466,45,-1526.0,0.0,0.894,,,,,
1,1.75,0.8,20,4,8,0.3,0.0,0.702,45.0,-0.263,-30.56,0.61,0.1778,268.75,95.27,2.821,45,-1501.0,0.0,0.894,,,,,
2,2.0,0.8,16,6,4,0.5,0.0,0.702,45.0,-0.423,-81.25,0.316,0.1,375.0,131.94,2.842,20,-1737.0,0.0,0.894,,,,,
2,2.0,0.8,16,6,4,1.0,0.0,0.702,45.0,-0.423,-81.25,0.316,0.1,375.0,131.94,2.842,20,-1737.0,0.0,0.894,,,,,
2,1.75,0.5,12,10,10,0.15,0.0,0.703,45.0,-0.367,-57.41,0.483,0.2222,241.67,142.86,1.692,27,-1701.2,0.0,0.891,,,,,
2,1.75,0.8,12,10,8,0.15,0.0,0.703,45.0,-0.221,-45.83,0.628,0.2667,290.62,168.18,1.728,30,-1543.0,0.0,0.891,,,,,
2,1.5,0.5,12,8,4,0.3,0.01,0.986,16.5,-0.205,-37.84,0.671,0.2342,328.85,150.0,2.192,111,-4821.6,0.0061,0.8895,,,,,
2,1.75,0.8,20,4,6,0.3,0.009,0.955,22.6,-0.304,-64.06,0.538,0.1458,510.71,162.2,3.149,48,-3343.8,0.006,0.8888,,,,,
1,1.75,0.5,12,4,8,0.5,0.0,0.704,45.0,-0.274,-27.08,0.589,0.2222,175.0,84.82,2.063,54,-1613.7,0.0,0.888,,,,,
1,1.75,0.5,12,10,4,0.5,0.0,0.704,45.0,-0.258,-23.9,0.604,0.2105,172.92,76.39,2.264,57,-1522.1,0.0,0.888,,,,,
1,1.75,0.65,12,8,10,0.3,0.0,0.704,45.0,-0.289,-34.82,0.557,0.2857,153.12,110.0,1.392,42,-1580.1,0.0,0.888,,,,,
1,1.75,0.65,12,10,4,0.3,0.0,0.704,45.0,-0.31,-30.0,0.504,0.2,152.5,75.62,2.017,50,-1640.0,0.0,0.888,,,,,
1,1.75,0.65,16,4,10,1.0,0.0,0.704,45.0,-0.224,-26.89,0.665,0.2453,217.31,106.25,2.045,53,-1573.4,0.0,0.888,,,,,
2,1.75,0.8,20,4,6,1.0,0.01,0.977,22.8,-0.315,-66.67,0.522,0.1333,546.88,161.06,3.396,60,-4336.0,0.0076,0.8873,,,,,
1,1.5,0.65,16,8,4,0.5,0.007,0.889,25.6,-0.127,-12.31,0.781,0.2171,202.23,71.78,2.817,129,-1948.7,0.0063,0.8852,,,,,
1,1.75,0.65,12,8,6,0.5,0.0,0.705,45.0,-0.251,-25.0,0.596,0.2069,178.12,77.99,2.284,58,-1612.4,0.0,0.885,,,,,
2,1.75,0.65,12,4,6,0.15,0.0,0.705,45.0,-0.3,-49.19,0.531,0.1935,287.5,130.0,2.212,31,-1698.6,0.0,0.885,,,,,
1,1.2,0.5,20,8,6,0.15,0.007,0.908,25.3,-0.128,-11.05,0.804,0.2012,225.76,70.71,3.193,164,-2271.7,0.0036,0.8824,,,,,
1,1.75,0.65,16,10,6,0.5,0.0,0.706,45.0,-0.247,-24.35,0.608,0.1897,198.86,76.6,2.596,58,-1574.9,0.0,0.882,,,,,
1,1.75,0.65,20,10,6,0.3,0.0,0.707,45.0,-0.332,-31.51,0.494,0.1458,210.71,72.87,2.892,48,-1646.9,0.0,0.879,,,,,
2,1.75,0.8,16,10,8,0.5,0.01,0.969,24.1,-0.254,-61.82,0.606,0.2364,401.92,205.36,1.957,55,-3708.0,0.0092,0.8786,,,,,
1,1.75,0.35,12,6,6,0.5,0.0,0.708,45.0,-0.337,-26.39,0.525,0.1852,157.5,68.18,2.31,54,-1576.2,0.0,0.876,,,,,
1,1.75,0.5,16,8,10,0.3,0.0,0.708,45.0,-0.348,-35.98,0.518,0.1951,198.44,92.8,2.138,41,-1589.8,0.0,0.876,,,,,
1,1.5,0.8,12,6,4,0.3,0.004,0.812,32.2,-0.112,-11.53,0.79,0.2672,162.5,75.0,2.167,116,-1662.3,0.0039,0.875,,,,,
2,1.75,0.65,20,6,10,0.15,0.001,0.734,28.0,-0.308,-55.56,0.574,0.1481,506.25,153.26,3.303,27,-1651.2,0.001,0.875,,,,,
2,1.75,0.65,20,4,6,0.3,0.008,0.917,25.0,-0.263,-50.0,0.598,0.1458,510.71,145.73,3.504,48,-2668.8,0.0075,0.874,,,,,
2,1.75,0.65,20,10,4,1.0,0.01,0.979,25.5,-0.317,-59.52,0.518,0.127,503.12,141.36,3.559,63,-4102.8,0.008,0.8738,,,,,
1,1.2,0.35,8,4,6,0.15,0.001,0.732,31.0,-0.083,-6.21,0.869,0.319,128.85,69.48,1.854,163,-1468.9,0.0014,0.8727,,,,,
2,1.75,0.8,20,10,4,1.0,0.01,0.983,24.2,-0.334,-66.8,0.485,0.125,503.12,148.21,3.395,64,-4633.4,0.0076,0.8693,,,,,
2,1.5,0.5,12,6,4,0.3,0.01,0.989,16.5,-0.215,-39.64,0.655,0.2342,321.15,150.0,2.141,111,-5021.6,0.0067,0.8688,,,,,
1,1.5,0.8,12,6,6,0.5,0.006,0.869,30.2,-0.105,-11.81,0.805,0.3175,153.44,88.66,1.731,126,-1840.3,0.0054,0.867,,,,,
1,1.75,0.5,20,4,6,1.0,0.0,0.711,45.0,-0.266,-23.71,0.614,0.1379,273.44,71.25,3.838,58,-1537.4,0.0,0.867,,,,,
1,1.75,0.65,16,4,4,1.0,0.0,0.711,45.0,-0.234,-22.62,0.63,0.1746,220.45,74.04,2.978,63,-1601.4,0.0,0.867,,,,,
2,1.75,0.35,16,4,4,0.3,0.006,0.876,18.5,-0.248,-37.5,0.653,0.1522,464.29,127.56,3.64,46,-1982.6,0.0044,0.8668,,,,,
2,1.5,0.5,12,6,6,0.3,0.01,0.986,16.5,-0.182,-35.09,0.706,0.2661,316.38,162.5,1.947,109,-4435.4,0.0073,0.8659,,,,,
2,1.75,0.65,20,10,8,0.5,0.01,0.974,23.7,-0.292,-62.73,0.569,0.1636,505.56,173.91,2.907,55,-3758.0,0.0091,0.8654,,,,,
1,1.5,0.65,20,10,10,0.15,0.0,0.712,45.0,-0.181,-17.93,0.714,0.2174,205.83,80.09,2.57,69,-1430.7,0.0,0.864,,,,,
1,1.75,0.35,16,8,4,0.5,0.0,0.712,45.0,-0.333,-25.68,0.541,0.1636,184.72,66.85,2.763,55,-1566.5,0.0,0.864,,,,,
1,1.75,0.35,20,8,4,0.3,0.0,0.713,45.0,-0.427,-31.52,0.423,0.1087,212.5,61.28,3.468,46,-1578.8,0.0,0.861,,,,,
1,1.75,0.65,12,4,4,0.3,0.0,0.713,45.0,-0.305,-29.5,0.512,0.2,155.0,75.62,2.05,50,-1615.0,0.0,0.861,,,,,
1,1.5,0.35,20,4,8,0.15,0.001,0.739,38.0,-0.274,-18.57,0.644,0.1176,285.94,59.17,4.833,68,-1452.9,0.001,0.86,,,,,
1,1.75,0.35,20,4,8,0.3,0.0,0.714,45.0,-0.459,-35.42,0.411,0.0952,259.38,66.45,3.903,42,-1605.1,0.0,0.858,,,,,
1,1.75,0.5,12,8,8,0.5,0.0,0.714,45.0,-0.272,-26.85,0.593,0.2222,176.04,84.82,2.075,54,-1601.2,0.0,0.858,,,,,
2,2.0,0.5,12,8,4,0.5,0.0,0.714,45.0,-0.437,-81.25,0.323,0.15,258.33,141.18,1.83,20,-1737.0,0.0,0.858,,,,,
2,2.0,0.5,12,8,4,1.0,0.0,0.714,45.0,-0.437,-81.25,0.323,0.15,258.33,141.18,1.83,20,-1737.0,0.0,0.858,,,,,
2,1.5,0.8,12,8,6,0.15,0.009,0.956,21.4,-0.164,-36.82,0.688,0.3514,230.77,181.77,1.27,74,-3139.4,0.0074,0.8574,,,,,
2,1.75,0.5,16,10,4,0.5,0.008,0.935,28.1,-0.242,-44.3,0.634,0.193,397.73,150.0,2.652,57,-2844.2,0.0057,0.8564,,,,,
1,1.75,0.35,12,8,6,0.5,0.0,0.715,45.0,-0.337,-26.39,0.525,0.1852,157.5,68.18,2.31,54,-1576.2,0.0,0.855,,,,,
1,1.75,0.65,16,8,4,0.5,0.0,0.715,45.0,-0.249,-23.98,0.603,0.1803,202.27,73.75,2.743,61,-1633.3,0.0,0.855,,,,,
2,2.0,0.65,12,6,6,0.5,0.0,0.716,45.0,-0.394,-80.0,0.366,0.15,308.33,148.53,2.076,20,-1712.0,0.0,0.852,,,,,
2,2.0,0.65,12,6,6,1.0,0.0,0.716,45.0,-0.394,-80.0,0.366,0.15,308.33,148.53,2.076,20,-1712.0,0.0,0.852,,,,,
2,1.75,0.65,12,10,4,0.15,0.001,0.742,28.0,-0.296,-43.38,0.532,0.1765,279.17,112.5,2.481,34,-1665.4,0.001,0.851,,,,,
2,1.5,0.5,20,8,10,0.15,0.009,0.966,20.7,-0.229,-40.71,0.674,0.1714,491.67,150.86,3.259,70,-3242.0,0.0063,0.8498,,,,,
2,1.75,0.35,16,4,6,0.3,0.005,0.852,22.4,-0.234,-35.56,0.67,0.1556,464.29,127.63,3.638,45,-1852.0,0.004,0.8494,,,,,
2,2.0,0.65,12,10,4,0.5,0.0,0.717,45.0,-0.427,-80.0,0.281,0.15,208.33,130.88,1.592,20,-1712.0,0.0,0.849,,,,,
2,2.0,0.65,12,10,4,1.0,0.0,0.717,45.0,-0.427,-80.0,0.281,0.15,208.33,130.88,1.592,20,-1712.0,0.0,0.849,,,,,
1,1.5,0.35,16,6,4,0.15,0.001,0.743,22.0,-0.279,-18.66,0.627,0.1304,240.28,57.5,4.179,69,-1480.7,0.001,0.848,,,,,
2,1.5,0.35,20,10,10,0.15,0.009,0.971,21.6,-0.308,-42.28,0.599,0.1324,477.78,121.61,3.929,68,-3255.8,0.0057,0.8451,,,,,
1,1.5,0.35,12,4,8,0.3,0.0,0.719,45.0,-0.149,-11.88,0.785,0.2475,175.5,73.52,2.387,101,-1482.8,0.0,0.843,,,,,
1,1.5,0.35,12,6,8,0.15,0.0,0.719,45.0,-0.272,-19.85,0.614,0.2353,134.38,67.31,1.996,68,-1540.4,0.0,0.843,,,,,
1,1.75,0.5,20,10,4,0.3,0.0,0.719,45.0,-0.349,-31.65,0.498,0.1489,210.71,74.06,2.845,47,-1619.1,0.0,0.843,,,,,
1,1.5,0.65,12,4,4,0.15,0.002,0.748,25.5,-0.182,-17.06,0.696,0.2297,169.85,72.81,2.333,74,-1469.7,0.0054,0.8417,,,,,
1,1.2,0.5,16,6,6,0.15,0.007,0.9,26.3,-0.114,-10.08,0.82,0.2424,189.69,74.0,2.563,165,-2124.5,0.0069,0.8412,,,,,
1,1.5,0.35,16,10,4,0.3,0.003,0.797,28.3,-0.179,-12.98,0.747,0.1714,222.92,61.78,3.608,105,-1656.5,0.0029,0.8411,,,,,
2,1.75,0.5,20,4,6,1.0,0.009,0.946,24.2,-0.266,-47.41,0.614,0.1379,546.88,142.5,3.838,58,-3074.8,0.0098,0.839,,,,,
1,1.75,0.35,12,8,10,0.3,0.0,0.721,45.0,-0.431,-35.71,0.417,0.1905,134.38,75.74,1.774,42,-1617.6,0.0,0.837,,,,,
2,1.75,0.8,16,4,10,0.3,0.008,0.941,19.6,-0.248,-63.69,0.637,0.2381,470.0,230.47,2.039,42,-2910.2,0.0058,0.837,,,,,
1,1.75,0.8,12,8,4,0.3,0.0,0.722,45.0,-0.283,-29.17,0.541,0.1961,175.0,78.96,2.216,51,-1630.3,0.0,0.834,,,,,
1,1.5,0.5,16,10,8,0.15,0.0,0.71,45.0,-0.185,-17.14,0.718,0.2429,180.15,80.42,2.24,70,-1396.0,0.0018,0.8335,,,,,
1,1.5,0.35,20,6,10,0.15,0.0,0.723,45.0,-0.281,-19.3,0.634,0.1324,252.78,60.81,4.157,68,-1502.9,0.0,0.831,,,,,
1,1.5,0.5,8,4,6,0.15,0.0,0.723,45.0,-0.184,-18.4,0.682,0.375,105.09,92.5,1.136,72,-1526.6,0.0,0.831,,,,,
1,1.75,0.5,12,8,6,1.0,0.0,0.723,45.0,-0.273,-25.65,0.575,0.2241,154.81,77.78,1.99,58,-1649.9,0.0,0.831,,,,,
1,1.75,0.65,12,4,6,0.5,0.0,0.723,45.0,-0.268,-26.72,0.568,0.2069,169.79,77.99,2.177,58,-1712.4,0.0,0.831,,,,,
1,1.75,0.8,20,4,4,0.3,0.0,0.723,45.0,-0.293,-29.17,0.546,0.1373,255.36,74.43,3.431,51,-1630.3,0.0,0.831,,,,,
1,1.5,0.35,12,4,6,0.15,0.0,0.724,45.0,-0.27,-19.2,0.625,0.2029,158.04,64.32,2.457,69,-1518.2,0.0,0.828,,,,,
1,1.5,0.65,12,10,8,0.15,0.0,0.724,45.0,-0.173,-19.2,0.698,0.3478,127.6,97.5,1.309,69,-1518.2,0.0,0.828,,,,,
1,1.75,0.5,8,6,6,1.0,0.0,0.724,45.0,-0.251,-26.29,0.55,0.3793,84.66,94.1,0.9,58,-1687.4,0.0,0.828,,,,,
1,1.75,0.65,12,8,8,0.5,0.0,0.724,45.0,-0.233,-26.82,0.624,0.2727,163.33,98.12,1.665,55,-1629.0,0.0,0.828,,,,,
1,1.75,0.8,8,4,4,1.0,0.0,0.724,45.0,-0.199,-23.24,0.625,0.3594,107.61,96.65,1.113,64,-1666.7,0.0,0.828,,,,,
1,1.75,0.8,20,4,6,0.3,0.0,0.724,45.0,-0.304,-32.03,0.538,0.1458,255.36,81.1,3.149,48,-1671.9,0.0,0.828,,,,,
2,1.75,0.8,12,6,8,0.15,0.0,0.724,45.0,-0.245,-50.83,0.588,0.2667,271.88,168.18,1.617,30,-1693.0,0.0,0.828,,,,,
2,2.0,0.65,16,8,4,0.5,0.0,0.724,45.0,-0.439,-80.0,0.289,0.1,325.0,125.0,2.6,20,-1712.0,0.0,0.828,,,,,
2,2.0,0.65,16,8,4,1.0,0.0,0.724,45.0,-0.439,-80.0,0.289,0.1,325.0,125.0,2.6,20,-1712.0,0.0,0.828,,,,,
2,1.2,0.35,8,6,4,0.15,0.01,0.989,18.3,-0.155,-22.68,0.751,0.3025,226.54,130.75,1.733,162,-4581.8,0.009,0.8223,,,,,
1,1.75,0.65,8,6,6,0.5,0.0,0.726,45.0,-0.235,-26.08,0.565,0.3621,93.45,93.92,0.995,58,-1674.9,0.0,0.822,,,,,
1,1.5,0.8,20,8,10,0.15,0.001,0.749,40.0,-0.174,-19.02,0.722,0.2174,227.5,87.5,2.6,69,-1505.7,0.0014,0.8217,,,,,
1,1.5,0.8,12,8,6,1.0,0.006,0.887,31.0,-0.11,-12.6,0.794,0.3231,150.3,90.34,1.664,130,-2001.5,0.005,0.8203,,,,,
2,1.5,0.65,20,10,4,0.15,0.009,0.981,19.2,-0.313,-53.77,0.511,0.1233,455.56,125.39,3.633,73,-4333.8,0.0055,0.8192,,,,,
1,1.75,0.35,8,6,4,1.0,0.0,0.727,45.0,-0.298,-25.22,0.531,0.3158,90.28,78.53,1.15,57,-1597.1,0.0,0.819,,,,,
1,1.75,0.5,16,8,6,1.0,0.0,0.727,45.0,-0.274,-25.22,0.585,0.1897,187.5,75.0,2.5,58,-1624.9,0.0,0.819,,,,,
2,1.75,0.5,20,8,10,0.15,0.0,0.727,45.0,-0.423,-62.04,0.455,0.1111,466.67,128.12,3.642,27,-1826.2,0.0,0.819,,,,,
1,1.5,0.65,12,10,8,0.3,0.003,0.805,25.3,-0.107,-12.5,0.81,0.3491,152.36,100.91,1.51,106,-1621.8,0.0029,0.8188,,,,,
1,1.2,0.35,16,10,6,0.5,0.009,0.981,20.3,-0.158,-12.39,0.773,0.2252,187.75,70.57,2.661,222,-3371.6,0.0056,0.8172,,,,,
1,1.5,0.65,12,10,6,1.0,0.005,0.859,25.0,-0.105,-11.24,0.812,0.3023,160.58,85.69,1.874,129,-1811.2,0.0046,0.8167,,,,,
1,1.75,0.5,16,6,10,0.5,0.0,0.728,45.0,-0.288,-30.0,0.59,0.22,196.59,93.91,2.093,50,-1640.0,0.0,0.816,,,,,
1,1.75,0.5,16,10,8,0.5,0.0,0.728,45.0,-0.268,-26.16,0.605,0.2037,196.59,83.14,2.365,54,-1563.7,0.0,0.816,,,,,
2,1.75,0.65,12,10,10,0.15,0.0,0.728,45.0,-0.292,-56.48,0.558,0.2593,275.0,172.5,1.594,27,-1676.2,0.0,0.816,,,,,
2,1.5,0.35,12,8,10,1.0,0.009,0.983,19.0,-0.165,-27.56,0.754,0.2821,299.24,155.95,1.919,117,-3880.2,0.0055,0.8138,,,,,
1,1.75,0.35,20,4,6,0.5,0.0,0.729,45.0,-0.349,-26.16,0.537,0.1111,272.92,63.54,4.295,54,-1563.7,0.0,0.813,,,,,
1,1.75,0.65,16,6,8,1.0,0.0,0.729,45.0,-0.233,-26.1,0.638,0.2281,201.92,93.47,2.16,57,-1647.1,0.0,0.813,,,,,
1,1.75,0.65,20,4,10,0.3,0.0,0.729,45.0,-0.317,-35.42,0.558,0.1667,267.86,96.07,2.788,42,-1605.1,0.0,0.813,,,,,
2,1.75,0.65,20,10,6,0.15,0.001,0.755,28.0,-0.337,-53.23,0.5,0.129,412.5,122.22,3.375,31,-1823.6,0.001,0.812,,,,,
2,1.5,0.8,12,10,10,0.15,0.008,0.943,28.9,-0.13,-32.97,0.75,0.4203,235.34,227.5,1.034,69,-2661.4,0.0068,0.8111,,,,,
1,1.75,0.5,12,4,6,1.0,0.0,0.73,45.0,-0.282,-26.51,0.561,0.2241,150.96,77.78,1.941,58,-1699.9,0.0,0.81,,,,,
1,1.75,0.8,12,4,8,0.3,0.0,0.73,45.0,-0.274,-34.17,0.556,0.2889,148.08,108.2,1.369,45,-1663.5,0.0,0.81,,,,,
2,1.5,0.35,12,4,10,0.15,0.006,0.885,29.8,-0.166,-24.63,0.763,0.25,317.65,138.73,2.29,68,-2055.8,0.0059,0.8095,,,,,
1,1.5,0.5,16,6,4,0.3,0.006,0.889,21.5,-0.16,-14.41,0.751,0.1982,219.32,72.19,3.038,111,-1910.8,0.0054,0.8076,,,,,
1,1.5,0.35,12,4,10,0.3,0.0,0.731,45.0,-0.152,-12.37,0.782,0.2525,175.5,75.84,2.314,99,-1502.2,0.0,0.807,,,,,
1,1.75,0.35,20,10,6,0.3,0.0,0.731,45.0,-0.454,-33.61,0.383,0.1111,187.5,61.25,3.061,45,-1638.5,0.0,0.807,,,,,
1,1.75,0.8,16,4,8,1.0,0.0,0.731,45.0,-0.222,-26.97,0.657,0.2281,226.92,101.99,2.225,57,-1697.1,0.0,0.807,,,,,
1,1.75,0.8,16,4,10,0.5,0.0,0.731,45.0,-0.224,-29.41,0.666,0.2549,229.81,118.09,1.946,51,-1642.8,0.0,0.807,,,,,
2,1.75,0.8,16,6,6,0.15,0.001,0.754,41.0,-0.26,-50.81,0.596,0.1613,465.0,150.0,3.1,31,-1748.6,0.0014,0.8067,,,,,
2,1.75,0.8,20,4,4,1.0,0.009,0.982,23.2,-0.306,-61.33,0.527,0.125,546.88,148.21,3.69,64,-4283.4,0.0061,0.8056,,,,,
1,1.5,0.5,16,6,6,0.15,0.0,0.723,45.0,-0.19,-16.9,0.721,0.1972,221.43,75.44,2.935,71,-1398.8,0.0013,0.8052,,,,,
2,1.75,0.65,16,10,6,0.5,0.008,0.951,31.6,-0.247,-48.71,0.608,0.1897,397.73,153.19,2.596,58,-3149.8,0.0059,0.8044,,,,,
1,1.75,0.35,12,10,4,0.3,0.0,0.732,45.0,-0.423,-32.34,0.399,0.1739,123.44,65.13,1.895,46,-1616.3,0.0,0.804,,,,,
1,1.75,0.35,16,6,4,1.0,0.0,0.732,45.0,-0.332,-25.44,0.543,0.1579,191.67,66.15,2.898,57,-1609.6,0.0,0.804,,,,,
1,1.5,0.5,16,10,6,0.5,0.006,0.887,27.0,-0.135,-12.7,0.788,0.2295,205.36,77.66,2.644,122,-1891.6,0.0059,0.8024,,,,,
2,1.75,0.65,12,10,8,0.5,0.009,0.968,14.3,-0.247,-56.82,0.602,0.2727,315.0,196.25,1.605,55,-3433.0,0.0083,0.8021,,,,,
1,1.5,0.5,12,6,8,0.15,0.0,0.733,45.0,-0.21,-20.18,0.665,0.3,133.33,85.97,1.551,70,-1608.5,0.0,0.801,,,,,
1,1.5,0.8,20,6,8,0.15,0.0,0.733,45.0,-0.168,-18.12,0.733,0.2029,245.54,85.23,2.881,69,-1443.2,0.0,0.801,,,,,
1,1.75,0.65,20,10,4,0.3,0.0,0.733,45.0,-0.34,-31.75,0.482,0.14,210.71,71.22,2.959,50,-1727.5,0.0,0.801,,,,,
1,1.75,0.8,16,6,10,0.3,0.0,0.733,45.0,-0.294,-37.8,0.569,0.2381,210.0,115.23,1.822,42,-1705.1,0.0,0.801,,,,,
2,1.5,0.5,20,4,4,0.15,0.009,0.982,19.3,-0.359,-58.8,0.5,0.0986,596.43,130.47,4.571,71,-4572.6,0.0064,0.7997,,,,,
2,1.75,0.65,20,4,10,0.3,0.008,0.956,19.9,-0.317,-70.83,0.558,0.1667,535.71,192.14,2.788,42,-3210.2,0.0054,0.7994,,,,,
2,1.75,0.8,20,8,8,0.15,0.001,0.751,22.0,-0.256,-50.0,0.603,0.1667,455.0,151.0,3.013,30,-1668.0,0.0023,0.7985,,,,,
1,1.75,0.5,12,6,6,0.3,0.0,0.734,45.0,-0.357,-33.97,0.454,0.2174,130.0,79.51,1.635,46,-1691.3,0.0,0.798,,,,,
1,1.75,0.8,12,8,6,0.3,0.0,0.734,45.0,-0.292,-32.03,0.532,0.2083,175.0,86.51,2.023,48,-1671.9,0.0,0.798,,,,,
2,1.75,0.5,12,6,10,0.15,0.0,0.734,45.0,-0.426,-66.67,0.4,0.2222,200.0,142.86,1.4,27,-1951.2,0.0,0.798,,,,,
1,1.5,0.8,20,6,6,0.15,0.002,0.785,42.0,-0.189,-18.84,0.695,0.1644,261.46,73.98,3.534,73,-1579.4,0.0021,0.7974,,,,,
2,1.5,0.8,20,10,4,0.15,0.009,0.981,14.4,-0.278,-50.68,0.536,0.1351,432.5,126.17,3.428,74,-4164.4,0.0067,0.7966,,,,,
1,1.5,0.35,16,8,4,0.15,0.0,0.735,45.0,-0.277,-18.48,0.63,0.1304,241.67,57.5,4.203,69,-1468.2,0.0,0.795,,,,,
1,1.75,0.5,12,8,4,1.0,0.0,0.735,45.0,-0.282,-26.27,0.565,0.2203,154.81,77.45,1.999,59,-1715.2,0.0,0.795,,,,,
1,1.75,0.5,20,4,4,1.0,0.0,0.735,45.0,-0.275,-24.36,0.603,0.1356,273.44,71.08,3.847,59,-1602.7,0.0,0.795,,,,,
1,1.5,0.8,12,10,8,0.15,0.0,0.736,45.0,-0.162,-19.75,0.7,0.3768,122.12,105.52,1.157,69,-1555.7,0.0,0.792,,,,,
1,1.75,0.5,20,8,8,0.3,0.0,0.736,45.0,-0.36,-34.09,0.498,0.1364,247.92,78.62,3.153,44,-1623.2,0.0,0.792,,,,,
2,1.5,0.5,12,8,6,0.3,0.009,0.987,19.3,-0.18,-34.63,0.71,0.2661,318.1,162.5,1.958,109,-4385.4,0.0061,0.7903,,,,,
1,1.5,0.65,16,8,4,0.15,0.004,0.841,29.0,-0.233,-21.28,0.624,0.1892,186.61,69.79,2.674,74,-1782.2,0.0037,0.7902,,,,,
1,1.5,0.5,20,4,8,0.15,0.0,0.737,45.0,-0.216,-18.93,0.695,0.1571,273.86,73.52,3.725,70,-1521.0,0.0,0.789,,,,,
1,1.5,0.8,12,8,6,0.15,0.0,0.737,45.0,-0.164,-18.41,0.688,0.3514,115.38,90.89,1.27,74,-1569.7,0.0,0.789,,,,,
1,1.5,0.8,20,4,4,0.15,0.0,0.737,45.0,-0.178,-16.22,0.703,0.1351,283.75,63.09,4.498,74,-1407.2,0.0,0.789,,,,,
1,1.75,0.35,16,10,4,0.5,0.0,0.737,45.0,-0.336,-25.91,0.537,0.1636,183.33,66.85,2.743,55,-1579.0,0.0,0.789,,,,,
1,1.75,0.5,12,8,10,0.3,0.0,0.737,45.0,-0.36,-37.8,0.492,0.2195,166.67,95.31,1.749,41,-1664.8,0.0,0.789,,,,,
1,1.75,0.5,20,6,8,0.3,0.0,0.737,45.0,-0.369,-34.94,0.485,0.1364,241.67,78.62,3.074,44,-1660.7,0.0,0.789,,,,,
1,1.75,0.65,8,6,4,0.3,0.0,0.737,45.0,-0.291,-30.5,0.483,0.32,89.06,86.76,1.026,50,-1665.0,0.0,0.789,,,,,
1,1.75,0.65,12,4,8,0.5,0.0,0.737,45.0,-0.239,-27.5,0.615,0.2727,160.83,98.12,1.639,55,-1666.5,0.0,0.789,,,,,
2,1.75,0.8,20,4,4,0.3,0.008,0.955,22.2,-0.293,-58.33,0.546,0.1373,510.71,148.86,3.431,51,-3260.6,0.0062,0.7864,,,,,
1,1.75,0.5,20,6,6,0.5,0.0,0.738,45.0,-0.303,-27.01,0.558,0.1429,239.06,71.35,3.35,56,-1669.3,0.0,0.786,,,,,
1,1.5,0.5,16,8,6,1.0,0.006,0.896,31.0,-0.13,-12.3,0.795,0.2302,206.9,77.84,2.658,126,-1902.8,0.0055,0.7832,,,,,
1,1.5,0.35,8,4,4,0.3,0.0,0.733,45.0,-0.132,-10.38,0.794,0.2925,136.69,71.17,1.921,106,-1396.8,0.0009,0.7827,,,,,
2,1.5,0.5,16,10,6,0.15,0.009,0.979,20.9,-0.263,-46.83,0.613,0.1972,376.79,150.88,2.497,71,-3722.6,0.0077,0.7817,,,,,
1,1.5,0.5,12,8,8,1.0,0.004,0.842,30.2,-0.112,-11.68,0.814,0.3279,155.62,93.29,1.668,122,-1766.6,0.004,0.7812,,,,,
2,1.75,0.65,12,10,6,0.5,0.008,0.956,33.1,-0.261,-52.16,0.578,0.2069,345.83,155.98,2.217,58,-3349.8,0.0064,0.7805,,,,,
2,1.75,0.65,12,4,10,0.15,0.0,0.74,45.0,-0.34,-65.74,0.486,0.2593,239.29,172.5,1.387,27,-1926.2,0.0,0.78,,,,,
2,1.75,0.8,16,6,10,0.15,0.0,0.74,45.0,-0.254,-57.41,0.624,0.2222,429.17,196.43,2.185,27,-1701.2,0.0,0.78,,,,,
2,1.75,0.65,20,8,10,0.15,0.001,0.766,28.0,-0.349,-62.96,0.518,0.1481,456.25,153.26,2.977,27,-1851.2,0.001,0.779,,,,,
1,1.75,0.35,12,6,4,0.5,0.0,0.741,45.0,-0.347,-27.05,0.514,0.1818,157.5,68.06,2.314,55,-1641.5,0.0,0.777,,,,,
1,1.75,0.5,20,10,6,0.5,0.0,0.741,45.0,-0.298,-26.56,0.566,0.1429,242.19,71.35,3.394,56,-1644.3,0.0,0.777,,,,,
1,1.5,0.8,12,8,6,0.5,0.005,0.873,35.4,-0.108,-12.2,0.798,0.3175,152.19,88.66,1.716,126,-1890.3,0.0045,0.7766,,,,,
1,1.5,0.5,12,8,10,0.15,0.0,0.742,45.0,-0.21,-20.71,0.658,0.3286,121.2,90.16,1.344,70,-1646.0,0.0,0.774,,,,,
1,1.75,0.5,16,8,4,1.0,0.0,0.742,45.0,-0.283,-25.85,0.575,0.1864,187.5,74.74,2.509,59,-1690.2,0.0,0.774,,,,,
1,1.75,0.65,12,8,4,0.5,0.0,0.742,45.0,-0.26,-25.2,0.582,0.1967,178.12,75.0,2.375,61,-1708.3,0.0,0.774,,,,,
1,1.75,0.8,16,6,8,0.5,0.0,0.742,45.0,-0.228,-27.73,0.646,0.2364,214.42,102.68,2.088,55,-1679.0,0.0,0.774,,,,,
1,1.5,0.65,16,6,4,0.3,0.006,0.899,27.5,-0.14,-13.59,0.765,0.2087,211.46,72.94,2.899,115,-1884.5,0.0056,0.7739,,,,,
1,1.75,0.35,12,4,8,1.0,0.0,0.743,45.0,-0.347,-28.54,0.52,0.2075,148.86,75.0,1.985,53,-1660.9,0.0,0.771,,,,,
1,1.75,0.35,12,4,10,1.0,0.0,0.743,45.0,-0.352,-29.33,0.518,0.2115,148.86,77.13,1.93,52,-1670.6,0.0,0.771,,,,,
1,1.75,0.5,16,4,10,1.0,0.0,0.743,45.0,-0.283,-29.33,0.599,0.2115,206.82,92.68,2.231,52,-1670.6,0.0,0.771,,,,,
1,1.75,0.65,16,10,4,0.5,0.0,0.743,45.0,-0.256,-24.59,0.593,0.1803,198.86,73.75,2.696,61,-1670.8,0.0,0.771,,,,,
2,1.75,0.65,12,10,6,0.15,0.0,0.743,45.0,-0.31,-50.81,0.515,0.1935,279.17,130.0,2.147,31,-1748.6,0.0,0.771,,,,,
1,1.75,0.8,8,4,6,1.0,0.0,0.744,45.0,-0.216,-26.67,0.601,0.3667,109.66,105.59,1.039,60,-1768.0,0.0,0.768,,,,,
1,1.75,0.5,8,6,4,1.0,0.0,0.745,45.0,-0.259,-26.91,0.54,0.3729,84.66,93.24,0.908,59,-1752.7,0.0,0.765,,,,,
1,1.5,0.5,16,8,6,0.5,0.005,0.878,27.0,-0.126,-11.89,0.801,0.2295,208.93,77.66,2.69,122,-1791.6,0.0044,0.7634,,,,,
2,1.75,0.35,8,4,6,0.3,0.001,0.763,18.0,-0.173,-29.44,0.715,0.3333,221.67,155.0,1.43,45,-1577.0,0.0022,0.7633,,,,,
2,1.5,0.65,12,10,10,0.15,0.008,0.948,23.4,-0.146,-33.33,0.739,0.3768,250.96,205.23,1.223,69,-2686.4,0.0084,0.7631,,,,,
1,1.75,0.5,20,8,6,0.5,0.0,0.746,45.0,-0.305,-27.23,0.555,0.1429,237.5,71.35,3.328,56,-1681.8,0.0,0.762,,,,,
1,1.5,0.8,12,8,6,0.3,0.003,0.824,30.7,-0.111,-12.28,0.794,0.3097,153.21,86.54,1.77,113,-1703.9,0.0029,0.7613,,,,,
1,1.75,0.35,12,6,10,0.3,0.0,0.747,45.0,-0.446,-36.9,0.398,0.1905,128.12,75.74,1.692,42,-1667.6,0.0,0.759,,,,,
2,1.5,0.35,20,6,8,0.15,0.008,0.972,17.4,-0.318,-43.01,0.588,0.1176,521.88,118.33,4.41,68,-3305.8,0.0051,0.7577,,,,,
1,1.75,0.35,12,8,4,0.5,0.0,0.748,45.0,-0.347,-27.05,0.514,0.1818,157.5,68.06,2.314,55,-1641.5,0.0,0.756,,,,,
1,1.75,0.35,16,10,8,0.3,0.0,0.748,45.0,-0.445,-35.71,0.397,0.1667,141.07,71.07,1.985,42,-1617.6,0.0,0.756,,,,,
1,1.75,0.5,12,6,8,0.3,0.0,0.748,45.0,-0.358,-35.8,0.464,0.2273,136.25,86.4,1.577,44,-1698.2,0.0,0.756,,,,,
2,2.0,0.5,16,6,4,0.5,0.0,0.748,45.0,-0.463,-83.75,0.309,0.1,375.0,134.72,2.784,20,-1787.0,0.0,0.756,,,,,
2,2.0,0.5,16,6,4,1.0,0.0,0.748,45.0,-0.463,-83.75,0.309,0.1,375.0,134.72,2.784,20,-1787.0,0.0,0.756,,,,,
1,1.5,0.65,20,8,6,0.15,0.002,0.799,34.0,-0.212,-20.07,0.671,0.169,242.71,73.52,3.301,71,-1623.8,0.0021,0.7546,,,,,
1,1.5,0.65,12,6,6,0.15,0.001,0.76,24.0,-0.179,-18.92,0.694,0.3056,140.34,89.0,1.577,72,-1564.1,0.0031,0.7543,,,,,
1,1.5,0.5,16,8,6,0.15,0.0,0.749,45.0,-0.208,-18.49,0.695,0.1972,213.39,75.44,2.829,71,-1511.3,0.0,0.753,,,,,
1,1.75,0.35,20,4,4,0.5,0.0,0.749,45.0,-0.359,-26.82,0.526,0.1091,272.92,63.52,4.297,55,-1629.0,0.0,0.753,,,,,
1,1.75,0.35,20,4,10,0.3,0.0,0.749,45.0,-0.482,-37.8,0.395,0.0952,259.38,69.08,3.755,42,-1705.1,0.0,0.753,,,,,
1,1.75,0.65,12,10,6,0.5,0.0,0.749,45.0,-0.261,-26.08,0.578,0.2069,172.92,77.99,2.217,58,-1674.9,0.0,0.753,,,,,
1,1.75,0.65,20,4,6,0.5,0.0,0.749,45.0,-0.275,-26.29,0.581,0.1379,264.06,72.75,3.63,58,-1687.4,0.0,0.753,,,,,
1,1.5,0.5,12,4,6,0.15,0.0,0.75,45.0,-0.222,-20.42,0.659,0.2535,155.56,80.19,1.94,71,-1648.8,0.0,0.75,,,,,
2,1.5,0.65,12,8,10,0.15,0.007,0.94,25.9,-0.13,-30.07,0.765,0.3913,250.0,210.12,1.19,69,-2461.4,0.0055,0.7495,,,,,
2,1.5,0.35,20,10,8,0.15,0.008,0.977,20.2,-0.334,-45.22,0.567,0.1176,503.12,118.33,4.252,68,-3455.8,0.0049,0.7474,,,,,
1,1.75,0.35,20,4,6,1.0,0.0,0.751,45.0,-0.344,-25.67,0.544,0.1071,285.42,63.0,4.53,56,-1594.3,0.0,0.747,,,,,
1,1.75,0.5,12,4,4,1.0,0.0,0.751,45.0,-0.291,-27.12,0.551,0.2203,150.96,77.45,1.949,59,-1765.2,0.0,0.747,,,,,
2,2.0,0.8,16,8,4,0.5,0.0,0.751,45.0,-0.449,-86.25,0.274,0.1,325.0,131.94,2.463,20,-1837.0,0.0,0.747,,,,,
2,2.0,0.8,16,8,4,1.0,0.0,0.751,45.0,-0.449,-86.25,0.274,0.1,325.0,131.94,2.463,20,-1837.0,0.0,0.747,,,,,
1,1.5,0.5,16,4,4,0.15,0.001,0.775,32.0,-0.229,-19.37,0.667,0.1549,250.0,68.75,3.636,71,-1573.8,0.0014,0.7437,,,,,
1,1.5,0.8,12,6,6,1.0,0.005,0.88,22.8,-0.104,-11.83,0.807,0.3231,152.68,90.34,1.69,130,-1901.5,0.0051,0.7433,,,,,
2,1.2,0.35,20,10,4,0.15,0.009,0.991,10.4,-0.271,-36.34,0.625,0.1484,408.34,113.83,3.587,155,-6495.6,0.0078,0.7432,,,,,
2,1.75,0.5,12,10,6,0.5,0.007,0.94,27.6,-0.249,-46.43,0.615,0.2143,345.83,153.41,2.254,56,-2913.6,0.0058,0.7421,,,,,
1,1.5,0.65,20,10,8,0.15,0.0,0.753,45.0,-0.198,-19.38,0.688,0.2029,210.71,77.95,2.703,69,-1530.7,0.0,0.741,,,,,
1,1.75,0.35,12,10,6,0.5,0.0,0.754,45.0,-0.346,-27.08,0.512,0.1852,153.75,68.18,2.255,54,-1613.7,0.0,0.738,,,,,
1,1.75,0.8,20,6,8,0.3,0.0,0.754,45.0,-0.302,-35.0,0.553,0.1778,243.75,95.27,2.559,45,-1701.0,0.0,0.738,,,,,
1,1.75,0.8,20,8,8,0.3,0.0,0.754,45.0,-0.304,-35.28,0.55,0.1778,242.19,95.27,2.542,45,-1713.5,0.0,0.738,,,,,
1,1.5,0.8,16,10,4,0.15,0.0,0.737,45.0,-0.177,-16.83,0.683,0.2133,170.31,67.58,2.52,75,-1472.5,0.0026,0.7374,,,,,
2,1.75,0.8,16,4,6,0.5,0.007,0.934,22.0,-0.22,-47.84,0.651,0.1897,470.45,169.15,2.781,58,-3099.8,0.007,0.737,,,,,
2,1.75,0.65,16,10,10,0.5,0.008,0.966,17.4,-0.261,-62.75,0.609,0.2549,382.69,215.13,1.779,51,-3485.6,0.0071,0.7352,,,,,
1,1.75,0.5,20,8,4,0.5,0.0,0.755,45.0,-0.314,-27.85,0.545,0.1404,237.5,71.17,3.337,57,-1747.1,0.0,0.735,,,,,
1,1.75,0.65,8,6,4,0.5,0.0,0.755,45.0,-0.244,-26.23,0.551,0.3443,93.45,89.06,1.049,61,-1770.8,0.0,0.735,,,,,
2,1.5,0.8,12,10,6,0.3,0.009,0.978,23.3,-0.133,-29.42,0.754,0.3097,290.71,173.08,1.68,113,-3957.8,0.0102,0.735,,,,,
2,1.75,0.5,16,8,8,0.3,0.006,0.923,22.8,-0.262,-51.7,0.614,0.2045,402.78,168.57,2.389,44,-2521.4,0.004,0.7322,,,,,
1,1.75,0.35,20,6,8,0.3,0.0,0.756,45.0,-0.49,-37.8,0.371,0.0952,234.38,66.45,3.527,42,-1705.1,0.0,0.732,,,,,
1,1.75,0.65,20,4,8,0.5,0.0,0.756,45.0,-0.258,-27.73,0.619,0.1636,275.0,86.96,3.163,55,-1679.0,0.0,0.732,,,,,
1,1.2,0.35,12,4,4,0.15,0.0,0.75,45.0,-0.102,-7.09,0.844,0.2439,157.81,60.28,2.618,164,-1621.7,0.0009,0.7317,,,,,
1,1.5,0.35,20,8,8,0.15,0.0,0.748,45.0,-0.291,-19.67,0.623,0.1176,276.56,59.17,4.674,68,-1527.9,0.0013,0.7302,,,,,
1,1.5,0.8,12,10,10,0.3,0.004,0.856,21.2,-0.113,-14.88,0.791,0.4,140.48,118.45,1.186,105,-1856.5,0.0045,0.7291,,,,,
1,1.75,0.8,16,6,4,0.5,0.0,0.757,45.0,-0.256,-26.21,0.587,0.1774,210.23,77.21,2.723,62,-1798.6,0.0,0.729,,,,,
2,2.0,0.8,12,6,6,0.5,0.0,0.757,45.0,-0.406,-86.25,0.349,0.15,308.33,155.88,1.978,20,-1837.0,0.0,0.729,,,,,
2,2.0,0.8,12,6,6,1.0,0.0,0.757,45.0,-0.406,-86.25,0.349,0.15,308.33,155.88,1.978,20,-1837.0,0.0,0.729,,,,,
1,1.5,0.8,8,6,6,1.0,0.004,0.86,30.0,-0.082,-10.69,0.817,0.4885,97.46,113.99,0.855,131,-1766.8,0.004,0.728,,,,,
2,1.75,0.65,20,10,4,0.15,0.0,0.747,45.0,-0.322,-45.59,0.516,0.1176,412.5,106.67,3.867,34,-1740.4,0.0016,0.7274,,,,,
2,1.75,0.8,20,10,6,0.5,0.008,0.983,20.1,-0.34,-71.55,0.483,0.1379,484.38,160.5,3.018,58,-4474.8,0.005,0.7273,,,,,
1,1.75,0.5,16,8,10,0.5,0.0,0.758,45.0,-0.305,-31.75,0.567,0.22,188.64,93.91,2.009,50,-1727.5,0.0,0.726,,,,,
2,2.0,0.8,12,10,4,0.5,0.0,0.758,45.0,-0.437,-86.25,0.266,0.15,208.33,138.24,1.507,20,-1837.0,0.0,0.726,,,,,
2,2.0,0.8,12,10,4,1.0,0.0,0.758,45.0,-0.437,-86.25,0.266,0.15,208.33,138.24,1.507,20,-1837.0,0.0,0.726,,,,,
1,1.5,0.8,16,10,6,0.15,0.001,0.78,42.0,-0.172,-18.07,0.699,0.2568,163.82,80.91,2.025,74,-1544.7,0.0016,0.7254,,,,,
1,1.5,0.65,20,4,4,0.15,0.001,0.78,27.0,-0.217,-18.66,0.66,0.1233,294.44,62.7,4.696,73,-1566.9,0.0017,0.7224,,,,,
1,1.5,0.5,12,10,8,0.5,0.002,0.804,23.5,-0.101,-10.49,0.833,0.322,162.5,92.66,1.754,118,-1567.9,0.0031,0.7209,,,,,
2,1.75,0.65,20,4,4,0.3,0.007,0.929,23.0,-0.273,-51.0,0.584,0.14,510.71,142.44,3.585,50,-2830.0,0.0086,0.7205,,,,,
1,1.5,0.35,16,10,6,0.15,0.0,0.76,45.0,-0.287,-19.75,0.613,0.1594,196.59,60.78,3.235,69,-1555.7,0.0,0.72,,,,,
1,1.75,0.5,20,10,4,0.5,0.0,0.76,45.0,-0.307,-27.19,0.556,0.1404,242.19,71.17,3.403,57,-1709.6,0.0,0.72,,,,,
1,1.75,0.8,16,10,4,0.3,0.0,0.76,45.0,-0.31,-31.62,0.504,0.1765,181.94,77.38,2.351,51,-1755.3,0.0,0.72,,,,,
1,1.75,0.5,20,6,4,0.5,0.0,0.762,45.0,-0.312,-27.63,0.548,0.1404,239.06,71.17,3.359,57,-1734.6,0.0,0.714,,,,,
1,1.75,0.5,20,6,6,1.0,0.0,0.762,45.0,-0.305,-27.16,0.558,0.1379,248.44,71.25,3.487,58,-1737.4,0.0,0.714,,,,,
1,1.75,0.65,16,8,10,0.5,0.0,0.762,45.0,-0.254,-30.64,0.618,0.2549,194.23,107.57,1.806,51,-1705.3,0.0,0.714,,,,,
1,1.5,0.8,12,8,4,0.3,0.002,0.813,30.5,-0.115,-11.75,0.786,0.2672,161.69,75.0,2.156,116,-1687.3,0.0022,0.7118,,,,,
1,1.75,0.65,16,8,8,1.0,0.0,0.763,45.0,-0.255,-28.51,0.605,0.2281,191.35,93.47,2.047,57,-1784.6,0.0,0.711,,,,,
1,1.5,0.5,8,4,4,0.3,0.003,0.843,40.0,-0.12,-11.94,0.79,0.3393,132.57,86.15,1.539,112,-1651.1,0.0027,0.7085,,,,,
2,1.5,0.8,12,8,8,0.15,0.007,0.951,21.4,-0.146,-36.23,0.725,0.3913,243.52,216.07,1.127,69,-2886.4,0.0059,0.7085,,,,,
1,1.75,0.35,16,8,10,0.5,0.0,0.764,45.0,-0.375,-30.75,0.502,0.18,172.22,75.3,2.287,50,-1677.5,0.0,0.708,,,,,
2,1.5,0.35,20,4,6,0.15,0.008,0.973,15.9,-0.326,-43.48,0.58,0.1014,592.86,115.32,5.141,69,-3386.4,0.0075,0.7073,,,,,
2,1.2,0.35,12,8,6,0.15,0.008,0.992,17.9,-0.184,-26.53,0.725,0.2577,270.83,129.75,2.087,163,-5237.8,0.0047,0.7055,,,,,
1,1.75,0.35,16,8,8,0.5,0.0,0.765,45.0,-0.368,-29.9,0.504,0.1765,172.22,73.21,2.352,51,-1667.8,0.0,0.705,,,,,
1,1.75,0.5,12,6,4,0.3,0.0,0.765,45.0,-0.366,-34.57,0.444,0.2128,130.0,79.05,1.644,47,-1756.6,0.0,0.705,,,,,
1,1.75,0.5,16,6,8,1.0,0.0,0.765,45.0,-0.291,-28.35,0.572,0.1964,193.18,82.5,2.342,56,-1744.3,0.0,0.705,,,,,
1,1.75,0.5,20,10,8,0.3,0.0,0.765,45.0,-0.39,-36.93,0.456,0.1364,227.08,78.62,2.888,44,-1748.2,0.0,0.705,,,,,
1,1.75,0.8,20,8,4,0.3,0.0,0.765,45.0,-0.325,-32.35,0.496,0.1373,232.14,74.43,3.119,51,-1792.8,0.0,0.705,,,,,
1,1.5,0.65,12,10,4,0.5,0.005,0.897,31.0,-0.137,-13.66,0.755,0.2558,164.39,74.87,2.196,129,-2123.7,0.0045,0.7046,,,,,
1,1.75,0.35,20,4,4,1.0,0.0,0.766,45.0,-0.354,-26.32,0.533,0.1053,285.42,62.99,4.531,57,-1659.6,0.0,0.702,,,,,
1,1.75,0.8,16,10,6,0.3,0.0,0.766,45.0,-0.32,-34.64,0.496,0.1875,181.94,84.62,2.15,48,-1796.9,0.0,0.702,,,,,
2,2.0,0.65,16,10,4,0.5,0.0,0.766,45.0,-0.467,-85.0,0.244,0.1,275.0,125.0,2.2,20,-1812.0,0.0,0.702,,,,,
2,2.0,0.65,16,10,4,1.0,0.0,0.766,45.0,-0.467,-85.0,0.244,0.1,275.0,125.0,2.2,20,-1812.0,0.0,0.702,,,,,
1,1.75,0.65,16,6,6,1.0,0.0,0.767,45.0,-0.271,-26.88,0.571,0.1833,195.45,76.79,2.545,60,-1780.5,0.0,0.699,,,,,
2,1.75,0.8,20,10,8,0.15,0.001,0.788,28.0,-0.282,-55.0,0.563,0.1667,425.0,151.0,2.815,30,-1818.0,0.0017,0.6984,,,,,
1,1.5,0.5,12,8,8,0.5,0.003,0.838,26.0,-0.115,-11.97,0.809,0.322,157.89,92.66,1.704,118,-1742.9,0.004,0.697,,,,,
2,1.75,0.5,20,10,6,0.5,0.007,0.956,24.7,-0.298,-53.13,0.566,0.1429,484.38,142.71,3.394,56,-3288.6,0.0059,0.6935,,,,,
2,2.0,0.65,16,4,6,0.5,0.0,0.769,45.0,-0.43,-85.0,0.333,0.1,425.0,141.67,3.0,20,-1812.0,0.0,0.693,,,,,
2,2.0,0.65,16,4,6,1.0,0.0,0.769,45.0,-0.43,-85.0,0.333,0.1,425.0,141.67,3.0,20,-1812.0,0.0,0.693,,,,,
2,1.75,0.65,16,8,10,0.3,0.006,0.933,24.5,-0.262,-61.31,0.613,0.2381,407.5,207.81,1.961,42,-2810.2,0.0046,0.6913,,,,,
1,1.5,0.5,16,6,6,0.5,0.005,0.898,22.0,-0.135,-12.7,0.788,0.2295,205.36,77.66,2.644,122,-1891.6,0.005,0.691,,,,,
1,1.5,0.8,12,8,4,0.15,0.0,0.77,45.0,-0.196,-19.5,0.627,0.28,117.26,72.69,1.613,75,-1672.5,0.0,0.69,,,,,
1,1.75,0.35,20,10,4,0.3,0.0,0.77,45.0,-0.464,-34.24,0.373,0.1087,187.5,61.28,3.06,46,-1703.8,0.0,0.69,,,,,
1,1.75,0.65,12,10,8,0.5,0.0,0.77,45.0,-0.247,-28.41,0.602,0.2727,157.5,98.12,1.605,55,-1716.5,0.0,0.69,,,,,
1,1.75,0.8,16,6,6,0.5,0.0,0.77,45.0,-0.264,-28.66,0.582,0.1897,210.23,84.57,2.486,58,-1824.9,0.0,0.69,,,,,
2,1.75,0.65,12,6,6,0.15,0.0,0.77,45.0,-0.359,-58.87,0.438,0.1935,237.5,130.0,1.827,31,-1998.6,0.0,0.69,,,,,
2,1.5,0.35,12,4,10,0.3,0.007,0.968,25.0,-0.152,-24.75,0.782,0.2525,351.0,151.69,2.314,99,-3004.4,0.0044,0.6871,,,,,
1,1.5,0.35,20,10,10,0.15,0.0,0.771,45.0,-0.308,-21.14,0.599,0.1324,238.89,60.81,3.929,68,-1627.9,0.0,0.687,,,,,
2,1.75,0.65,12,6,4,0.15,0.0,0.771,45.0,-0.347,-50.74,0.452,0.1765,237.5,112.5,2.111,34,-1915.4,0.0,0.687,,,,,
2,1.75,0.8,16,8,4,0.15,0.001,0.797,28.0,-0.286,-50.74,0.546,0.1471,415.0,131.03,3.167,34,-1915.4,0.001,0.686,,,,,
2,1.5,0.35,12,6,10,1.0,0.008,0.984,18.6,-0.155,-25.85,0.769,0.2821,305.3,155.95,1.958,117,-3680.2,0.007,0.6842,,,,,
1,1.5,0.35,12,8,8,0.15,0.0,0.772,45.0,-0.299,-21.88,0.575,0.2353,125.78,67.31,1.869,68,-1677.9,0.0,0.684,,,,,
1,1.5,0.5,20,6,10,0.15,0.0,0.772,45.0,-0.233,-20.71,0.669,0.1714,243.75,75.43,3.231,70,-1646.0,0.0,0.684,,,,,
1,1.5,0.65,8,6,6,0.15,0.0,0.772,45.0,-0.171,-19.86,0.663,0.4384,89.06,104.88,0.849,73,-1654.4,0.0,0.684,,,,,
1,1.75,0.5,12,6,6,0.5,0.0,0.772,45.0,-0.314,-29.24,0.515,0.2143,144.79,76.7,1.888,56,-1794.3,0.0,0.684,,,,,
2,1.75,0.65,16,10,4,0.5,0.007,0.957,31.9,-0.256,-49.18,0.593,0.1803,397.73,147.5,2.696,61,-3341.6,0.0062,0.6839,,,,,
1,1.5,0.8,20,8,8,0.15,0.001,0.795,32.0,-0.193,-20.83,0.693,0.2029,232.14,85.23,2.724,69,-1630.7,0.0014,0.6837,,,,,
1,1.5,0.8,8,6,6,0.5,0.003,0.85,32.0,-0.082,-10.63,0.815,0.4882,96.17,112.5,0.855,127,-1705.6,0.003,0.6816,,,,,
1,1.75,0.5,12,10,8,0.5,0.0,0.773,45.0,-0.283,-28.01,0.575,0.2222,170.83,84.82,2.014,54,-1663.7,0.0,0.681,,,,,
1,1.75,0.8,20,6,4,0.3,0.0,0.773,45.0,-0.327,-32.6,0.492,0.1373,230.36,74.43,3.095,51,-1805.3,0.0,0.681,,,,,
2,1.75,0.8,16,4,4,0.3,0.006,0.921,24.3,-0.221,-45.1,0.646,0.1765,466.67,154.76,3.015,51,-2585.6,0.007,0.6783,,,,,
1,1.75,0.5,20,8,6,1.0,0.0,0.774,45.0,-0.307,-27.37,0.554,0.1379,246.88,71.25,3.465,58,-1749.9,0.0,0.678,,,,,
1,1.75,0.65,12,10,4,0.5,0.0,0.774,45.0,-0.27,-26.23,0.565,0.1967,172.92,75.0,2.306,61,-1770.8,0.0,0.678,,,,,
2,1.75,0.5,20,10,10,0.15,0.0,0.774,45.0,-0.461,-67.59,0.407,0.1111,416.67,128.12,3.252,27,-1976.2,0.0,0.678,,,,,
1,1.5,0.5,20,8,10,0.15,0.0,0.768,45.0,-0.229,-20.36,0.674,0.1714,245.83,75.43,3.259,70,-1621.0,0.0009,0.6777,,,,,
2,1.5,0.35,12,4,8,0.3,0.007,0.968,24.4,-0.149,-23.76,0.785,0.2475,351.0,147.04,2.387,101,-2965.6,0.0049,0.6774,,,,,
2,1.75,0.5,20,4,6,0.5,0.007,0.935,23.9,-0.263,-46.88,0.617,0.1429,528.12,142.71,3.701,56,-2938.6,0.0099,0.676,,,,,
1,1.5,0.35,8,6,6,0.15,0.0,0.775,45.0,-0.281,-21.38,0.574,0.3043,94.64,72.14,1.312,69,-1668.2,0.0,0.675,,,,,
1,1.5,0.35,16,4,6,1.0,0.004,0.872,27.2,-0.146,-11.27,0.793,0.1967,219.79,67.86,3.239,122,-1716.6,0.0048,0.675,,,,,
1,1.75,0.5,20,10,6,1.0,0.0,0.775,45.0,-0.3,-26.72,0.565,0.1379,251.56,71.25,3.531,58,-1712.4,0.0,0.675,,,,,
1,1.75,0.65,12,4,4,0.5,0.0,0.775,45.0,-0.276,-26.84,0.554,0.1967,169.79,75.0,2.264,61,-1808.3,0.0,0.675,,,,,
1,1.75,0.65,12,6,6,0.3,0.0,0.775,45.0,-0.349,-34.38,0.441,0.2083,130.0,77.63,1.675,48,-1784.4,0.0,0.675,,,,,
1,1.75,0.8,16,8,10,0.3,0.0,0.775,45.0,-0.306,-39.29,0.553,0.2381,203.75,115.23,1.768,42,-1767.6,0.0,0.675,,,,,
1,1.5,0.5,12,4,6,0.5,0.004,0.879,33.0,-0.126,-12.19,0.794,0.2705,174.24,81.32,2.143,122,-1829.1,0.0039,0.6735,,,,,
2,1.5,0.65,8,6,6,0.15,0.008,0.963,22.1,-0.171,-39.73,0.663,0.4384,178.12,209.76,0.849,73,-3308.8,0.0107,0.6721,,,,,
1,1.75,0.65,20,4,6,1.0,0.0,0.776,45.0,-0.279,-26.88,0.576,0.1333,273.44,73.08,3.742,60,-1780.5,0.0,0.672,,,,,
2,2.0,0.5,12,6,6,0.5,0.0,0.776,45.0,-0.436,-86.25,0.349,0.15,308.33,155.88,1.978,20,-1837.0,0.0,0.672,,,,,
2,2.0,0.5,12,6,6,1.0,0.0,0.776,45.0,-0.436,-86.25,0.349,0.15,308.33,155.88,1.978,20,-1837.0,0.0,0.672,,,,,
2,1.75,0.8,16,10,4,0.5,0.007,0.969,22.9,-0.276,-56.45,0.556,0.1774,397.73,154.41,2.576,62,-3847.2,0.0051,0.6703,,,,,
2,1.75,0.5,20,4,4,0.5,0.007,0.946,22.7,-0.272,-48.25,0.606,0.1404,528.12,142.35,3.71,57,-3069.2,0.0086,0.6697,,,,,
1,1.75,0.65,20,6,10,0.3,0.0,0.777,45.0,-0.354,-39.58,0.506,0.1667,242.86,96.07,2.528,42,-1780.1,0.0,0.669,,,,,
1,1.75,0.8,16,8,8,0.5,0.0,0.777,45.0,-0.248,-30.23,0.614,0.2364,203.85,102.68,1.985,55,-1816.5,0.0,0.669,,,,,
2,1.5,0.35,12,4,6,0.3,0.007,0.975,23.3,-0.175,-26.68,0.748,0.2212,357.61,135.8,2.633,104,-3357.4,0.0043,0.6676,,,,,
2,1.75,0.35,16,4,6,0.5,0.004,0.886,29.8,-0.215,-33.33,0.701,0.1667,469.44,133.89,3.506,54,-2102.4,0.0031,0.6673,,,,,
1,1.75,0.8,16,4,4,1.0,0.0,0.778,45.0,-0.256,-26.37,0.59,0.1719,220.45,77.59,2.841,64,-1866.7,0.0,0.666,,,,,
1,1.75,0.8,20,8,6,0.3,0.0,0.778,45.0,-0.336,-35.42,0.489,0.1458,232.14,81.1,2.863,48,-1834.4,0.0,0.666,,,,,
1,1.2,0.35,20,4,4,0.15,0.004,0.886,26.2,-0.142,-9.34,0.8,0.1543,242.5,55.29,4.386,162,-1966.1,0.0033,0.6642,,,,,
1,1.75,0.35,16,10,10,0.5,0.0,0.779,45.0,-0.378,-31.0,0.498,0.18,170.83,75.3,2.269,50,-1690.0,0.0,0.663,,,,,
1,1.75,0.65,12,4,10,0.3,0.0,0.779,45.0,-0.326,-39.29,0.5,0.2857,137.5,110.0,1.25,42,-1767.6,0.0,0.663,,,,,
1,1.75,0.8,20,6,6,0.3,0.0,0.779,45.0,-0.338,-35.68,0.485,0.1458,230.36,81.1,2.84,48,-1846.9,0.0,0.663,,,,,
2,1.75,0.65,12,8,8,0.3,0.005,0.911,22.6,-0.21,-47.78,0.657,0.2889,317.31,196.09,1.618,45,-2402.0,0.0045,0.6626,,,,,
2,1.2,0.35,12,10,4,0.15,0.008,0.992,10.5,-0.215,-30.7,0.675,0.2516,252.99,126.08,2.007,155,-5620.6,0.0069,0.6622,,,,,
1,1.75,0.35,12,10,4,0.5,0.0,0.78,45.0,-0.356,-27.73,0.502,0.1818,153.75,68.06,2.259,55,-1679.0,0.0,0.66,,,,,
1,1.75,0.35,16,10,10,0.3,0.0,0.78,45.0,-0.467,-38.1,0.382,0.1667,141.07,73.93,1.908,42,-1717.6,0.0,0.66,,,,,
1,1.75,0.65,20,4,4,0.5,0.0,0.78,45.0,-0.283,-26.43,0.567,0.1311,264.06,70.28,3.757,61,-1783.3,0.0,0.66,,,,,
2,1.2,0.35,8,6,6,0.15,0.008,0.992,15.1,-0.146,-21.93,0.77,0.3129,234.8,138.84,1.691,163,-4487.8,0.007,0.6595,,,,,
2,1.75,0.8,12,10,6,0.5,0.007,0.973,19.0,-0.296,-65.09,0.524,0.2069,345.83,172.28,2.007,58,-4099.8,0.005,0.659,,,,,
1,1.5,0.35,16,4,6,0.5,0.003,0.852,20.0,-0.144,-11.02,0.796,0.1949,220.65,67.11,3.288,118,-1630.4,0.0039,0.6575,,,,,
1,1.75,0.65,16,6,4,1.0,0.0,0.781,45.0,-0.279,-26.98,0.558,0.1746,195.45,74.04,2.64,63,-1876.4,0.0,0.657,,,,,
1,1.75,0.65,16,10,10,0.5,0.0,0.781,45.0,-0.261,-31.37,0.609,0.2549,191.35,107.57,1.779,51,-1742.8,0.0,0.657,,,,,
2,1.75,0.8,20,4,10,0.3,0.007,0.978,17.4,-0.358,-88.1,0.503,0.1667,535.71,212.86,2.517,42,-3935.2,0.0044,0.6567,,,,,
2,1.75,0.65,16,8,8,0.5,0.006,0.942,26.7,-0.211,-47.27,0.671,0.2364,407.69,188.1,2.167,55,-2908.0,0.0051,0.6543,,,,,
1,1.75,0.35,16,6,10,1.0,0.0,0.782,45.0,-0.373,-30.29,0.506,0.1731,179.17,74.13,2.417,52,-1720.6,0.0,0.654,,,,,
1,1.5,0.65,12,4,4,0.3,0.003,0.857,31.7,-0.133,-13.26,0.769,0.2435,180.8,75.72,2.388,115,-1847.0,0.0033,0.6537,,,,,
1,1.5,0.65,16,10,4,1.0,0.005,0.918,32.6,-0.14,-13.71,0.761,0.2164,202.16,73.33,2.757,134,-2212.7,0.0039,0.6535,,,,,
1,1.2,0.65,12,8,6,0.15,0.005,0.913,34.0,-0.091,-9.56,0.832,0.3471,136.65,87.27,1.566,170,-2101.0,0.0047,0.6529,,,,,
2,1.75,0.65,16,6,8,0.5,0.005,0.916,28.6,-0.188,-42.27,0.706,0.2364,428.85,188.1,2.28,55,-2633.0,0.0043,0.6514,,,,,
1,1.5,0.8,20,6,4,0.15,0.0,0.783,45.0,-0.215,-19.59,0.641,0.1351,258.75,63.09,4.102,74,-1657.2,0.0,0.651,,,,,
1,1.75,0.35,16,10,8,0.5,0.0,0.783,45.0,-0.372,-30.15,0.5,0.1765,170.83,73.21,2.333,51,-1680.3,0.0,0.651,,,,,
1,1.5,0.35,12,4,8,0.5,0.001,0.806,45.0,-0.145,-11.85,0.786,0.2609,166.67,74.85,2.227,115,-1684.5,0.0016,0.6474,,,,,
2,1.5,0.35,12,4,4,0.3,0.007,0.984,19.7,-0.203,-30.0,0.708,0.2,363.1,128.27,2.831,105,-3738.0,0.004,0.6474,,,,,
2,1.5,0.8,12,8,4,0.15,0.007,0.973,17.9,-0.196,-39.0,0.627,0.28,234.52,145.37,1.613,75,-3345.0,0.0057,0.6454,,,,,
1,1.75,0.35,20,6,6,0.5,0.0,0.785,45.0,-0.386,-28.94,0.488,0.1111,247.92,63.54,3.902,54,-1713.7,0.0,0.645,,,,,
1,1.75,0.65,16,8,6,1.0,0.0,0.785,45.0,-0.286,-28.33,0.548,0.1833,187.5,76.79,2.442,60,-1868.0,0.0,0.645,,,,,
2,1.75,0.65,8,4,6,0.5,0.004,0.888,35.0,-0.153,-34.05,0.716,0.3621,236.9,187.84,1.261,58,-2299.8,0.004,0.6436,,,,,
1,1.75,0.8,12,4,4,0.3,0.0,0.786,45.0,-0.321,-33.09,0.479,0.1961,155.0,78.96,1.963,51,-1830.3,0.0,0.642,,,,,
2,2.0,0.5,12,10,4,0.5,0.0,0.786,45.0,-0.477,-88.75,0.26,0.15,208.33,141.18,1.476,20,-1887.0,0.0,0.642,,,,,
2,2.0,0.5,12,10,4,1.0,0.0,0.786,45.0,-0.477,-88.75,0.26,0.15,208.33,141.18,1.476,20,-1887.0,0.0,0.642,,,,,
1,1.5,0.65,12,8,6,0.5,0.004,0.891,33.5,-0.132,-14.0,0.764,0.296,153.38,84.38,1.818,125,-2100.0,0.0037,0.6402,,,,,
1,1.5,0.35,20,6,8,0.15,0.0,0.787,45.0,-0.318,-21.51,0.588,0.1176,260.94,59.17,4.41,68,-1652.9,0.0,0.639,,,,,
1,1.75,0.5,20,6,4,1.0,0.0,0.787,45.0,-0.313,-27.75,0.548,0.1356,248.44,71.08,3.495,59,-1802.7,0.0,0.639,,,,,
1,1.75,0.8,12,10,8,0.3,0.0,0.787,45.0,-0.294,-36.67,0.523,0.2889,139.42,108.2,1.289,45,-1776.0,0.0,0.639,,,,,
2,1.5,0.35,20,8,4,0.15,0.007,0.984,19.9,-0.369,-48.19,0.523,0.087,608.33,110.71,5.495,69,-3711.4,0.0045,0.6376,,,,,
2,1.75,0.8,16,6,8,0.3,0.005,0.917,17.0,-0.209,-50.56,0.674,0.2444,427.27,205.15,2.083,45,-2527.0,0.0048,0.6374,,,,,
2,1.5,0.35,20,4,4,0.15,0.007,0.977,17.9,-0.356,-46.38,0.541,0.087,629.17,110.71,5.683,69,-3586.4,0.0056,0.6369,,,,,
2,1.5,0.35,20,8,6,0.15,0.007,0.983,19.9,-0.351,-46.74,0.549,0.1014,560.71,115.32,4.862,69,-3611.4,0.0047,0.6365,,,,,
1,1.75,0.35,16,6,8,1.0,0.0,0.788,45.0,-0.367,-29.48,0.508,0.1698,179.17,72.16,2.483,53,-1710.9,0.0,0.636,,,,,
2,1.75,0.35,8,4,4,0.3,0.001,0.805,18.0,-0.186,-31.52,0.696,0.3261,221.67,154.03,1.439,46,-1707.6,0.0023,0.6351,,,,,
2,1.75,0.65,20,10,4,0.5,0.007,0.973,25.4,-0.314,-58.61,0.52,0.1311,484.38,140.57,3.446,61,-3916.6,0.0062,0.6351,,,,,
1,1.75,0.5,16,10,10,0.3,0.0,0.789,45.0,-0.389,-40.24,0.461,0.1951,176.56,92.8,1.903,41,-1764.8,0.0,0.633,,,,,
1,1.75,0.8,16,4,6,1.0,0.0,0.789,45.0,-0.264,-28.75,0.584,0.1833,220.45,84.69,2.603,60,-1893.0,0.0,0.633,,,,,
2,1.75,0.65,16,6,10,0.3,0.005,0.918,23.8,-0.25,-58.33,0.632,0.2381,420.0,207.81,2.021,42,-2685.2,0.0049,0.6327,,,,,
2,1.5,0.65,12,8,4,0.15,0.007,0.982,17.6,-0.276,-51.69,0.539,0.2297,263.24,145.61,1.808,74,-4239.4,0.0051,0.6313,,,,,
1,1.2,0.35,16,4,4,0.15,0.001,0.808,42.0,-0.111,-7.44,0.839,0.1902,203.23,56.91,3.571,163,-1668.9,0.0021,0.6306,,,,,
1,1.75,0.65,20,4,8,1.0,0.0,0.79,45.0,-0.264,-28.29,0.613,0.1579,283.33,86.72,3.267,57,-1772.1,0.0,0.63,,,,,
2,1.75,0.65,16,6,6,0.5,0.005,0.921,28.4,-0.225,-44.4,0.642,0.1897,420.45,153.19,2.745,58,-2899.8,0.0047,0.6289,,,,,
1,1.75,0.35,12,8,8,0.5,0.0,0.791,45.0,-0.382,-31.37,0.478,0.1961,146.25,74.7,1.958,51,-1742.8,0.0,0.627,,,,,
1,1.75,0.35,12,10,8,0.3,0.0,0.791,45.0,-0.468,-38.1,0.354,0.1905,109.38,72.79,1.503,42,-1717.6,0.0,0.627,,,,,
1,1.75,0.5,20,10,4,1.0,0.0,0.791,45.0,-0.308,-27.33,0.555,0.1356,251.56,71.08,3.539,59,-1777.7,0.0,0.627,,,,,
1,1.75,0.65,20,8,10,0.3,0.0,0.791,45.0,-0.352,-39.29,0.509,0.1667,244.64,96.07,2.546,42,-1767.6,0.0,0.627,,,,,
1,1.75,0.8,16,8,6,0.5,0.0,0.791,45.0,-0.278,-30.17,0.56,0.1897,202.27,84.57,2.392,58,-1912.4,0.0,0.627,,,,,
2,2.0,0.65,12,8,6,0.5,0.0,0.791,45.0,-0.431,-87.5,0.307,0.15,258.33,148.53,1.739,20,-1862.0,0.0,0.627,,,,,
2,2.0,0.65,12,8,6,1.0,0.0,0.791,45.0,-0.431,-87.5,0.307,0.15,258.33,148.53,1.739,20,-1862.0,0.0,0.627,,,,,
1,1.5,0.5,12,4,6,1.0,0.003,0.87,33.0,-0.114,-11.11,0.813,0.2778,173.57,82.14,2.113,126,-1752.8,0.0028,0.6244,,,,,
1,1.2,0.35,12,10,6,1.0,0.007,0.988,20.9,-0.173,-13.99,0.745,0.2555,160.34,73.82,2.172,227,-3810.6,0.0045,0.6241,,,,,
1,1.75,0.5,16,8,8,1.0,0.0,0.792,45.0,-0.307,-29.91,0.549,0.1964,185.23,82.5,2.245,56,-1831.8,0.0,0.624,,,,,
1,1.2,0.5,12,6,4,0.15,0.005,0.921,26.2,-0.13,-11.23,0.777,0.2814,139.36,70.21,1.985,167,-2342.6,0.0049,0.6237,,,,,
1,1.5,0.5,12,4,6,0.3,0.002,0.844,35.0,-0.137,-13.19,0.779,0.2661,174.57,81.25,2.149,109,-1742.7,0.002,0.6212,,,,,
1,1.5,0.8,8,6,4,0.5,0.002,0.844,28.5,-0.089,-10.21,0.806,0.4122,103.01,89.61,1.15,131,-1704.3,0.002,0.6212,,,,,
1,1.75,0.5,12,4,8,1.0,0.0,0.793,45.0,-0.298,-29.69,0.549,0.2321,155.77,85.76,1.816,56,-1819.3,0.0,0.621,,,,,
1,1.75,0.8,16,8,4,0.5,0.0,0.793,45.0,-0.27,-27.62,0.565,0.1774,202.27,77.21,2.62,62,-1886.1,0.0,0.621,,,,,
2,1.75,0.35,16,4,8,0.3,0.004,0.897,25.8,-0.289,-46.43,0.608,0.1667,432.14,142.14,3.04,42,-2185.2,0.0038,0.6208,,,,,
1,1.5,0.8,16,10,4,0.3,0.002,0.841,28.0,-0.117,-11.75,0.788,0.2414,180.36,72.87,2.475,116,-1687.3,0.0026,0.6194,,,,,
1,1.5,0.35,8,6,6,0.3,0.0,0.794,45.0,-0.161,-13.21,0.742,0.3333,113.93,76.79,1.484,105,-1681.5,0.0,0.618,,,,,
1,1.75,0.5,16,10,6,1.0,0.0,0.795,45.0,-0.321,-29.53,0.514,0.1897,164.77,75.0,2.197,58,-1874.9,0.0,0.615,,,,,
1,1.75,0.5,20,8,4,1.0,0.0,0.795,45.0,-0.315,-27.97,0.545,0.1356,246.88,71.08,3.473,59,-1815.2,0.0,0.615,,,,,
1,1.75,0.65,12,8,6,1.0,0.0,0.795,45.0,-0.284,-28.75,0.538,0.2167,154.81,79.52,1.947,60,-1893.0,0.0,0.615,,,,,
1,1.75,0.65,12,10,10,0.3,0.0,0.795,45.0,-0.333,-40.18,0.489,0.2857,134.38,110.0,1.222,42,-1805.1,0.0,0.615,,,,,
1,1.75,0.8,12,10,6,0.3,0.0,0.795,45.0,-0.335,-36.72,0.464,0.2083,152.5,86.51,1.763,48,-1896.9,0.0,0.615,,,,,
2,1.75,0.8,16,8,6,0.15,0.0,0.795,45.0,-0.302,-58.87,0.532,0.1613,415.0,150.0,2.767,31,-1998.6,0.0,0.615,,,,,
2,1.75,0.65,8,4,4,0.5,0.004,0.903,28.8,-0.164,-35.25,0.698,0.3443,236.9,178.12,1.33,61,-2491.6,0.0032,0.6147,,,,,
2,1.75,0.8,16,8,10,0.15,0.001,0.821,28.0,-0.303,-68.52,0.552,0.2222,379.17,196.43,1.93,27,-2001.2,0.001,0.614,,,,,
1,1.2,0.35,16,10,4,0.5,0.007,0.988,21.9,-0.19,-14.63,0.724,0.2108,182.45,67.26,2.713,223,-3886.9,0.0051,0.612,,,,,
1,1.75,0.65,12,4,6,1.0,0.0,0.796,45.0,-0.293,-29.58,0.525,0.2167,150.96,79.52,1.898,60,-1943.0,0.0,0.612,,,,,
1,1.5,0.65,16,8,4,0.3,0.003,0.871,16.7,-0.136,-13.26,0.77,0.2087,213.02,72.94,2.921,115,-1847.0,0.0033,0.6112,,,,,
1,1.75,0.5,12,6,4,0.5,0.0,0.797,45.0,-0.323,-29.82,0.505,0.2105,144.79,76.39,1.895,57,-1859.6,0.0,0.609,,,,,
1,1.75,0.65,12,4,8,1.0,0.0,0.797,45.0,-0.263,-30.48,0.574,0.2807,146.09,99.39,1.47,57,-1897.1,0.0,0.609,,,,,
1,1.75,0.8,12,4,6,0.3,0.0,0.797,45.0,-0.331,-36.2,0.471,0.2083,155.0,86.51,1.792,48,-1871.9,0.0,0.609,,,,,
1,1.75,0.8,12,10,4,0.3,0.0,0.797,45.0,-0.326,-33.58,0.471,0.1961,152.5,78.96,1.931,51,-1855.3,0.0,0.609,,,,,
2,1.75,0.65,12,6,10,0.15,0.0,0.797,45.0,-0.34,-65.74,0.486,0.2593,239.29,172.5,1.387,27,-1926.2,0.0,0.609,,,,,
1,1.5,0.65,12,8,6,1.0,0.004,0.901,30.8,-0.131,-14.05,0.765,0.3023,151.28,85.69,1.765,129,-2173.7,0.0038,0.6088,,,,,
1,1.5,0.5,8,4,4,1.0,0.003,0.875,42.0,-0.112,-11.25,0.8,0.3538,127.45,87.2,1.461,130,-1826.5,0.0029,0.6077,,,,,
2,1.75,0.8,20,10,8,0.5,0.007,0.985,17.7,-0.326,-75.91,0.521,0.1636,505.56,189.67,2.665,55,-4483.0,0.0058,0.6074,,,,,
1,1.5,0.35,8,4,4,0.15,0.0,0.798,45.0,-0.301,-21.74,0.568,0.2319,123.44,65.57,1.883,69,-1693.2,0.0,0.606,,,,,
1,1.5,0.35,16,8,8,0.5,0.002,0.848,26.5,-0.151,-11.96,0.784,0.2174,200.0,70.83,2.824,115,-1697.0,0.0022,0.606,,,,,
1,1.75,0.35,16,8,6,1.0,0.0,0.798,45.0,-0.375,-28.79,0.482,0.1607,166.67,66.22,2.517,56,-1769.3,0.0,0.606,,,,,
1,1.75,0.5,12,8,10,0.5,0.0,0.798,45.0,-0.315,-33.25,0.545,0.24,165.62,96.05,1.724,50,-1802.5,0.0,0.606,,,,,
1,1.75,0.8,20,10,8,0.3,0.0,0.798,45.0,-0.328,-38.06,0.514,0.1778,226.56,95.27,2.378,45,-1838.5,0.0,0.606,,,,,
1,1.2,0.5,20,10,4,0.15,0.005,0.93,23.4,-0.15,-12.35,0.767,0.1818,223.75,64.81,3.452,165,-2499.5,0.0045,0.6056,,,,,
1,1.75,0.5,12,8,8,1.0,0.0,0.799,45.0,-0.305,-30.36,0.539,0.2321,152.88,85.76,1.783,56,-1856.8,0.0,0.603,,,,,
1,1.5,0.35,12,8,8,0.3,0.0,0.8,45.0,-0.183,-14.6,0.736,0.2475,164.5,73.52,2.237,101,-1757.8,0.0,0.6,,,,,
2,1.75,0.5,12,10,4,0.5,0.006,0.951,29.2,-0.258,-47.81,0.604,0.2105,345.83,152.78,2.264,57,-3044.2,0.0065,0.5996,,,,,
2,1.75,0.5,20,10,8,1.0,0.007,0.984,15.1,-0.356,-66.52,0.505,0.125,542.86,153.57,3.535,56,-4038.6,0.0064,0.5982,,,,,
2,1.75,0.8,20,10,10,1.0,0.007,0.989,16.9,-0.372,-92.45,0.48,0.1698,502.78,214.2,2.347,53,-5196.8,0.0057,0.598,,,,,
1,1.5,0.35,12,4,6,0.3,0.0,0.801,45.0,-0.175,-13.34,0.748,0.2212,178.8,67.9,2.633,104,-1678.7,0.0,0.597,,,,,
1,1.75,0.65,8,6,6,1.0,0.0,0.801,45.0,-0.262,-29.38,0.514,0.3667,84.66,95.39,0.887,60,-1930.5,0.0,0.597,,,,,
1,1.75,0.65,20,8,6,0.5,0.0,0.801,45.0,-0.313,-29.96,0.522,0.1379,237.5,72.75,3.265,58,-1899.9,0.0,0.597,,,,,
1,1.75,0.8,16,10,8,0.5,0.0,0.801,45.0,-0.254,-30.91,0.606,0.2364,200.96,102.68,1.957,55,-1854.0,0.0,0.597,,,,,
2,2.0,0.8,16,10,4,0.5,0.0,0.801,45.0,-0.475,-91.25,0.232,0.1,275.0,131.94,2.084,20,-1937.0,0.0,0.597,,,,,
2,2.0,0.8,16,10,4,1.0,0.0,0.801,45.0,-0.475,-91.25,0.232,0.1,275.0,131.94,2.084,20,-1937.0,0.0,0.597,,,,,
1,1.5,0.65,20,6,4,0.15,0.001,0.827,32.0,-0.253,-21.75,0.604,0.1233,269.44,62.7,4.298,73,-1791.9,0.001,0.596,,,,,
1,1.5,0.35,12,8,10,0.3,0.0,0.802,45.0,-0.187,-15.15,0.733,0.2525,164.5,75.84,2.169,99,-1777.2,0.0,0.594,,,,,
1,1.75,0.35,12,8,6,1.0,0.0,0.802,45.0,-0.373,-29.24,0.47,0.1964,131.82,68.61,1.921,56,-1794.3,0.0,0.594,,,,,
1,1.75,0.5,12,4,10,0.3,0.0,0.802,45.0,-0.398,-41.77,0.439,0.2195,148.61,95.31,1.559,41,-1827.3,0.0,0.594,,,,,
2,1.75,0.65,20,10,10,0.15,0.0,0.802,45.0,-0.369,-66.67,0.489,0.1481,431.25,153.26,2.814,27,-1951.2,0.0,0.594,,,,,
2,2.0,0.8,16,4,6,0.5,0.0,0.802,45.0,-0.442,-91.25,0.318,0.1,425.0,148.61,2.86,20,-1937.0,0.0,0.594,,,,,
2,2.0,0.8,16,4,6,1.0,0.0,0.802,45.0,-0.442,-91.25,0.318,0.1,425.0,148.61,2.86,20,-1937.0,0.0,0.594,,,,,
2,1.5,0.8,20,10,10,0.15,0.007,0.978,28.6,-0.216,-47.1,0.655,0.2174,411.67,174.54,2.359,69,-3636.4,0.0077,0.5912,,,,,
1,1.75,0.35,12,6,8,0.5,0.0,0.803,45.0,-0.382,-31.37,0.478,0.1961,146.25,74.7,1.958,51,-1742.8,0.0,0.591,,,,,
1,1.75,0.35,20,6,4,0.5,0.0,0.803,45.0,-0.395,-29.55,0.478,0.1091,247.92,63.52,3.903,55,-1779.0,0.0,0.591,,,,,
1,1.75,0.5,16,10,10,0.5,0.0,0.803,45.0,-0.312,-32.5,0.556,0.22,185.23,93.91,1.972,50,-1765.0,0.0,0.591,,,,,
1,1.75,0.65,16,6,10,1.0,0.0,0.803,45.0,-0.276,-33.02,0.588,0.2453,192.31,106.25,1.81,53,-1898.4,0.0,0.591,,,,,
2,1.75,0.8,20,6,8,1.0,0.007,0.985,14.3,-0.334,-77.63,0.512,0.1579,516.67,189.06,2.733,57,-4744.2,0.0068,0.5884,,,,,
1,1.75,0.35,12,8,10,0.5,0.0,0.804,45.0,-0.388,-32.25,0.476,0.2,146.25,76.88,1.902,50,-1752.5,0.0,0.588,,,,,
1,1.75,0.65,20,10,10,0.3,0.0,0.804,45.0,-0.373,-41.67,0.48,0.1667,230.36,96.07,2.398,42,-1867.6,0.0,0.588,,,,,
1,1.75,0.8,8,6,4,0.3,0.0,0.804,45.0,-0.293,-33.09,0.464,0.3333,86.03,92.65,0.929,51,-1830.3,0.0,0.588,,,,,
1,1.2,0.35,16,10,6,0.15,0.005,0.941,20.4,-0.175,-12.19,0.749,0.205,177.27,61.04,2.904,161,-2413.3,0.0038,0.5867,,,,,
1,1.5,0.35,20,10,8,0.15,0.0,0.805,45.0,-0.334,-22.61,0.567,0.1176,251.56,59.17,4.252,68,-1727.9,0.0,0.585,,,,,
1,1.5,0.5,20,8,8,0.15,0.0,0.805,45.0,-0.252,-22.14,0.643,0.1571,253.41,73.52,3.447,70,-1746.0,0.0,0.585,,,,,
1,1.75,0.35,20,6,6,1.0,0.0,0.805,45.0,-0.38,-28.35,0.496,0.1071,260.42,63.0,4.134,56,-1744.3,0.0,0.585,,,,,
1,1.75,0.35,20,6,10,0.3,0.0,0.805,45.0,-0.512,-40.18,0.357,0.0952,234.38,69.08,3.393,42,-1805.1,0.0,0.585,,,,,
1,1.75,0.65,12,6,4,0.3,0.0,0.805,45.0,-0.357,-34.5,0.43,0.2,130.0,75.62,1.719,50,-1865.0,0.0,0.585,,,,,
1,1.75,0.65,20,6,6,0.5,0.0,0.805,45.0,-0.311,-29.74,0.526,0.1379,239.06,72.75,3.286,58,-1887.4,0.0,0.585,,,,,
2,2.0,0.5,16,8,4,0.5,0.0,0.805,45.0,-0.49,-88.75,0.268,0.1,325.0,134.72,2.412,20,-1887.0,0.0,0.585,,,,,
2,2.0,0.5,16,8,4,1.0,0.0,0.805,45.0,-0.49,-88.75,0.268,0.1,325.0,134.72,2.412,20,-1887.0,0.0,0.585,,,,,
2,1.5,0.65,12,10,8,0.15,0.006,0.963,24.2,-0.173,-38.41,0.698,0.3478,255.21,195.0,1.309,69,-3036.4,0.0054,0.5841,,,,,
2,1.75,0.35,20,10,4,1.0,0.007,0.985,18.1,-0.41,-60.96,0.459,0.1053,491.67,125.98,3.903,57,-3794.2,0.007,0.584,,,,,
1,1.2,0.65,20,10,4,0.15,0.005,0.91,25.0,-0.105,-9.3,0.819,0.1964,214.77,64.07,3.352,168,-2032.9,0.0086,0.5837,,,,,
2,1.75,0.65,12,10,4,0.5,0.006,0.966,29.2,-0.27,-52.46,0.565,0.1967,345.83,150.0,2.306,61,-3541.6,0.005,0.5837,,,,,
2,1.75,0.8,20,6,8,0.3,0.006,0.963,21.5,-0.302,-70.0,0.553,0.1778,487.5,190.54,2.559,45,-3402.0,0.0055,0.5828,,,,,
1,1.5,0.35,8,4,6,0.5,0.0,0.806,45.0,-0.14,-11.87,0.773,0.3445,117.38,79.81,1.471,119,-1745.7,0.0,0.582,,,,,
1,1.75,0.35,12,6,10,0.5,0.0,0.806,45.0,-0.388,-32.25,0.476,0.2,146.25,76.88,1.902,50,-1752.5,0.0,0.582,,,,,
1,1.75,0.8,12,8,6,0.5,0.0,0.806,45.0,-0.287,-31.47,0.539,0.2069,178.12,86.14,2.068,58,-1987.4,0.0,0.582,,,,,
1,1.2,0.65,8,6,4,0.15,0.004,0.912,19.2,-0.087,-9.04,0.821,0.4,103.49,84.07,1.231,170,-2013.5,0.0036,0.5799,,,,,
2,1.75,0.8,12,10,4,0.5,0.006,0.97,19.2,-0.289,-59.68,0.529,0.1935,345.83,157.0,2.203,62,-4047.2,0.0047,0.5775,,,,,
1,1.5,0.35,16,10,4,0.15,0.0,0.808,45.0,-0.326,-21.74,0.565,0.1304,216.67,57.5,3.768,69,-1693.2,0.0,0.576,,,,,
1,1.75,0.5,12,4,10,0.5,0.0,0.808,45.0,-0.318,-33.5,0.541,0.24,164.58,96.05,1.713,50,-1815.0,0.0,0.576,,,,,
1,1.75,0.5,12,10,10,0.3,0.0,0.808,45.0,-0.407,-42.68,0.426,0.2195,144.44,95.31,1.515,41,-1864.8,0.0,0.576,,,,,
1,1.75,0.5,20,4,8,0.5,0.0,0.808,45.0,-0.337,-31.48,0.531,0.1296,275.0,77.13,3.566,54,-1851.2,0.0,0.576,,,,,
1,1.75,0.8,12,6,8,0.3,0.0,0.808,45.0,-0.301,-37.5,0.513,0.2889,136.54,108.2,1.262,45,-1813.5,0.0,0.576,,,,,
2,1.75,0.8,12,8,6,0.15,0.0,0.808,45.0,-0.308,-61.29,0.51,0.1935,329.17,155.0,2.124,31,-2073.6,0.0,0.576,,,,,
2,1.75,0.8,16,10,6,0.5,0.006,0.969,25.5,-0.284,-61.64,0.55,0.1897,397.73,169.15,2.351,58,-3899.8,0.0052,0.5714,,,,,
2,1.75,0.5,16,6,4,0.3,0.004,0.906,21.2,-0.243,-45.21,0.638,0.1915,416.67,154.61,2.695,47,-2388.2,0.0049,0.5713,,,,,
1,1.75,0.35,12,6,6,1.0,0.0,0.81,45.0,-0.367,-28.79,0.478,0.1964,134.09,68.61,1.954,56,-1769.3,0.0,0.57,,,,,
1,1.75,0.65,20,10,6,0.5,0.0,0.81,45.0,-0.306,-29.31,0.533,0.1379,242.19,72.75,3.329,58,-1862.4,0.0,0.57,,,,,
2,2.0,0.65,20,4,4,0.5,0.0,0.81,45.0,-0.493,-87.5,0.231,0.05,525.0,119.74,4.385,20,-1862.0,0.0,0.57,,,,,
2,2.0,0.65,20,4,4,1.0,0.0,0.81,45.0,-0.493,-87.5,0.231,0.05,525.0,119.74,4.385,20,-1862.0,0.0,0.57,,,,,
1,1.5,0.65,16,10,6,0.3,0.002,0.858,24.5,-0.129,-13.28,0.78,0.25,188.39,80.51,2.34,112,-1801.1,0.0025,0.5697,,,,,
2,1.5,0.5,20,6,10,0.15,0.006,0.967,20.3,-0.233,-41.43,0.669,0.1714,487.5,150.86,3.231,70,-3292.0,0.0056,0.5688,,,,,
1,1.5,0.8,12,10,6,0.15,0.0,0.811,45.0,-0.192,-21.62,0.633,0.3514,106.25,90.89,1.169,74,-1807.2,0.0,0.567,,,,,
1,1.75,0.65,20,4,4,1.0,0.0,0.811,45.0,-0.287,-26.98,0.563,0.127,273.44,70.68,3.869,63,-1876.4,0.0,0.567,,,,,
1,1.75,0.65,20,6,8,0.5,0.0,0.811,45.0,-0.296,-31.82,0.562,0.1636,250.0,86.96,2.875,55,-1904.0,0.0,0.567,,,,,
2,2.0,0.5,16,4,6,0.5,0.0,0.811,45.0,-0.475,-91.25,0.318,0.1,425.0,148.61,2.86,20,-1937.0,0.0,0.567,,,,,
2,2.0,0.5,16,4,6,1.0,0.0,0.811,45.0,-0.475,-91.25,0.318,0.1,425.0,148.61,2.86,20,-1937.0,0.0,0.567,,,,,
2,2.0,0.65,20,6,4,0.5,0.0,0.811,45.0,-0.507,-90.0,0.209,0.05,475.0,119.74,3.967,20,-1912.0,0.0,0.567,,,,,
2,2.0,0.65,20,6,4,1.0,0.0,0.811,45.0,-0.507,-90.0,0.209,0.05,475.0,119.74,3.967,20,-1912.0,0.0,0.567,,,,,
2,1.75,0.8,8,6,4,0.15,0.0,0.805,45.0,-0.255,-52.94,0.5,0.3824,138.46,171.43,0.808,34,-1990.4,0.0009,0.5667,,,,,
2,1.75,0.5,16,6,8,0.3,0.004,0.917,25.5,-0.254,-50.0,0.627,0.2045,411.11,168.57,2.439,44,-2446.4,0.0036,0.5658,,,,,
1,1.75,0.8,8,6,4,0.5,0.0,0.812,45.0,-0.252,-29.03,0.526,0.3548,90.91,95.0,0.957,62,-1973.6,0.0,0.564,,,,,
1,1.75,0.8,8,6,6,0.3,0.0,0.812,45.0,-0.312,-37.24,0.444,0.3333,89.06,100.39,0.887,48,-1921.9,0.0,0.564,,,,,
1,1.75,0.8,16,10,4,0.5,0.0,0.812,45.0,-0.276,-28.23,0.556,0.1774,198.86,77.21,2.576,62,-1923.6,0.0,0.564,,,,,
2,1.5,0.8,20,10,8,0.15,0.007,0.983,22.7,-0.232,-50.0,0.631,0.2029,421.43,170.0,2.479,69,-3836.4,0.0083,0.5635,,,,,
1,1.2,0.35,12,10,4,0.5,0.006,0.986,20.2,-0.178,-14.01,0.733,0.2511,153.57,70.21,2.187,223,-3749.4,0.003,0.5634,,,,,
1,1.5,0.35,12,4,8,1.0,0.001,0.838,45.0,-0.148,-12.08,0.783,0.2605,167.74,75.43,2.224,119,-1770.7,0.001,0.563,,,,,
1,1.2,0.35,12,10,6,0.15,0.004,0.921,27.0,-0.153,-11.02,0.769,0.2609,141.07,64.71,2.18,161,-2225.8,0.0032,0.5612,,,,,
1,1.5,0.35,20,4,6,0.15,0.0,0.813,45.0,-0.326,-21.74,0.58,0.1014,296.43,57.66,5.141,69,-1693.2,0.0,0.561,,,,,
1,1.5,0.5,12,8,8,0.15,0.0,0.813,45.0,-0.249,-23.93,0.602,0.3,120.83,85.97,1.406,70,-1871.0,0.0,0.561,,,,,
1,1.75,0.8,16,10,10,0.3,0.0,0.813,45.0,-0.338,-43.45,0.505,0.2381,186.25,115.23,1.616,42,-1942.6,0.0,0.561,,,,,
1,1.5,0.5,8,4,4,0.5,0.003,0.891,37.3,-0.123,-12.3,0.781,0.3492,125.85,86.43,1.456,126,-1902.8,0.003,0.5586,,,,,
1,1.5,0.35,16,10,8,0.5,0.002,0.865,15.5,-0.164,-12.93,0.767,0.2174,195.5,70.83,2.76,115,-1809.5,0.002,0.5582,,,,,
1,1.75,0.65,12,6,8,0.5,0.0,0.814,45.0,-0.271,-31.14,0.564,0.2727,147.5,98.12,1.503,55,-1866.5,0.0,0.558,,,,,
1,1.75,0.65,20,4,10,0.5,0.0,0.814,45.0,-0.299,-34.31,0.577,0.1765,265.28,98.51,2.693,51,-1892.8,0.0,0.558,,,,,
2,1.75,0.8,20,6,6,0.15,0.0,0.808,45.0,-0.316,-60.48,0.522,0.129,512.5,145.37,3.525,31,-2048.6,0.0009,0.5577,,,,,
1,1.75,0.65,16,8,4,1.0,0.0,0.815,45.0,-0.294,-28.37,0.536,0.1746,187.5,74.04,2.532,63,-1963.9,0.0,0.555,,,,,
1,1.75,0.65,20,8,8,0.5,0.0,0.815,45.0,-0.303,-32.5,0.553,0.1636,245.83,86.96,2.827,55,-1941.5,0.0,0.555,,,,,
1,1.2,0.35,8,6,4,0.5,0.006,0.979,21.3,-0.13,-10.67,0.794,0.3156,130.11,75.57,1.722,225,-3030.0,0.0045,0.5548,,,,,
2,1.75,0.8,12,8,4,0.15,0.0,0.805,45.0,-0.294,-52.94,0.523,0.1765,329.17,134.82,2.442,34,-1990.4,0.0016,0.5534,,,,,
1,1.5,0.5,12,10,10,0.15,0.0,0.816,45.0,-0.245,-24.11,0.602,0.3286,110.87,90.16,1.23,70,-1883.5,0.0,0.552,,,,,
2,2.0,0.65,16,6,6,0.5,0.0,0.816,45.0,-0.456,-90.0,0.294,0.1,375.0,141.67,2.647,20,-1912.0,0.0,0.552,,,,,
2,2.0,0.65,16,6,6,1.0,0.0,0.816,45.0,-0.456,-90.0,0.294,0.1,375.0,141.67,2.647,20,-1912.0,0.0,0.552,,,,,
2,1.5,0.5,20,10,10,0.15,0.006,0.984,23.8,-0.277,-49.29,0.606,0.1714,441.67,150.86,2.928,70,-3842.0,0.0039,0.5513,,,,,
2,1.75,0.8,20,8,4,0.15,0.001,0.842,25.0,-0.333,-58.09,0.484,0.1176,462.5,127.5,3.627,34,-2165.4,0.001,0.551,,,,,
1,1.5,0.35,12,6,6,0.15,0.0,0.817,45.0,-0.329,-23.37,0.544,0.2029,137.5,64.32,2.138,69,-1805.7,0.0,0.549,,,,,
1,1.75,0.5,20,4,10,0.3,0.0,0.817,45.0,-0.437,-43.29,0.427,0.122,265.0,86.11,3.077,41,-1889.8,0.0,0.549,,,,,
1,1.75,0.8,20,10,6,0.3,0.0,0.817,45.0,-0.365,-38.54,0.444,0.1458,210.71,81.1,2.598,48,-1984.4,0.0,0.549,,,,,
2,1.5,0.35,12,4,8,0.15,0.004,0.922,29.2,-0.204,-29.78,0.711,0.2353,310.94,134.62,2.31,68,-2405.8,0.0037,0.549,,,,,
2,1.75,0.5,20,4,8,1.0,0.006,0.978,16.8,-0.337,-62.95,0.532,0.125,571.43,153.57,3.721,56,-3838.6,0.005,0.5483,,,,,
1,1.2,0.5,16,8,4,0.15,0.004,0.921,28.0,-0.132,-11.14,0.787,0.2229,184.46,67.25,2.743,166,-2314.8,0.0039,0.5475,,,,,
1,1.75,0.35,20,6,4,1.0,0.0,0.818,45.0,-0.389,-28.95,0.486,0.1053,260.42,62.99,4.134,57,-1809.6,0.0,0.546,,,,,
1,1.75,0.35,20,8,8,0.3,0.0,0.818,45.0,-0.521,-40.18,0.332,0.0952,209.38,66.45,3.151,42,-1805.1,0.0,0.546,,,,,
1,1.75,0.5,12,10,10,0.5,0.0,0.818,45.0,-0.327,-34.5,0.527,0.24,160.42,96.05,1.67,50,-1865.0,0.0,0.546,,,,,
1,1.75,0.35,20,10,6,0.5,0.0,0.819,45.0,-0.407,-30.56,0.459,0.1111,233.33,63.54,3.672,54,-1801.2,0.0,0.543,,,,,
1,1.75,0.8,12,8,4,0.5,0.0,0.819,45.0,-0.279,-28.83,0.545,0.1935,178.12,78.5,2.269,62,-1961.1,0.0,0.543,,,,,
1,1.75,0.8,20,10,4,0.3,0.0,0.819,45.0,-0.355,-35.29,0.45,0.1373,210.71,74.43,2.831,51,-1942.8,0.0,0.543,,,,,
2,1.5,0.5,20,4,6,0.15,0.006,0.981,21.3,-0.289,-49.3,0.599,0.1268,580.56,140.73,4.125,71,-3897.6,0.0049,0.541,,,,,
2,1.5,0.65,8,6,4,0.15,0.006,0.98,18.7,-0.225,-45.67,0.578,0.3467,180.77,165.82,1.09,75,-3845.0,0.0051,0.5403,,,,,
1,1.75,0.5,16,10,4,1.0,0.0,0.82,45.0,-0.329,-30.08,0.505,0.1864,164.77,74.74,2.205,59,-1940.2,0.0,0.54,,,,,
1,1.5,0.35,16,4,4,0.5,0.003,0.898,34.7,-0.169,-12.71,0.76,0.178,226.19,64.43,3.51,118,-1830.4,0.0029,0.5393,,,,,
1,1.5,0.65,20,8,4,0.15,0.001,0.846,33.0,-0.277,-23.8,0.567,0.1233,252.78,62.7,4.032,73,-1941.9,0.001,0.539,,,,,
1,1.5,0.35,12,10,10,0.15,0.0,0.821,45.0,-0.329,-24.45,0.53,0.25,110.29,69.36,1.59,68,-1852.9,0.0,0.537,,,,,
1,1.5,0.35,16,8,8,1.0,0.002,0.871,31.5,-0.159,-12.61,0.774,0.2185,198.08,71.51,2.77,119,-1833.2,0.0022,0.537,,,,,
1,1.75,0.5,12,10,6,1.0,0.0,0.821,45.0,-0.328,-30.82,0.489,0.2241,131.73,77.78,1.694,58,-1949.9,0.0,0.537,,,,,
1,1.75,0.8,16,10,6,0.5,0.0,0.821,45.0,-0.284,-30.82,0.55,0.1897,198.86,84.57,2.351,58,-1949.9,0.0,0.537,,,,,
2,1.5,0.35,12,8,4,0.3,0.006,0.984,22.3,-0.229,-33.81,0.671,0.2,344.05,128.27,2.682,105,-4138.0,0.0047,0.5369,,,,,
1,1.5,0.65,16,6,4,0.5,0.004,0.919,26.2,-0.138,-13.37,0.762,0.2171,197.32,71.78,2.749,129,-2086.2,0.0047,0.5365,,,,,
2,1.75,0.8,20,10,4,0.5,0.006,0.982,27.0,-0.33,-65.73,0.487,0.129,484.38,147.22,3.29,62,-4422.2,0.005,0.5363,,,,,
2,1.75,0.8,16,4,4,0.5,0.005,0.936,24.6,-0.213,-43.55,0.657,0.1774,470.45,154.41,3.047,62,-3047.2,0.0071,0.5356,,,,,
2,1.75,0.65,20,4,6,1.0,0.006,0.966,22.7,-0.279,-53.75,0.576,0.1333,546.88,146.15,3.742,60,-3561.0,0.0075,0.5346,,,,,
2,1.75,0.8,20,6,4,0.15,0.0,0.814,45.0,-0.3,-52.21,0.536,0.1176,512.5,127.5,4.02,34,-1965.4,0.0013,0.5322,,,,,
1,1.5,0.65,16,6,4,1.0,0.005,0.954,24.6,-0.157,-15.39,0.732,0.2164,194.4,73.33,2.651,134,-2437.7,0.0046,0.5317,,,,,
1,1.75,0.65,12,8,4,1.0,0.0,0.823,45.0,-0.292,-28.77,0.526,0.2063,154.81,76.5,2.024,63,-1988.9,0.0,0.531,,,,,
1,1.75,0.65,12,8,8,1.0,0.0,0.823,45.0,-0.265,-30.7,0.571,0.2807,145.31,99.39,1.462,57,-1909.6,0.0,0.531,,,,,
1,1.75,0.65,12,8,10,0.5,0.0,0.823,45.0,-0.275,-34.07,0.572,0.2941,155.0,112.85,1.374,51,-1880.3,0.0,0.531,,,,,
1,1.75,0.8,20,4,10,0.3,0.0,0.823,45.0,-0.358,-44.05,0.503,0.1667,267.86,106.43,2.517,42,-1967.6,0.0,0.531,,,,,
2,1.5,0.65,12,10,6,0.3,0.006,0.984,16.8,-0.158,-33.26,0.723,0.2857,303.12,167.81,1.806,112,-4352.2,0.005,0.5307,,,,,
1,1.2,0.65,16,8,4,0.15,0.002,0.874,26.5,-0.095,-8.73,0.83,0.2426,176.22,67.97,2.593,169,-1948.2,0.0021,0.5304,,,,,
2,1.75,0.65,20,4,10,1.0,0.006,0.98,19.7,-0.303,-69.34,0.573,0.1698,547.22,195.45,2.8,53,-3971.8,0.0056,0.5295,,,,,
2,1.75,0.8,16,6,4,0.3,0.005,0.954,22.8,-0.265,-53.92,0.577,0.1765,416.67,154.76,2.692,51,-3035.6,0.0047,0.5281,,,,,
1,1.75,0.5,12,6,8,0.5,0.0,0.824,45.0,-0.33,-32.64,0.505,0.2222,150.0,84.82,1.768,54,-1913.7,0.0,0.528,,,,,
1,1.75,0.35,12,10,8,0.5,0.0,0.825,45.0,-0.391,-32.11,0.465,0.1961,142.5,74.7,1.908,51,-1780.3,0.0,0.525,,,,,
1,1.75,0.5,20,4,8,1.0,0.0,0.825,45.0,-0.337,-31.47,0.532,0.125,285.71,76.79,3.721,56,-1919.3,0.0,0.525,,,,,
1,1.75,0.8,12,8,10,0.3,0.0,0.825,45.0,-0.327,-43.45,0.502,0.2857,153.12,122.08,1.254,42,-1942.6,0.0,0.525,,,,,
1,1.5,0.5,8,4,4,0.15,0.0,0.826,45.0,-0.251,-23.09,0.592,0.2917,114.88,79.9,1.438,72,-1864.1,0.0,0.522,,,,,
1,1.5,0.5,20,6,8,0.15,0.0,0.826,45.0,-0.261,-22.86,0.631,0.1571,248.86,73.52,3.385,70,-1796.0,0.0,0.522,,,,,
1,1.75,0.35,12,10,10,0.3,0.0,0.826,45.0,-0.489,-40.48,0.34,0.1905,109.38,75.74,1.444,42,-1817.6,0.0,0.522,,,,,
2,1.75,0.65,16,8,6,0.3,0.004,0.909,21.2,-0.241,-46.88,0.62,0.1875,408.33,151.92,2.688,48,-2518.8,0.007,0.5208,,,,,
1,1.5,0.65,16,8,4,1.0,0.004,0.932,24.8,-0.148,-14.55,0.747,0.2164,198.28,73.33,2.704,134,-2325.2,0.0036,0.5194,,,,,
1,1.5,0.8,20,10,10,0.15,0.0,0.827,45.0,-0.216,-23.55,0.655,0.2174,205.83,87.27,2.359,69,-1818.2,0.0,0.519,,,,,
1,1.75,0.8,16,4,10,1.0,0.0,0.827,45.0,-0.266,-34.67,0.606,0.2453,217.31,116.56,1.864,53,-1985.9,0.0,0.519,,,,,
2,1.75,0.5,16,8,6,0.5,0.004,0.906,27.5,-0.226,-41.52,0.657,0.1964,404.55,150.56,2.687,56,-2638.6,0.0077,0.5168,,,,,
2,1.75,0.5,20,10,10,1.0,0.006,0.989,16.8,-0.397,-78.37,0.471,0.1346,517.86,171.11,3.026,52,-4366.2,0.0049,0.5163,,,,,
1,1.75,0.65,8,6,4,1.0,0.0,0.828,45.0,-0.27,-29.37,0.502,0.3492,84.66,90.55,0.935,63,-2026.4,0.0,0.516,,,,,
1,1.75,0.65,20,6,4,0.5,0.0,0.828,45.0,-0.318,-29.71,0.513,0.1311,239.06,70.28,3.401,61,-1983.3,0.0,0.516,,,,,
1,1.75,0.8,12,4,4,0.5,0.0,0.828,45.0,-0.294,-30.44,0.519,0.1935,169.79,78.5,2.163,62,-2061.1,0.0,0.516,,,,,
2,1.75,0.65,20,10,10,0.5,0.006,0.984,19.5,-0.334,-76.47,0.529,0.1765,486.11,197.02,2.467,51,-4185.6,0.0057,0.516,,,,,
1,1.75,0.8,16,6,10,0.5,0.0,0.829,45.0,-0.273,-35.78,0.593,0.2549,204.81,118.09,1.734,51,-1967.8,0.0,0.513,,,,,
1,1.75,0.35,12,10,10,0.5,0.0,0.83,45.0,-0.397,-33.0,0.463,0.2,142.5,76.88,1.854,50,-1790.0,0.0,0.51,,,,,
1,1.75,0.35,16,8,4,1.0,0.0,0.83,45.0,-0.384,-29.39,0.472,0.1579,166.67,66.15,2.52,57,-1834.6,0.0,0.51,,,,,
1,1.75,0.65,20,10,8,0.5,0.0,0.83,45.0,-0.292,-31.36,0.569,0.1636,252.78,86.96,2.907,55,-1879.0,0.0,0.51,,,,,
2,1.75,0.35,20,10,6,1.0,0.006,0.984,18.3,-0.401,-59.82,0.468,0.1071,491.67,126.0,3.902,56,-3663.6,0.006,0.51,,,,,
2,1.75,0.8,8,6,6,0.15,0.0,0.83,45.0,-0.283,-64.52,0.463,0.3871,143.75,196.05,0.733,31,-2173.6,0.0,0.51,,,,,
2,1.75,0.8,8,4,4,0.5,0.004,0.934,28.5,-0.175,-40.32,0.671,0.3548,231.82,190.0,1.22,62,-2847.2,0.0038,0.5094,,,,,
1,1.5,0.5,16,10,6,1.0,0.003,0.906,24.0,-0.141,-13.29,0.778,0.2302,202.59,77.84,2.603,126,-2027.8,0.0032,0.5087,,,,,
2,1.75,0.5,16,6,4,0.5,0.003,0.896,28.3,-0.218,-39.91,0.67,0.193,420.45,150.0,2.803,57,-2594.2,0.0047,0.5085,,,,,
1,1.5,0.65,16,10,6,0.15,0.0,0.82,45.0,-0.202,-20.49,0.672,0.25,168.06,83.33,2.017,72,-1676.6,0.0016,0.5084,,,,,
2,1.5,0.65,12,8,8,0.15,0.005,0.961,17.2,-0.162,-36.59,0.712,0.3623,250.0,199.43,1.254,69,-2911.4,0.0047,0.5071,,,,,
2,1.75,0.5,16,6,6,0.5,0.003,0.89,25.0,-0.209,-38.39,0.683,0.1964,420.45,150.56,2.793,56,-2463.6,0.0058,0.5047,,,,,
2,1.5,0.5,16,10,4,0.15,0.006,0.987,21.8,-0.327,-55.28,0.524,0.1549,393.18,137.5,2.86,71,-4322.6,0.0058,0.5041,,,,,
1,1.75,0.35,12,8,4,1.0,0.0,0.832,45.0,-0.382,-29.82,0.46,0.193,131.82,68.48,1.925,57,-1859.6,0.0,0.504,,,,,
1,1.75,0.5,20,8,10,0.3,0.0,0.832,45.0,-0.453,-44.82,0.407,0.122,252.5,86.11,2.932,41,-1952.3,0.0,0.504,,,,,
1,1.75,0.8,16,6,8,1.0,0.0,0.832,45.0,-0.269,-32.68,0.585,0.2281,201.92,101.99,1.98,57,-2022.1,0.0,0.504,,,,,
1,1.75,0.8,20,4,8,0.5,0.0,0.832,45.0,-0.295,-34.32,0.567,0.1636,275.0,94.84,2.9,55,-2041.5,0.0,0.504,,,,,
2,2.0,0.8,12,8,6,0.5,0.0,0.832,45.0,-0.441,-93.75,0.292,0.15,258.33,155.88,1.657,20,-1987.0,0.0,0.504,,,,,
2,2.0,0.8,12,8,6,1.0,0.0,0.832,45.0,-0.441,-93.75,0.292,0.15,258.33,155.88,1.657,20,-1987.0,0.0,0.504,,,,,
2,2.0,0.8,20,4,4,0.5,0.0,0.832,45.0,-0.502,-93.75,0.219,0.05,525.0,126.32,4.156,20,-1987.0,0.0,0.504,,,,,
2,2.0,0.8,20,4,4,1.0,0.0,0.832,45.0,-0.502,-93.75,0.219,0.05,525.0,126.32,4.156,20,-1987.0,0.0,0.504,,,,,
2,1.5,0.5,20,8,8,0.15,0.006,0.981,19.5,-0.252,-44.29,0.643,0.1571,506.82,147.03,3.447,70,-3492.0,0.0068,0.5021,,,,,
2,1.5,0.65,12,10,6,0.15,0.006,0.985,16.7,-0.244,-51.39,0.584,0.3056,236.36,178.0,1.328,72,-4103.2,0.0062,0.5021,,,,,
2,1.75,0.65,16,10,8,0.3,0.003,0.903,15.3,-0.221,-48.89,0.652,0.2444,375.0,186.03,2.016,45,-2452.0,0.004,0.502,,,,,
1,1.75,0.65,20,8,6,1.0,0.0,0.833,45.0,-0.316,-30.42,0.52,0.1333,246.88,73.08,3.378,60,-1993.0,0.0,0.501,,,,,
2,1.75,0.8,20,8,8,0.3,0.005,0.965,21.8,-0.304,-70.56,0.55,0.1778,484.38,190.54,2.542,45,-3427.0,0.0045,0.5006,,,,,
2,1.75,0.5,20,4,8,0.3,0.005,0.953,16.0,-0.333,-63.07,0.536,0.1364,533.33,157.24,3.392,44,-3021.4,0.0063,0.4995,,,,,
2,1.75,0.5,16,8,4,0.5,0.004,0.92,29.2,-0.235,-42.98,0.645,0.193,404.55,150.0,2.697,57,-2769.2,0.0065,0.4989,,,,,
1,1.75,0.65,12,4,4,1.0,0.0,0.834,45.0,-0.3,-29.56,0.513,0.2063,150.96,76.5,1.973,63,-2038.9,0.0,0.498,,,,,
1,1.75,0.65,20,6,6,1.0,0.0,0.834,45.0,-0.314,-30.21,0.523,0.1333,248.44,73.08,3.4,60,-1980.5,0.0,0.498,,,,,
1,1.5,0.8,12,10,8,0.3,0.002,0.879,19.0,-0.128,-16.04,0.769,0.3585,148.68,108.09,1.376,106,-1996.8,0.003,0.497,,,,,
1,1.5,0.65,12,6,6,1.0,0.003,0.912,32.0,-0.129,-13.86,0.768,0.3023,151.92,85.69,1.773,129,-2148.7,0.0029,0.4967,,,,,
1,1.75,0.8,12,10,6,0.5,0.0,0.835,45.0,-0.296,-32.54,0.524,0.2069,172.92,86.14,2.007,58,-2049.9,0.0,0.495,,,,,
1,1.75,0.8,8,6,6,0.5,0.0,0.836,45.0,-0.266,-32.54,0.51,0.3621,93.45,104.05,0.898,58,-2049.9,0.0,0.492,,,,,
2,1.75,0.8,16,10,4,0.15,0.0,0.836,45.0,-0.328,-58.09,0.48,0.1471,365.0,131.03,2.786,34,-2165.4,0.0,0.492,,,,,
1,1.2,0.5,12,8,4,0.15,0.004,0.939,24.8,-0.142,-12.43,0.756,0.2874,133.85,71.43,1.874,167,-2542.6,0.004,0.491,,,,,
2,1.75,0.65,20,10,6,0.5,0.005,0.969,20.0,-0.306,-58.62,0.533,0.1379,484.38,145.5,3.329,58,-3724.8,0.0044,0.4904,,,,,
2,1.2,0.35,16,10,4,0.15,0.006,0.993,11.8,-0.245,-33.6,0.65,0.1871,333.34,118.06,2.824,155,-6070.6,0.0056,0.4902,,,,,
1,1.75,0.35,20,8,6,0.5,0.0,0.837,45.0,-0.423,-31.71,0.439,0.1111,222.92,63.54,3.508,54,-1863.7,0.0,0.489,,,,,
1,1.75,0.35,20,10,6,1.0,0.0,0.837,45.0,-0.401,-29.91,0.468,0.1071,245.83,63.0,3.902,56,-1831.8,0.0,0.489,,,,,
1,1.75,0.65,20,10,6,1.0,0.0,0.837,45.0,-0.31,-29.79,0.53,0.1333,251.56,73.08,3.442,60,-1955.5,0.0,0.489,,,,,
1,1.5,0.5,16,10,6,0.3,0.001,0.858,31.0,-0.151,-14.22,0.763,0.2294,200.0,77.98,2.565,109,-1855.2,0.0017,0.4884,,,,,
1,1.5,0.8,12,6,4,0.5,0.002,0.885,27.5,-0.119,-12.21,0.777,0.2692,158.21,75.0,2.11,130,-1951.5,0.0026,0.4867,,,,,
1,1.2,0.5,8,6,6,0.15,0.004,0.941,19.0,-0.128,-12.73,0.769,0.3879,109.38,90.1,1.214,165,-2562.0,0.0039,0.4863,,,,,
1,1.5,0.35,20,4,4,0.15,0.0,0.838,45.0,-0.356,-23.19,0.541,0.087,314.58,55.36,5.683,69,-1793.2,0.0,0.486,,,,,
1,1.5,0.35,20,8,6,0.15,0.0,0.838,45.0,-0.351,-23.37,0.549,0.1014,280.36,57.66,4.862,69,-1805.7,0.0,0.486,,,,,
1,1.5,0.65,8,6,4,0.15,0.0,0.838,45.0,-0.225,-22.83,0.578,0.3467,90.38,82.91,1.09,75,-1922.5,0.0,0.486,,,,,
1,1.5,0.8,20,8,4,0.15,0.0,0.838,45.0,-0.241,-21.96,0.598,0.1351,241.25,63.09,3.824,74,-1832.2,0.0,0.486,,,,,
1,1.75,0.35,12,6,4,1.0,0.0,0.838,45.0,-0.376,-29.39,0.468,0.193,134.09,68.48,1.958,57,-1834.6,0.0,0.486,,,,,
1,1.75,0.5,12,10,4,1.0,0.0,0.838,45.0,-0.336,-31.36,0.481,0.2203,131.73,77.45,1.701,59,-2015.2,0.0,0.486,,,,,
1,1.75,0.65,20,8,4,0.5,0.0,0.838,45.0,-0.32,-29.92,0.51,0.1311,237.5,70.28,3.379,61,-1995.8,0.0,0.486,,,,,
1,1.75,0.8,12,8,8,0.5,0.0,0.838,45.0,-0.268,-33.41,0.571,0.2727,163.33,107.19,1.524,55,-1991.5,0.0,0.486,,,,,
2,1.75,0.8,12,4,6,0.15,0.0,0.838,45.0,-0.348,-69.35,0.445,0.1935,287.5,155.0,1.855,31,-2323.6,0.0,0.486,,,,,
2,2.0,0.5,16,10,4,0.5,0.0,0.838,45.0,-0.518,-93.75,0.227,0.1,275.0,134.72,2.041,20,-1987.0,0.0,0.486,,,,,
2,2.0,0.5,16,10,4,1.0,0.0,0.838,45.0,-0.518,-93.75,0.227,0.1,275.0,134.72,2.041,20,-1987.0,0.0,0.486,,,,,
2,2.0,0.65,20,8,4,0.5,0.0,0.838,45.0,-0.521,-92.5,0.187,0.05,425.0,119.74,3.549,20,-1962.0,0.0,0.486,,,,,
2,2.0,0.65,20,8,4,1.0,0.0,0.838,45.0,-0.521,-92.5,0.187,0.05,425.0,119.74,3.549,20,-1962.0,0.0,0.486,,,,,
1,1.75,0.5,20,10,8,0.5,0.0,0.839,45.0,-0.356,-33.33,0.503,0.1296,260.71,77.13,3.38,54,-1951.2,0.0,0.483,,,,,
1,1.75,0.65,12,4,10,0.5,0.0,0.839,45.0,-0.281,-34.8,0.563,0.2941,152.5,112.85,1.351,51,-1917.8,0.0,0.483,,,,,
1,1.75,0.8,20,4,4,0.5,0.0,0.839,45.0,-0.302,-30.04,0.531,0.129,264.06,73.61,3.587,62,-2036.1,0.0,0.483,,,,,
1,1.5,0.65,12,8,6,0.3,0.001,0.862,19.0,-0.141,-14.84,0.752,0.2857,157.81,83.91,1.881,112,-1976.1,0.0014,0.4827,,,,,
1,1.5,0.35,12,6,8,0.3,0.0,0.84,45.0,-0.195,-15.59,0.718,0.2475,160.5,73.52,2.183,101,-1857.8,0.0,0.48,,,,,
1,1.5,0.5,16,6,4,0.15,0.0,0.84,45.0,-0.275,-23.24,0.6,0.1549,225.0,68.75,3.273,71,-1848.8,0.0,0.48,,,,,
1,1.5,0.65,12,8,6,0.15,0.0,0.84,45.0,-0.226,-23.78,0.615,0.3056,124.43,89.0,1.398,72,-1914.1,0.0,0.48,,,,,
2,1.75,0.8,16,10,6,0.15,0.0,0.84,45.0,-0.343,-66.94,0.468,0.1613,365.0,150.0,2.433,31,-2248.6,0.0,0.48,,,,,
2,1.5,0.8,8,6,4,0.15,0.005,0.963,14.2,-0.15,-32.24,0.68,0.3947,173.33,166.3,1.042,76,-2875.6,0.0059,0.4777,,,,,
1,1.5,0.35,8,4,6,1.0,0.0,0.841,45.0,-0.142,-12.09,0.771,0.3415,119.35,80.25,1.487,123,-1831.9,0.0,0.477,,,,,
1,1.75,0.65,12,6,6,0.5,0.0,0.841,45.0,-0.32,-31.9,0.484,0.2069,144.79,77.99,1.857,58,-2012.4,0.0,0.477,,,,,
1,1.75,0.65,20,10,4,0.5,0.0,0.841,45.0,-0.314,-29.3,0.52,0.1311,242.19,70.28,3.446,61,-1958.3,0.0,0.477,,,,,
1,1.75,0.8,12,4,6,0.5,0.0,0.841,45.0,-0.302,-33.19,0.514,0.2069,169.79,86.14,1.971,58,-2087.4,0.0,0.477,,,,,
2,1.75,0.8,12,8,10,0.15,0.0,0.841,45.0,-0.308,-71.3,0.53,0.2593,310.71,205.0,1.516,27,-2076.2,0.0,0.477,,,,,
2,2.0,0.5,16,6,6,0.5,0.0,0.841,45.0,-0.501,-96.25,0.28,0.1,375.0,148.61,2.523,20,-2037.0,0.0,0.477,,,,,
2,2.0,0.5,16,6,6,1.0,0.0,0.841,45.0,-0.501,-96.25,0.28,0.1,375.0,148.61,2.523,20,-2037.0,0.0,0.477,,,,,
2,2.0,0.8,16,6,6,0.5,0.0,0.841,45.0,-0.466,-96.25,0.28,0.1,375.0,148.61,2.523,20,-2037.0,0.0,0.477,,,,,
2,2.0,0.8,16,6,6,1.0,0.0,0.841,45.0,-0.466,-96.25,0.28,0.1,375.0,148.61,2.523,20,-2037.0,0.0,0.477,,,,,
1,1.2,0.35,16,8,6,0.5,0.005,0.98,18.2,-0.17,-13.34,0.756,0.2242,184.5,70.52,2.616,223,-3599.4,0.0035,0.4743,,,,,
1,1.5,0.35,12,4,4,0.15,0.0,0.842,45.0,-0.353,-24.09,0.522,0.1594,164.77,59.91,2.75,69,-1855.7,0.0,0.474,,,,,
1,1.75,0.8,20,4,6,0.5,0.0,0.842,45.0,-0.311,-32.76,0.526,0.1379,264.06,80.25,3.29,58,-2062.4,0.0,0.474,,,,,
2,1.75,0.8,20,4,10,0.15,0.0,0.842,45.0,-0.334,-72.22,0.533,0.1481,556.25,181.52,3.064,27,-2101.2,0.0,0.474,,,,,
2,1.75,0.5,12,8,6,0.5,0.004,0.926,27.5,-0.237,-44.2,0.633,0.2143,356.25,153.41,2.322,56,-2788.6,0.0069,0.4722,,,,,
1,1.5,0.65,8,6,6,1.0,0.003,0.92,29.7,-0.116,-14.04,0.758,0.4538,96.82,106.16,0.912,130,-2189.0,0.0029,0.4721,,,,,
2,1.5,0.8,12,10,8,0.15,0.005,0.966,24.2,-0.162,-39.49,0.7,0.3768,244.23,211.05,1.157,69,-3111.4,0.0058,0.4715,,,,,
1,1.5,0.35,12,6,10,0.3,0.0,0.843,45.0,-0.199,-16.16,0.715,0.2525,160.5,75.84,2.116,99,-1877.2,0.0,0.471,,,,,
1,1.5,0.35,12,8,6,0.3,0.0,0.843,45.0,-0.205,-15.63,0.705,0.2212,168.48,67.9,2.481,104,-1916.2,0.0,0.471,,,,,
2,1.75,0.8,12,4,4,0.15,0.0,0.843,45.0,-0.335,-60.29,0.457,0.1765,287.5,134.82,2.132,34,-2240.4,0.0,0.471,,,,,
2,1.75,0.65,20,6,8,0.3,0.004,0.941,18.2,-0.262,-55.56,0.609,0.1778,487.5,172.97,2.818,45,-2752.0,0.0047,0.4701,,,,,
1,1.5,0.5,16,6,6,1.0,0.003,0.912,22.7,-0.137,-12.9,0.785,0.2302,204.31,77.84,2.625,126,-1977.8,0.0043,0.4694,,,,,
2,1.75,0.8,20,4,8,0.5,0.005,0.978,18.6,-0.295,-68.64,0.567,0.1636,550.0,189.67,2.9,55,-4083.0,0.0041,0.4694,,,,,
2,1.5,0.35,20,6,4,0.15,0.005,0.984,17.4,-0.389,-50.72,0.498,0.087,579.17,110.71,5.231,69,-3886.4,0.0033,0.4672,,,,,
1,1.5,0.35,12,10,8,0.15,0.0,0.845,45.0,-0.355,-25.92,0.496,0.2353,108.59,67.31,1.613,68,-1952.9,0.0,0.465,,,,,
1,1.5,0.5,16,10,6,0.15,0.0,0.845,45.0,-0.263,-23.42,0.613,0.1972,188.39,75.44,2.497,71,-1861.3,0.0,0.465,,,,,
1,1.75,0.35,20,8,6,1.0,0.0,0.845,45.0,-0.416,-31.03,0.448,0.1071,235.42,63.0,3.737,56,-1894.3,0.0,0.465,,,,,
1,1.75,0.35,20,10,4,0.5,0.0,0.845,45.0,-0.416,-31.14,0.45,0.1091,233.33,63.52,3.673,55,-1866.5,0.0,0.465,,,,,
1,1.75,0.5,20,6,10,0.3,0.0,0.845,45.0,-0.468,-46.34,0.387,0.122,240.0,86.11,2.787,41,-2014.8,0.0,0.465,,,,,
1,1.75,0.65,16,10,8,1.0,0.0,0.845,45.0,-0.294,-32.89,0.544,0.2281,172.12,93.47,1.841,57,-2034.6,0.0,0.465,,,,,
1,1.75,0.65,20,6,8,1.0,0.0,0.845,45.0,-0.3,-32.24,0.559,0.1579,258.33,86.72,2.979,57,-1997.1,0.0,0.465,,,,,
1,1.5,0.8,16,10,4,1.0,0.003,0.913,26.3,-0.123,-12.69,0.777,0.237,186.33,74.51,2.501,135,-2090.5,0.0044,0.4644,,,,,
1,1.5,0.8,12,10,4,0.5,0.002,0.896,14.5,-0.127,-13.08,0.761,0.2692,155.0,75.0,2.067,130,-2064.0,0.0021,0.4636,,,,,
2,1.75,0.65,16,6,6,0.3,0.003,0.908,22.7,-0.233,-45.31,0.633,0.1875,416.67,151.92,2.743,48,-2443.8,0.0052,0.4631,,,,,
2,1.75,0.8,20,4,4,0.5,0.005,0.973,26.4,-0.302,-60.08,0.531,0.129,528.12,147.22,3.587,62,-4072.2,0.0052,0.4627,,,,,
1,1.75,0.5,12,6,6,1.0,0.0,0.846,45.0,-0.342,-32.11,0.468,0.2241,125.96,77.78,1.62,58,-2024.9,0.0,0.462,,,,,
1,1.75,0.8,12,10,4,0.5,0.0,0.846,45.0,-0.289,-29.84,0.529,0.1935,172.92,78.5,2.203,62,-2023.6,0.0,0.462,,,,,
1,1.5,0.5,16,8,4,0.5,0.003,0.925,33.3,-0.166,-15.0,0.739,0.2,212.0,71.75,2.955,125,-2225.0,0.0028,0.4594,,,,,
2,2.0,0.65,16,8,6,0.5,0.0,0.847,45.0,-0.481,-95.0,0.255,0.1,325.0,141.67,2.294,20,-2012.0,0.0,0.459,,,,,
2,2.0,0.65,16,8,6,1.0,0.0,0.847,45.0,-0.481,-95.0,0.255,0.1,325.0,141.67,2.294,20,-2012.0,0.0,0.459,,,,,
2,1.5,0.5,12,6,10,0.15,0.003,0.924,29.0,-0.165,-32.5,0.732,0.3286,269.57,180.32,1.495,70,-2667.0,0.0031,0.4574,,,,,
1,1.2,0.5,12,6,6,0.15,0.003,0.925,27.7,-0.127,-11.67,0.787,0.3072,139.95,78.91,1.773,166,-2402.3,0.0029,0.4571,,,,,
1,1.75,0.8,20,6,10,0.3,0.0,0.848,45.0,-0.392,-48.21,0.456,0.1667,242.86,106.43,2.282,42,-2142.6,0.0,0.456,,,,,
1,1.5,0.5,12,10,10,0.3,0.001,0.865,13.0,-0.141,-14.9,0.766,0.3365,145.36,96.2,1.511,104,-1841.2,0.0023,0.4551,,,,,
1,1.5,0.65,8,6,6,0.3,0.0,0.826,45.0,-0.098,-11.62,0.8,0.4425,105.0,104.17,1.008,113,-1628.9,0.0034,0.4537,,,,,
1,1.5,0.5,16,8,4,0.15,0.0,0.849,45.0,-0.281,-23.77,0.591,0.1549,221.59,68.75,3.223,71,-1886.3,0.0,0.453,,,,,
1,1.75,0.35,20,4,8,0.5,0.0,0.849,45.0,-0.445,-34.56,0.436,0.098,272.5,67.93,4.011,51,-1905.3,0.0,0.453,,,,,
1,1.75,0.35,20,8,10,0.3,0.0,0.849,45.0,-0.543,-42.56,0.319,0.0952,209.38,69.08,3.031,42,-1905.1,0.0,0.453,,,,,
2,1.75,0.5,16,4,6,1.0,0.003,0.896,31.0,-0.206,-37.93,0.688,0.1897,440.91,150.0,2.939,58,-2524.8,0.0076,0.4513,,,,,
1,1.5,0.8,20,8,6,0.15,0.0,0.841,45.0,-0.22,-21.92,0.645,0.1644,242.71,73.98,3.281,73,-1804.4,0.0013,0.4512,,,,,
1,1.75,0.35,20,10,4,1.0,0.0,0.85,45.0,-0.41,-30.48,0.459,0.1053,245.83,62.99,3.903,57,-1897.1,0.0,0.45,,,,,
1,1.2,0.35,16,10,6,1.0,0.005,0.991,19.8,-0.183,-14.43,0.74,0.2203,186.0,71.05,2.618,227,-3910.6,0.0032,0.4488,,,,,
2,1.75,0.5,8,4,6,1.0,0.002,0.896,29.0,-0.16,-33.62,0.712,0.3793,219.32,188.19,1.165,58,-2274.8,0.0029,0.4471,,,,,
1,1.5,0.35,20,8,4,0.15,0.0,0.851,45.0,-0.369,-24.09,0.523,0.087,304.17,55.36,5.495,69,-1855.7,0.0,0.447,,,,,
1,1.5,0.5,8,6,6,0.15,0.0,0.851,45.0,-0.244,-24.48,0.577,0.375,88.89,92.5,0.961,72,-1964.1,0.0,0.447,,,,,
1,1.75,0.5,20,8,8,0.5,0.0,0.851,45.0,-0.369,-34.49,0.486,0.1296,251.79,77.13,3.265,54,-2013.7,0.0,0.447,,,,,
1,1.75,0.65,20,4,10,1.0,0.0,0.851,45.0,-0.303,-34.67,0.573,0.1698,273.61,97.73,2.8,53,-1985.9,0.0,0.447,,,,,
1,1.75,0.8,12,4,8,0.5,0.0,0.851,45.0,-0.273,-34.09,0.563,0.2727,160.83,107.19,1.5,55,-2029.0,0.0,0.447,,,,,
1,1.5,0.5,20,10,10,0.15,0.0,0.852,45.0,-0.277,-24.64,0.606,0.1714,220.83,75.43,2.928,70,-1921.0,0.0,0.444,,,,,
1,1.75,0.35,20,4,10,0.5,0.0,0.852,45.0,-0.452,-35.5,0.434,0.1,272.5,69.72,3.908,50,-1915.0,0.0,0.444,,,,,
1,1.75,0.65,20,8,8,1.0,0.0,0.852,45.0,-0.307,-32.89,0.55,0.1579,254.17,86.72,2.931,57,-2034.6,0.0,0.444,,,,,
2,2.0,0.5,12,8,6,0.5,0.0,0.852,45.0,-0.474,-93.75,0.292,0.15,258.33,155.88,1.657,20,-1987.0,0.0,0.444,,,,,
2,2.0,0.5,12,8,6,1.0,0.0,0.852,45.0,-0.474,-93.75,0.292,0.15,258.33,155.88,1.657,20,-1987.0,0.0,0.444,,,,,
2,2.0,0.8,20,6,4,0.5,0.0,0.852,45.0,-0.515,-96.25,0.198,0.05,475.0,126.32,3.76,20,-2037.0,0.0,0.444,,,,,
2,2.0,0.8,20,6,4,1.0,0.0,0.852,45.0,-0.515,-96.25,0.198,0.05,475.0,126.32,3.76,20,-2037.0,0.0,0.444,,,,,
1,1.5,0.65,12,6,4,0.15,0.0,0.846,45.0,-0.243,-22.8,0.593,0.2297,144.85,72.81,1.99,74,-1894.7,0.0009,0.4437,,,,,
2,1.75,0.8,20,8,6,0.15,0.0,0.842,45.0,-0.349,-66.94,0.471,0.129,462.5,145.37,3.182,31,-2248.6,0.0016,0.4424,,,,,
2,1.75,0.65,20,8,8,1.0,0.005,0.981,17.0,-0.307,-65.79,0.55,0.1579,508.33,173.44,2.931,57,-4069.2,0.005,0.442,,,,,
1,1.5,0.8,12,8,4,0.5,0.002,0.904,34.5,-0.128,-13.17,0.76,0.2692,154.64,75.0,2.062,130,-2076.5,0.002,0.4412,,,,,
1,1.5,0.8,20,10,8,0.15,0.0,0.853,45.0,-0.232,-25.0,0.631,0.2029,210.71,85.0,2.479,69,-1918.2,0.0,0.441,,,,,
1,1.75,0.5,16,6,10,1.0,0.0,0.853,45.0,-0.335,-34.62,0.526,0.2115,181.82,92.68,1.962,52,-1945.6,0.0,0.441,,,,,
1,1.75,0.5,20,4,10,0.5,0.0,0.854,45.0,-0.378,-37.5,0.495,0.14,262.5,86.34,3.04,50,-2015.0,0.0,0.438,,,,,
1,1.75,0.65,16,8,10,1.0,0.0,0.854,45.0,-0.297,-35.61,0.556,0.2453,181.73,106.25,1.71,53,-2035.9,0.0,0.438,,,,,
1,1.75,0.65,20,10,8,1.0,0.0,0.854,45.0,-0.296,-31.8,0.565,0.1579,261.11,86.72,3.011,57,-1972.1,0.0,0.438,,,,,
2,2.0,0.65,20,10,4,0.5,0.0,0.854,45.0,-0.535,-95.0,0.165,0.05,375.0,119.74,3.132,20,-2012.0,0.0,0.438,,,,,
2,2.0,0.65,20,10,4,1.0,0.0,0.854,45.0,-0.535,-95.0,0.165,0.05,375.0,119.74,3.132,20,-2012.0,0.0,0.438,,,,,
2,1.5,0.5,20,6,8,0.15,0.005,0.98,21.0,-0.261,-45.71,0.631,0.1571,497.73,147.03,3.385,70,-3592.0,0.0054,0.437,,,,,
1,1.5,0.65,20,10,6,0.15,0.0,0.855,45.0,-0.257,-24.3,0.602,0.169,217.71,73.52,2.961,71,-1923.8,0.0,0.435,,,,,
1,1.75,0.5,20,6,8,0.5,0.0,0.855,45.0,-0.371,-34.72,0.483,0.1296,250.0,77.13,3.241,54,-2026.2,0.0,0.435,,,,,
1,1.75,0.65,20,6,4,1.0,0.0,0.855,45.0,-0.321,-30.16,0.511,0.127,248.44,70.68,3.515,63,-2076.4,0.0,0.435,,,,,
2,1.75,0.65,20,8,6,0.3,0.004,0.942,24.8,-0.299,-56.77,0.544,0.1458,464.29,145.73,3.186,48,-2993.8,0.0064,0.4339,,,,,
2,1.75,0.8,12,10,8,0.5,0.005,0.985,18.0,-0.281,-70.0,0.551,0.2727,315.0,214.38,1.469,55,-4158.0,0.0048,0.4334,,,,,
2,1.75,0.5,16,4,4,1.0,0.003,0.908,31.0,-0.216,-39.41,0.676,0.1864,440.91,149.48,2.95,59,-2655.4,0.0067,0.4333,,,,,
2,1.75,0.5,16,10,8,0.5,0.004,0.959,21.8,-0.268,-52.31,0.605,0.2037,393.18,166.28,2.365,54,-3127.4,0.0039,0.4331,,,,,
1,1.75,0.35,20,10,8,0.3,0.0,0.856,45.0,-0.552,-42.56,0.292,0.0952,184.38,66.45,2.775,42,-1905.1,0.0,0.432,,,,,
1,1.5,0.35,12,6,10,1.0,0.0,0.85,45.0,-0.155,-12.93,0.769,0.2821,152.65,77.98,1.958,117,-1840.1,0.0009,0.4317,,,,,
1,1.5,0.65,12,6,6,0.5,0.002,0.907,33.0,-0.134,-14.2,0.761,0.296,152.7,84.38,1.81,125,-2125.0,0.0021,0.4314,,,,,
2,1.75,0.8,16,8,10,0.3,0.004,0.959,23.5,-0.306,-78.57,0.553,0.2381,407.5,230.47,1.768,42,-3535.2,0.004,0.4314,,,,,
2,1.75,0.5,16,4,10,0.5,0.003,0.933,29.0,-0.235,-49.0,0.666,0.22,443.18,187.82,2.36,50,-2730.0,0.0031,0.4298,,,,,
1,1.5,0.35,12,4,4,0.3,0.0,0.857,45.0,-0.203,-15.0,0.708,0.2,181.55,64.14,2.831,105,-1869.0,0.0,0.429,,,,,
1,1.75,0.8,20,8,10,0.3,0.0,0.857,45.0,-0.39,-47.92,0.46,0.1667,244.64,106.43,2.299,42,-2130.1,0.0,0.429,,,,,
2,2.0,0.65,12,10,6,0.5,0.0,0.857,45.0,-0.468,-95.0,0.248,0.15,208.33,148.53,1.403,20,-2012.0,0.0,0.429,,,,,
2,2.0,0.65,12,10,6,1.0,0.0,0.857,45.0,-0.468,-95.0,0.248,0.15,208.33,148.53,1.403,20,-2012.0,0.0,0.429,,,,,
2,1.75,0.65,20,8,4,0.3,0.004,0.948,24.8,-0.308,-57.5,0.531,0.14,464.29,142.44,3.259,50,-3155.0,0.0059,0.4268,,,,,
1,1.5,0.35,16,8,6,0.5,0.001,0.882,15.0,-0.179,-13.67,0.747,0.1949,207.07,67.11,3.086,118,-1942.9,0.0012,0.4265,,,,,
1,1.5,0.35,20,6,6,0.15,0.0,0.858,45.0,-0.364,-24.28,0.531,0.1014,271.43,57.66,4.707,69,-1868.2,0.0,0.426,,,,,
1,1.75,0.65,12,6,10,0.3,0.0,0.858,45.0,-0.35,-42.26,0.462,0.2857,127.08,110.0,1.155,42,-1892.6,0.0,0.426,,,,,
1,1.75,0.65,12,10,10,0.5,0.0,0.858,45.0,-0.289,-35.78,0.551,0.2941,149.17,112.85,1.322,51,-1967.8,0.0,0.426,,,,,
1,1.75,0.65,16,10,6,1.0,0.0,0.858,45.0,-0.328,-32.5,0.482,0.1833,164.77,76.79,2.146,60,-2118.0,0.0,0.426,,,,,
1,1.75,0.8,16,6,4,1.0,0.0,0.858,45.0,-0.298,-30.66,0.523,0.1719,195.45,77.59,2.519,64,-2141.7,0.0,0.426,,,,,
2,1.2,0.35,16,6,6,0.15,0.005,0.993,18.8,-0.166,-23.15,0.762,0.2037,363.64,122.09,2.978,162,-4657.2,0.0041,0.4244,,,,,
1,1.75,0.65,20,10,4,1.0,0.0,0.859,45.0,-0.317,-29.76,0.518,0.127,251.56,70.68,3.559,63,-2051.4,0.0,0.423,,,,,
2,2.0,0.5,20,4,4,0.5,0.0,0.859,45.0,-0.546,-96.25,0.214,0.05,525.0,128.95,4.071,20,-2037.0,0.0,0.423,,,,,
2,2.0,0.5,20,4,4,1.0,0.0,0.859,45.0,-0.546,-96.25,0.214,0.05,525.0,128.95,4.071,20,-2037.0,0.0,0.423,,,,,
2,1.75,0.8,12,10,6,0.15,0.0,0.86,45.0,-0.357,-70.97,0.432,0.1935,279.17,155.0,1.801,31,-2373.6,0.0,0.42,,,,,
2,2.0,0.35,8,4,4,0.5,0.0,0.86,45.0,-0.5,-91.25,0.342,0.15,316.67,163.24,1.94,20,-1937.0,0.0,0.42,,,,,
2,2.0,0.35,8,4,4,1.0,0.0,0.86,45.0,-0.5,-91.25,0.342,0.15,316.67,163.24,1.94,20,-1937.0,0.0,0.42,,,,,
2,2.0,0.35,8,4,6,0.5,0.0,0.86,45.0,-0.5,-91.25,0.342,0.15,316.67,163.24,1.94,20,-1937.0,0.0,0.42,,,,,
2,2.0,0.35,8,4,6,1.0,0.0,0.86,45.0,-0.5,-91.25,0.342,0.15,316.67,163.24,1.94,20,-1937.0,0.0,0.42,,,,,
2,1.5,0.35,20,6,6,0.15,0.005,0.982,17.4,-0.364,-48.55,0.531,0.1014,542.86,115.32,4.707,69,-3736.4,0.006,0.4193,,,,,
2,1.75,0.8,16,8,6,0.3,0.004,0.954,26.5,-0.282,-60.94,0.557,0.1875,408.33,169.23,2.413,48,-3193.8,0.0054,0.4189,,,,,
2,1.75,0.5,16,4,10,0.3,0.003,0.937,20.3,-0.298,-61.59,0.588,0.1951,450.0,185.61,2.424,41,-2754.6,0.0031,0.4184,,,,,
2,1.75,0.65,20,4,4,0.5,0.004,0.964,24.5,-0.283,-52.87,0.567,0.1311,528.12,140.57,3.757,61,-3566.6,0.0039,0.4181,,,,,
2,1.75,0.8,16,6,10,0.3,0.004,0.964,25.0,-0.294,-75.6,0.569,0.2381,420.0,230.47,1.822,42,-3410.2,0.0039,0.4181,,,,,
1,1.2,0.65,20,8,4,0.15,0.002,0.884,28.5,-0.106,-9.38,0.818,0.1964,214.39,64.07,3.346,168,-2045.4,0.0062,0.4179,,,,,
1,1.5,0.35,8,4,4,0.5,0.0,0.861,45.0,-0.16,-13.13,0.747,0.3109,124.66,75.3,1.655,119,-1895.7,0.0,0.417,,,,,
1,1.75,0.35,20,4,8,1.0,0.0,0.861,45.0,-0.438,-33.73,0.446,0.0943,287.5,67.19,4.279,53,-1935.9,0.0,0.417,,,,,
1,1.75,0.35,20,4,10,1.0,0.0,0.861,45.0,-0.445,-34.62,0.444,0.0962,287.5,68.88,4.174,52,-1945.6,0.0,0.417,,,,,
1,1.75,0.35,20,8,4,0.5,0.0,0.861,45.0,-0.432,-32.27,0.43,0.1091,222.92,63.52,3.509,55,-1929.0,0.0,0.417,,,,,
1,1.75,0.5,12,4,10,1.0,0.0,0.861,45.0,-0.34,-36.06,0.503,0.25,146.15,96.79,1.51,52,-2020.6,0.0,0.417,,,,,
1,1.75,0.5,20,10,8,1.0,0.0,0.861,45.0,-0.356,-33.26,0.505,0.125,271.43,76.79,3.535,56,-2019.3,0.0,0.417,,,,,
1,1.75,0.8,16,6,6,1.0,0.0,0.861,45.0,-0.306,-33.33,0.518,0.1833,195.45,84.69,2.308,60,-2168.0,0.0,0.417,,,,,
1,1.75,0.8,20,4,8,1.0,0.0,0.861,45.0,-0.3,-34.87,0.562,0.1579,283.33,94.53,2.997,57,-2147.1,0.0,0.417,,,,,
1,1.5,0.65,12,8,4,0.5,0.002,0.913,28.5,-0.153,-15.21,0.727,0.2558,158.33,74.87,2.115,129,-2323.7,0.002,0.4142,,,,,
1,1.5,0.35,12,8,10,1.0,0.0,0.862,45.0,-0.165,-13.78,0.754,0.2821,149.62,77.98,1.919,117,-1940.1,0.0,0.414,,,,,
1,1.75,0.35,20,8,4,1.0,0.0,0.862,45.0,-0.425,-31.58,0.44,0.1053,235.42,62.99,3.737,57,-1959.6,0.0,0.414,,,,,
1,1.75,0.5,12,6,4,1.0,0.0,0.862,45.0,-0.35,-32.63,0.46,0.2203,125.96,77.45,1.626,59,-2090.2,0.0,0.414,,,,,
1,1.75,0.65,20,8,4,1.0,0.0,0.862,45.0,-0.323,-30.36,0.508,0.127,246.88,70.68,3.493,63,-2088.9,0.0,0.414,,,,,
2,1.75,0.8,20,6,6,0.3,0.004,0.967,23.0,-0.338,-71.35,0.485,0.1458,460.71,162.2,2.84,48,-3693.8,0.0037,0.4135,,,,,
2,1.75,0.65,20,4,6,0.5,0.004,0.955,19.2,-0.275,-52.59,0.581,0.1379,528.12,145.5,3.63,58,-3374.8,0.0055,0.4125,,,,,
2,1.75,0.65,20,4,4,1.0,0.005,0.97,25.4,-0.287,-53.97,0.563,0.127,546.88,141.36,3.869,63,-3752.8,0.0082,0.4117,,,,,
1,1.5,0.5,20,4,6,0.15,0.0,0.863,45.0,-0.289,-24.65,0.599,0.1268,290.28,70.36,4.125,71,-1948.8,0.0,0.411,,,,,
1,1.75,0.8,12,8,4,1.0,0.0,0.863,45.0,-0.309,-32.42,0.492,0.2031,154.81,80.15,1.932,64,-2254.2,0.0,0.411,,,,,
2,1.75,0.8,16,10,10,0.15,0.0,0.863,45.0,-0.336,-75.93,0.503,0.2222,345.83,196.43,1.761,27,-2201.2,0.0,0.411,,,,,
2,1.75,0.8,12,8,6,0.3,0.004,0.956,26.5,-0.292,-64.06,0.532,0.2083,350.0,173.03,2.023,48,-3343.8,0.0055,0.4105,,,,,
1,1.5,0.5,8,6,6,0.3,0.001,0.889,43.0,-0.142,-15.11,0.741,0.4,107.95,97.16,1.111,110,-1970.5,0.001,0.41,,,,,
2,1.5,0.35,12,8,10,0.5,0.005,0.988,16.6,-0.179,-29.69,0.735,0.2768,297.58,154.94,1.921,112,-3952.2,0.0056,0.4085,,,,,
1,1.75,0.8,20,4,4,1.0,0.0,0.864,45.0,-0.306,-30.66,0.527,0.125,273.44,74.11,3.69,64,-2141.7,0.0,0.408,,,,,
1,1.2,0.35,8,6,6,0.5,0.004,0.974,26.8,-0.124,-10.44,0.805,0.3214,134.38,79.03,1.7,224,-2964.7,0.0029,0.4077,,,,,
2,1.75,0.8,16,4,10,0.5,0.004,0.958,24.0,-0.224,-58.82,0.666,0.2549,459.62,236.18,1.946,51,-3285.6,0.0053,0.4075,,,,,
2,1.2,0.35,12,6,6,0.15,0.005,0.992,20.2,-0.16,-23.01,0.761,0.2515,291.46,128.69,2.265,163,-4662.8,0.0052,0.4057,,,,,
1,1.5,0.65,12,6,6,0.3,0.0,0.865,45.0,-0.137,-14.4,0.76,0.2857,159.38,83.91,1.899,112,-1926.1,0.0,0.405,,,,,
1,1.5,0.8,12,10,6,0.3,0.0,0.865,45.0,-0.133,-14.71,0.754,0.3097,145.36,86.54,1.68,113,-1978.9,0.0,0.405,,,,,
1,1.75,0.5,20,10,10,0.3,0.0,0.865,45.0,-0.477,-47.26,0.375,0.122,232.5,86.11,2.7,41,-2052.3,0.0,0.405,,,,,
1,1.75,0.8,12,10,8,0.5,0.0,0.865,45.0,-0.281,-35.0,0.551,0.2727,157.5,107.19,1.469,55,-2079.0,0.0,0.405,,,,,
1,1.75,0.8,20,10,4,0.5,0.0,0.865,45.0,-0.33,-32.86,0.487,0.129,242.19,73.61,3.29,62,-2211.1,0.0,0.405,,,,,
2,1.75,0.65,20,8,6,1.0,0.004,0.971,29.8,-0.316,-60.83,0.52,0.1333,493.75,146.15,3.378,60,-3986.0,0.0035,0.4043,,,,,
2,1.75,0.35,8,4,6,0.5,0.001,0.879,12.0,-0.166,-28.24,0.738,0.3148,252.94,157.43,1.607,54,-1827.4,0.0029,0.4028,,,,,
1,1.75,0.8,20,4,6,1.0,0.0,0.866,45.0,-0.315,-33.33,0.522,0.1333,273.44,80.53,3.396,60,-2168.0,0.0,0.402,,,,,
2,1.75,0.5,8,4,6,0.3,0.001,0.879,20.0,-0.201,-41.85,0.655,0.3478,228.12,185.83,1.228,46,-2182.6,0.003,0.4,,,,,
1,1.5,0.35,12,4,6,0.5,0.0,0.867,45.0,-0.176,-13.88,0.743,0.2373,168.75,70.69,2.387,118,-1967.9,0.0,0.399,,,,,
1,1.5,0.35,12,8,6,0.15,0.0,0.867,45.0,-0.359,-25.54,0.502,0.2029,126.79,64.32,1.971,69,-1955.7,0.0,0.399,,,,,
1,1.5,0.65,12,10,6,0.15,0.0,0.867,45.0,-0.244,-25.69,0.584,0.3056,118.18,89.0,1.328,72,-2051.6,0.0,0.399,,,,,
1,1.75,0.65,12,10,6,1.0,0.0,0.867,45.0,-0.334,-33.75,0.458,0.2167,131.73,79.52,1.657,60,-2193.0,0.0,0.399,,,,,
1,1.5,0.8,8,6,4,1.0,0.001,0.89,32.0,-0.102,-11.86,0.782,0.4118,103.12,92.34,1.117,136,-1993.3,0.0014,0.3987,,,,,
2,1.75,0.5,20,6,6,0.3,0.003,0.933,21.7,-0.306,-55.98,0.556,0.1522,460.71,148.72,3.098,46,-2832.6,0.0047,0.3971,,,,,
1,1.5,0.35,12,8,10,0.5,0.0,0.868,45.0,-0.179,-14.84,0.735,0.2768,148.79,77.47,1.921,112,-1976.1,0.0,0.396,,,,,
1,1.5,0.5,20,10,8,0.15,0.0,0.868,45.0,-0.297,-26.07,0.579,0.1571,228.41,73.52,3.107,70,-2021.0,0.0,0.396,,,,,
1,1.75,0.8,12,6,6,0.3,0.0,0.868,45.0,-0.378,-41.41,0.395,0.2083,130.0,86.51,1.503,48,-2121.9,0.0,0.396,,,,,
1,1.75,0.8,16,8,8,1.0,0.0,0.868,45.0,-0.289,-35.09,0.554,0.2281,191.35,101.99,1.876,57,-2159.6,0.0,0.396,,,,,
1,1.5,0.5,12,6,6,0.15,0.0,0.869,45.0,-0.281,-25.88,0.568,0.2535,134.03,80.19,1.671,71,-2036.3,0.0,0.393,,,,,
1,1.75,0.5,12,8,10,1.0,0.0,0.869,45.0,-0.347,-36.78,0.493,0.25,143.27,96.79,1.48,52,-2058.1,0.0,0.393,,,,,
1,1.75,0.8,16,8,4,1.0,0.0,0.869,45.0,-0.311,-32.03,0.502,0.1719,187.5,77.59,2.416,64,-2229.2,0.0,0.393,,,,,
2,2.0,0.8,20,8,4,0.5,0.0,0.869,45.0,-0.528,-98.75,0.177,0.05,425.0,126.32,3.365,20,-2087.0,0.0,0.393,,,,,
2,2.0,0.8,20,8,4,1.0,0.0,0.869,45.0,-0.528,-98.75,0.177,0.05,425.0,126.32,3.365,20,-2087.0,0.0,0.393,,,,,
2,1.75,0.35,16,4,10,0.3,0.002,0.917,24.5,-0.314,-51.19,0.585,0.1667,432.14,147.86,2.923,42,-2385.2,0.0025,0.3927,,,,,
1,1.75,0.5,16,8,10,1.0,0.0,0.87,45.0,-0.351,-36.3,0.503,0.2115,173.86,92.68,1.876,52,-2033.1,0.0,0.39,,,,,
1,1.75,0.5,16,10,8,1.0,0.0,0.87,45.0,-0.353,-34.38,0.481,0.1964,162.5,82.5,1.97,56,-2081.8,0.0,0.39,,,,,
1,1.75,0.8,12,8,6,1.0,0.0,0.87,45.0,-0.317,-35.21,0.488,0.2167,154.81,87.77,1.764,60,-2280.5,0.0,0.39,,,,,
1,1.75,0.8,16,8,6,1.0,0.0,0.87,45.0,-0.319,-34.79,0.497,0.1833,187.5,84.69,2.214,60,-2255.5,0.0,0.39,,,,,
1,1.5,0.5,12,4,4,0.3,0.001,0.896,27.0,-0.17,-15.65,0.727,0.2342,178.37,75.0,2.378,111,-2048.3,0.001,0.389,,,,,
1,1.5,0.65,8,6,6,0.5,0.002,0.921,29.5,-0.119,-14.38,0.75,0.4524,95.39,105.07,0.908,126,-2165.3,0.0021,0.3886,,,,,
1,1.75,0.65,12,6,4,0.5,0.0,0.871,45.0,-0.327,-31.76,0.473,0.1967,144.79,75.0,1.931,61,-2108.3,0.0,0.387,,,,,
1,1.75,0.65,20,6,10,0.5,0.0,0.871,45.0,-0.338,-38.73,0.523,0.1765,240.28,98.51,2.439,51,-2117.8,0.0,0.387,,,,,
1,1.75,0.8,16,8,10,0.5,0.0,0.871,45.0,-0.293,-38.48,0.563,0.2549,194.23,118.09,1.645,51,-2105.3,0.0,0.387,,,,,
1,1.75,0.8,20,8,4,0.5,0.0,0.871,45.0,-0.336,-33.47,0.478,0.129,237.5,73.61,3.226,62,-2248.6,0.0,0.387,,,,,
2,1.75,0.8,12,10,4,0.15,0.0,0.861,45.0,-0.343,-61.76,0.444,0.1765,279.17,134.82,2.071,34,-2290.4,0.0016,0.3854,,,,,
2,1.75,0.35,20,4,4,1.0,0.004,0.976,19.0,-0.354,-52.63,0.533,0.1053,570.83,125.98,4.531,57,-3319.2,0.0037,0.3852,,,,,
1,1.5,0.35,12,6,10,0.5,0.0,0.872,45.0,-0.173,-14.4,0.743,0.2768,150.4,77.47,1.941,112,-1926.1,0.0,0.384,,,,,
1,1.5,0.35,20,6,4,0.15,0.0,0.872,45.0,-0.389,-25.36,0.498,0.087,289.58,55.36,5.231,69,-1943.2,0.0,0.384,,,,,
1,1.5,0.5,12,10,8,0.15,0.0,0.872,45.0,-0.277,-26.61,0.558,0.3,111.9,85.97,1.302,70,-2058.5,0.0,0.384,,,,,
1,1.75,0.8,20,10,6,0.5,0.0,0.872,45.0,-0.34,-35.78,0.483,0.1379,242.19,80.25,3.018,58,-2237.4,0.0,0.384,,,,,
2,2.0,0.8,16,8,6,0.5,0.0,0.872,45.0,-0.49,-101.25,0.243,0.1,325.0,148.61,2.187,20,-2137.0,0.0,0.384,,,,,
2,2.0,0.8,16,8,6,1.0,0.0,0.872,45.0,-0.49,-101.25,0.243,0.1,325.0,148.61,2.187,20,-2137.0,0.0,0.384,,,,,
2,1.75,0.35,16,4,4,0.5,0.002,0.912,26.0,-0.227,-35.0,0.687,0.1636,469.44,133.7,3.511,55,-2233.0,0.0038,0.3827,,,,,
1,1.5,0.35,16,6,8,1.0,0.002,0.914,17.5,-0.174,-13.87,0.752,0.2185,192.31,71.51,2.689,119,-1983.2,0.0035,0.3822,,,,,
2,1.75,0.65,20,4,10,0.5,0.004,0.974,15.5,-0.299,-68.63,0.577,0.1765,530.56,197.02,2.693,51,-3785.6,0.0042,0.3819,,,,,
1,1.5,0.5,12,4,4,0.15,0.0,0.873,45.0,-0.295,-25.53,0.557,0.1972,162.5,71.71,2.266,71,-2011.3,0.0,0.381,,,,,
1,1.75,0.8,20,6,4,0.5,0.0,0.873,45.0,-0.334,-33.27,0.481,0.129,239.06,73.61,3.248,62,-2236.1,0.0,0.381,,,,,
2,1.75,0.35,16,10,6,0.5,0.004,0.976,20.8,-0.326,-50.46,0.548,0.1667,366.67,133.89,2.739,54,-3027.4,0.004,0.3808,,,,,
1,1.75,0.5,20,8,8,1.0,0.0,0.874,45.0,-0.368,-34.38,0.488,0.125,262.5,76.79,3.419,56,-2081.8,0.0,0.378,,,,,
1,1.75,0.8,12,6,4,0.3,0.0,0.874,45.0,-0.369,-37.99,0.402,0.1961,130.0,78.96,1.646,51,-2080.3,0.0,0.378,,,,,
1,1.75,0.8,20,10,10,0.3,0.0,0.874,45.0,-0.409,-50.3,0.433,0.1667,230.36,106.43,2.164,42,-2230.1,0.0,0.378,,,,,
2,2.0,0.8,20,10,4,0.5,0.0,0.874,45.0,-0.542,-101.25,0.156,0.05,375.0,126.32,2.969,20,-2137.0,0.0,0.378,,,,,
2,2.0,0.8,20,10,4,1.0,0.0,0.874,45.0,-0.542,-101.25,0.156,0.05,375.0,126.32,2.969,20,-2137.0,0.0,0.378,,,,,
2,1.5,0.35,12,8,8,0.3,0.004,0.973,18.2,-0.183,-29.21,0.736,0.2475,329.0,147.04,2.237,101,-3515.6,0.0046,0.3766,,,,,
1,1.5,0.8,12,6,4,1.0,0.002,0.925,20.0,-0.131,-13.8,0.755,0.2741,155.41,77.68,2.001,135,-2240.5,0.0022,0.3758,,,,,
1,1.5,0.8,20,10,4,0.15,0.0,0.875,45.0,-0.278,-25.34,0.536,0.1351,216.25,63.09,3.428,74,-2082.2,0.0,0.375,,,,,
2,1.75,0.35,16,4,8,0.5,0.002,0.925,30.0,-0.26,-42.16,0.65,0.1765,444.44,146.43,3.035,51,-2435.6,0.0022,0.3743,,,,,
2,1.5,0.35,8,4,6,0.5,0.004,0.985,22.8,-0.14,-23.74,0.773,0.3445,234.76,159.62,1.471,119,-3491.4,0.0029,0.3741,,,,,
2,1.75,0.35,16,4,10,0.5,0.002,0.925,30.0,-0.265,-43.5,0.648,0.18,444.44,150.61,2.951,50,-2455.0,0.0023,0.3735,,,,,
2,1.75,0.8,16,6,6,0.3,0.003,0.95,25.0,-0.275,-59.38,0.568,0.1875,416.67,169.23,2.462,48,-3118.8,0.0035,0.3703,,,,,
2,1.5,0.35,8,4,6,0.15,0.003,0.954,32.3,-0.226,-34.42,0.657,0.3043,216.67,144.27,1.502,69,-2761.4,0.0029,0.3701,,,,,
1,1.5,0.35,8,6,4,0.3,0.0,0.877,45.0,-0.2,-15.68,0.689,0.2925,118.55,71.17,1.666,106,-1959.3,0.0,0.369,,,,,
1,1.5,0.35,12,10,8,0.3,0.0,0.877,45.0,-0.222,-17.7,0.68,0.2475,152.0,73.52,2.067,101,-2070.3,0.0,0.369,,,,,
1,1.75,0.8,12,4,10,0.3,0.0,0.877,45.0,-0.361,-47.92,0.451,0.2857,137.5,122.08,1.126,42,-2130.1,0.0,0.369,,,,,
2,1.75,0.8,12,10,10,0.15,0.0,0.877,45.0,-0.348,-80.56,0.47,0.2593,275.0,205.0,1.341,27,-2326.2,0.0,0.369,,,,,
1,1.2,0.35,12,6,4,0.5,0.004,0.987,26.5,-0.157,-12.39,0.763,0.2533,157.46,70.01,2.249,225,-3417.5,0.0029,0.3687,,,,,
2,1.75,0.8,20,4,6,0.5,0.004,0.973,24.8,-0.311,-65.52,0.526,0.1379,528.12,160.5,3.29,58,-4124.8,0.005,0.3683,,,,,
1,1.5,0.35,16,10,8,1.0,0.001,0.903,40.0,-0.173,-13.76,0.754,0.2185,192.79,71.51,2.696,119,-1970.7,0.001,0.368,,,,,
2,1.75,0.8,12,8,8,0.3,0.003,0.95,25.7,-0.25,-62.22,0.596,0.2889,317.31,216.41,1.466,45,-3052.0,0.0037,0.3675,,,,,
2,1.75,0.65,20,6,8,1.0,0.004,0.981,16.0,-0.3,-64.47,0.559,0.1579,516.67,173.44,2.979,57,-3994.2,0.0039,0.3671,,,,,
1,1.75,0.5,20,6,8,1.0,0.0,0.878,45.0,-0.371,-34.6,0.485,0.125,260.71,76.79,3.395,56,-2094.3,0.0,0.366,,,,,
1,1.75,0.65,16,10,4,1.0,0.0,0.878,45.0,-0.335,-32.34,0.471,0.1746,164.77,74.04,2.226,63,-2213.9,0.0,0.366,,,,,
1,1.75,0.8,20,8,6,0.5,0.0,0.878,45.0,-0.346,-36.42,0.474,0.1379,237.5,80.25,2.96,58,-2274.9,0.0,0.366,,,,,
2,2.0,0.5,20,6,4,0.5,0.0,0.878,45.0,-0.56,-98.75,0.194,0.05,475.0,128.95,3.684,20,-2087.0,0.0,0.366,,,,,
2,2.0,0.5,20,6,4,1.0,0.0,0.878,45.0,-0.56,-98.75,0.194,0.05,475.0,128.95,3.684,20,-2087.0,0.0,0.366,,,,,
1,1.5,0.5,12,10,8,0.3,0.0,0.872,45.0,-0.155,-15.95,0.747,0.3143,149.62,91.84,1.629,105,-1969.0,0.0009,0.3657,,,,,
2,1.75,0.35,16,10,8,0.5,0.004,0.981,12.0,-0.372,-60.29,0.5,0.1765,341.67,146.43,2.333,51,-3360.6,0.004,0.365,,,,,
1,1.2,0.35,16,6,4,0.5,0.004,0.988,22.5,-0.172,-13.17,0.75,0.2143,184.11,66.97,2.749,224,-3577.2,0.003,0.364,,,,,
1,1.5,0.5,16,10,4,0.5,0.002,0.929,26.0,-0.168,-15.2,0.735,0.2,211.0,71.75,2.941,125,-2250.0,0.0022,0.3638,,,,,
2,1.75,0.5,20,4,10,1.0,0.004,0.985,13.0,-0.377,-74.52,0.497,0.1346,546.43,171.11,3.193,52,-4166.2,0.0035,0.3637,,,,,
2,1.5,0.35,12,6,10,0.3,0.004,0.985,21.8,-0.199,-32.32,0.715,0.2525,321.0,151.69,2.116,99,-3754.4,0.0035,0.3632,,,,,
1,1.5,0.35,12,6,6,0.3,0.0,0.879,45.0,-0.216,-16.47,0.689,0.2212,164.67,67.9,2.425,104,-2003.7,0.0,0.363,,,,,
2,1.75,0.35,8,4,4,0.5,0.001,0.899,24.0,-0.177,-30.0,0.723,0.3091,252.94,156.58,1.615,55,-1958.0,0.0019,0.3626,,,,,
2,1.75,0.8,20,10,6,0.15,0.0,0.869,45.0,-0.383,-73.39,0.42,0.129,412.5,145.37,2.838,31,-2448.6,0.0016,0.3614,,,,,
1,1.5,0.35,12,8,4,0.3,0.0,0.88,45.0,-0.229,-16.9,0.671,0.2,172.02,64.14,2.682,105,-2069.0,0.0,0.36,,,,,
1,1.75,0.35,12,8,8,1.0,0.0,0.88,45.0,-0.416,-34.2,0.425,0.2075,121.59,75.0,1.621,53,-1960.9,0.0,0.36,,,,,
1,1.75,0.8,8,6,4,1.0,0.0,0.88,45.0,-0.276,-32.23,0.479,0.3594,82.61,96.65,0.855,64,-2241.7,0.0,0.36,,,,,
2,1.75,0.5,16,10,6,0.3,0.002,0.927,33.0,-0.287,-53.8,0.57,0.1957,363.89,155.41,2.342,46,-2732.6,0.0027,0.3595,,,,,
2,1.75,0.8,16,4,8,1.0,0.003,0.954,19.3,-0.222,-53.95,0.657,0.2281,453.85,203.98,2.225,57,-3394.2,0.0035,0.3592,,,,,
2,1.5,0.35,8,4,4,0.5,0.004,0.986,18.2,-0.16,-26.26,0.747,0.3109,249.32,150.61,1.655,119,-3791.4,0.0036,0.3588,,,,,
2,1.75,0.65,16,4,10,1.0,0.003,0.955,36.7,-0.224,-53.77,0.665,0.2453,434.62,212.5,2.045,53,-3146.8,0.0034,0.3587,,,,,
2,1.75,0.65,16,8,6,0.5,0.003,0.943,30.7,-0.24,-47.41,0.618,0.1897,404.55,153.19,2.641,58,-3074.8,0.0052,0.3584,,,,,
2,1.5,0.35,12,8,10,0.3,0.004,0.978,18.0,-0.187,-30.3,0.733,0.2525,329.0,151.69,2.169,99,-3554.4,0.0048,0.357,,,,,
2,1.75,0.8,20,6,10,0.15,0.0,0.881,45.0,-0.368,-79.63,0.485,0.1481,506.25,181.52,2.789,27,-2301.2,0.0,0.357,,,,,
1,1.2,0.5,16,8,6,0.15,0.002,0.932,25.0,-0.142,-12.58,0.776,0.2424,179.38,74.0,2.424,165,-2537.0,0.0021,0.3564,,,,,
1,1.5,0.65,16,10,4,0.15,0.0,0.873,45.0,-0.27,-24.66,0.564,0.1892,168.75,69.79,2.418,74,-2032.2,0.0013,0.3552,,,,,
1,1.2,0.35,12,8,6,0.5,0.004,0.99,20.0,-0.182,-14.62,0.731,0.2589,153.66,73.42,2.093,224,-3902.2,0.0032,0.3548,,,,,
1,1.5,0.35,20,10,6,0.15,0.0,0.882,45.0,-0.389,-25.91,0.5,0.1014,255.36,57.66,4.429,69,-1980.7,0.0,0.354,,,,,
1,1.75,0.35,20,10,10,0.3,0.0,0.882,45.0,-0.573,-44.94,0.281,0.0952,184.38,69.08,2.669,42,-2005.1,0.0,0.354,,,,,
1,1.75,0.65,20,10,10,0.5,0.0,0.882,45.0,-0.334,-38.24,0.529,0.1765,243.06,98.51,2.467,51,-2092.8,0.0,0.354,,,,,
1,1.75,0.8,16,10,10,0.5,0.0,0.882,45.0,-0.299,-39.22,0.554,0.2549,191.35,118.09,1.62,51,-2142.8,0.0,0.354,,,,,
2,1.75,0.8,12,6,6,0.15,0.0,0.882,45.0,-0.397,-79.03,0.368,0.1935,237.5,155.0,1.532,31,-2623.6,0.0,0.354,,,,,
2,2.0,0.35,12,4,4,0.5,0.0,0.882,45.0,-0.55,-97.5,0.304,0.1,425.0,155.56,2.732,20,-2062.0,0.0,0.354,,,,,
2,2.0,0.35,12,4,4,1.0,0.0,0.882,45.0,-0.55,-97.5,0.304,0.1,425.0,155.56,2.732,20,-2062.0,0.0,0.354,,,,,
2,2.0,0.35,12,4,6,0.5,0.0,0.882,45.0,-0.55,-97.5,0.304,0.1,425.0,155.56,2.732,20,-2062.0,0.0,0.354,,,,,
2,2.0,0.35,12,4,6,1.0,0.0,0.882,45.0,-0.55,-97.5,0.304,0.1,425.0,155.56,2.732,20,-2062.0,0.0,0.354,,,,,
2,2.0,0.35,16,4,4,0.5,0.0,0.882,45.0,-0.55,-97.5,0.304,0.1,425.0,155.56,2.732,20,-2062.0,0.0,0.354,,,,,
2,2.0,0.35,16,4,4,1.0,0.0,0.882,45.0,-0.55,-97.5,0.304,0.1,425.0,155.56,2.732,20,-2062.0,0.0,0.354,,,,,
2,2.0,0.35,16,4,6,0.5,0.0,0.882,45.0,-0.55,-97.5,0.304,0.1,425.0,155.56,2.732,20,-2062.0,0.0,0.354,,,,,
2,2.0,0.35,16,4,6,1.0,0.0,0.882,45.0,-0.55,-97.5,0.304,0.1,425.0,155.56,2.732,20,-2062.0,0.0,0.354,,,,,
2,1.5,0.35,12,6,6,0.3,0.004,0.986,19.0,-0.216,-32.93,0.689,0.2212,329.35,135.8,2.425,104,-4007.4,0.0039,0.3513,,,,,
2,1.75,0.5,12,8,4,0.5,0.003,0.937,28.3,-0.247,-45.61,0.622,0.2105,356.25,152.78,2.332,57,-2919.2,0.0064,0.3512,,,,,
1,1.75,0.65,12,6,8,1.0,0.0,0.883,45.0,-0.297,-34.43,0.518,0.2807,132.03,99.39,1.328,57,-2122.1,0.0,0.351,,,,,
1,1.75,0.65,20,8,10,0.5,0.0,0.883,45.0,-0.344,-39.46,0.514,0.1765,236.11,98.51,2.397,51,-2155.3,0.0,0.351,,,,,
1,1.75,0.8,12,10,10,0.3,0.0,0.883,45.0,-0.368,-48.81,0.44,0.2857,134.38,122.08,1.101,42,-2167.6,0.0,0.351,,,,,
2,1.75,0.5,16,6,6,0.3,0.002,0.893,20.5,-0.232,-43.48,0.652,0.1957,416.67,155.41,2.681,46,-2257.6,0.0082,0.3509,,,,,
2,1.75,0.8,20,10,4,0.15,0.0,0.867,45.0,-0.367,-63.97,0.431,0.1176,412.5,127.5,3.235,34,-2365.4,0.0024,0.3507,,,,,
1,1.2,0.5,20,8,4,0.15,0.002,0.934,29.0,-0.156,-12.88,0.757,0.1818,220.83,64.81,3.407,165,-2587.0,0.0021,0.3504,,,,,
1,1.5,0.65,8,6,4,0.3,0.001,0.904,33.0,-0.14,-15.3,0.728,0.3707,110.47,89.38,1.236,116,-2099.8,0.0017,0.3504,,,,,
1,1.5,0.5,16,10,4,0.3,0.001,0.909,16.0,-0.19,-17.12,0.704,0.1982,205.68,72.19,2.849,111,-2210.8,0.001,0.35,,,,,
2,1.75,0.8,16,8,4,0.3,0.003,0.951,25.7,-0.272,-55.39,0.565,0.1765,408.33,154.76,2.638,51,-3110.6,0.0044,0.3493,,,,,
1,1.5,0.35,12,10,10,1.0,0.0,0.884,45.0,-0.178,-14.85,0.735,0.2821,145.83,77.98,1.87,117,-2065.1,0.0,0.348,,,,,
1,1.5,0.65,12,8,4,0.15,0.0,0.884,45.0,-0.276,-25.84,0.539,0.2297,131.62,72.81,1.808,74,-2119.7,0.0,0.348,,,,,
1,1.75,0.35,12,6,8,1.0,0.0,0.884,45.0,-0.41,-33.73,0.433,0.2075,123.86,75.0,1.652,53,-1935.9,0.0,0.348,,,,,
1,1.75,0.35,16,8,8,1.0,0.0,0.884,45.0,-0.42,-33.73,0.437,0.1698,154.17,72.16,2.136,53,-1935.9,0.0,0.348,,,,,
1,1.75,0.35,16,8,10,1.0,0.0,0.884,45.0,-0.426,-34.62,0.435,0.1731,154.17,74.13,2.08,52,-1945.6,0.0,0.348,,,,,
1,1.75,0.8,20,10,8,0.5,0.0,0.884,45.0,-0.326,-37.95,0.521,0.1636,252.78,94.84,2.665,55,-2241.5,0.0,0.348,,,,,
2,2.0,0.8,12,10,6,0.5,0.0,0.884,45.0,-0.477,-101.25,0.236,0.15,208.33,155.88,1.336,20,-2137.0,0.0,0.348,,,,,
2,2.0,0.8,12,10,6,1.0,0.0,0.884,45.0,-0.477,-101.25,0.236,0.15,208.33,155.88,1.336,20,-2137.0,0.0,0.348,,,,,
1,1.5,0.35,8,4,4,1.0,0.0,0.885,45.0,-0.161,-13.31,0.746,0.3089,126.64,75.88,1.669,123,-1981.9,0.0,0.345,,,,,
1,1.75,0.8,12,4,4,1.0,0.0,0.885,45.0,-0.317,-33.2,0.48,0.2031,150.96,80.15,1.884,64,-2304.2,0.0,0.345,,,,,
1,1.75,0.8,20,6,6,1.0,0.0,0.885,45.0,-0.347,-36.67,0.475,0.1333,248.44,80.53,3.085,60,-2368.0,0.0,0.345,,,,,
1,1.75,0.8,20,6,8,0.5,0.0,0.885,45.0,-0.33,-38.41,0.516,0.1636,250.0,94.84,2.636,55,-2266.5,0.0,0.345,,,,,
1,1.75,0.8,20,8,8,0.5,0.0,0.885,45.0,-0.336,-39.09,0.507,0.1636,245.83,94.84,2.592,55,-2304.0,0.0,0.345,,,,,
1,1.5,0.35,16,6,6,1.0,0.002,0.937,26.0,-0.206,-15.88,0.709,0.1967,196.35,67.86,2.894,122,-2279.1,0.002,0.343,,,,,
2,1.75,0.65,16,6,4,0.3,0.002,0.916,24.0,-0.244,-46.5,0.617,0.18,416.67,148.17,2.812,50,-2605.0,0.0052,0.3424,,,,,
1,1.5,0.65,20,10,4,0.15,0.0,0.886,45.0,-0.313,-26.88,0.511,0.1233,227.78,62.7,3.633,73,-2166.9,0.0,0.342,,,,,
1,1.5,0.8,12,10,4,0.15,0.0,0.886,45.0,-0.254,-25.17,0.519,0.28,97.02,72.69,1.335,75,-2097.5,0.0,0.342,,,,,
1,1.5,0.8,20,10,6,0.15,0.0,0.886,45.0,-0.261,-26.03,0.579,0.1644,217.71,73.98,2.943,73,-2104.4,0.0,0.342,,,,,
1,1.75,0.8,20,10,4,1.0,0.0,0.886,45.0,-0.334,-33.4,0.485,0.125,251.56,74.11,3.395,64,-2316.7,0.0,0.342,,,,,
2,2.0,0.5,16,8,6,0.5,0.0,0.886,45.0,-0.527,-101.25,0.243,0.1,325.0,148.61,2.187,20,-2137.0,0.0,0.342,,,,,
2,2.0,0.5,16,8,6,1.0,0.0,0.886,45.0,-0.527,-101.25,0.243,0.1,325.0,148.61,2.187,20,-2137.0,0.0,0.342,,,,,
2,1.75,0.35,16,6,6,0.3,0.001,0.898,33.0,-0.286,-43.33,0.598,0.1556,414.29,127.63,3.246,45,-2202.0,0.0031,0.3414,,,,,
2,1.75,0.5,8,4,4,0.3,0.001,0.901,20.0,-0.212,-43.62,0.64,0.3404,228.12,183.87,1.241,47,-2313.2,0.0026,0.3411,,,,,
1,1.5,0.35,12,10,10,0.3,0.0,0.887,45.0,-0.226,-18.31,0.677,0.2525,152.0,75.84,2.004,99,-2089.7,0.0,0.339,,,,,
1,1.5,0.35,12,10,10,0.5,0.0,0.887,45.0,-0.187,-15.51,0.723,0.2768,146.37,77.47,1.889,112,-2051.1,0.0,0.339,,,,,
1,1.75,0.5,20,4,10,1.0,0.0,0.887,45.0,-0.377,-37.26,0.497,0.1346,273.21,85.56,3.193,52,-2083.1,0.0,0.339,,,,,
1,1.75,0.8,20,6,6,0.5,0.0,0.887,45.0,-0.344,-36.21,0.477,0.1379,239.06,80.25,2.979,58,-2262.4,0.0,0.339,,,,,
1,1.5,0.5,16,8,4,1.0,0.002,0.937,30.5,-0.169,-15.31,0.734,0.2016,209.62,72.09,2.908,129,-2336.2,0.0022,0.3383,,,,,
2,1.75,0.8,20,8,8,1.0,0.004,0.99,17.0,-0.339,-78.95,0.504,0.1579,508.33,189.06,2.689,57,-4819.2,0.004,0.338,,,,,
2,1.75,0.8,20,4,10,1.0,0.004,0.988,19.2,-0.341,-84.91,0.523,0.1698,547.22,214.2,2.555,53,-4796.8,0.0044,0.3364,,,,,
1,1.5,0.65,12,10,4,1.0,0.002,0.939,28.0,-0.154,-15.58,0.726,0.2612,158.21,77.02,2.054,134,-2462.7,0.002,0.3362,,,,,
1,1.5,0.35,12,4,6,1.0,0.0,0.888,45.0,-0.177,-14.04,0.742,0.2377,169.83,71.37,2.38,122,-2054.1,0.0,0.336,,,,,
1,1.75,0.35,12,8,10,1.0,0.0,0.888,45.0,-0.422,-35.1,0.423,0.2115,121.59,77.13,1.576,52,-1970.6,0.0,0.336,,,,,
1,1.75,0.8,8,6,6,1.0,0.0,0.888,45.0,-0.29,-35.83,0.464,0.3667,84.66,105.59,0.802,60,-2318.0,0.0,0.336,,,,,
2,2.0,0.65,16,10,6,0.5,0.0,0.888,45.0,-0.506,-100.0,0.216,0.1,275.0,141.67,1.941,20,-2112.0,0.0,0.336,,,,,
2,2.0,0.65,16,10,6,1.0,0.0,0.888,45.0,-0.506,-100.0,0.216,0.1,275.0,141.67,1.941,20,-2112.0,0.0,0.336,,,,,
1,1.2,0.35,16,8,6,1.0,0.004,0.993,21.0,-0.195,-15.35,0.723,0.2193,182.75,71.0,2.574,228,-4138.4,0.0037,0.3342,,,,,
1,1.5,0.5,12,4,4,0.5,0.001,0.913,18.0,-0.154,-14.3,0.749,0.24,177.5,74.87,2.371,125,-2137.5,0.0012,0.3335,,,,,
1,1.5,0.5,16,10,4,0.15,0.0,0.889,45.0,-0.327,-27.64,0.524,0.1549,196.59,68.75,2.86,71,-2161.3,0.0,0.333,,,,,
1,1.75,0.35,20,6,8,0.5,0.0,0.889,45.0,-0.477,-37.01,0.396,0.098,247.5,67.93,3.643,51,-2030.3,0.0,0.333,,,,,
1,1.75,0.35,20,6,10,0.5,0.0,0.889,45.0,-0.484,-38.0,0.394,0.1,247.5,69.72,3.55,50,-2040.0,0.0,0.333,,,,,
2,1.75,0.8,12,4,10,0.15,0.0,0.889,45.0,-0.388,-89.81,0.409,0.2593,239.29,205.0,1.167,27,-2576.2,0.0,0.333,,,,,
2,1.75,0.8,12,6,4,0.15,0.0,0.889,45.0,-0.384,-69.12,0.377,0.1765,237.5,134.82,1.762,34,-2540.4,0.0,0.333,,,,,
2,2.0,0.65,20,4,6,0.5,0.0,0.889,45.0,-0.533,-102.5,0.204,0.05,525.0,135.53,3.874,20,-2162.0,0.0,0.333,,,,,
2,2.0,0.65,20,4,6,1.0,0.0,0.889,45.0,-0.533,-102.5,0.204,0.05,525.0,135.53,3.874,20,-2162.0,0.0,0.333,,,,,
1,1.5,0.5,12,4,4,1.0,0.001,0.91,19.0,-0.141,-13.18,0.769,0.2481,176.56,75.77,2.33,129,-2061.2,0.0017,0.3324,,,,,
2,1.5,0.65,12,10,4,0.3,0.004,0.993,12.5,-0.21,-41.74,0.636,0.2435,299.11,151.44,1.975,115,-5444.0,0.0038,0.3324,,,,,
1,1.75,0.35,12,6,10,1.0,0.0,0.89,45.0,-0.416,-34.62,0.431,0.2115,123.86,77.13,1.606,52,-1945.6,0.0,0.33,,,,,
1,1.75,0.5,12,6,8,1.0,0.0,0.89,45.0,-0.357,-35.49,0.461,0.2321,130.77,85.76,1.525,56,-2144.3,0.0,0.33,,,,,
1,1.75,0.5,12,6,10,0.3,0.0,0.89,45.0,-0.45,-47.26,0.365,0.2195,123.61,95.31,1.297,41,-2052.3,0.0,0.33,,,,,
2,1.2,0.35,16,8,6,0.15,0.004,0.996,19.5,-0.2,-27.78,0.714,0.2037,340.91,122.09,2.792,162,-5407.2,0.0035,0.3293,,,,,
2,1.75,0.65,16,8,10,0.5,0.003,0.968,24.0,-0.254,-61.27,0.618,0.2549,388.46,215.13,1.806,51,-3410.6,0.0029,0.3293,,,,,
2,1.75,0.5,12,10,8,0.5,0.003,0.963,26.0,-0.283,-56.02,0.575,0.2222,341.67,169.64,2.014,54,-3327.4,0.0037,0.329,,,,,
2,1.75,0.65,20,8,10,0.3,0.003,0.968,22.0,-0.352,-78.57,0.509,0.1667,489.29,192.14,2.546,42,-3535.2,0.0029,0.3287,,,,,
2,1.5,0.5,20,10,4,0.15,0.004,0.995,22.5,-0.409,-66.9,0.431,0.0986,514.29,130.47,3.942,71,-5147.6,0.0037,0.3282,,,,,
1,1.5,0.35,16,4,4,1.0,0.001,0.91,27.0,-0.171,-12.91,0.759,0.1803,225.0,65.25,3.448,122,-1916.6,0.002,0.327,,,,,
1,1.75,0.5,12,10,8,1.0,0.0,0.891,45.0,-0.359,-35.71,0.458,0.2321,129.81,85.76,1.514,56,-2156.8,0.0,0.327,,,,,
1,1.75,0.8,20,8,6,1.0,0.0,0.891,45.0,-0.349,-36.88,0.472,0.1333,246.88,80.53,3.066,60,-2380.5,0.0,0.327,,,,,
2,1.5,0.5,20,10,6,0.15,0.004,0.994,18.5,-0.361,-61.62,0.499,0.1268,483.33,140.73,3.435,71,-4772.6,0.004,0.3268,,,,,
1,1.5,0.5,12,8,6,0.3,0.0,0.892,45.0,-0.18,-17.32,0.71,0.2661,159.05,81.25,1.958,109,-2192.7,0.0,0.324,,,,,
1,1.75,0.65,12,10,4,1.0,0.0,0.892,45.0,-0.341,-33.53,0.448,0.2063,131.73,76.5,1.722,63,-2288.9,0.0,0.324,,,,,
1,1.75,0.8,12,4,8,1.0,0.0,0.892,45.0,-0.295,-37.06,0.525,0.2807,146.09,108.54,1.346,57,-2272.1,0.0,0.324,,,,,
1,1.75,0.8,20,4,10,0.5,0.0,0.892,45.0,-0.338,-42.16,0.526,0.1765,265.28,108.04,2.455,51,-2292.8,0.0,0.324,,,,,
1,1.75,0.8,20,8,4,1.0,0.0,0.892,45.0,-0.339,-33.98,0.476,0.125,246.88,74.11,3.331,64,-2354.2,0.0,0.324,,,,,
2,1.75,0.35,20,4,6,0.3,0.002,0.931,17.0,-0.342,-50.56,0.536,0.1111,525.0,122.5,4.286,45,-2527.0,0.0039,0.324,,,,,
2,1.75,0.5,12,8,8,0.3,0.002,0.931,27.0,-0.276,-55.11,0.587,0.2273,345.0,172.79,1.997,44,-2671.4,0.0039,0.324,,,,,
2,2.0,0.5,12,10,6,0.5,0.0,0.892,45.0,-0.512,-101.25,0.236,0.15,208.33,155.88,1.336,20,-2137.0,0.0,0.324,,,,,
2,2.0,0.5,12,10,6,1.0,0.0,0.892,45.0,-0.512,-101.25,0.236,0.15,208.33,155.88,1.336,20,-2137.0,0.0,0.324,,,,,
1,1.2,0.5,12,8,6,0.15,0.002,0.944,20.5,-0.145,-13.48,0.755,0.3133,132.93,80.26,1.656,166,-2702.3,0.002,0.322,,,,,
1,1.5,0.35,20,10,4,0.15,0.0,0.893,45.0,-0.403,-26.27,0.48,0.087,279.17,55.36,5.043,69,-2005.7,0.0,0.321,,,,,
1,1.75,0.5,20,8,10,0.5,0.0,0.893,45.0,-0.411,-40.75,0.451,0.14,239.29,86.34,2.772,50,-2177.5,0.0,0.321,,,,,
2,2.0,0.8,16,10,6,0.5,0.0,0.893,45.0,-0.514,-106.25,0.206,0.1,275.0,148.61,1.85,20,-2237.0,0.0,0.321,,,,,
2,2.0,0.8,16,10,6,1.0,0.0,0.893,45.0,-0.514,-106.25,0.206,0.1,275.0,148.61,1.85,20,-2237.0,0.0,0.321,,,,,
1,1.5,0.65,12,8,4,0.3,0.001,0.918,14.0,-0.174,-17.28,0.698,0.2435,164.29,75.72,2.17,115,-2309.5,0.0012,0.3185,,,,,
2,1.75,0.5,16,6,8,0.5,0.002,0.941,33.5,-0.244,-47.69,0.64,0.2037,415.91,166.28,2.501,54,-2877.4,0.0026,0.3181,,,,,
1,1.5,0.35,8,6,4,0.15,0.0,0.894,45.0,-0.377,-27.17,0.46,0.2319,100.0,65.57,1.525,69,-2068.2,0.0,0.318,,,,,
1,1.75,0.8,12,4,6,1.0,0.0,0.894,45.0,-0.324,-36.04,0.476,0.2167,150.96,87.77,1.72,60,-2330.5,0.0,0.318,,,,,
1,1.75,0.8,20,10,6,1.0,0.0,0.894,45.0,-0.343,-36.25,0.481,0.1333,251.56,80.53,3.124,60,-2343.0,0.0,0.318,,,,,
1,1.5,0.35,16,6,4,0.5,0.002,0.946,27.5,-0.229,-17.16,0.676,0.178,201.19,64.43,3.122,118,-2355.4,0.002,0.316,,,,,
2,1.5,0.8,12,10,6,0.15,0.004,0.981,13.5,-0.192,-43.24,0.633,0.3514,212.5,181.77,1.169,74,-3614.4,0.0065,0.3154,,,,,
1,1.5,0.65,12,10,6,0.3,0.0,0.895,45.0,-0.158,-16.63,0.723,0.2857,151.56,83.91,1.806,112,-2176.1,0.0,0.315,,,,,
1,1.75,0.35,16,10,6,1.0,0.0,0.895,45.0,-0.427,-32.81,0.41,0.1607,141.67,66.22,2.139,56,-1994.3,0.0,0.315,,,,,
1,1.75,0.35,20,6,8,1.0,0.0,0.895,45.0,-0.468,-36.08,0.407,0.0943,262.5,67.19,3.907,53,-2060.9,0.0,0.315,,,,,
1,1.75,0.5,20,6,10,0.5,0.0,0.895,45.0,-0.413,-41.0,0.448,0.14,237.5,86.34,2.751,50,-2190.0,0.0,0.315,,,,,
1,1.75,0.5,20,10,10,0.5,0.0,0.895,45.0,-0.398,-39.5,0.468,0.14,248.21,86.34,2.875,50,-2115.0,0.0,0.315,,,,,
1,1.75,0.65,20,6,10,1.0,0.0,0.895,45.0,-0.341,-38.92,0.52,0.1698,248.61,97.73,2.544,53,-2210.9,0.0,0.315,,,,,
2,1.75,0.65,16,4,6,1.0,0.002,0.933,30.5,-0.225,-44.58,0.645,0.1833,440.91,153.57,2.871,60,-3011.0,0.004,0.3146,,,,,
1,1.5,0.65,12,6,4,0.3,0.001,0.921,24.0,-0.178,-17.72,0.691,0.2435,162.5,75.72,2.146,115,-2359.5,0.001,0.314,,,,,
2,1.75,0.5,8,4,4,1.0,0.001,0.905,33.0,-0.169,-35.17,0.699,0.3729,219.32,186.49,1.176,59,-2405.4,0.0034,0.3137,,,,,
2,1.75,0.5,20,8,4,0.5,0.003,0.968,27.7,-0.314,-55.7,0.545,0.1404,475.0,142.35,3.337,57,-3494.2,0.0037,0.3135,,,,,
1,1.75,0.8,12,6,4,0.5,0.0,0.896,45.0,-0.341,-35.28,0.443,0.1935,144.79,78.5,1.844,62,-2361.1,0.0,0.312,,,,,
2,1.75,0.8,16,6,8,1.0,0.003,0.973,17.7,-0.269,-65.35,0.585,0.2281,403.85,203.98,1.98,57,-4044.2,0.003,0.312,,,,,
1,1.5,0.35,16,10,4,0.5,0.001,0.922,14.0,-0.213,-16.0,0.698,0.178,207.74,64.43,3.224,118,-2217.9,0.001,0.311,,,,,
2,1.75,0.65,20,6,10,0.3,0.003,0.974,25.0,-0.354,-79.17,0.506,0.1667,485.71,192.14,2.528,42,-3560.2,0.0029,0.3107,,,,,
1,1.75,0.35,20,6,10,1.0,0.0,0.897,45.0,-0.476,-37.02,0.405,0.0962,262.5,68.88,3.811,52,-2070.6,0.0,0.309,,,,,
1,1.75,0.65,12,6,6,1.0,0.0,0.897,45.0,-0.346,-35.0,0.438,0.2167,125.96,79.52,1.584,60,-2268.0,0.0,0.309,,,,,
2,2.0,0.65,20,6,6,0.5,0.0,0.897,45.0,-0.546,-105.0,0.184,0.05,475.0,135.53,3.505,20,-2212.0,0.0,0.309,,,,,
2,2.0,0.65,20,6,6,1.0,0.0,0.897,45.0,-0.546,-105.0,0.184,0.05,475.0,135.53,3.505,20,-2212.0,0.0,0.309,,,,,
2,1.75,0.8,20,6,4,0.3,0.003,0.972,25.7,-0.327,-65.2,0.492,0.1373,460.71,148.86,3.095,51,-3610.6,0.0035,0.3057,,,,,
2,1.75,0.5,16,8,6,1.0,0.002,0.949,27.0,-0.274,-50.43,0.585,0.1897,375.0,150.0,2.5,58,-3249.8,0.0021,0.3054,,,,,
1,1.5,0.65,16,10,4,0.3,0.001,0.924,37.0,-0.181,-17.61,0.695,0.2087,192.19,72.94,2.635,115,-2347.0,0.001,0.305,,,,,
1,1.5,0.8,12,10,4,0.3,0.0,0.899,45.0,-0.156,-15.95,0.71,0.2672,145.97,75.0,1.946,116,-2174.8,0.0,0.303,,,,,
2,2.0,0.35,8,6,4,0.5,0.0,0.899,45.0,-0.541,-98.75,0.288,0.15,266.67,163.24,1.634,20,-2087.0,0.0,0.303,,,,,
2,2.0,0.35,8,6,4,1.0,0.0,0.899,45.0,-0.541,-98.75,0.288,0.15,266.67,163.24,1.634,20,-2087.0,0.0,0.303,,,,,
2,2.0,0.35,8,6,6,0.5,0.0,0.899,45.0,-0.541,-98.75,0.288,0.15,266.67,163.24,1.634,20,-2087.0,0.0,0.303,,,,,
2,2.0,0.35,8,6,6,1.0,0.0,0.899,45.0,-0.541,-98.75,0.288,0.15,266.67,163.24,1.634,20,-2087.0,0.0,0.303,,,,,
1,1.75,0.65,20,10,10,1.0,0.0,0.9,45.0,-0.336,-38.44,0.526,0.1698,251.39,97.73,2.572,53,-2185.9,0.0,0.3,,,,,
1,1.75,0.8,12,8,8,1.0,0.0,0.9,45.0,-0.296,-37.28,0.522,0.2807,145.31,108.54,1.339,57,-2284.6,0.0,0.3,,,,,
2,1.75,0.35,20,4,6,1.0,0.003,0.976,18.0,-0.344,-51.34,0.544,0.1071,570.83,126.0,4.53,56,-3188.6,0.0033,0.2977,,,,,
2,1.75,0.65,12,8,6,0.3,0.002,0.922,28.5,-0.254,-50.0,0.593,0.2083,350.0,155.26,2.254,48,-2668.8,0.0065,0.2974,,,,,
2,1.75,0.5,20,6,4,1.0,0.003,0.976,28.3,-0.313,-55.51,0.548,0.1356,496.88,142.16,3.495,59,-3605.4,0.0033,0.2972,,,,,
1,1.75,0.65,20,8,10,1.0,0.0,0.901,45.0,-0.347,-39.62,0.512,0.1698,244.44,97.73,2.501,53,-2248.4,0.0,0.297,,,,,
1,1.75,0.8,20,6,8,1.0,0.0,0.901,45.0,-0.334,-38.82,0.512,0.1579,258.33,94.53,2.733,57,-2372.1,0.0,0.297,,,,,
2,2.0,0.5,20,8,4,0.5,0.0,0.901,45.0,-0.575,-101.25,0.173,0.05,425.0,128.95,3.296,20,-2137.0,0.0,0.297,,,,,
2,2.0,0.5,20,8,4,1.0,0.0,0.901,45.0,-0.575,-101.25,0.173,0.05,425.0,128.95,3.296,20,-2137.0,0.0,0.297,,,,,
2,1.75,0.5,16,10,4,0.3,0.002,0.946,33.0,-0.297,-55.32,0.557,0.1915,363.89,154.61,2.354,47,-2863.2,0.003,0.296,,,,,
2,1.75,0.35,12,10,6,0.5,0.003,0.977,20.7,-0.346,-54.17,0.512,0.1852,307.5,136.36,2.255,54,-3227.4,0.0032,0.2957,,,,,
1,1.5,0.5,12,8,6,1.0,0.002,0.953,21.5,-0.19,-18.55,0.687,0.2778,146.79,82.14,1.787,126,-2690.3,0.002,0.295,,,,,
2,1.75,0.35,20,10,6,0.5,0.003,0.979,14.3,-0.407,-61.11,0.459,0.1111,466.67,127.08,3.672,54,-3602.4,0.003,0.2946,,,,,
2,1.75,0.65,16,8,4,0.3,0.002,0.923,28.5,-0.251,-48.0,0.605,0.18,408.33,148.17,2.756,50,-2680.0,0.0065,0.2946,,,,,
1,1.75,0.65,12,8,10,1.0,0.0,0.902,45.0,-0.305,-37.97,0.522,0.3019,137.5,113.85,1.208,53,-2160.9,0.0,0.294,,,,,
1,1.75,0.65,12,10,8,1.0,0.0,0.902,45.0,-0.314,-36.4,0.491,0.2807,125.0,99.39,1.258,57,-2234.6,0.0,0.294,,,,,
1,1.75,0.8,16,6,10,1.0,0.0,0.902,45.0,-0.313,-40.8,0.536,0.2453,192.31,116.56,1.65,53,-2310.9,0.0,0.294,,,,,
1,1.75,0.8,20,6,4,1.0,0.0,0.902,45.0,-0.337,-33.79,0.479,0.125,248.44,74.11,3.352,64,-2341.7,0.0,0.294,,,,,
2,1.75,0.65,20,6,6,0.3,0.002,0.94,29.5,-0.302,-57.29,0.54,0.1458,460.71,145.73,3.161,48,-3018.8,0.004,0.2936,,,,,
2,1.75,0.35,16,10,4,0.5,0.003,0.978,13.0,-0.336,-51.82,0.537,0.1636,366.67,133.7,2.743,55,-3158.0,0.0032,0.2927,,,,,
2,1.75,0.65,8,4,6,0.3,0.0,0.887,45.0,-0.204,-43.75,0.635,0.3333,228.12,179.69,1.27,48,-2368.8,0.0024,0.2907,,,,,
1,1.2,0.35,12,6,6,0.5,0.003,0.983,32.7,-0.148,-11.94,0.779,0.2634,160.17,73.48,2.18,224,-3302.2,0.0026,0.2904,,,,,
1,1.75,0.35,20,10,8,0.5,0.0,0.904,45.0,-0.486,-37.75,0.384,0.098,240.0,67.93,3.533,51,-2067.8,0.0,0.288,,,,,
1,1.75,0.65,12,4,10,1.0,0.0,0.904,45.0,-0.303,-37.74,0.525,0.3019,138.28,113.85,1.215,53,-2148.4,0.0,0.288,,,,,
1,1.75,0.8,12,8,10,0.5,0.0,0.904,45.0,-0.311,-41.91,0.521,0.2941,155.0,123.96,1.25,51,-2280.3,0.0,0.288,,,,,
1,1.75,0.8,20,10,8,1.0,0.0,0.904,45.0,-0.33,-38.38,0.518,0.1579,261.11,94.53,2.762,57,-2347.1,0.0,0.288,,,,,
1,1.5,0.35,16,6,6,0.5,0.001,0.927,40.0,-0.203,-15.57,0.712,0.1949,197.28,67.11,2.94,118,-2167.9,0.0014,0.2877,,,,,
2,1.75,0.5,20,10,8,0.5,0.003,0.982,26.0,-0.356,-66.67,0.503,0.1296,521.43,154.26,3.38,54,-3902.4,0.0029,0.2873,,,,,
2,1.75,0.65,16,10,10,0.3,0.002,0.952,22.5,-0.298,-69.64,0.56,0.2381,372.5,207.81,1.792,42,-3160.2,0.0026,0.2851,,,,,
1,1.75,0.5,20,10,10,1.0,0.0,0.905,45.0,-0.397,-39.18,0.471,0.1346,258.93,85.56,3.026,52,-2183.1,0.0,0.285,,,,,
2,1.75,0.35,16,10,10,0.5,0.003,0.982,12.7,-0.378,-62.0,0.498,0.18,341.67,150.61,2.269,50,-3380.0,0.003,0.285,,,,,
2,2.0,0.5,20,10,4,0.5,0.0,0.905,45.0,-0.589,-103.75,0.153,0.05,375.0,128.95,2.908,20,-2187.0,0.0,0.285,,,,,
2,2.0,0.5,20,10,4,1.0,0.0,0.905,45.0,-0.589,-103.75,0.153,0.05,375.0,128.95,2.908,20,-2187.0,0.0,0.285,,,,,
2,1.75,0.8,20,8,4,0.3,0.003,0.969,31.0,-0.325,-64.71,0.496,0.1373,464.29,148.86,3.119,51,-3585.6,0.005,0.284,,,,,
2,1.75,0.8,20,8,6,0.3,0.003,0.968,31.0,-0.336,-70.83,0.489,0.1458,464.29,162.2,2.863,48,-3668.8,0.0052,0.2837,,,,,
2,1.5,0.35,12,6,8,0.3,0.003,0.984,23.3,-0.195,-31.19,0.718,0.2475,321.0,147.04,2.183,101,-3715.6,0.0028,0.2824,,,,,
1,1.5,0.5,20,6,6,0.15,0.0,0.906,45.0,-0.326,-27.82,0.547,0.1268,265.28,70.36,3.77,71,-2173.8,0.0,0.282,,,,,
1,1.75,0.35,20,10,10,0.5,0.0,0.906,45.0,-0.494,-38.75,0.382,0.1,240.0,69.72,3.442,50,-2077.5,0.0,0.282,,,,,
2,1.75,0.8,16,6,8,0.5,0.002,0.957,21.5,-0.228,-55.45,0.646,0.2364,428.85,205.36,2.088,55,-3358.0,0.0021,0.2806,,,,,
1,1.2,0.35,8,6,4,1.0,0.003,0.988,17.0,-0.154,-12.72,0.758,0.3087,128.87,75.94,1.697,230,-3569.0,0.0024,0.2794,,,,,
1,1.5,0.35,12,6,4,0.15,0.0,0.907,45.0,-0.411,-28.08,0.442,0.1594,139.77,59.91,2.333,69,-2130.7,0.0,0.279,,,,,
1,1.75,0.8,12,6,6,0.5,0.0,0.907,45.0,-0.349,-38.36,0.438,0.2069,144.79,86.14,1.681,58,-2387.4,0.0,0.279,,,,,
1,1.75,0.8,12,6,8,0.5,0.0,0.907,45.0,-0.302,-37.73,0.516,0.2727,147.5,107.19,1.376,55,-2229.0,0.0,0.279,,,,,
1,1.2,0.35,16,8,4,0.5,0.003,0.987,26.0,-0.181,-13.84,0.738,0.2098,186.17,66.95,2.781,224,-3727.2,0.0027,0.2765,,,,,
2,1.5,0.35,8,4,4,1.0,0.003,0.987,21.0,-0.161,-26.63,0.746,0.3089,253.29,151.76,1.669,123,-3963.8,0.0027,0.2765,,,,,
2,1.75,0.65,12,8,4,0.3,0.002,0.93,28.5,-0.264,-51.0,0.579,0.2,350.0,151.25,2.314,50,-2830.0,0.0064,0.2765,,,,,
2,1.75,0.8,8,4,6,1.0,0.002,0.959,30.0,-0.216,-53.33,0.601,0.3667,219.32,211.18,1.039,60,-3536.0,0.002,0.2762,,,,,
1,1.75,0.35,12,10,6,1.0,0.0,0.908,45.0,-0.435,-34.15,0.381,0.1964,106.82,68.61,1.557,56,-2069.3,0.0,0.276,,,,,
1,1.5,0.5,8,6,4,0.3,0.001,0.934,32.0,-0.186,-18.53,0.675,0.3393,113.16,86.15,1.314,112,-2388.6,0.001,0.275,,,,,
2,1.75,0.5,8,6,6,0.5,0.001,0.934,24.0,-0.223,-46.43,0.602,0.375,186.9,186.43,1.003,56,-2913.6,0.001,0.275,,,,,
1,1.2,0.35,20,10,6,0.15,0.002,0.955,19.0,-0.198,-13.51,0.724,0.1677,211.57,58.86,3.594,161,-2625.8,0.0027,0.2748,,,,,
2,1.75,0.5,20,10,6,0.3,0.002,0.951,33.0,-0.339,-61.96,0.509,0.1522,421.43,148.72,2.834,46,-3107.6,0.0033,0.2742,,,,,
1,1.5,0.35,12,4,4,0.5,0.0,0.909,45.0,-0.199,-15.36,0.709,0.2203,170.19,67.8,2.51,118,-2142.9,0.0,0.273,,,,,
1,1.75,0.8,16,10,6,1.0,0.0,0.909,45.0,-0.358,-38.96,0.437,0.1833,164.77,84.69,1.946,60,-2505.5,0.0,0.273,,,,,
1,1.75,0.8,16,10,8,1.0,0.0,0.909,45.0,-0.325,-39.47,0.499,0.2281,172.12,101.99,1.688,57,-2409.6,0.0,0.273,,,,,
2,1.75,0.35,12,10,8,0.5,0.003,0.986,19.7,-0.391,-64.22,0.465,0.1961,285.0,149.39,1.908,51,-3560.6,0.003,0.273,,,,,
2,1.75,0.35,12,10,10,0.5,0.003,0.986,20.3,-0.397,-66.0,0.463,0.2,285.0,153.75,1.854,50,-3580.0,0.003,0.273,,,,,
2,1.75,0.35,20,10,4,0.5,0.003,0.986,22.3,-0.416,-62.27,0.45,0.1091,466.67,127.04,3.673,55,-3733.0,0.003,0.273,,,,,
2,1.75,0.5,16,8,4,1.0,0.002,0.96,27.0,-0.283,-51.69,0.575,0.1864,375.0,149.48,2.509,59,-3380.4,0.0021,0.2724,,,,,
2,1.75,0.65,16,6,4,0.5,0.002,0.947,28.0,-0.234,-45.08,0.627,0.1803,420.45,147.5,2.851,61,-3091.6,0.004,0.2722,,,,,
2,1.5,0.35,20,10,4,0.15,0.003,0.99,14.0,-0.403,-52.54,0.48,0.087,558.33,110.71,5.043,69,-4011.4,0.0025,0.2713,,,,,
2,1.5,0.35,12,8,6,0.3,0.003,0.983,19.3,-0.205,-31.25,0.705,0.2212,336.96,135.8,2.481,104,-3832.4,0.0036,0.2704,,,,,
1,1.5,0.35,16,10,6,0.5,0.0,0.91,45.0,-0.199,-15.25,0.718,0.1949,198.91,67.11,2.964,118,-2130.4,0.0,0.27,,,,,
1,1.5,0.5,20,8,6,0.15,0.0,0.91,45.0,-0.324,-27.64,0.55,0.1268,266.67,70.36,3.79,71,-2161.3,0.0,0.27,,,,,
1,1.75,0.5,12,6,10,0.5,0.0,0.91,45.0,-0.374,-39.5,0.459,0.24,139.58,96.05,1.453,50,-2115.0,0.0,0.27,,,,,
1,1.75,0.8,16,8,10,1.0,0.0,0.91,45.0,-0.333,-43.4,0.507,0.2453,181.73,116.56,1.559,53,-2448.4,0.0,0.27,,,,,
1,1.75,0.8,16,10,4,1.0,0.0,0.91,45.0,-0.349,-35.94,0.441,0.1719,164.77,77.59,2.124,64,-2479.2,0.0,0.27,,,,,
2,1.75,0.8,16,10,10,0.5,0.003,0.987,21.0,-0.299,-78.43,0.554,0.2549,382.69,236.18,1.62,51,-4285.6,0.003,0.27,,,,,
2,1.75,0.8,20,8,10,0.15,0.0,0.91,45.0,-0.403,-87.04,0.437,0.1481,456.25,181.52,2.513,27,-2501.2,0.0,0.27,,,,,
2,2.0,0.8,20,4,6,0.5,0.0,0.91,45.0,-0.541,-108.75,0.194,0.05,525.0,142.11,3.694,20,-2287.0,0.0,0.27,,,,,
2,2.0,0.8,20,4,6,1.0,0.0,0.91,45.0,-0.541,-108.75,0.194,0.05,525.0,142.11,3.694,20,-2287.0,0.0,0.27,,,,,
1,1.5,0.35,16,6,8,0.5,0.0,0.886,45.0,-0.171,-13.48,0.757,0.2174,193.0,70.83,2.725,115,-1872.0,0.0037,0.269,,,,,
1,1.5,0.5,12,6,6,0.3,0.0,0.911,45.0,-0.182,-17.55,0.706,0.2661,158.19,81.25,1.947,109,-2217.7,0.0,0.267,,,,,
1,1.5,0.5,20,4,4,0.15,0.0,0.911,45.0,-0.359,-29.4,0.5,0.0986,298.21,65.23,4.571,71,-2286.3,0.0,0.267,,,,,
1,1.75,0.8,20,8,8,1.0,0.0,0.911,45.0,-0.339,-39.47,0.504,0.1579,254.17,94.53,2.689,57,-2409.6,0.0,0.267,,,,,
2,1.5,0.35,20,10,6,0.15,0.003,0.988,14.0,-0.389,-51.81,0.5,0.1014,510.71,115.32,4.429,69,-3961.4,0.003,0.267,,,,,
2,1.5,0.5,12,6,8,0.15,0.002,0.96,24.0,-0.21,-40.36,0.665,0.3,266.67,171.94,1.551,70,-3217.0,0.0024,0.2664,,,,,
2,1.75,0.65,20,8,10,1.0,0.003,0.989,22.0,-0.347,-79.25,0.512,0.1698,488.89,195.45,2.501,53,-4496.8,0.0029,0.2657,,,,,
2,1.75,0.65,20,6,4,0.3,0.002,0.95,29.5,-0.311,-58.0,0.527,0.14,460.71,142.44,3.234,50,-3180.0,0.0039,0.2653,,,,,
2,1.75,0.5,12,8,4,1.0,0.002,0.963,27.0,-0.282,-52.54,0.565,0.2203,309.62,154.89,1.999,59,-3430.4,0.002,0.2642,,,,,
1,1.75,0.8,20,4,10,1.0,0.0,0.912,45.0,-0.341,-42.45,0.523,0.1698,273.61,107.1,2.555,53,-2398.4,0.0,0.264,,,,,
2,1.75,0.5,16,8,6,0.3,0.002,0.906,32.0,-0.24,-45.11,0.639,0.1957,408.33,155.41,2.628,46,-2332.6,0.0106,0.2634,,,,,
2,1.5,0.35,12,6,4,0.3,0.003,0.99,12.3,-0.247,-36.43,0.645,0.2,330.95,128.27,2.58,105,-4413.0,0.0029,0.2633,,,,,
2,1.75,0.5,12,8,6,1.0,0.002,0.957,27.0,-0.273,-51.29,0.575,0.2241,309.62,155.56,1.99,58,-3299.8,0.0031,0.2614,,,,,
1,1.5,0.35,12,6,4,0.3,0.0,0.913,45.0,-0.247,-18.21,0.645,0.2,165.48,64.14,2.58,105,-2206.5,0.0,0.261,,,,,
1,1.75,0.5,20,6,10,1.0,0.0,0.913,45.0,-0.411,-40.63,0.451,0.1346,248.21,85.56,2.901,52,-2258.1,0.0,0.261,,,,,
2,2.0,0.65,20,8,6,0.5,0.0,0.913,45.0,-0.559,-107.5,0.165,0.05,425.0,135.53,3.136,20,-2262.0,0.0,0.261,,,,,
2,2.0,0.65,20,8,6,1.0,0.0,0.913,45.0,-0.559,-107.5,0.165,0.05,425.0,135.53,3.136,20,-2262.0,0.0,0.261,,,,,
2,1.5,0.5,12,8,10,0.15,0.002,0.963,24.0,-0.21,-41.43,0.658,0.3286,242.39,180.32,1.344,70,-3292.0,0.0023,0.2595,,,,,
2,1.75,0.8,20,10,10,0.15,0.0,0.914,45.0,-0.42,-90.74,0.413,0.1481,431.25,181.52,2.376,27,-2601.2,0.0,0.258,,,,,
2,1.75,0.5,20,10,4,0.3,0.002,0.961,33.0,-0.349,-63.3,0.498,0.1489,421.43,148.12,2.845,47,-3238.2,0.0028,0.2556,,,,,
2,1.5,0.35,12,10,8,0.3,0.003,0.993,24.7,-0.222,-35.4,0.68,0.2475,304.0,147.04,2.067,101,-4140.6,0.0028,0.2554,,,,,
1,1.75,0.35,16,10,4,1.0,0.0,0.915,45.0,-0.435,-33.33,0.402,0.1579,141.67,66.15,2.142,57,-2059.6,0.0,0.255,,,,,
2,1.5,0.35,12,8,8,1.0,0.003,0.995,15.7,-0.226,-36.97,0.669,0.2605,286.29,150.85,1.898,119,-5066.4,0.0025,0.255,,,,,
2,2.0,0.35,12,6,4,0.5,0.0,0.915,45.0,-0.578,-102.5,0.268,0.1,375.0,155.56,2.411,20,-2162.0,0.0,0.255,,,,,
2,2.0,0.35,12,6,4,1.0,0.0,0.915,45.0,-0.578,-102.5,0.268,0.1,375.0,155.56,2.411,20,-2162.0,0.0,0.255,,,,,
2,2.0,0.35,12,6,6,0.5,0.0,0.915,45.0,-0.578,-102.5,0.268,0.1,375.0,155.56,2.411,20,-2162.0,0.0,0.255,,,,,
2,2.0,0.35,12,6,6,1.0,0.0,0.915,45.0,-0.578,-102.5,0.268,0.1,375.0,155.56,2.411,20,-2162.0,0.0,0.255,,,,,
2,2.0,0.35,16,6,4,0.5,0.0,0.915,45.0,-0.578,-102.5,0.268,0.1,375.0,155.56,2.411,20,-2162.0,0.0,0.255,,,,,
2,2.0,0.35,16,6,4,1.0,0.0,0.915,45.0,-0.578,-102.5,0.268,0.1,375.0,155.56,2.411,20,-2162.0,0.0,0.255,,,,,
2,2.0,0.35,16,6,6,0.5,0.0,0.915,45.0,-0.578,-102.5,0.268,0.1,375.0,155.56,2.411,20,-2162.0,0.0,0.255,,,,,
2,2.0,0.35,16,6,6,1.0,0.0,0.915,45.0,-0.578,-102.5,0.268,0.1,375.0,155.56,2.411,20,-2162.0,0.0,0.255,,,,,
2,2.0,0.8,20,6,6,0.5,0.0,0.915,45.0,-0.553,-111.25,0.176,0.05,475.0,142.11,3.343,20,-2337.0,0.0,0.255,,,,,
2,2.0,0.8,20,6,6,1.0,0.0,0.915,45.0,-0.553,-111.25,0.176,0.05,475.0,142.11,3.343,20,-2337.0,0.0,0.255,,,,,
2,1.75,0.5,12,8,6,0.3,0.002,0.914,21.5,-0.254,-48.37,0.611,0.2174,350.0,159.03,2.201,46,-2482.6,0.0099,0.2549,,,,,
1,1.75,0.5,20,8,10,1.0,0.0,0.916,45.0,-0.409,-40.38,0.455,0.1346,250.0,85.56,2.922,52,-2245.6,0.0,0.252,,,,,
1,1.75,0.65,12,6,4,1.0,0.0,0.916,45.0,-0.353,-34.72,0.428,0.2063,125.96,76.5,1.647,63,-2363.9,0.0,0.252,,,,,
2,1.75,0.35,20,10,8,1.0,0.003,0.993,14.7,-0.477,-73.58,0.395,0.0943,510.0,134.38,3.795,53,-4196.8,0.003,0.252,,,,,
2,1.75,0.35,20,10,10,1.0,0.003,0.993,14.7,-0.485,-75.48,0.394,0.0962,510.0,137.77,3.702,52,-4216.2,0.003,0.252,,,,,
1,1.5,0.35,16,8,6,1.0,0.0,0.91,45.0,-0.185,-14.24,0.739,0.1967,204.69,67.86,3.016,122,-2079.1,0.0009,0.2517,,,,,
2,1.75,0.5,20,6,8,0.3,0.002,0.967,20.5,-0.369,-69.89,0.485,0.1364,483.33,157.24,3.074,44,-3321.4,0.0021,0.2506,,,,,
2,1.5,0.5,20,8,6,0.15,0.003,0.99,21.0,-0.324,-55.28,0.55,0.1268,533.33,140.73,3.79,71,-4322.6,0.0036,0.2494,,,,,
1,1.5,0.35,12,4,4,1.0,0.0,0.917,45.0,-0.199,-15.47,0.71,0.2213,171.3,68.55,2.499,122,-2229.1,0.0,0.249,,,,,
1,1.75,0.65,16,10,10,1.0,0.0,0.917,45.0,-0.337,-40.33,0.497,0.2453,162.5,106.25,1.529,53,-2285.9,0.0,0.249,,,,,
1,1.75,0.8,12,10,4,1.0,0.0,0.917,45.0,-0.354,-37.11,0.419,0.2031,131.73,80.15,1.644,64,-2554.2,0.0,0.249,,,,,
1,1.75,0.8,12,10,6,1.0,0.0,0.917,45.0,-0.362,-40.21,0.415,0.2167,131.73,87.77,1.501,60,-2580.5,0.0,0.249,,,,,
2,2.0,0.5,20,4,6,0.5,0.0,0.917,45.0,-0.581,-108.75,0.194,0.05,525.0,142.11,3.694,20,-2287.0,0.0,0.249,,,,,
2,2.0,0.5,20,4,6,1.0,0.0,0.917,45.0,-0.581,-108.75,0.194,0.05,525.0,142.11,3.694,20,-2287.0,0.0,0.249,,,,,
2,1.5,0.35,12,8,6,0.5,0.003,0.995,14.0,-0.249,-39.19,0.637,0.2373,289.29,141.39,2.046,118,-5285.8,0.0029,0.2483,,,,,
2,1.5,0.5,20,8,4,0.15,0.003,0.993,21.3,-0.378,-61.97,0.473,0.0986,564.29,130.47,4.325,71,-4797.6,0.0032,0.2477,,,,,
1,1.5,0.5,12,8,6,0.15,0.0,0.918,45.0,-0.319,-29.4,0.509,0.2535,120.14,80.19,1.498,71,-2286.3,0.0,0.246,,,,,
1,1.75,0.35,20,10,10,1.0,0.0,0.918,45.0,-0.485,-37.74,0.394,0.0962,255.0,68.88,3.702,52,-2108.1,0.0,0.246,,,,,
1,1.75,0.65,12,6,10,0.5,0.0,0.918,45.0,-0.313,-38.73,0.514,0.2941,139.17,112.85,1.233,51,-2117.8,0.0,0.246,,,,,
2,1.2,0.35,12,6,4,0.15,0.003,0.995,14.3,-0.179,-24.85,0.73,0.2378,282.05,120.6,2.339,164,-4993.4,0.003,0.246,,,,,
2,2.0,0.65,20,10,6,0.5,0.0,0.918,45.0,-0.572,-110.0,0.146,0.05,375.0,135.53,2.767,20,-2312.0,0.0,0.246,,,,,
2,2.0,0.65,20,10,6,1.0,0.0,0.918,45.0,-0.572,-110.0,0.146,0.05,375.0,135.53,2.767,20,-2312.0,0.0,0.246,,,,,
2,1.2,0.35,20,8,4,0.15,0.003,0.996,14.7,-0.241,-31.79,0.663,0.1481,421.88,110.69,3.811,162,-6057.2,0.0029,0.2458,,,,,
2,1.75,0.65,8,4,6,1.0,0.001,0.931,30.0,-0.18,-40.42,0.666,0.3667,219.32,190.79,1.15,60,-2761.0,0.0029,0.2457,,,,,
2,1.5,0.35,12,8,6,1.0,0.003,0.996,16.3,-0.252,-39.96,0.633,0.2377,289.66,142.74,2.029,122,-5558.2,0.0029,0.2453,,,,,
2,1.5,0.35,12,8,4,0.5,0.003,0.996,13.7,-0.269,-41.53,0.607,0.2203,291.35,135.6,2.149,118,-5560.8,0.0029,0.2447,,,,,
1,1.75,0.35,20,10,8,1.0,0.0,0.919,45.0,-0.477,-36.79,0.395,0.0943,255.0,67.19,3.795,53,-2098.4,0.0,0.243,,,,,
2,1.75,0.8,12,6,10,0.15,0.0,0.919,45.0,-0.388,-89.81,0.409,0.2593,239.29,205.0,1.167,27,-2576.2,0.0,0.243,,,,,
2,2.0,0.5,16,10,6,0.5,0.0,0.919,45.0,-0.553,-106.25,0.206,0.1,275.0,148.61,1.85,20,-2237.0,0.0,0.243,,,,,
2,2.0,0.5,16,10,6,1.0,0.0,0.919,45.0,-0.553,-106.25,0.206,0.1,275.0,148.61,1.85,20,-2237.0,0.0,0.243,,,,,
2,1.75,0.65,8,4,4,1.0,0.001,0.942,30.0,-0.19,-41.27,0.65,0.3492,219.32,181.1,1.211,63,-2952.8,0.0014,0.2427,,,,,
1,1.5,0.8,12,8,4,1.0,0.001,0.938,14.0,-0.143,-15.09,0.732,0.2741,150.68,77.68,1.94,135,-2415.5,0.002,0.2422,,,,,
1,1.2,0.65,12,6,4,0.15,0.001,0.945,43.0,-0.117,-11.18,0.783,0.2882,139.8,72.31,1.933,170,-2376.0,0.001,0.242,,,,,
1,1.5,0.8,12,10,4,1.0,0.001,0.939,31.0,-0.146,-15.37,0.727,0.2741,149.66,77.68,1.927,135,-2453.0,0.0019,0.2417,,,,,
2,1.5,0.5,12,10,6,0.3,0.003,0.996,22.3,-0.211,-40.6,0.66,0.2661,295.69,162.5,1.82,109,-5035.4,0.0031,0.2403,,,,,
1,1.2,0.35,12,10,4,0.15,0.002,0.969,14.5,-0.203,-14.2,0.691,0.2469,128.44,60.96,2.107,162,-2753.6,0.0023,0.2401,,,,,
1,1.5,0.5,12,8,4,0.3,0.0,0.92,45.0,-0.205,-18.92,0.671,0.2342,164.42,75.0,2.192,111,-2410.8,0.0,0.24,,,,,
1,1.75,0.35,20,8,8,0.5,0.0,0.92,45.0,-0.508,-39.46,0.356,0.098,222.5,67.93,3.275,51,-2155.3,0.0,0.24,,,,,
1,1.75,0.8,12,4,10,0.5,0.0,0.92,45.0,-0.317,-42.65,0.513,0.2941,152.5,123.96,1.23,51,-2317.8,0.0,0.24,,,,,
2,1.75,0.35,16,6,8,0.3,0.001,0.945,33.0,-0.341,-54.76,0.538,0.1667,382.14,142.14,2.688,42,-2535.2,0.0012,0.2375,,,,,
1,1.2,0.35,12,6,6,0.15,0.0,0.921,45.0,-0.16,-11.5,0.761,0.2515,145.73,64.34,2.265,163,-2331.4,0.0,0.237,,,,,
1,1.75,0.8,12,10,10,0.5,0.0,0.921,45.0,-0.324,-43.63,0.501,0.2941,149.17,123.96,1.203,51,-2367.8,0.0,0.237,,,,,
1,1.5,0.5,16,10,4,1.0,0.001,0.944,26.0,-0.173,-15.7,0.727,0.2016,207.69,72.09,2.881,129,-2386.2,0.0014,0.2367,,,,,
2,1.75,0.8,16,8,8,0.5,0.002,0.969,24.5,-0.248,-60.45,0.614,0.2364,407.69,205.36,1.985,55,-3633.0,0.0026,0.2347,,,,,
1,1.75,0.5,16,10,10,1.0,0.0,0.922,45.0,-0.397,-41.11,0.438,0.2115,151.14,92.68,1.631,52,-2283.1,0.0,0.234,,,,,
1,1.75,0.8,20,6,10,0.5,0.0,0.922,45.0,-0.373,-46.57,0.477,0.1765,240.28,108.04,2.224,51,-2517.8,0.0,0.234,,,,,
2,2.0,0.8,20,8,6,0.5,0.0,0.922,45.0,-0.566,-113.75,0.157,0.05,425.0,142.11,2.991,20,-2387.0,0.0,0.234,,,,,
2,2.0,0.8,20,8,6,1.0,0.0,0.922,45.0,-0.566,-113.75,0.157,0.05,425.0,142.11,2.991,20,-2387.0,0.0,0.234,,,,,
2,1.5,0.8,12,10,4,0.15,0.003,0.992,17.7,-0.254,-50.33,0.519,0.28,194.05,145.37,1.335,75,-4195.0,0.0041,0.2338,,,,,
1,1.5,0.65,8,6,4,0.5,0.001,0.948,17.0,-0.152,-16.63,0.695,0.3846,98.75,88.75,1.113,130,-2526.5,0.001,0.233,,,,,
2,1.5,0.5,12,4,6,0.15,0.002,0.966,23.0,-0.222,-40.85,0.659,0.2535,311.11,160.38,1.94,71,-3297.6,0.0032,0.2328,,,,,
1,1.5,0.35,16,8,4,0.5,0.0,0.917,45.0,-0.198,-14.83,0.72,0.178,214.29,64.43,3.326,118,-2080.4,0.0009,0.2307,,,,,
2,1.75,0.35,16,4,6,1.0,0.001,0.945,27.0,-0.27,-41.52,0.627,0.1607,433.33,132.45,3.272,56,-2638.6,0.0016,0.2304,,,,,
2,1.75,0.5,20,4,8,0.5,0.002,0.974,19.0,-0.337,-62.96,0.531,0.1296,550.0,154.26,3.566,54,-3702.4,0.0021,0.2296,,,,,
2,1.75,0.35,8,6,6,0.3,0.0,0.913,45.0,-0.271,-46.11,0.554,0.3333,171.67,155.0,1.108,45,-2327.0,0.0016,0.2294,,,,,
1,1.75,0.35,20,8,10,0.5,0.0,0.924,45.0,-0.516,-40.5,0.355,0.1,222.5,69.72,3.191,50,-2165.0,0.0,0.228,,,,,
2,1.75,0.65,20,8,8,0.5,0.002,0.975,11.5,-0.303,-65.0,0.553,0.1636,491.67,173.91,2.827,55,-3883.0,0.0021,0.2266,,,,,
2,1.5,0.35,8,6,6,0.15,0.002,0.975,23.5,-0.281,-42.75,0.574,0.3043,189.29,144.27,1.312,69,-3336.4,0.0022,0.2258,,,,,
1,1.2,0.35,16,6,6,0.15,0.0,0.925,45.0,-0.166,-11.57,0.762,0.2037,181.82,61.05,2.978,162,-2328.6,0.0,0.225,,,,,
1,1.5,0.35,12,8,4,0.15,0.0,0.925,45.0,-0.427,-29.17,0.421,0.1594,132.95,59.91,2.219,69,-2205.7,0.0,0.225,,,,,
2,1.75,0.35,8,4,6,1.0,0.0,0.908,45.0,-0.194,-33.04,0.692,0.3214,230.56,157.89,1.46,56,-2163.6,0.0026,0.2244,,,,,
1,1.5,0.65,12,8,4,1.0,0.001,0.95,45.0,-0.165,-16.7,0.707,0.2612,153.93,77.02,1.999,134,-2612.7,0.0012,0.2225,,,,,
2,1.5,0.5,8,4,6,0.15,0.002,0.967,17.5,-0.184,-36.81,0.682,0.375,210.19,185.0,1.136,72,-3053.2,0.0035,0.2223,,,,,
1,1.5,0.5,12,6,4,0.15,0.0,0.926,45.0,-0.352,-30.46,0.471,0.1972,137.5,71.71,1.917,71,-2361.3,0.0,0.222,,,,,
1,1.2,0.35,8,6,4,0.15,0.001,0.947,14.0,-0.159,-11.59,0.745,0.3049,111.0,65.35,1.699,164,-2359.2,0.0017,0.2214,,,,,
1,1.5,0.5,16,6,4,0.5,0.001,0.947,16.0,-0.182,-16.4,0.714,0.2,205.0,71.75,2.857,125,-2400.0,0.0017,0.2214,,,,,
2,1.75,0.8,8,4,6,0.5,0.001,0.947,24.0,-0.192,-46.98,0.646,0.3621,236.9,208.11,1.138,58,-3049.8,0.0017,0.2214,,,,,
2,1.75,0.5,16,10,10,0.5,0.002,0.977,30.0,-0.312,-65.0,0.556,0.22,370.45,187.82,1.972,50,-3530.0,0.0021,0.2206,,,,,
2,1.75,0.8,16,10,10,0.3,0.002,0.977,17.5,-0.338,-86.9,0.505,0.2381,372.5,230.47,1.616,42,-3885.2,0.0021,0.2206,,,,,
2,1.75,0.5,20,8,6,0.5,0.002,0.963,31.0,-0.305,-54.46,0.555,0.1429,475.0,142.71,3.328,56,-3363.6,0.0043,0.2198,,,,,
2,1.75,0.35,12,4,6,0.3,0.0,0.927,45.0,-0.311,-47.78,0.554,0.1778,334.38,130.41,2.564,45,-2402.0,0.0,0.219,,,,,
2,1.5,0.35,12,8,8,0.5,0.003,0.994,18.0,-0.221,-36.09,0.674,0.2609,285.83,149.71,1.909,115,-4794.0,0.0045,0.2184,,,,,
1,1.5,0.5,12,8,6,0.5,0.001,0.953,26.0,-0.197,-19.06,0.679,0.2705,148.86,81.32,1.831,122,-2666.6,0.001,0.218,,,,,
2,1.75,0.5,20,8,6,0.3,0.002,0.933,29.5,-0.303,-55.43,0.56,0.1522,464.29,148.72,3.122,46,-2807.6,0.0089,0.217,,,,,
2,1.75,0.35,12,10,4,0.5,0.002,0.979,27.0,-0.356,-55.45,0.502,0.1818,307.5,136.11,2.259,55,-3358.0,0.002,0.2162,,,,,
1,1.5,0.65,12,10,4,0.15,0.0,0.928,45.0,-0.322,-30.24,0.461,0.2297,112.5,72.81,1.545,74,-2444.7,0.0,0.216,,,,,
1,1.75,0.35,20,8,8,1.0,0.0,0.928,45.0,-0.499,-38.44,0.368,0.0943,237.5,67.19,3.535,53,-2185.9,0.0,0.216,,,,,
2,1.5,0.35,12,6,10,0.15,0.001,0.945,44.0,-0.238,-35.29,0.661,0.25,275.0,138.73,1.982,68,-2780.8,0.0024,0.2144,,,,,
2,1.75,0.65,8,4,4,0.3,0.0,0.918,45.0,-0.215,-45.0,0.619,0.32,228.12,173.53,1.315,50,-2530.0,0.0016,0.2144,,,,,
1,1.2,0.35,16,10,4,0.15,0.002,0.98,13.0,-0.231,-15.59,0.666,0.1852,167.92,57.29,2.931,162,-2978.6,0.002,0.214,,,,,
1,1.75,0.35,12,10,4,1.0,0.0,0.93,45.0,-0.443,-34.65,0.373,0.193,106.82,68.48,1.56,57,-2134.6,0.0,0.21,,,,,
1,1.75,0.8,20,8,10,0.5,0.0,0.93,45.0,-0.379,-47.3,0.468,0.1765,236.11,108.04,2.185,51,-2555.3,0.0,0.21,,,,,
1,1.2,0.35,8,6,6,0.15,0.0,0.924,45.0,-0.146,-10.97,0.77,0.3129,117.4,69.42,1.691,163,-2243.9,0.0009,0.2097,,,,,
1,1.5,0.35,16,8,4,1.0,0.0,0.924,45.0,-0.203,-15.37,0.713,0.1803,211.36,65.25,3.239,122,-2216.6,0.0009,0.2097,,,,,
2,1.75,0.35,20,4,4,0.3,0.001,0.944,24.0,-0.354,-52.17,0.522,0.1087,525.0,122.56,4.284,46,-2657.6,0.0028,0.2096,,,,,
1,1.5,0.5,8,6,6,1.0,0.001,0.956,24.0,-0.159,-17.13,0.705,0.4094,99.76,98.17,1.016,127,-2530.6,0.001,0.209,,,,,
1,1.5,0.5,12,6,6,1.0,0.001,0.956,26.0,-0.18,-17.56,0.704,0.2778,150.36,82.14,1.83,126,-2565.3,0.001,0.209,,,,,
2,1.75,0.35,20,6,6,0.3,0.001,0.949,22.0,-0.379,-56.11,0.485,0.1111,475.0,122.5,3.878,45,-2777.0,0.0021,0.2076,,,,,
2,1.75,0.35,16,6,4,0.5,0.001,0.955,25.0,-0.28,-43.18,0.614,0.1636,419.44,133.7,3.137,55,-2683.0,0.0012,0.2075,,,,,
2,1.75,0.5,20,6,6,1.0,0.002,0.967,23.5,-0.305,-54.31,0.558,0.1379,496.88,142.5,3.487,58,-3474.8,0.0043,0.2066,,,,,
2,1.75,0.5,20,4,10,0.5,0.002,0.982,20.0,-0.378,-75.0,0.495,0.14,525.0,172.67,3.04,50,-4030.0,0.0021,0.2064,,,,,
1,1.5,0.35,16,6,4,1.0,0.001,0.957,18.0,-0.23,-17.42,0.674,0.1803,200.0,65.25,3.065,122,-2466.6,0.001,0.206,,,,,
2,1.75,0.5,16,6,10,0.3,0.001,0.957,20.0,-0.345,-71.34,0.522,0.1951,400.0,185.61,2.155,41,-3154.6,0.001,0.206,,,,,
2,1.75,0.8,20,8,10,0.3,0.002,0.981,16.0,-0.39,-95.83,0.46,0.1667,489.29,212.86,2.299,42,-4260.2,0.0023,0.2055,,,,,
1,1.5,0.35,16,10,6,1.0,0.0,0.932,45.0,-0.207,-15.98,0.707,0.1967,195.83,67.86,2.886,122,-2291.6,0.0,0.204,,,,,
1,1.75,0.35,20,8,10,1.0,0.0,0.932,45.0,-0.506,-39.42,0.367,0.0962,237.5,68.88,3.448,52,-2195.6,0.0,0.204,,,,,
1,1.75,0.8,12,6,10,0.3,0.0,0.932,45.0,-0.384,-50.89,0.416,0.2857,127.08,122.08,1.041,42,-2255.1,0.0,0.204,,,,,
2,2.0,0.5,20,6,6,0.5,0.0,0.932,45.0,-0.595,-111.25,0.176,0.05,475.0,142.11,3.343,20,-2337.0,0.0,0.204,,,,,
2,2.0,0.5,20,6,6,1.0,0.0,0.932,45.0,-0.595,-111.25,0.176,0.05,475.0,142.11,3.343,20,-2337.0,0.0,0.204,,,,,
2,1.75,0.5,12,10,6,0.3,0.001,0.946,36.0,-0.306,-58.15,0.533,0.2174,305.0,159.03,1.918,46,-2932.6,0.0028,0.2036,,,,,
2,1.5,0.35,8,4,4,0.15,0.002,0.983,24.5,-0.301,-43.48,0.568,0.2319,246.88,131.13,1.883,69,-3386.4,0.0021,0.2026,,,,,
2,1.75,0.65,12,10,10,0.5,0.002,0.983,18.0,-0.289,-71.57,0.551,0.2941,298.33,225.69,1.322,51,-3935.6,0.0021,0.2026,,,,,
2,1.75,0.65,20,6,6,1.0,0.002,0.981,17.0,-0.314,-60.42,0.523,0.1333,496.88,146.15,3.4,60,-3961.0,0.0025,0.2007,,,,,
2,1.5,0.35,12,8,10,0.15,0.001,0.955,17.0,-0.27,-40.07,0.615,0.25,255.88,138.73,1.845,68,-3105.8,0.0016,0.2004,,,,,
1,1.5,0.5,12,6,6,0.5,0.001,0.959,26.0,-0.19,-18.44,0.689,0.2705,151.14,81.32,1.859,122,-2591.6,0.001,0.2,,,,,
1,1.5,0.5,8,6,4,0.15,0.0,0.934,45.0,-0.326,-30.03,0.469,0.2917,91.07,79.9,1.14,72,-2364.1,0.0,0.198,,,,,
1,1.75,0.5,12,10,10,1.0,0.0,0.934,45.0,-0.401,-42.55,0.414,0.25,120.19,96.79,1.242,52,-2358.1,0.0,0.198,,,,,
1,1.75,0.8,20,10,10,0.5,0.0,0.934,45.0,-0.369,-46.08,0.482,0.1765,243.06,108.04,2.25,51,-2492.8,0.0,0.198,,,,,
2,1.75,0.35,16,6,4,0.3,0.0,0.909,45.0,-0.299,-45.11,0.583,0.1522,414.29,127.56,3.248,46,-2332.6,0.0038,0.1977,,,,,
1,1.2,0.65,12,8,4,0.15,0.001,0.96,44.0,-0.132,-12.72,0.755,0.2941,133.5,73.65,1.813,170,-2638.5,0.001,0.197,,,,,
1,1.5,0.5,8,6,6,0.5,0.001,0.96,24.0,-0.167,-17.99,0.689,0.4065,98.25,97.6,1.007,123,-2556.9,0.001,0.197,,,,,
2,1.75,0.35,12,4,4,0.5,0.001,0.96,25.0,-0.289,-45.0,0.596,0.1818,365.0,136.11,2.682,55,-2783.0,0.001,0.197,,,,,
2,1.75,0.8,20,6,10,0.3,0.002,0.984,17.5,-0.392,-96.43,0.456,0.1667,485.71,212.86,2.282,42,-4285.2,0.0023,0.1958,,,,,
2,1.75,0.65,12,10,8,0.3,0.001,0.95,40.0,-0.259,-58.89,0.578,0.2889,278.85,196.09,1.422,45,-2902.0,0.0026,0.1954,,,,,
2,1.75,0.65,12,8,8,0.5,0.001,0.957,24.0,-0.233,-53.64,0.624,0.2727,326.67,196.25,1.665,55,-3258.0,0.0016,0.1944,,,,,
2,1.75,0.5,20,8,4,0.3,0.002,0.945,29.5,-0.313,-56.91,0.549,0.1489,464.29,148.12,3.134,47,-2938.2,0.0083,0.1937,,,,,
2,1.5,0.5,12,6,6,0.15,0.002,0.986,24.5,-0.281,-51.76,0.568,0.2535,268.06,160.38,1.671,71,-4072.6,0.0021,0.1936,,,,,
2,1.75,0.5,20,10,10,0.5,0.002,0.986,21.0,-0.398,-79.0,0.468,0.14,496.43,172.67,2.875,50,-4230.0,0.0021,0.1936,,,,,
2,1.75,0.5,16,4,8,1.0,0.001,0.947,30.0,-0.241,-46.88,0.646,0.1964,436.36,165.0,2.645,56,-2938.6,0.0032,0.1928,,,,,
2,1.75,0.8,8,4,4,1.0,0.001,0.96,30.0,-0.199,-46.48,0.625,0.3594,215.22,193.29,1.113,64,-3333.4,0.0012,0.1925,,,,,
1,1.5,0.35,12,8,8,0.5,0.0,0.936,45.0,-0.221,-18.04,0.674,0.2609,142.92,74.85,1.909,115,-2397.0,0.0,0.192,,,,,
1,1.5,0.35,12,10,6,0.3,0.0,0.936,45.0,-0.254,-19.35,0.634,0.2212,151.63,67.9,2.233,104,-2303.7,0.0,0.192,,,,,
1,1.5,0.5,20,10,6,0.15,0.0,0.936,45.0,-0.361,-30.81,0.499,0.1268,241.67,70.36,3.435,71,-2386.3,0.0,0.192,,,,,
1,1.75,0.8,12,6,6,1.0,0.0,0.936,45.0,-0.373,-41.46,0.397,0.2167,125.96,87.77,1.435,60,-2655.5,0.0,0.192,,,,,
2,1.75,0.65,12,4,8,0.3,0.0,0.93,45.0,-0.237,-53.89,0.614,0.2889,296.15,196.09,1.51,45,-2677.0,0.0009,0.1917,,,,,
2,1.75,0.65,20,8,10,0.5,0.002,0.988,23.5,-0.344,-78.92,0.514,0.1765,472.22,197.02,2.397,51,-4310.6,0.002,0.19,,,,,
2,1.75,0.8,12,8,4,0.3,0.002,0.96,32.0,-0.283,-58.33,0.541,0.1961,350.0,157.93,2.216,51,-3260.6,0.0062,0.1899,,,,,
1,1.2,0.35,16,6,6,0.5,0.002,0.985,32.5,-0.157,-12.33,0.773,0.2287,184.07,70.57,2.608,223,-3374.4,0.0025,0.1893,,,,,
1,1.75,0.8,20,6,10,1.0,0.0,0.937,45.0,-0.376,-46.7,0.475,0.1698,248.61,107.1,2.321,53,-2623.4,0.0,0.189,,,,,
1,1.5,0.5,16,6,4,1.0,0.001,0.953,22.0,-0.182,-16.47,0.714,0.2016,203.85,72.09,2.828,129,-2486.2,0.0025,0.1883,,,,,
2,1.75,0.8,20,6,8,0.5,0.002,0.989,35.5,-0.33,-76.82,0.516,0.1636,500.0,189.67,2.636,55,-4533.0,0.002,0.187,,,,,
2,1.75,0.8,20,6,4,1.0,0.002,0.988,18.0,-0.337,-67.58,0.479,0.125,496.88,148.21,3.352,64,-4683.4,0.0022,0.1868,,,,,
2,1.5,0.5,8,4,4,0.15,0.002,0.985,27.0,-0.251,-46.18,0.592,0.2917,229.76,159.8,1.438,72,-3728.2,0.0026,0.1867,,,,,
1,1.5,0.5,20,6,4,0.15,0.0,0.938,45.0,-0.389,-31.87,0.458,0.0986,273.21,65.23,4.188,71,-2461.3,0.0,0.186,,,,,
1,1.5,0.5,20,8,4,0.15,0.0,0.938,45.0,-0.378,-30.99,0.473,0.0986,282.14,65.23,4.325,71,-2398.8,0.0,0.186,,,,,
2,1.5,0.5,8,6,6,0.15,0.002,0.989,19.5,-0.244,-48.96,0.577,0.375,177.78,185.0,0.961,72,-3928.2,0.0021,0.1854,,,,,
2,1.75,0.65,20,8,4,1.0,0.002,0.981,28.5,-0.323,-60.71,0.508,0.127,493.75,141.36,3.493,63,-4177.8,0.0033,0.1852,,,,,
2,1.75,0.5,20,6,8,1.0,0.002,0.99,11.5,-0.371,-69.2,0.485,0.125,521.43,153.57,3.395,56,-4188.6,0.002,0.184,,,,,
1,1.75,0.8,12,10,8,1.0,0.0,0.939,45.0,-0.342,-42.98,0.449,0.2807,125.0,108.54,1.152,57,-2609.6,0.0,0.183,,,,,
2,2.0,0.8,20,10,6,0.5,0.0,0.939,45.0,-0.578,-116.25,0.139,0.05,375.0,142.11,2.639,20,-2437.0,0.0,0.183,,,,,
2,2.0,0.8,20,10,6,1.0,0.0,0.939,45.0,-0.578,-116.25,0.139,0.05,375.0,142.11,2.639,20,-2437.0,0.0,0.183,,,,,
2,1.75,0.35,20,4,10,1.0,0.002,0.99,11.5,-0.445,-69.23,0.444,0.0962,575.0,137.77,4.174,52,-3891.2,0.0021,0.1824,,,,,
2,1.75,0.8,20,10,10,0.3,0.002,0.99,17.5,-0.409,-100.6,0.433,0.1667,460.71,212.86,2.164,42,-4460.2,0.0021,0.1816,,,,,
2,1.75,0.8,20,8,8,0.5,0.002,0.991,19.0,-0.336,-78.18,0.507,0.1636,491.67,189.67,2.592,55,-4608.0,0.002,0.181,,,,,
2,1.75,0.65,20,6,10,1.0,0.002,0.987,18.0,-0.341,-77.83,0.52,0.1698,497.22,195.45,2.544,53,-4421.8,0.0026,0.1801,,,,,
1,1.2,0.35,12,6,4,0.15,0.0,0.94,45.0,-0.179,-12.42,0.73,0.2378,141.03,60.3,2.339,164,-2496.7,0.0,0.18,,,,,
1,1.75,0.8,12,6,4,1.0,0.0,0.94,45.0,-0.365,-38.28,0.401,0.2031,125.96,80.15,1.572,64,-2629.2,0.0,0.18,,,,,
2,1.75,0.35,12,4,4,0.3,0.0,0.94,45.0,-0.323,-49.46,0.54,0.1739,334.38,130.26,2.567,46,-2532.6,0.0,0.18,,,,,
2,1.75,0.5,20,6,4,0.3,0.001,0.947,27.0,-0.316,-57.45,0.544,0.1489,460.71,148.12,3.11,47,-2963.2,0.0038,0.1794,,,,,
2,1.75,0.8,20,6,6,1.0,0.002,0.99,18.0,-0.347,-73.33,0.475,0.1333,496.88,161.06,3.085,60,-4736.0,0.0023,0.1785,,,,,
1,1.5,0.5,12,6,4,0.3,0.0,0.941,45.0,-0.215,-19.82,0.655,0.2342,160.58,75.0,2.141,111,-2510.8,0.0,0.177,,,,,
1,1.5,0.65,12,6,4,0.5,0.0,0.941,45.0,-0.163,-16.18,0.71,0.2558,154.55,74.87,2.064,129,-2448.7,0.0,0.177,,,,,
1,1.75,0.8,12,6,8,1.0,0.0,0.941,45.0,-0.326,-41.01,0.475,0.2807,132.03,108.54,1.216,57,-2497.1,0.0,0.177,,,,,
1,1.75,0.8,20,8,10,1.0,0.0,0.941,45.0,-0.381,-47.41,0.467,0.1698,244.44,107.1,2.282,53,-2660.9,0.0,0.177,,,,,
1,1.75,0.8,20,10,10,1.0,0.0,0.941,45.0,-0.372,-46.23,0.48,0.1698,251.39,107.1,2.347,53,-2598.4,0.0,0.177,,,,,
2,1.75,0.65,16,8,8,1.0,0.001,0.959,16.0,-0.255,-57.02,0.605,0.2281,382.69,186.93,2.047,57,-3569.2,0.0022,0.1768,,,,,
2,1.5,0.35,8,6,4,0.15,0.002,0.992,19.0,-0.377,-54.35,0.46,0.2319,200.0,131.13,1.525,69,-4136.4,0.0021,0.1764,,,,,
2,1.75,0.8,20,8,10,1.0,0.002,0.992,24.5,-0.381,-94.81,0.467,0.1698,488.89,214.2,2.282,53,-5321.8,0.0021,0.1764,,,,,
2,1.75,0.65,16,4,4,1.0,0.001,0.943,37.0,-0.234,-45.24,0.63,0.1746,440.91,148.08,2.978,63,-3202.8,0.0046,0.176,,,,,
2,1.75,0.35,20,10,8,0.5,0.002,0.993,25.5,-0.486,-75.49,0.384,0.098,480.0,135.87,3.533,51,-4135.6,0.002,0.175,,,,,
2,1.75,0.5,16,4,10,1.0,0.001,0.966,34.0,-0.283,-58.65,0.599,0.2115,413.64,185.37,2.231,52,-3341.2,0.0012,0.1745,,,,,
2,1.75,0.8,16,10,8,0.3,0.001,0.95,20.0,-0.262,-63.33,0.591,0.2444,375.0,205.15,1.828,45,-3102.0,0.0036,0.1744,,,,,
1,1.5,0.35,12,10,4,0.3,0.0,0.942,45.0,-0.272,-20.12,0.608,0.2,155.95,64.14,2.432,105,-2406.5,0.0,0.174,,,,,
1,1.5,0.35,12,10,6,0.15,0.0,0.942,45.0,-0.431,-30.62,0.403,0.2029,101.79,64.32,1.583,69,-2305.7,0.0,0.174,,,,,
1,1.5,0.35,16,10,4,1.0,0.0,0.942,45.0,-0.221,-16.7,0.688,0.1803,203.98,65.25,3.126,122,-2379.1,0.0,0.174,,,,,
1,1.75,0.8,12,8,10,1.0,0.0,0.942,45.0,-0.338,-45.75,0.476,0.3019,137.5,125.0,1.1,53,-2573.4,0.0,0.174,,,,,
2,2.0,0.35,12,8,4,0.5,0.0,0.942,45.0,-0.606,-107.5,0.232,0.1,325.0,155.56,2.089,20,-2262.0,0.0,0.174,,,,,
2,2.0,0.35,12,8,4,1.0,0.0,0.942,45.0,-0.606,-107.5,0.232,0.1,325.0,155.56,2.089,20,-2262.0,0.0,0.174,,,,,
2,2.0,0.35,12,8,6,0.5,0.0,0.942,45.0,-0.606,-107.5,0.232,0.1,325.0,155.56,2.089,20,-2262.0,0.0,0.174,,,,,
2,2.0,0.35,12,8,6,1.0,0.0,0.942,45.0,-0.606,-107.5,0.232,0.1,325.0,155.56,2.089,20,-2262.0,0.0,0.174,,,,,
2,2.0,0.35,16,8,4,0.5,0.0,0.942,45.0,-0.606,-107.5,0.232,0.1,325.0,155.56,2.089,20,-2262.0,0.0,0.174,,,,,
2,2.0,0.35,16,8,4,1.0,0.0,0.942,45.0,-0.606,-107.5,0.232,0.1,325.0,155.56,2.089,20,-2262.0,0.0,0.174,,,,,
2,2.0,0.35,16,8,6,0.5,0.0,0.942,45.0,-0.606,-107.5,0.232,0.1,325.0,155.56,2.089,20,-2262.0,0.0,0.174,,,,,
2,2.0,0.35,16,8,6,1.0,0.0,0.942,45.0,-0.606,-107.5,0.232,0.1,325.0,155.56,2.089,20,-2262.0,0.0,0.174,,,,,
1,1.5,0.5,12,8,4,0.5,0.001,0.968,14.0,-0.219,-20.3,0.643,0.24,152.5,74.87,2.037,125,-2887.5,0.001,0.173,,,,,
1,1.2,0.35,8,6,6,1.0,0.002,0.986,16.5,-0.149,-12.5,0.77,0.3144,133.16,79.3,1.679,229,-3503.7,0.0032,0.1722,,,,,
1,1.2,0.35,16,8,4,1.0,0.002,0.994,15.5,-0.206,-15.83,0.705,0.2052,184.31,67.51,2.73,229,-4266.2,0.002,0.172,,,,,
1,1.5,0.65,12,10,4,0.3,0.0,0.943,45.0,-0.21,-20.87,0.636,0.2435,149.55,75.72,1.975,115,-2722.0,0.0,0.171,,,,,
2,2.0,0.5,20,8,6,0.5,0.0,0.943,45.0,-0.608,-113.75,0.157,0.05,425.0,142.11,2.991,20,-2387.0,0.0,0.171,,,,,
2,2.0,0.5,20,8,6,1.0,0.0,0.943,45.0,-0.608,-113.75,0.157,0.05,425.0,142.11,2.991,20,-2387.0,0.0,0.171,,,,,
2,1.75,0.5,20,8,4,1.0,0.002,0.972,25.5,-0.315,-55.93,0.545,0.1356,493.75,142.16,3.473,59,-3630.4,0.0054,0.1709,,,,,
2,1.75,0.35,8,4,4,1.0,0.0,0.926,45.0,-0.205,-34.65,0.678,0.3158,230.56,157.05,1.468,57,-2294.2,0.0026,0.1704,,,,,
2,1.75,0.5,20,6,10,1.0,0.002,0.994,17.5,-0.411,-81.25,0.451,0.1346,496.43,171.11,2.901,52,-4516.2,0.0021,0.1704,,,,,
2,1.75,0.8,20,10,10,0.5,0.002,0.994,14.5,-0.369,-92.16,0.482,0.1765,486.11,216.07,2.25,51,-4985.6,0.0021,0.1704,,,,,
2,1.5,0.35,12,10,6,0.3,0.002,0.994,30.5,-0.254,-38.7,0.634,0.2212,303.26,135.8,2.233,104,-4607.4,0.0021,0.1696,,,,,
1,1.5,0.35,12,6,8,0.5,0.0,0.944,45.0,-0.219,-17.83,0.678,0.2609,143.75,74.85,1.92,115,-2372.0,0.0,0.168,,,,,
1,1.5,0.5,12,10,6,0.3,0.0,0.944,45.0,-0.211,-20.3,0.66,0.2661,147.84,81.25,1.82,109,-2517.7,0.0,0.168,,,,,
2,1.75,0.65,16,6,10,0.5,0.001,0.956,15.0,-0.232,-55.88,0.651,0.2549,409.62,215.13,1.904,51,-3135.6,0.0031,0.1679,,,,,
2,1.2,0.35,16,6,4,0.15,0.002,0.995,11.0,-0.194,-26.07,0.719,0.184,363.33,113.91,3.19,163,-5162.8,0.0021,0.1674,,,,,
2,1.75,0.5,16,6,10,0.5,0.001,0.97,13.0,-0.288,-60.0,0.59,0.22,393.18,187.82,2.093,50,-3280.0,0.001,0.167,,,,,
2,1.75,0.65,8,6,4,0.5,0.001,0.97,12.0,-0.244,-52.46,0.551,0.3443,186.9,178.12,1.049,61,-3541.6,0.001,0.167,,,,,
2,1.75,0.5,12,10,4,0.3,0.001,0.953,36.0,-0.316,-59.57,0.521,0.2128,305.0,158.11,1.929,47,-3063.2,0.0036,0.1668,,,,,
2,1.5,0.35,12,10,10,0.3,0.002,0.994,28.5,-0.226,-36.62,0.677,0.2525,304.0,151.69,2.004,99,-4179.4,0.0023,0.1665,,,,,
1,1.2,0.35,12,8,6,1.0,0.002,0.996,15.0,-0.206,-16.59,0.699,0.2533,152.16,73.83,2.061,229,-4441.2,0.002,0.166,,,,,
2,1.75,0.65,20,10,8,0.3,0.001,0.958,26.0,-0.291,-61.67,0.566,0.1778,453.12,172.97,2.62,45,-3027.0,0.0029,0.1658,,,,,
2,1.5,0.35,12,6,8,0.15,0.001,0.965,19.0,-0.272,-39.71,0.614,0.2353,268.75,134.62,1.996,68,-3080.8,0.0019,0.1646,,,,,
2,1.75,0.8,16,4,4,1.0,0.001,0.967,14.0,-0.256,-52.73,0.59,0.1719,440.91,155.19,2.841,64,-3733.4,0.0016,0.1644,,,,,
1,1.2,0.35,12,6,4,1.0,0.002,0.993,16.0,-0.182,-14.4,0.728,0.2478,155.92,70.52,2.211,230,-3956.5,0.0025,0.164,,,,,
1,1.2,0.35,12,8,4,1.0,0.002,0.997,17.5,-0.213,-16.79,0.685,0.2435,150.0,70.47,2.128,230,-4506.5,0.002,0.163,,,,,
2,1.75,0.65,12,8,10,0.3,0.001,0.961,33.0,-0.289,-69.64,0.557,0.2857,306.25,220.0,1.392,42,-3160.2,0.0025,0.163,,,,,
2,1.5,0.5,12,10,4,0.3,0.002,0.996,14.5,-0.251,-46.17,0.598,0.2342,293.27,150.0,1.955,111,-5746.6,0.0022,0.1628,,,,,
2,1.75,0.35,12,4,6,0.5,0.0,0.946,45.0,-0.278,-43.52,0.608,0.1852,365.0,136.36,2.677,54,-2652.4,0.0,0.162,,,,,
1,1.75,0.8,12,4,10,1.0,0.0,0.947,45.0,-0.336,-45.52,0.478,0.3019,138.28,125.0,1.106,53,-2560.9,0.0,0.159,,,,,
2,1.75,0.5,12,4,6,0.5,0.0,0.947,45.0,-0.257,-47.77,0.604,0.2143,339.58,153.41,2.214,56,-2988.6,0.0,0.159,,,,,
2,1.5,0.5,20,6,6,0.15,0.002,0.992,22.5,-0.326,-55.63,0.547,0.1268,530.56,140.73,3.77,71,-4347.6,0.003,0.1586,,,,,
1,1.2,0.35,16,6,4,1.0,0.002,0.995,17.0,-0.197,-15.17,0.716,0.2096,182.29,67.54,2.699,229,-4116.2,0.0025,0.158,,,,,
2,1.5,0.5,20,6,4,0.15,0.002,0.993,25.0,-0.389,-63.73,0.458,0.0986,546.43,130.47,4.188,71,-4922.6,0.0029,0.1578,,,,,
2,1.5,0.35,12,6,6,1.0,0.002,0.998,10.0,-0.245,-38.93,0.642,0.2377,293.97,142.74,2.059,122,-5433.2,0.0021,0.1576,,,,,
2,1.75,0.35,8,6,4,0.3,0.0,0.939,45.0,-0.283,-47.83,0.539,0.3261,171.67,154.03,1.114,46,-2457.6,0.0013,0.1572,,,,,
2,1.5,0.35,12,8,4,1.0,0.002,0.998,14.5,-0.271,-42.21,0.605,0.2213,291.67,137.11,2.127,122,-5833.2,0.0022,0.1568,,,,,
2,1.5,0.35,12,8,8,0.15,0.001,0.972,30.0,-0.299,-43.75,0.575,0.2353,251.56,134.62,1.869,68,-3355.8,0.0012,0.1565,,,,,
2,1.5,0.5,20,10,8,0.15,0.002,0.991,40.5,-0.297,-52.14,0.579,0.1571,456.82,147.03,3.107,70,-4042.0,0.0032,0.1562,,,,,
1,1.5,0.5,12,8,4,0.15,0.0,0.948,45.0,-0.376,-32.57,0.434,0.1972,126.79,71.71,1.768,71,-2511.3,0.0,0.156,,,,,
1,1.75,0.35,16,10,10,1.0,0.0,0.948,45.0,-0.479,-38.94,0.365,0.1731,129.17,74.13,1.742,52,-2170.6,0.0,0.156,,,,,
1,1.75,0.5,12,6,10,1.0,0.0,0.948,45.0,-0.399,-42.31,0.417,0.25,121.15,96.79,1.252,52,-2345.6,0.0,0.156,,,,,
2,1.75,0.5,8,6,4,0.5,0.0,0.948,45.0,-0.232,-47.81,0.59,0.3684,186.9,184.72,1.012,57,-3044.2,0.0,0.156,,,,,
2,1.5,0.35,12,6,8,0.5,0.002,0.998,16.5,-0.219,-35.65,0.678,0.2609,287.5,149.71,1.92,115,-4744.0,0.0023,0.1545,,,,,
2,1.5,0.35,12,6,6,0.5,0.002,0.998,10.0,-0.245,-38.56,0.642,0.2373,291.96,141.39,2.065,118,-5210.8,0.0023,0.1538,,,,,
2,1.75,0.35,20,4,8,0.3,0.001,0.973,23.0,-0.459,-70.83,0.411,0.0952,518.75,132.89,3.903,42,-3210.2,0.0012,0.1535,,,,,
2,2.0,0.5,20,10,6,0.5,0.0,0.949,45.0,-0.621,-116.25,0.139,0.05,375.0,142.11,2.639,20,-2437.0,0.0,0.153,,,,,
2,2.0,0.5,20,10,6,1.0,0.0,0.949,45.0,-0.621,-116.25,0.139,0.05,375.0,142.11,2.639,20,-2437.0,0.0,0.153,,,,,
2,1.75,0.8,16,4,10,1.0,0.001,0.972,16.0,-0.266,-69.34,0.606,0.2453,434.62,233.12,1.864,53,-3971.8,0.0014,0.1527,,,,,
2,1.5,0.35,12,4,6,0.15,0.001,0.967,29.0,-0.27,-38.41,0.625,0.2029,316.07,128.64,2.457,69,-3036.4,0.0023,0.1505,,,,,
1,1.5,0.35,12,10,8,0.5,0.0,0.95,45.0,-0.227,-18.48,0.666,0.2609,141.25,74.85,1.887,115,-2447.0,0.0,0.15,,,,,
1,1.75,0.35,16,10,8,1.0,0.0,0.95,45.0,-0.472,-37.97,0.366,0.1698,129.17,72.16,1.79,53,-2160.9,0.0,0.15,,,,,
1,1.75,0.65,12,10,10,1.0,0.0,0.95,45.0,-0.354,-44.1,0.445,0.3019,117.19,113.85,1.029,53,-2485.9,0.0,0.15,,,,,
2,1.75,0.5,20,6,6,0.5,0.001,0.964,31.0,-0.303,-54.02,0.558,0.1429,478.12,142.71,3.35,56,-3338.6,0.0029,0.1473,,,,,
1,1.5,0.35,12,8,8,1.0,0.0,0.951,45.0,-0.226,-18.49,0.669,0.2605,143.15,75.43,1.898,119,-2533.2,0.0,0.147,,,,,
2,1.75,0.65,12,8,4,0.5,0.001,0.962,25.0,-0.26,-50.41,0.582,0.1967,356.25,150.0,2.375,61,-3416.6,0.0032,0.1462,,,,,
2,1.75,0.8,12,10,8,0.3,0.001,0.977,29.0,-0.294,-73.33,0.523,0.2889,278.85,216.41,1.289,45,-3552.0,0.001,0.146,,,,,
2,1.75,0.35,12,4,8,0.3,0.0,0.952,45.0,-0.365,-59.52,0.495,0.1905,306.25,145.59,2.104,42,-2735.2,0.0,0.144,,,,,
2,1.5,0.65,12,10,4,0.15,0.002,0.992,9.5,-0.322,-60.47,0.461,0.2297,225.0,145.61,1.545,74,-4889.4,0.0038,0.1423,,,,,
1,1.2,0.35,16,6,4,0.15,0.0,0.953,45.0,-0.194,-13.04,0.719,0.184,181.67,56.95,3.19,163,-2581.4,0.0,0.141,,,,,
1,1.5,0.35,12,10,4,0.15,0.0,0.953,45.0,-0.485,-33.15,0.342,0.1594,107.95,59.91,1.802,69,-2480.7,0.0,0.141,,,,,
2,1.75,0.5,12,4,4,0.5,0.0,0.953,45.0,-0.266,-49.12,0.593,0.2105,339.58,152.78,2.223,57,-3119.2,0.0,0.141,,,,,
2,1.75,0.65,20,6,6,0.5,0.001,0.969,32.0,-0.311,-59.48,0.526,0.1379,478.12,145.5,3.286,58,-3774.8,0.0024,0.141,,,,,
2,2.0,0.35,20,4,4,0.5,0.0,0.953,45.0,-0.666,-115.0,0.186,0.05,525.0,148.68,3.531,20,-2412.0,0.0,0.141,,,,,
2,2.0,0.35,20,4,4,1.0,0.0,0.953,45.0,-0.666,-115.0,0.186,0.05,525.0,148.68,3.531,20,-2412.0,0.0,0.141,,,,,
2,2.0,0.35,20,4,6,0.5,0.0,0.953,45.0,-0.666,-115.0,0.186,0.05,525.0,148.68,3.531,20,-2412.0,0.0,0.141,,,,,
2,2.0,0.35,20,4,6,1.0,0.0,0.953,45.0,-0.666,-115.0,0.186,0.05,525.0,148.68,3.531,20,-2412.0,0.0,0.141,,,,,
2,1.75,0.8,8,6,6,0.5,0.001,0.979,12.0,-0.266,-65.09,0.51,0.3621,186.9,208.11,0.898,58,-4099.8,0.001,0.14,,,,,
2,1.75,0.5,12,8,4,0.3,0.001,0.924,29.0,-0.265,-50.0,0.598,0.2128,350.0,158.11,2.214,47,-2613.2,0.0093,0.139,,,,,
1,1.5,0.5,20,10,4,0.15,0.0,0.954,45.0,-0.409,-33.45,0.431,0.0986,257.14,65.23,3.942,71,-2573.8,0.0,0.138,,,,,
1,1.75,0.35,12,10,10,1.0,0.0,0.954,45.0,-0.485,-40.38,0.336,0.2115,96.59,77.13,1.252,52,-2245.6,0.0,0.138,,,,,
2,2.0,0.35,12,10,4,0.5,0.0,0.954,45.0,-0.634,-112.5,0.196,0.1,275.0,155.56,1.768,20,-2362.0,0.0,0.138,,,,,
2,2.0,0.35,12,10,4,1.0,0.0,0.954,45.0,-0.634,-112.5,0.196,0.1,275.0,155.56,1.768,20,-2362.0,0.0,0.138,,,,,
2,2.0,0.35,12,10,6,0.5,0.0,0.954,45.0,-0.634,-112.5,0.196,0.1,275.0,155.56,1.768,20,-2362.0,0.0,0.138,,,,,
2,2.0,0.35,12,10,6,1.0,0.0,0.954,45.0,-0.634,-112.5,0.196,0.1,275.0,155.56,1.768,20,-2362.0,0.0,0.138,,,,,
2,2.0,0.35,16,10,4,0.5,0.0,0.954,45.0,-0.634,-112.5,0.196,0.1,275.0,155.56,1.768,20,-2362.0,0.0,0.138,,,,,
2,2.0,0.35,16,10,4,1.0,0.0,0.954,45.0,-0.634,-112.5,0.196,0.1,275.0,155.56,1.768,20,-2362.0,0.0,0.138,,,,,
2,2.0,0.35,16,10,6,0.5,0.0,0.954,45.0,-0.634,-112.5,0.196,0.1,275.0,155.56,1.768,20,-2362.0,0.0,0.138,,,,,
2,2.0,0.35,16,10,6,1.0,0.0,0.954,45.0,-0.634,-112.5,0.196,0.1,275.0,155.56,1.768,20,-2362.0,0.0,0.138,,,,,
2,1.75,0.5,16,8,4,0.3,0.001,0.921,29.0,-0.251,-46.81,0.626,0.1915,408.33,154.61,2.641,47,-2463.2,0.0098,0.1377,,,,,
2,1.75,0.35,20,6,6,1.0,0.001,0.98,11.0,-0.38,-56.7,0.496,0.1071,520.83,126.0,4.134,56,-3488.6,0.001,0.137,,,,,
2,1.75,0.65,16,10,8,1.0,0.001,0.979,16.0,-0.294,-65.79,0.544,0.2281,344.23,186.93,1.841,57,-4069.2,0.0012,0.1355,,,,,
1,1.5,0.5,12,10,6,0.15,0.0,0.955,45.0,-0.355,-32.75,0.453,0.2535,106.94,80.19,1.334,71,-2523.8,0.0,0.135,,,,,
1,1.5,0.5,12,10,6,0.5,0.0,0.955,45.0,-0.182,-17.62,0.703,0.2705,154.17,81.32,1.896,122,-2491.6,0.0,0.135,,,,,
1,1.75,0.8,16,10,10,1.0,0.0,0.955,45.0,-0.369,-48.11,0.453,0.2453,162.5,116.56,1.394,53,-2698.4,0.0,0.135,,,,,
2,1.75,0.8,8,4,4,0.3,0.0,0.945,45.0,-0.219,-49.51,0.599,0.3333,222.06,185.29,1.198,51,-2810.6,0.0016,0.1334,,,,,
2,1.75,0.5,12,4,6,0.3,0.0,0.942,45.0,-0.3,-57.07,0.541,0.2174,310.0,159.03,1.949,46,-2882.6,0.002,0.1332,,,,,
1,1.2,0.35,12,8,6,0.15,0.0,0.956,45.0,-0.184,-13.27,0.725,0.2577,135.42,64.88,2.087,163,-2618.9,0.0,0.132,,,,,
2,1.75,0.35,16,6,10,0.3,0.0,0.95,45.0,-0.365,-59.52,0.517,0.1667,382.14,147.86,2.585,42,-2735.2,0.0009,0.1317,,,,,
2,1.75,0.5,16,6,6,1.0,0.0,0.939,45.0,-0.258,-47.41,0.61,0.1897,390.91,150.0,2.606,58,-3074.8,0.0026,0.1314,,,,,
2,1.75,0.8,16,6,10,0.5,0.001,0.978,30.0,-0.273,-71.57,0.593,0.2549,409.62,236.18,1.734,51,-3935.6,0.0016,0.1314,,,,,
2,1.75,0.8,16,4,6,1.0,0.001,0.967,14.0,-0.264,-57.5,0.584,0.1833,440.91,169.39,2.603,60,-3786.0,0.0032,0.1312,,,,,
2,1.75,0.65,20,6,8,0.5,0.001,0.976,20.0,-0.296,-63.64,0.562,0.1636,500.0,173.91,2.875,55,-3808.0,0.0019,0.1307,,,,,
2,1.75,0.35,16,6,6,0.5,0.0,0.948,45.0,-0.269,-41.67,0.627,0.1667,419.44,133.89,3.133,54,-2552.4,0.0013,0.1302,,,,,
2,1.75,0.35,20,4,6,0.5,0.001,0.975,14.0,-0.349,-52.31,0.537,0.1111,545.83,127.08,4.295,54,-3127.4,0.0021,0.1296,,,,,
1,1.5,0.35,8,6,6,0.5,0.0,0.957,45.0,-0.218,-18.49,0.647,0.3445,98.17,79.81,1.23,119,-2533.2,0.0,0.129,,,,,
1,1.75,0.35,12,10,8,1.0,0.0,0.957,45.0,-0.479,-39.39,0.337,0.2075,96.59,75.0,1.288,53,-2235.9,0.0,0.129,,,,,
1,1.75,0.65,12,6,10,1.0,0.0,0.957,45.0,-0.337,-41.98,0.472,0.3019,124.22,113.85,1.091,53,-2373.4,0.0,0.129,,,,,
2,1.75,0.65,20,10,10,0.3,0.001,0.976,20.0,-0.373,-83.33,0.48,0.1667,460.71,192.14,2.398,42,-3735.2,0.002,0.129,,,,,
2,1.75,0.8,12,8,8,0.5,0.001,0.98,19.0,-0.268,-66.82,0.571,0.2727,326.67,214.38,1.524,55,-3983.0,0.0014,0.1287,,,,,
2,1.75,0.65,16,8,4,0.5,0.001,0.956,25.0,-0.249,-47.95,0.603,0.1803,404.55,147.5,2.743,61,-3266.6,0.0051,0.1277,,,,,
2,1.75,0.65,12,8,6,0.5,0.001,0.954,25.0,-0.251,-50.0,0.596,0.2069,356.25,155.98,2.284,58,-3224.8,0.0054,0.1264,,,,,
2,1.5,0.5,12,8,8,0.15,0.001,0.981,31.0,-0.249,-47.86,0.602,0.3,241.67,171.94,1.406,70,-3742.0,0.0014,0.1257,,,,,
2,1.75,0.35,20,4,4,0.5,0.001,0.977,14.0,-0.359,-53.64,0.526,0.1091,545.83,127.04,4.297,55,-3258.0,0.002,0.1252,,,,,
1,1.2,0.35,20,10,4,0.15,0.001,0.984,20.0,-0.256,-16.9,0.642,0.1481,204.17,55.34,3.689,162,-3191.1,0.001,0.125,,,,,
2,1.75,0.5,20,8,8,0.3,0.001,0.967,30.0,-0.36,-68.18,0.498,0.1364,495.83,157.24,3.153,44,-3246.4,0.0036,0.1248,,,,,
2,1.5,0.35,12,10,10,0.15,0.001,0.983,37.0,-0.329,-48.9,0.53,0.25,220.59,138.73,1.59,68,-3705.8,0.0012,0.1235,,,,,
2,2.0,0.35,20,6,4,0.5,0.0,0.959,45.0,-0.68,-117.5,0.168,0.05,475.0,148.68,3.195,20,-2462.0,0.0,0.123,,,,,
2,2.0,0.35,20,6,4,1.0,0.0,0.959,45.0,-0.68,-117.5,0.168,0.05,475.0,148.68,3.195,20,-2462.0,0.0,0.123,,,,,
2,2.0,0.35,20,6,6,0.5,0.0,0.959,45.0,-0.68,-117.5,0.168,0.05,475.0,148.68,3.195,20,-2462.0,0.0,0.123,,,,,
2,2.0,0.35,20,6,6,1.0,0.0,0.959,45.0,-0.68,-117.5,0.168,0.05,475.0,148.68,3.195,20,-2462.0,0.0,0.123,,,,,
2,1.75,0.8,16,8,10,0.5,0.001,0.982,29.0,-0.293,-76.96,0.563,0.2549,388.46,236.18,1.645,51,-4210.6,0.0014,0.1227,,,,,
2,1.75,0.8,8,6,4,0.5,0.001,0.985,12.0,-0.252,-58.06,0.526,0.3548,181.82,190.0,0.957,62,-3947.2,0.001,0.122,,,,,
1,1.2,0.35,20,6,4,0.15,0.0,0.949,45.0,-0.193,-12.73,0.73,0.1481,232.29,55.34,4.197,162,-2516.1,0.0016,0.1214,,,,,
1,1.5,0.35,12,6,6,0.5,0.0,0.96,45.0,-0.245,-19.28,0.642,0.2373,145.98,70.69,2.065,118,-2605.4,0.0,0.12,,,,,
1,1.75,0.8,12,6,10,0.5,0.0,0.96,45.0,-0.346,-46.57,0.468,0.2941,139.17,123.96,1.123,51,-2517.8,0.0,0.12,,,,,
2,1.75,0.8,12,8,10,0.3,0.001,0.981,15.0,-0.327,-86.9,0.502,0.2857,306.25,244.17,1.254,42,-3885.2,0.0017,0.1194,,,,,
2,1.5,0.35,12,10,8,0.15,0.001,0.985,17.0,-0.355,-51.84,0.496,0.2353,217.19,134.62,1.613,68,-3905.8,0.0012,0.1175,,,,,
2,1.75,0.5,20,6,4,0.5,0.001,0.974,31.0,-0.312,-55.26,0.548,0.1404,478.12,142.35,3.359,57,-3469.2,0.0029,0.1173,,,,,
1,1.2,0.35,12,8,4,0.15,0.0,0.961,45.0,-0.199,-13.87,0.698,0.2439,131.56,60.79,2.164,164,-2734.2,0.0,0.117,,,,,
1,1.5,0.35,12,6,8,1.0,0.0,0.961,45.0,-0.221,-18.07,0.676,0.2605,144.76,75.43,1.919,119,-2483.2,0.0,0.117,,,,,
2,1.75,0.5,12,4,8,0.5,0.0,0.961,45.0,-0.274,-54.17,0.589,0.2222,350.0,169.64,2.063,54,-3227.4,0.0,0.117,,,,,
2,1.5,0.5,12,10,10,0.15,0.001,0.984,32.0,-0.245,-48.21,0.602,0.3286,221.74,180.32,1.23,70,-3767.0,0.0014,0.1167,,,,,
2,1.75,0.35,20,6,4,1.0,0.001,0.984,11.0,-0.389,-57.89,0.486,0.1053,520.83,125.98,4.134,57,-3619.2,0.0014,0.1167,,,,,
2,1.75,0.8,20,10,8,0.3,0.001,0.973,20.0,-0.328,-76.11,0.514,0.1778,453.12,190.54,2.378,45,-3677.0,0.0031,0.1153,,,,,
1,1.5,0.5,12,10,6,1.0,0.0,0.962,45.0,-0.18,-17.56,0.704,0.2778,150.36,82.14,1.83,126,-2565.3,0.0,0.114,,,,,
2,1.75,0.35,8,6,6,0.5,0.0,0.962,45.0,-0.258,-43.98,0.592,0.3148,202.94,157.43,1.289,54,-2677.4,0.0,0.114,,,,,
2,1.75,0.35,16,6,8,0.5,0.0,0.962,45.0,-0.314,-50.98,0.577,0.1765,394.44,146.43,2.694,51,-2885.6,0.0,0.114,,,,,
2,1.75,0.8,16,8,10,1.0,0.001,0.989,29.0,-0.333,-86.79,0.507,0.2453,363.46,233.12,1.559,53,-4896.8,0.001,0.11,,,,,
1,1.5,0.35,12,6,6,1.0,0.0,0.964,45.0,-0.245,-19.47,0.642,0.2377,146.98,71.37,2.059,122,-2716.6,0.0,0.108,,,,,
1,1.5,0.65,12,6,4,1.0,0.0,0.964,45.0,-0.171,-17.26,0.697,0.2612,151.79,77.02,1.971,134,-2687.7,0.0,0.108,,,,,
2,1.75,0.35,16,4,8,1.0,0.0,0.964,45.0,-0.314,-50.47,0.579,0.1698,408.33,144.32,2.829,53,-2971.8,0.0,0.108,,,,,
2,1.75,0.35,16,4,10,1.0,0.0,0.964,45.0,-0.319,-51.92,0.576,0.1731,408.33,148.26,2.754,52,-2991.2,0.0,0.108,,,,,
2,1.75,0.35,16,6,10,0.5,0.0,0.964,45.0,-0.32,-52.5,0.575,0.18,394.44,150.61,2.619,50,-2905.0,0.0,0.108,,,,,
2,1.75,0.65,8,6,6,0.5,0.0,0.964,45.0,-0.235,-52.16,0.565,0.3621,186.9,187.84,0.995,58,-3349.8,0.0,0.108,,,,,
2,1.5,0.35,12,6,6,0.15,0.001,0.987,30.0,-0.329,-46.74,0.544,0.2029,275.0,128.64,2.138,69,-3611.4,0.0014,0.1077,,,,,
2,1.75,0.65,20,6,4,1.0,0.001,0.984,22.0,-0.321,-60.32,0.511,0.127,496.88,141.36,3.515,63,-4152.8,0.0019,0.1076,,,,,
2,1.75,0.5,12,10,10,0.5,0.001,0.985,11.0,-0.327,-69.0,0.527,0.24,320.83,192.11,1.67,50,-3730.0,0.0017,0.1074,,,,,
2,1.75,0.8,12,10,10,0.3,0.001,0.99,25.0,-0.368,-97.62,0.44,0.2857,268.75,244.17,1.101,42,-4335.2,0.001,0.107,,,,,
2,1.75,0.8,16,6,10,1.0,0.001,0.99,30.0,-0.313,-81.6,0.536,0.2453,384.62,233.12,1.65,53,-4621.8,0.001,0.107,,,,,
1,1.2,0.35,16,8,6,0.15,0.0,0.965,45.0,-0.2,-13.89,0.714,0.2037,170.45,61.05,2.792,162,-2703.6,0.0,0.105,,,,,
2,1.75,0.5,16,8,10,0.3,0.0,0.965,45.0,-0.348,-71.95,0.518,0.1951,396.88,185.61,2.138,41,-3179.6,0.0,0.105,,,,,
2,1.75,0.5,12,4,8,0.3,0.0,0.944,45.0,-0.301,-60.23,0.549,0.2273,322.5,172.79,1.866,44,-2896.4,0.0032,0.1048,,,,,
1,1.2,0.35,20,8,6,0.15,0.0,0.935,45.0,-0.177,-12.03,0.754,0.1677,220.37,58.86,3.744,161,-2388.3,0.0046,0.1037,,,,,
2,1.75,0.5,16,6,4,1.0,0.0,0.955,45.0,-0.267,-48.73,0.599,0.1864,390.91,149.48,2.615,59,-3205.4,0.0016,0.1034,,,,,
2,1.75,0.5,16,10,8,0.3,0.0,0.951,45.0,-0.309,-60.8,0.547,0.2045,358.33,168.57,2.126,44,-2921.4,0.0022,0.1023,,,,,
1,1.5,0.35,12,8,6,0.5,0.0,0.966,45.0,-0.249,-19.6,0.637,0.2373,144.64,70.69,2.046,118,-2642.9,0.0,0.102,,,,,
1,1.5,0.35,12,10,8,1.0,0.0,0.966,45.0,-0.233,-19.12,0.657,0.2605,140.73,75.43,1.866,119,-2608.2,0.0,0.102,,,,,
2,1.75,0.35,12,4,10,0.3,0.0,0.966,45.0,-0.388,-64.29,0.476,0.1905,306.25,151.47,2.022,42,-2935.2,0.0,0.102,,,,,
2,1.75,0.35,16,8,8,0.3,0.0,0.966,45.0,-0.393,-63.1,0.467,0.1667,332.14,142.14,2.337,42,-2885.2,0.0,0.102,,,,,
2,1.75,0.35,16,8,6,0.3,0.0,0.945,45.0,-0.337,-51.11,0.526,0.1556,364.29,127.63,2.854,45,-2552.0,0.0032,0.1018,,,,,
2,1.5,0.35,12,4,4,0.15,0.001,0.987,38.0,-0.353,-48.19,0.522,0.1594,329.55,119.83,2.75,69,-3711.4,0.0017,0.1014,,,,,
2,1.75,0.5,12,4,4,0.3,0.0,0.952,45.0,-0.31,-58.51,0.53,0.2128,310.0,158.11,1.961,47,-3013.2,0.0022,0.0993,,,,,
2,1.75,0.35,12,4,6,1.0,0.0,0.967,45.0,-0.304,-47.77,0.567,0.1964,318.18,137.22,2.319,56,-2988.6,0.0,0.099,,,,,
2,1.75,0.35,12,4,8,0.5,0.0,0.967,45.0,-0.322,-52.94,0.559,0.1961,342.5,149.39,2.293,51,-2985.6,0.0,0.099,,,,,
2,1.75,0.5,8,6,6,1.0,0.0,0.967,45.0,-0.251,-52.59,0.55,0.3793,169.32,188.19,0.9,58,-3374.8,0.0,0.099,,,,,
2,1.75,0.65,12,4,6,0.5,0.0,0.967,45.0,-0.268,-53.45,0.568,0.2069,339.58,155.98,2.177,58,-3424.8,0.0,0.099,,,,,
2,1.75,0.65,16,6,8,1.0,0.0,0.955,45.0,-0.233,-52.19,0.638,0.2281,403.85,186.93,2.16,57,-3294.2,0.0018,0.0985,,,,,
2,1.75,0.35,20,6,8,1.0,0.001,0.993,11.0,-0.468,-72.17,0.407,0.0943,525.0,134.38,3.907,53,-4121.8,0.001,0.098,,,,,
2,1.75,0.35,20,6,10,1.0,0.001,0.993,11.0,-0.476,-74.04,0.405,0.0962,525.0,137.77,3.811,52,-4141.2,0.001,0.098,,,,,
2,1.75,0.35,20,10,10,0.5,0.001,0.993,12.0,-0.494,-77.5,0.382,0.1,480.0,139.44,3.442,50,-4155.0,0.001,0.098,,,,,
2,1.75,0.5,20,8,10,1.0,0.001,0.993,9.0,-0.409,-80.77,0.455,0.1346,500.0,171.11,2.922,52,-4491.2,0.001,0.098,,,,,
2,1.75,0.35,12,4,10,0.5,0.0,0.968,45.0,-0.328,-54.5,0.557,0.2,342.5,153.75,2.228,50,-3005.0,0.0,0.096,,,,,
2,1.75,0.35,12,6,6,0.3,0.0,0.968,45.0,-0.369,-56.67,0.472,0.1778,284.38,130.41,2.181,45,-2802.0,0.0,0.096,,,,,
2,1.75,0.5,12,4,6,1.0,0.0,0.968,45.0,-0.282,-53.02,0.561,0.2241,301.92,155.56,1.941,58,-3399.8,0.0,0.096,,,,,
2,1.75,0.35,20,4,8,1.0,0.001,0.991,11.0,-0.438,-67.45,0.446,0.0943,575.0,134.38,4.279,53,-3871.8,0.0014,0.0957,,,,,
2,1.75,0.8,20,6,10,0.5,0.001,0.994,25.0,-0.373,-93.14,0.477,0.1765,480.56,216.07,2.224,51,-5035.6,0.001,0.095,,,,,
2,1.5,0.5,12,6,4,0.15,0.001,0.993,18.0,-0.352,-60.92,0.471,0.1972,275.0,143.42,1.917,71,-4722.6,0.0012,0.0935,,,,,
1,1.5,0.35,12,8,4,0.5,0.0,0.969,45.0,-0.269,-20.76,0.607,0.2203,145.67,67.8,2.149,118,-2780.4,0.0,0.093,,,,,
1,1.5,0.5,12,10,4,0.3,0.0,0.969,45.0,-0.251,-23.09,0.598,0.2342,146.63,75.0,1.955,111,-2873.3,0.0,0.093,,,,,
1,1.75,0.8,12,10,10,1.0,0.0,0.969,45.0,-0.383,-51.89,0.405,0.3019,117.19,125.0,0.938,53,-2898.4,0.0,0.093,,,,,
2,1.75,0.35,16,10,6,0.3,0.0,0.969,45.0,-0.388,-58.89,0.454,0.1556,314.29,127.63,2.462,45,-2902.0,0.0,0.093,,,,,
2,1.75,0.35,16,4,4,1.0,0.0,0.959,45.0,-0.281,-42.98,0.614,0.1579,433.33,132.29,3.276,57,-2769.2,0.0016,0.0914,,,,,
2,1.75,0.5,12,10,8,0.3,0.0,0.959,45.0,-0.327,-65.34,0.511,0.2273,300.0,172.79,1.736,44,-3121.4,0.0016,0.0914,,,,,
1,1.5,0.35,8,6,6,1.0,0.0,0.97,45.0,-0.22,-18.7,0.646,0.3415,100.0,80.25,1.246,123,-2644.4,0.0,0.09,,,,,
2,1.75,0.35,12,8,8,0.3,0.0,0.97,45.0,-0.409,-66.67,0.434,0.1905,268.75,145.59,1.846,42,-3035.2,0.0,0.09,,,,,
2,1.75,0.65,12,8,8,1.0,0.0,0.97,45.0,-0.265,-61.4,0.571,0.2807,290.62,198.78,1.462,57,-3819.2,0.0,0.09,,,,,
2,1.75,0.5,16,8,8,0.5,0.0,0.949,45.0,-0.261,-50.93,0.615,0.2037,400.0,166.28,2.406,54,-3052.4,0.0032,0.0898,,,,,
2,1.75,0.65,12,8,6,1.0,0.0,0.964,45.0,-0.284,-57.5,0.538,0.2167,309.62,159.04,1.947,60,-3786.0,0.0009,0.0897,,,,,
2,1.75,0.65,16,6,6,1.0,0.0,0.964,45.0,-0.271,-53.75,0.571,0.1833,390.91,153.57,2.545,60,-3561.0,0.0009,0.0897,,,,,
2,1.75,0.65,16,8,6,1.0,0.0,0.964,45.0,-0.286,-56.67,0.548,0.1833,375.0,153.57,2.442,60,-3736.0,0.0009,0.0897,,,,,
2,1.75,0.8,12,10,10,0.5,0.001,0.993,11.0,-0.324,-87.25,0.501,0.2941,298.33,247.92,1.203,51,-4735.6,0.0014,0.0897,,,,,
2,1.75,0.8,20,8,10,0.5,0.001,0.993,30.0,-0.379,-94.61,0.468,0.1765,472.22,216.07,2.185,51,-5110.6,0.0014,0.0897,,,,,
2,1.5,0.5,8,6,4,0.15,0.001,0.992,16.0,-0.326,-60.07,0.469,0.2917,182.14,159.8,1.14,72,-4728.2,0.0016,0.0894,,,,,
2,1.75,0.8,16,10,8,1.0,0.001,0.996,32.0,-0.325,-78.95,0.499,0.2281,344.23,203.98,1.688,57,-4819.2,0.001,0.089,,,,,
2,1.75,0.35,8,6,4,0.5,0.0,0.971,45.0,-0.269,-45.45,0.58,0.3091,202.94,156.58,1.296,55,-2808.0,0.0,0.087,,,,,
2,1.75,0.35,12,6,4,0.3,0.0,0.971,45.0,-0.38,-58.15,0.46,0.1739,284.38,130.26,2.183,46,-2932.6,0.0,0.087,,,,,
2,1.75,0.5,16,6,8,1.0,0.0,0.971,45.0,-0.291,-56.7,0.572,0.1964,386.36,165.0,2.342,56,-3488.6,0.0,0.087,,,,,
2,1.75,0.5,16,10,6,1.0,0.0,0.971,45.0,-0.321,-59.05,0.514,0.1897,329.55,150.0,2.197,58,-3749.8,0.0,0.087,,,,,
2,1.75,0.65,12,4,4,0.5,0.0,0.971,45.0,-0.276,-53.69,0.554,0.1967,339.58,150.0,2.264,61,-3616.6,0.0,0.087,,,,,
2,1.75,0.5,8,6,4,0.3,0.0,0.965,45.0,-0.295,-60.64,0.5,0.3404,178.12,183.87,0.969,47,-3113.2,0.0009,0.0867,,,,,
2,1.75,0.5,12,8,8,0.5,0.0,0.955,45.0,-0.272,-53.7,0.593,0.2222,352.08,169.64,2.075,54,-3202.4,0.0024,0.0867,,,,,
2,1.2,0.35,16,8,4,0.15,0.001,0.997,7.0,-0.222,-29.75,0.68,0.184,343.33,113.91,3.014,163,-5762.8,0.001,0.086,,,,,
2,1.5,0.35,12,10,6,0.15,0.001,0.997,20.0,-0.431,-61.23,0.403,0.2029,203.57,128.64,1.583,69,-4611.4,0.001,0.086,,,,,
2,1.5,0.5,12,10,6,0.15,0.001,0.997,8.0,-0.355,-65.49,0.453,0.2535,213.89,160.38,1.334,71,-5047.6,0.001,0.086,,,,,
1,1.2,0.35,16,8,4,0.15,0.0,0.972,45.0,-0.222,-14.88,0.68,0.184,171.67,56.95,3.014,163,-2881.4,0.0,0.084,,,,,
1,1.5,0.5,12,10,4,0.15,0.0,0.972,45.0,-0.433,-37.5,0.349,0.1972,101.79,71.71,1.419,71,-2861.3,0.0,0.084,,,,,
1,1.5,0.65,8,6,4,1.0,0.0,0.972,45.0,-0.159,-17.69,0.683,0.3852,99.04,90.81,1.091,135,-2765.5,0.0,0.084,,,,,
2,1.75,0.35,16,8,6,0.5,0.0,0.972,45.0,-0.323,-50.0,0.552,0.1667,369.44,133.89,2.759,54,-3002.4,0.0,0.084,,,,,
2,1.75,0.65,12,4,8,0.5,0.0,0.972,45.0,-0.239,-55.0,0.615,0.2727,321.67,196.25,1.639,55,-3333.0,0.0,0.084,,,,,
2,1.5,0.35,12,6,4,0.15,0.001,0.995,21.0,-0.411,-56.16,0.442,0.1594,279.55,119.83,2.333,69,-4261.4,0.0014,0.0837,,,,,
2,1.75,0.5,12,8,10,0.3,0.0,0.966,45.0,-0.36,-75.61,0.492,0.2195,333.33,190.62,1.749,41,-3329.6,0.0009,0.0837,,,,,
2,1.5,0.5,12,4,4,0.15,0.001,0.986,16.0,-0.295,-51.06,0.557,0.1972,325.0,143.42,2.266,71,-4022.6,0.0028,0.083,,,,,
2,1.75,0.8,16,6,6,0.5,0.0,0.959,45.0,-0.264,-57.33,0.582,0.1897,420.45,169.15,2.486,58,-3649.8,0.002,0.0822,,,,,
2,1.5,0.35,8,4,6,1.0,0.001,0.985,17.0,-0.142,-24.19,0.771,0.3415,238.69,160.49,1.487,123,-3663.8,0.003,0.082,,,,,
2,1.75,0.65,16,10,6,0.3,0.0,0.943,45.0,-0.284,-55.21,0.553,0.1875,363.89,151.92,2.395,48,-2918.8,0.0045,0.0816,,,,,
2,1.75,0.5,12,10,6,1.0,0.0,0.973,45.0,-0.328,-61.64,0.489,0.2241,263.46,155.56,1.694,58,-3899.8,0.0,0.081,,,,,
2,1.75,0.65,16,6,10,1.0,0.0,0.973,45.0,-0.276,-66.04,0.588,0.2453,384.62,212.5,1.81,53,-3796.8,0.0,0.081,,,,,
2,2.0,0.35,20,8,4,0.5,0.0,0.973,45.0,-0.695,-120.0,0.15,0.05,425.0,148.68,2.858,20,-2512.0,0.0,0.081,,,,,
2,2.0,0.35,20,8,4,1.0,0.0,0.973,45.0,-0.695,-120.0,0.15,0.05,425.0,148.68,2.858,20,-2512.0,0.0,0.081,,,,,
2,2.0,0.35,20,8,6,0.5,0.0,0.973,45.0,-0.695,-120.0,0.15,0.05,425.0,148.68,2.858,20,-2512.0,0.0,0.081,,,,,
2,2.0,0.35,20,8,6,1.0,0.0,0.973,45.0,-0.695,-120.0,0.15,0.05,425.0,148.68,2.858,20,-2512.0,0.0,0.081,,,,,
2,1.75,0.65,12,6,8,0.3,0.0,0.967,45.0,-0.266,-60.56,0.566,0.2889,273.08,196.09,1.393,45,-2977.0,0.0009,0.0807,,,,,
2,1.5,0.35,12,10,4,0.3,0.001,0.995,27.0,-0.272,-40.24,0.608,0.2,311.9,128.27,2.432,105,-4813.0,0.0016,0.0804,,,,,
2,1.75,0.65,12,4,6,0.3,0.0,0.954,45.0,-0.296,-58.33,0.525,0.2083,310.0,155.26,1.997,48,-3068.8,0.0029,0.0803,,,,,
2,1.75,0.35,16,8,4,0.3,0.0,0.955,45.0,-0.349,-52.72,0.513,0.1522,364.29,127.56,2.856,46,-2682.6,0.0027,0.0802,,,,,
2,1.5,0.35,8,6,4,1.0,0.001,0.999,7.0,-0.253,-41.67,0.603,0.3089,204.61,151.76,1.348,123,-5813.8,0.001,0.08,,,,,
2,1.5,0.5,12,10,4,0.15,0.001,0.999,8.0,-0.433,-75.0,0.349,0.1972,203.57,143.42,1.419,71,-5722.6,0.001,0.08,,,,,
2,1.75,0.8,20,8,4,1.0,0.001,0.99,31.0,-0.339,-67.97,0.476,0.125,493.75,148.21,3.331,64,-4708.4,0.0024,0.0794,,,,,
2,1.75,0.8,8,4,6,0.3,0.0,0.95,45.0,-0.242,-57.81,0.568,0.3333,228.12,200.78,1.136,48,-3043.8,0.0035,0.0793,,,,,
2,1.5,0.35,8,6,4,0.5,0.001,0.998,9.0,-0.252,-41.39,0.601,0.3109,200.68,150.61,1.332,119,-5591.4,0.0012,0.0785,,,,,
2,1.75,0.35,12,10,6,0.3,0.0,0.974,45.0,-0.412,-63.33,0.409,0.1778,246.88,130.41,1.893,45,-3102.0,0.0,0.078,,,,,
2,1.75,0.35,16,10,4,0.3,0.0,0.974,45.0,-0.399,-60.33,0.442,0.1522,314.29,127.56,2.464,46,-3032.6,0.0,0.078,,,,,
2,1.5,0.35,12,8,4,0.15,0.001,0.997,21.0,-0.427,-58.33,0.421,0.1594,265.91,119.83,2.219,69,-4411.4,0.0014,0.0777,,,,,
2,1.75,0.5,8,6,6,0.3,0.0,0.958,45.0,-0.285,-59.24,0.511,0.3478,178.12,185.83,0.959,46,-2982.6,0.0024,0.0777,,,,,
2,1.75,0.8,16,6,4,0.5,0.0,0.962,45.0,-0.256,-52.42,0.587,0.1774,420.45,154.41,2.723,62,-3597.2,0.0018,0.0775,,,,,
2,1.75,0.5,20,8,6,1.0,0.001,0.964,23.0,-0.307,-54.74,0.554,0.1379,493.75,142.5,3.465,58,-3499.8,0.0064,0.0762,,,,,
2,1.5,0.35,8,6,6,0.5,0.001,0.999,15.0,-0.218,-36.97,0.647,0.3445,196.34,159.62,1.23,119,-5066.4,0.0012,0.0755,,,,,
1,1.5,0.5,12,6,4,1.0,0.0,0.975,45.0,-0.208,-19.38,0.66,0.2481,151.56,75.77,2.0,129,-2861.2,0.0,0.075,,,,,
1,1.5,0.5,12,8,4,1.0,0.0,0.975,45.0,-0.212,-19.77,0.653,0.2481,150.0,75.77,1.98,129,-2911.2,0.0,0.075,,,,,
1,1.75,0.8,12,6,10,1.0,0.0,0.975,45.0,-0.367,-49.76,0.43,0.3019,124.22,125.0,0.994,53,-2785.9,0.0,0.075,,,,,
2,1.75,0.35,16,6,6,1.0,0.0,0.975,45.0,-0.323,-49.55,0.554,0.1607,383.33,132.45,2.894,56,-3088.6,0.0,0.075,,,,,
2,1.75,0.5,8,6,4,1.0,0.0,0.975,45.0,-0.259,-53.81,0.54,0.3729,169.32,186.49,0.908,59,-3505.4,0.0,0.075,,,,,
2,1.75,0.5,12,4,4,1.0,0.0,0.975,45.0,-0.291,-54.24,0.551,0.2203,301.92,154.89,1.949,59,-3530.4,0.0,0.075,,,,,
2,1.75,0.5,12,10,4,1.0,0.0,0.975,45.0,-0.336,-62.71,0.481,0.2203,263.46,154.89,1.701,59,-4030.4,0.0,0.075,,,,,
1,1.2,0.35,16,10,4,1.0,0.001,0.997,23.0,-0.215,-16.61,0.691,0.2061,180.59,67.82,2.663,228,-4425.9,0.0016,0.0744,,,,,
2,1.75,0.8,20,8,6,1.0,0.001,0.989,31.0,-0.349,-73.75,0.472,0.1333,493.75,161.06,3.066,60,-4761.0,0.0028,0.074,,,,,
2,1.75,0.8,16,10,4,0.3,0.0,0.965,45.0,-0.31,-63.24,0.504,0.1765,363.89,154.76,2.351,51,-3510.6,0.0016,0.0734,,,,,
2,1.75,0.35,16,8,10,0.3,0.0,0.976,45.0,-0.416,-67.86,0.449,0.1667,332.14,147.86,2.246,42,-3085.2,0.0,0.072,,,,,
2,1.75,0.5,12,8,8,1.0,0.0,0.976,45.0,-0.305,-60.71,0.539,0.2321,305.77,171.51,1.783,56,-3713.6,0.0,0.072,,,,,
2,1.75,0.5,16,10,4,1.0,0.0,0.976,45.0,-0.329,-60.17,0.505,0.1864,329.55,149.48,2.205,59,-3880.4,0.0,0.072,,,,,
2,1.5,0.35,12,6,4,1.0,0.001,0.999,27.0,-0.27,-42.01,0.607,0.2213,292.59,137.11,2.134,122,-5808.2,0.0014,0.0717,,,,,
2,1.75,0.35,12,8,6,0.3,0.0,0.956,45.0,-0.354,-54.44,0.492,0.1778,296.88,130.41,2.277,45,-2702.0,0.003,0.0714,,,,,
1,1.2,0.35,12,6,6,1.0,0.001,0.993,13.0,-0.173,-13.97,0.745,0.2576,158.69,73.9,2.147,229,-3841.2,0.0024,0.069,,,,,
1,1.5,0.5,12,6,4,0.5,0.0,0.977,45.0,-0.219,-20.3,0.643,0.24,152.5,74.87,2.037,125,-2887.5,0.0,0.069,,,,,
2,1.75,0.35,12,8,6,0.5,0.0,0.977,45.0,-0.337,-52.78,0.525,0.1852,315.0,136.36,2.31,54,-3152.4,0.0,0.069,,,,,
2,1.75,0.35,16,8,4,0.5,0.0,0.977,45.0,-0.333,-51.36,0.541,0.1636,369.44,133.7,2.763,55,-3133.0,0.0,0.069,,,,,
2,1.75,0.65,12,8,10,0.5,0.0,0.977,45.0,-0.275,-68.14,0.572,0.2941,310.0,225.69,1.374,51,-3760.6,0.0,0.069,,,,,
1,1.2,0.35,20,8,4,0.15,0.0,0.978,45.0,-0.241,-15.9,0.663,0.1481,210.94,55.34,3.811,162,-3028.6,0.0,0.066,,,,,
1,1.5,0.35,12,8,6,1.0,0.0,0.978,45.0,-0.252,-19.98,0.633,0.2377,144.83,71.37,2.029,122,-2779.1,0.0,0.066,,,,,
2,1.75,0.35,12,4,4,1.0,0.0,0.978,45.0,-0.314,-49.12,0.556,0.193,318.18,136.96,2.323,57,-3119.2,0.0,0.066,,,,,
2,1.75,0.5,12,4,8,1.0,0.0,0.978,45.0,-0.298,-59.37,0.549,0.2321,311.54,171.51,1.816,56,-3638.6,0.0,0.066,,,,,
2,1.75,0.5,12,6,6,0.5,0.0,0.978,45.0,-0.314,-58.48,0.515,0.2143,289.58,153.41,1.888,56,-3588.6,0.0,0.066,,,,,
2,2.0,0.35,20,10,4,0.5,0.0,0.978,45.0,-0.709,-122.5,0.133,0.05,375.0,148.68,2.522,20,-2562.0,0.0,0.066,,,,,
2,2.0,0.35,20,10,4,1.0,0.0,0.978,45.0,-0.709,-122.5,0.133,0.05,375.0,148.68,2.522,20,-2562.0,0.0,0.066,,,,,
2,2.0,0.35,20,10,6,0.5,0.0,0.978,45.0,-0.709,-122.5,0.133,0.05,375.0,148.68,2.522,20,-2562.0,0.0,0.066,,,,,
2,2.0,0.35,20,10,6,1.0,0.0,0.978,45.0,-0.709,-122.5,0.133,0.05,375.0,148.68,2.522,20,-2562.0,0.0,0.066,,,,,
2,1.75,0.65,8,6,4,0.3,0.0,0.972,45.0,-0.291,-61.0,0.483,0.32,178.12,173.53,1.026,50,-3330.0,0.0009,0.0657,,,,,
2,1.75,0.65,16,8,4,1.0,0.0,0.972,45.0,-0.294,-56.75,0.536,0.1746,375.0,148.08,2.532,63,-3927.8,0.0009,0.0657,,,,,
1,1.2,0.35,12,8,4,0.5,0.001,0.99,12.0,-0.189,-14.83,0.718,0.2489,151.56,69.97,2.166,225,-3967.5,0.0031,0.0654,,,,,
2,1.5,0.35,8,6,6,1.0,0.001,0.999,9.0,-0.22,-37.4,0.646,0.3415,200.0,160.49,1.246,123,-5288.8,0.0017,0.0654,,,,,
1,1.2,0.35,16,6,6,1.0,0.001,0.995,16.0,-0.182,-14.36,0.74,0.2237,182.35,71.05,2.567,228,-3913.4,0.0023,0.0651,,,,,
2,1.75,0.35,20,6,4,0.3,0.0,0.955,45.0,-0.391,-57.61,0.473,0.1087,475.0,122.56,3.876,46,-2907.6,0.0035,0.0643,,,,,
2,1.75,0.65,16,10,4,0.3,0.0,0.957,45.0,-0.293,-56.0,0.539,0.18,363.89,148.17,2.456,50,-3080.0,0.0033,0.0632,,,,,
1,1.5,0.5,12,10,4,0.5,0.0,0.979,45.0,-0.216,-20.0,0.649,0.24,153.75,74.87,2.054,125,-2850.0,0.0,0.063,,,,,
2,1.5,0.35,12,6,4,0.5,0.001,0.998,6.0,-0.27,-41.74,0.605,0.2203,290.38,135.6,2.142,118,-5585.8,0.002,0.063,,,,,
2,1.75,0.35,12,6,6,0.5,0.0,0.979,45.0,-0.337,-52.78,0.525,0.1852,315.0,136.36,2.31,54,-3152.4,0.0,0.063,,,,,
2,1.75,0.5,16,10,10,0.3,0.0,0.979,45.0,-0.389,-80.49,0.461,0.1951,353.12,185.61,1.903,41,-3529.6,0.0,0.063,,,,,
2,1.75,0.65,12,4,6,1.0,0.0,0.979,45.0,-0.293,-59.17,0.525,0.2167,301.92,159.04,1.898,60,-3886.0,0.0,0.063,,,,,
2,1.75,0.65,12,8,4,1.0,0.0,0.973,45.0,-0.292,-57.54,0.526,0.2063,309.62,153.0,2.024,63,-3977.8,0.0009,0.0627,,,,,
1,1.2,0.35,12,10,4,1.0,0.001,0.996,11.0,-0.202,-16.01,0.7,0.2456,152.01,70.71,2.15,228,-4288.4,0.0023,0.0621,,,,,
2,1.75,0.8,12,10,4,0.3,0.0,0.969,45.0,-0.326,-67.16,0.471,0.1961,305.0,157.93,1.931,51,-3710.6,0.0016,0.0614,,,,,
2,1.75,0.35,12,8,4,0.3,0.0,0.957,45.0,-0.366,-55.98,0.48,0.1739,296.88,130.26,2.279,46,-2832.6,0.0034,0.0607,,,,,
2,1.75,0.8,16,8,6,0.5,0.0,0.965,45.0,-0.278,-60.34,0.56,0.1897,404.55,169.15,2.392,58,-3824.8,0.0022,0.0603,,,,,
1,1.5,0.35,8,6,4,0.5,0.0,0.98,45.0,-0.252,-20.69,0.601,0.3109,100.34,75.3,1.332,119,-2795.7,0.0,0.06,,,,,
1,1.5,0.35,12,6,4,0.5,0.0,0.98,45.0,-0.27,-20.87,0.605,0.2203,145.19,67.8,2.142,118,-2792.9,0.0,0.06,,,,,
1,1.5,0.35,12,6,4,1.0,0.0,0.98,45.0,-0.27,-21.0,0.607,0.2213,146.3,68.55,2.134,122,-2904.1,0.0,0.06,,,,,
2,1.75,0.35,12,8,10,0.3,0.0,0.98,45.0,-0.431,-71.43,0.417,0.1905,268.75,151.47,1.774,42,-3235.2,0.0,0.06,,,,,
2,1.75,0.35,20,10,6,0.3,0.0,0.98,45.0,-0.454,-67.22,0.383,0.1111,375.0,122.5,3.061,45,-3277.0,0.0,0.06,,,,,
2,1.75,0.5,12,6,4,0.5,0.0,0.98,45.0,-0.323,-59.65,0.505,0.2105,289.58,152.78,1.895,57,-3719.2,0.0,0.06,,,,,
2,1.75,0.5,12,6,6,0.3,0.0,0.98,45.0,-0.357,-67.93,0.454,0.2174,260.0,159.03,1.635,46,-3382.6,0.0,0.06,,,,,
2,1.75,0.5,12,6,8,0.3,0.0,0.98,45.0,-0.358,-71.59,0.464,0.2273,272.5,172.79,1.577,44,-3396.4,0.0,0.06,,,,,
2,1.75,0.5,16,8,8,1.0,0.0,0.98,45.0,-0.307,-59.82,0.549,0.1964,370.45,165.0,2.245,56,-3663.6,0.0,0.06,,,,,
2,1.75,0.65,20,6,4,0.5,0.0,0.974,45.0,-0.318,-59.43,0.513,0.1311,478.12,140.57,3.401,61,-3966.6,0.0009,0.0597,,,,,
2,1.75,0.65,12,10,4,0.3,0.0,0.963,45.0,-0.31,-60.0,0.504,0.2,305.0,151.25,2.017,50,-3280.0,0.0026,0.0594,,,,,
2,1.75,0.8,12,4,8,0.3,0.0,0.97,45.0,-0.274,-68.33,0.556,0.2889,296.15,216.41,1.369,45,-3327.0,0.0016,0.0584,,,,,
2,1.75,0.8,16,10,6,0.3,0.0,0.967,45.0,-0.32,-69.27,0.496,0.1875,363.89,169.23,2.15,48,-3593.8,0.002,0.0582,,,,,
2,1.5,0.35,12,6,8,1.0,0.001,0.999,22.0,-0.221,-36.13,0.676,0.2605,289.52,150.85,1.919,119,-4966.4,0.0021,0.0576,,,,,
1,1.5,0.35,12,8,4,1.0,0.0,0.981,45.0,-0.271,-21.11,0.605,0.2213,145.83,68.55,2.127,122,-2916.6,0.0,0.057,,,,,
1,1.5,0.5,8,6,4,0.5,0.0,0.981,45.0,-0.208,-20.83,0.63,0.3492,101.42,86.43,1.173,126,-2977.8,0.0,0.057,,,,,
1,1.5,0.5,12,10,4,1.0,0.0,0.981,45.0,-0.213,-19.86,0.651,0.2481,149.61,75.77,1.974,129,-2923.7,0.0,0.057,,,,,
2,1.75,0.35,12,8,4,0.5,0.0,0.981,45.0,-0.347,-54.09,0.514,0.1818,315.0,136.11,2.314,55,-3283.0,0.0,0.057,,,,,
2,1.75,0.35,20,6,6,0.5,0.0,0.981,45.0,-0.386,-57.87,0.488,0.1111,495.83,127.08,3.902,54,-3427.4,0.0,0.057,,,,,
2,1.75,0.5,16,6,10,1.0,0.0,0.981,45.0,-0.335,-69.23,0.526,0.2115,363.64,185.37,1.962,52,-3891.2,0.0,0.057,,,,,
2,1.75,0.65,12,4,8,1.0,0.0,0.981,45.0,-0.263,-60.96,0.574,0.2807,292.19,198.78,1.47,57,-3794.2,0.0,0.057,,,,,
2,1.75,0.8,16,6,6,1.0,0.0,0.981,45.0,-0.306,-66.67,0.518,0.1833,390.91,169.39,2.308,60,-4336.0,0.0,0.057,,,,,
2,1.75,0.65,16,6,4,1.0,0.0,0.969,45.0,-0.279,-53.97,0.558,0.1746,390.91,148.08,2.64,63,-3752.8,0.0018,0.0565,,,,,
2,1.75,0.65,12,10,6,0.3,0.0,0.958,45.0,-0.301,-59.38,0.517,0.2083,305.0,155.26,1.964,48,-3118.8,0.0035,0.0553,,,,,
2,1.75,0.35,20,4,10,0.3,0.0,0.982,45.0,-0.482,-75.6,0.395,0.0952,518.75,138.16,3.755,42,-3410.2,0.0,0.054,,,,,
2,1.75,0.35,20,10,4,0.3,0.0,0.982,45.0,-0.464,-68.48,0.373,0.1087,375.0,122.56,3.06,46,-3407.6,0.0,0.054,,,,,
2,1.75,0.5,12,6,4,0.3,0.0,0.982,45.0,-0.366,-69.15,0.444,0.2128,260.0,158.11,1.644,47,-3513.2,0.0,0.054,,,,,
2,1.75,0.65,12,6,8,0.5,0.0,0.982,45.0,-0.271,-62.27,0.564,0.2727,295.0,196.25,1.503,55,-3733.0,0.0,0.054,,,,,
2,1.75,0.8,12,4,8,0.5,0.0,0.982,45.0,-0.273,-68.18,0.563,0.2727,321.67,214.38,1.5,55,-4058.0,0.0,0.054,,,,,
2,1.75,0.8,16,8,8,1.0,0.0,0.982,45.0,-0.289,-70.18,0.554,0.2281,382.69,203.98,1.876,57,-4319.2,0.0,0.054,,,,,
2,1.75,0.8,20,10,6,0.3,0.0,0.976,45.0,-0.365,-77.08,0.444,0.1458,421.43,162.2,2.598,48,-3968.8,0.0009,0.0537,,,,,
2,1.75,0.8,12,8,4,0.5,0.0,0.974,45.0,-0.279,-57.66,0.545,0.1935,356.25,157.0,2.269,62,-3922.2,0.0013,0.0522,,,,,
2,1.75,0.8,12,10,6,0.3,0.0,0.974,45.0,-0.335,-73.44,0.464,0.2083,305.0,173.03,1.763,48,-3793.8,0.0013,0.0522,,,,,
2,1.75,0.35,8,6,6,1.0,0.0,0.983,45.0,-0.288,-49.11,0.542,0.3214,180.56,157.89,1.144,56,-3063.6,0.0,0.051,,,,,
2,1.75,0.35,12,10,4,0.3,0.0,0.983,45.0,-0.423,-64.67,0.399,0.1739,246.88,130.26,1.895,46,-3232.6,0.0,0.051,,,,,
2,1.75,0.35,20,6,4,0.5,0.0,0.983,45.0,-0.395,-59.09,0.478,0.1091,495.83,127.04,3.903,55,-3558.0,0.0,0.051,,,,,
2,1.75,0.65,8,6,6,1.0,0.0,0.983,45.0,-0.262,-58.75,0.514,0.3667,169.32,190.79,0.887,60,-3861.0,0.0,0.051,,,,,
2,1.75,0.65,20,10,6,0.3,0.0,0.965,45.0,-0.332,-63.02,0.494,0.1458,421.43,145.73,2.892,48,-3293.8,0.0027,0.0502,,,,,
1,1.5,0.35,12,10,6,0.5,0.0,0.984,45.0,-0.262,-20.66,0.617,0.2373,140.18,70.69,1.983,118,-2767.9,0.0,0.048,,,,,
1,1.5,0.5,8,6,4,1.0,0.0,0.984,45.0,-0.197,-19.9,0.647,0.3538,102.99,87.2,1.181,130,-2951.5,0.0,0.048,,,,,
2,1.75,0.8,8,6,6,0.3,0.0,0.984,45.0,-0.312,-74.48,0.444,0.3333,178.12,200.78,0.887,48,-3843.8,0.0,0.048,,,,,
2,1.75,0.8,12,4,6,0.5,0.0,0.984,45.0,-0.302,-66.38,0.514,0.2069,339.58,172.28,1.971,58,-4174.8,0.0,0.048,,,,,
2,1.75,0.8,16,6,4,1.0,0.0,0.984,45.0,-0.298,-61.33,0.523,0.1719,390.91,155.19,2.519,64,-4283.4,0.0,0.048,,,,,
2,1.75,0.65,12,4,4,0.3,0.0,0.964,45.0,-0.305,-59.0,0.512,0.2,310.0,151.25,2.05,50,-3230.0,0.003,0.0474,,,,,
2,1.75,0.35,12,6,4,0.5,0.0,0.985,45.0,-0.347,-54.09,0.514,0.1818,315.0,136.11,2.314,55,-3283.0,0.0,0.045,,,,,
2,1.75,0.35,12,6,8,0.3,0.0,0.985,45.0,-0.424,-69.05,0.414,0.1905,256.25,145.59,1.76,42,-3135.2,0.0,0.045,,,,,
2,1.75,0.35,16,10,8,0.3,0.0,0.985,45.0,-0.445,-71.43,0.397,0.1667,282.14,142.14,1.985,42,-3235.2,0.0,0.045,,,,,
2,1.75,0.35,20,6,8,0.3,0.0,0.985,45.0,-0.49,-75.6,0.371,0.0952,468.75,132.89,3.527,42,-3410.2,0.0,0.045,,,,,
2,1.75,0.5,12,10,10,0.3,0.0,0.985,45.0,-0.407,-85.37,0.426,0.2195,288.89,190.62,1.515,41,-3729.6,0.0,0.045,,,,,
2,1.75,0.65,12,4,10,0.3,0.0,0.985,45.0,-0.326,-78.57,0.5,0.2857,275.0,220.0,1.25,42,-3535.2,0.0,0.045,,,,,
2,1.75,0.65,12,4,10,0.5,0.0,0.985,45.0,-0.281,-69.61,0.563,0.2941,305.0,225.69,1.351,51,-3835.6,0.0,0.045,,,,,
2,1.75,0.65,12,6,6,0.5,0.0,0.985,45.0,-0.32,-63.79,0.484,0.2069,289.58,155.98,1.857,58,-4024.8,0.0,0.045,,,,,
2,1.75,0.8,12,4,4,0.5,0.0,0.985,45.0,-0.294,-60.89,0.519,0.1935,339.58,157.0,2.163,62,-4122.2,0.0,0.045,,,,,
2,1.75,0.8,12,8,4,1.0,0.0,0.985,45.0,-0.309,-64.84,0.492,0.2031,309.62,160.29,1.932,64,-4508.4,0.0,0.045,,,,,
2,1.75,0.8,16,8,4,1.0,0.0,0.985,45.0,-0.311,-64.06,0.502,0.1719,375.0,155.19,2.416,64,-4458.4,0.0,0.045,,,,,
2,1.75,0.8,16,8,6,1.0,0.0,0.985,45.0,-0.319,-69.58,0.497,0.1833,375.0,169.39,2.214,60,-4511.0,0.0,0.045,,,,,
2,1.75,0.8,12,8,6,0.5,0.0,0.968,45.0,-0.287,-62.93,0.539,0.2069,356.25,172.28,2.068,58,-3974.8,0.0026,0.0444,,,,,
2,1.75,0.8,16,8,4,0.5,0.0,0.975,45.0,-0.27,-55.24,0.565,0.1774,404.55,154.41,2.62,62,-3772.2,0.0016,0.0434,,,,,
2,1.75,0.65,12,10,10,0.3,0.0,0.977,45.0,-0.333,-80.36,0.489,0.2857,268.75,220.0,1.222,42,-3610.2,0.0013,0.0432,,,,,
1,1.5,0.35,12,10,4,0.5,0.0,0.986,45.0,-0.277,-21.4,0.595,0.2203,142.79,67.8,2.106,118,-2855.4,0.0,0.042,,,,,
1,1.5,0.35,12,10,6,1.0,0.0,0.986,45.0,-0.267,-21.21,0.61,0.2377,139.66,71.37,1.957,122,-2929.1,0.0,0.042,,,,,
2,1.75,0.35,8,6,4,1.0,0.0,0.986,45.0,-0.298,-50.44,0.531,0.3158,180.56,157.05,1.15,57,-3194.2,0.0,0.042,,,,,
2,1.75,0.35,20,8,6,0.5,0.0,0.986,45.0,-0.423,-63.43,0.439,0.1111,445.83,127.08,3.508,54,-3727.4,0.0,0.042,,,,,
2,1.75,0.65,12,6,6,0.3,0.0,0.986,45.0,-0.349,-68.75,0.441,0.2083,260.0,155.26,1.675,48,-3568.8,0.0,0.042,,,,,
2,1.75,0.65,16,10,6,1.0,0.0,0.986,45.0,-0.328,-65.0,0.482,0.1833,329.55,153.57,2.146,60,-4236.0,0.0,0.042,,,,,
2,1.75,0.8,12,4,6,0.3,0.0,0.98,45.0,-0.331,-72.4,0.471,0.2083,310.0,173.03,1.792,48,-3743.8,0.0009,0.0417,,,,,
2,1.75,0.65,20,10,4,0.3,0.0,0.969,45.0,-0.34,-63.5,0.482,0.14,421.43,142.44,2.959,50,-3455.0,0.0026,0.0414,,,,,
2,1.75,0.8,20,10,4,0.3,0.0,0.978,45.0,-0.355,-70.59,0.45,0.1373,421.43,148.86,2.831,51,-3885.6,0.0013,0.0402,,,,,
1,1.5,0.35,8,6,4,1.0,0.0,0.987,45.0,-0.253,-20.83,0.603,0.3089,102.3,75.88,1.348,123,-2906.9,0.0,0.039,,,,,
2,1.75,0.35,12,4,10,1.0,0.0,0.987,45.0,-0.352,-58.65,0.518,0.2115,297.73,154.27,1.93,52,-3341.2,0.0,0.039,,,,,
2,1.75,0.35,20,8,6,1.0,0.0,0.987,45.0,-0.416,-62.05,0.448,0.1071,470.83,126.0,3.737,56,-3788.6,0.0,0.039,,,,,
2,1.75,0.5,12,4,10,0.5,0.0,0.987,45.0,-0.318,-67.0,0.541,0.24,329.17,192.11,1.713,50,-3630.0,0.0,0.039,,,,,
2,1.75,0.65,8,6,4,1.0,0.0,0.987,45.0,-0.27,-58.73,0.502,0.3492,169.32,181.1,0.935,63,-4052.8,0.0,0.039,,,,,
2,1.75,0.65,12,4,4,1.0,0.0,0.987,45.0,-0.3,-59.13,0.513,0.2063,301.92,153.0,1.973,63,-4077.8,0.0,0.039,,,,,
2,1.75,0.65,12,8,10,1.0,0.0,0.987,45.0,-0.305,-75.94,0.522,0.3019,275.0,227.7,1.208,53,-4321.8,0.0,0.039,,,,,
2,1.75,0.8,12,6,8,0.3,0.0,0.987,45.0,-0.301,-75.0,0.513,0.2889,273.08,216.41,1.262,45,-3627.0,0.0,0.039,,,,,
2,1.75,0.8,12,8,6,1.0,0.0,0.987,45.0,-0.317,-70.42,0.488,0.2167,309.62,175.53,1.764,60,-4561.0,0.0,0.039,,,,,
2,1.75,0.35,20,8,6,0.3,0.0,0.966,45.0,-0.417,-61.67,0.434,0.1111,425.0,122.5,3.469,45,-3027.0,0.0032,0.0388,,,,,
2,1.75,0.35,20,8,4,0.3,0.0,0.974,45.0,-0.427,-63.04,0.423,0.1087,425.0,122.56,3.468,46,-3157.6,0.002,0.0372,,,,,
2,1.75,0.5,20,10,8,0.3,0.0,0.979,45.0,-0.39,-73.86,0.456,0.1364,454.17,157.24,2.888,44,-3496.4,0.0013,0.0372,,,,,
1,1.5,0.35,12,10,4,1.0,0.0,0.988,45.0,-0.282,-21.93,0.589,0.2213,142.13,68.55,2.073,122,-3016.6,0.0,0.036,,,,,
2,1.75,0.5,12,4,10,0.3,0.0,0.988,45.0,-0.398,-83.54,0.439,0.2195,297.22,190.62,1.559,41,-3654.6,0.0,0.036,,,,,
2,1.75,0.5,12,6,6,1.0,0.0,0.988,45.0,-0.342,-64.22,0.468,0.2241,251.92,155.56,1.62,58,-4049.8,0.0,0.036,,,,,
2,1.75,0.5,12,6,8,0.5,0.0,0.988,45.0,-0.33,-65.28,0.505,0.2222,300.0,169.64,1.768,54,-3827.4,0.0,0.036,,,,,
2,1.75,0.65,12,4,10,1.0,0.0,0.988,45.0,-0.303,-75.47,0.525,0.3019,276.56,227.7,1.215,53,-4296.8,0.0,0.036,,,,,
2,1.75,0.65,12,6,4,0.3,0.0,0.988,45.0,-0.357,-69.0,0.43,0.2,260.0,151.25,1.719,50,-3730.0,0.0,0.036,,,,,
2,1.75,0.65,12,6,4,0.5,0.0,0.988,45.0,-0.327,-63.52,0.473,0.1967,289.58,150.0,1.931,61,-4216.6,0.0,0.036,,,,,
2,1.75,0.65,16,10,4,1.0,0.0,0.988,45.0,-0.335,-64.68,0.471,0.1746,329.55,148.08,2.226,63,-4427.8,0.0,0.036,,,,,
2,1.75,0.8,8,6,4,0.3,0.0,0.988,45.0,-0.293,-66.18,0.464,0.3333,172.06,185.29,0.929,51,-3660.6,0.0,0.036,,,,,
2,1.75,0.35,16,6,4,1.0,0.0,0.982,45.0,-0.332,-50.88,0.543,0.1579,383.33,132.29,2.898,57,-3219.2,0.0009,0.0357,,,,,
2,1.5,0.5,12,10,8,0.15,0.0,0.989,45.0,-0.277,-53.21,0.558,0.3,223.81,171.94,1.302,70,-4117.0,0.0,0.033,,,,,
2,1.75,0.35,16,8,8,0.5,0.0,0.989,45.0,-0.368,-59.8,0.504,0.1765,344.44,146.43,2.352,51,-3335.6,0.0,0.033,,,,,
2,1.75,0.35,16,8,10,0.5,0.0,0.989,45.0,-0.375,-61.5,0.502,0.18,344.44,150.61,2.287,50,-3355.0,0.0,0.033,,,,,
2,1.75,0.35,16,10,10,0.3,0.0,0.989,45.0,-0.467,-76.19,0.382,0.1667,282.14,147.86,1.908,42,-3435.2,0.0,0.033,,,,,
2,1.75,0.8,12,4,8,1.0,0.0,0.989,45.0,-0.295,-74.12,0.525,0.2807,292.19,217.07,1.346,57,-4544.2,0.0,0.033,,,,,
2,1.75,0.65,16,8,10,1.0,0.0,0.981,45.0,-0.297,-71.23,0.556,0.2453,363.46,212.5,1.71,53,-4071.8,0.0013,0.0312,,,,,
2,1.75,0.35,12,4,8,1.0,0.0,0.99,45.0,-0.347,-57.08,0.52,0.2075,297.73,150.0,1.985,53,-3321.8,0.0,0.03,,,,,
2,1.75,0.35,20,4,8,0.5,0.0,0.99,45.0,-0.445,-69.12,0.436,0.098,545.0,135.87,4.011,51,-3810.6,0.0,0.03,,,,,
2,1.75,0.35,20,6,10,0.3,0.0,0.99,45.0,-0.512,-80.36,0.357,0.0952,468.75,138.16,3.393,42,-3610.2,0.0,0.03,,,,,
2,1.75,0.5,12,4,10,1.0,0.0,0.99,45.0,-0.34,-72.12,0.503,0.25,292.31,193.59,1.51,52,-4041.2,0.0,0.03,,,,,
2,1.75,0.5,12,6,4,1.0,0.0,0.99,45.0,-0.35,-65.25,0.46,0.2203,251.92,154.89,1.626,59,-4180.4,0.0,0.03,,,,,
2,1.75,0.5,20,6,10,0.3,0.0,0.99,45.0,-0.468,-92.68,0.387,0.122,480.0,172.22,2.787,41,-4029.6,0.0,0.03,,,,,
2,1.75,0.65,12,10,4,1.0,0.0,0.99,45.0,-0.341,-67.06,0.448,0.2063,263.46,153.0,1.722,63,-4577.8,0.0,0.03,,,,,
2,1.75,0.8,8,6,4,1.0,0.0,0.99,45.0,-0.276,-64.45,0.479,0.3594,165.22,193.29,0.855,64,-4483.4,0.0,0.03,,,,,
2,1.75,0.8,12,8,8,1.0,0.0,0.99,45.0,-0.296,-74.56,0.522,0.2807,290.62,217.07,1.339,57,-4569.2,0.0,0.03,,,,,
2,1.75,0.8,12,8,10,0.5,0.0,0.99,45.0,-0.311,-83.82,0.521,0.2941,310.0,247.92,1.25,51,-4560.6,0.0,0.03,,,,,
2,1.75,0.5,20,6,8,0.5,0.0,0.984,45.0,-0.371,-69.44,0.483,0.1296,500.0,154.26,3.241,54,-4052.4,0.0009,0.0297,,,,,
2,1.75,0.65,20,8,6,0.5,0.0,0.972,45.0,-0.313,-59.91,0.522,0.1379,475.0,145.5,3.265,58,-3799.8,0.0027,0.0292,,,,,
2,1.75,0.5,12,8,10,0.5,0.0,0.977,45.0,-0.315,-66.5,0.545,0.24,331.25,192.11,1.724,50,-3605.0,0.002,0.0282,,,,,
2,1.75,0.8,12,4,4,0.3,0.0,0.982,45.0,-0.321,-66.18,0.479,0.1961,310.0,157.93,1.963,51,-3660.6,0.0013,0.0282,,,,,
2,1.75,0.35,12,8,4,1.0,0.0,0.991,45.0,-0.382,-59.65,0.46,0.193,263.64,136.96,1.925,57,-3719.2,0.0,0.027,,,,,
2,1.75,0.35,12,8,8,0.5,0.0,0.991,45.0,-0.382,-62.75,0.478,0.1961,292.5,149.39,1.958,51,-3485.6,0.0,0.027,,,,,
2,1.75,0.35,12,8,10,0.5,0.0,0.991,45.0,-0.388,-64.5,0.476,0.2,292.5,153.75,1.902,50,-3505.0,0.0,0.027,,,,,
2,1.75,0.35,12,10,8,0.3,0.0,0.991,45.0,-0.468,-76.19,0.354,0.1905,218.75,145.59,1.503,42,-3435.2,0.0,0.027,,,,,
2,1.75,0.35,12,10,10,0.3,0.0,0.991,45.0,-0.489,-80.95,0.34,0.1905,218.75,151.47,1.444,42,-3635.2,0.0,0.027,,,,,
2,1.75,0.35,16,6,8,1.0,0.0,0.991,45.0,-0.367,-58.96,0.508,0.1698,358.33,144.32,2.483,53,-3421.8,0.0,0.027,,,,,
2,1.75,0.35,20,4,10,0.5,0.0,0.991,45.0,-0.452,-71.0,0.434,0.1,545.0,139.44,3.908,50,-3830.0,0.0,0.027,,,,,
2,1.75,0.35,20,8,8,0.3,0.0,0.991,45.0,-0.521,-80.36,0.332,0.0952,418.75,132.89,3.151,42,-3610.2,0.0,0.027,,,,,
2,1.75,0.5,12,10,8,1.0,0.0,0.991,45.0,-0.359,-71.43,0.458,0.2321,259.62,171.51,1.514,56,-4313.6,0.0,0.027,,,,,
2,1.75,0.5,16,10,8,1.0,0.0,0.991,45.0,-0.353,-68.75,0.481,0.1964,325.0,165.0,1.97,56,-4163.6,0.0,0.027,,,,,
2,1.75,0.5,20,8,8,1.0,0.0,0.991,45.0,-0.368,-68.75,0.488,0.125,525.0,153.57,3.419,56,-4163.6,0.0,0.027,,,,,
2,1.75,0.5,20,8,10,0.5,0.0,0.991,45.0,-0.411,-81.5,0.451,0.14,478.57,172.67,2.772,50,-4355.0,0.0,0.027,,,,,
2,1.75,0.65,12,10,6,1.0,0.0,0.991,45.0,-0.334,-67.5,0.458,0.2167,263.46,159.04,1.657,60,-4386.0,0.0,0.027,,,,,
2,1.75,0.8,8,6,6,1.0,0.0,0.991,45.0,-0.29,-71.67,0.464,0.3667,169.32,211.18,0.802,60,-4636.0,0.0,0.027,,,,,
2,1.75,0.8,12,4,4,1.0,0.0,0.991,45.0,-0.317,-66.41,0.48,0.2031,301.92,160.29,1.884,64,-4608.4,0.0,0.027,,,,,
2,1.75,0.65,8,6,6,0.3,0.0,0.973,45.0,-0.282,-60.42,0.496,0.3333,178.12,179.69,0.991,48,-3168.8,0.0027,0.0262,,,,,
2,1.75,0.35,12,6,8,0.5,0.0,0.992,45.0,-0.382,-62.75,0.478,0.1961,292.5,149.39,1.958,51,-3485.6,0.0,0.024,,,,,
2,1.75,0.35,12,6,10,0.3,0.0,0.992,45.0,-0.446,-73.81,0.398,0.1905,256.25,151.47,1.692,42,-3335.2,0.0,0.024,,,,,
2,1.75,0.35,12,6,10,0.5,0.0,0.992,45.0,-0.388,-64.5,0.476,0.2,292.5,153.75,1.902,50,-3505.0,0.0,0.024,,,,,
2,1.75,0.35,16,6,10,1.0,0.0,0.992,45.0,-0.373,-60.58,0.506,0.1731,358.33,148.26,2.417,52,-3441.2,0.0,0.024,,,,,
2,1.75,0.35,16,8,4,1.0,0.0,0.992,45.0,-0.384,-58.77,0.472,0.1579,333.33,132.29,2.52,57,-3669.2,0.0,0.024,,,,,
2,1.75,0.65,12,6,6,1.0,0.0,0.992,45.0,-0.346,-70.0,0.438,0.2167,251.92,159.04,1.584,60,-4536.0,0.0,0.024,,,,,
2,1.75,0.65,16,10,10,1.0,0.0,0.992,45.0,-0.337,-80.66,0.497,0.2453,325.0,212.5,1.529,53,-4571.8,0.0,0.024,,,,,
2,1.75,0.8,12,10,4,1.0,0.0,0.992,45.0,-0.354,-74.22,0.419,0.2031,263.46,160.29,1.644,64,-5108.4,0.0,0.024,,,,,
2,1.75,0.5,20,8,8,0.5,0.0,0.984,45.0,-0.369,-68.98,0.486,0.1296,503.57,154.26,3.265,54,-4027.4,0.0013,0.0222,,,,,
2,1.75,0.35,20,8,4,0.5,0.0,0.993,45.0,-0.432,-64.55,0.43,0.1091,445.83,127.04,3.509,55,-3858.0,0.0,0.021,,,,,
2,1.75,0.35,20,10,8,0.3,0.0,0.993,45.0,-0.552,-85.12,0.292,0.0952,368.75,132.89,2.775,42,-3810.2,0.0,0.021,,,,,
2,1.75,0.65,12,6,4,1.0,0.0,0.993,45.0,-0.353,-69.44,0.428,0.2063,251.92,153.0,1.647,63,-4727.8,0.0,0.021,,,,,
2,1.75,0.65,12,6,10,0.5,0.0,0.993,45.0,-0.313,-77.45,0.514,0.2941,278.33,225.69,1.233,51,-4235.6,0.0,0.021,,,,,
2,1.75,0.8,12,4,6,1.0,0.0,0.993,45.0,-0.324,-72.08,0.476,0.2167,301.92,175.53,1.72,60,-4661.0,0.0,0.021,,,,,
2,1.75,0.8,12,6,4,0.3,0.0,0.993,45.0,-0.369,-75.98,0.402,0.1961,260.0,157.93,1.646,51,-4160.6,0.0,0.021,,,,,
2,1.75,0.8,12,6,4,0.5,0.0,0.993,45.0,-0.341,-70.56,0.443,0.1935,289.58,157.0,1.844,62,-4722.2,0.0,0.021,,,,,
2,1.75,0.8,16,10,4,1.0,0.0,0.993,45.0,-0.349,-71.88,0.441,0.1719,329.55,155.19,2.124,64,-4958.4,0.0,0.021,,,,,
2,1.75,0.8,20,6,10,1.0,0.0,0.993,45.0,-0.376,-93.4,0.475,0.1698,497.22,214.2,2.321,53,-5246.8,0.0,0.021,,,,,
2,1.75,0.65,20,6,10,0.5,0.0,0.985,45.0,-0.338,-77.45,0.523,0.1765,480.56,197.02,2.439,51,-4235.6,0.0013,0.0192,,,,,
2,1.75,0.35,12,6,6,1.0,0.0,0.994,45.0,-0.367,-57.59,0.478,0.1964,268.18,137.22,1.954,56,-3538.6,0.0,0.018,,,,,
2,1.75,0.35,12,8,6,1.0,0.0,0.994,45.0,-0.373,-58.48,0.47,0.1964,263.64,137.22,1.921,56,-3588.6,0.0,0.018,,,,,
2,1.75,0.35,20,6,8,0.5,0.0,0.994,45.0,-0.477,-74.02,0.396,0.098,495.0,135.87,3.643,51,-4060.6,0.0,0.018,,,,,
2,1.75,0.35,20,6,10,0.5,0.0,0.994,45.0,-0.484,-76.0,0.394,0.1,495.0,139.44,3.55,50,-4080.0,0.0,0.018,,,,,
2,1.75,0.35,20,8,4,1.0,0.0,0.994,45.0,-0.425,-63.16,0.44,0.1053,470.83,125.98,3.737,57,-3919.2,0.0,0.018,,,,,
2,1.75,0.35,20,8,10,0.3,0.0,0.994,45.0,-0.543,-85.12,0.319,0.0952,418.75,138.16,3.031,42,-3810.2,0.0,0.018,,,,,
2,1.75,0.5,12,6,8,1.0,0.0,0.994,45.0,-0.357,-70.98,0.461,0.2321,261.54,171.51,1.525,56,-4288.6,0.0,0.018,,,,,
2,1.75,0.5,20,6,10,0.5,0.0,0.994,45.0,-0.413,-82.0,0.448,0.14,475.0,172.67,2.751,50,-4380.0,0.0,0.018,,,,,
2,1.75,0.65,12,10,8,1.0,0.0,0.994,45.0,-0.314,-72.81,0.491,0.2807,250.0,198.78,1.258,57,-4469.2,0.0,0.018,,,,,
2,1.75,0.8,12,6,6,0.5,0.0,0.994,45.0,-0.349,-76.72,0.438,0.2069,289.58,172.28,1.681,58,-4774.8,0.0,0.018,,,,,
2,1.75,0.8,16,10,6,1.0,0.0,0.994,45.0,-0.358,-77.92,0.437,0.1833,329.55,169.39,1.946,60,-5011.0,0.0,0.018,,,,,
2,1.75,0.8,20,4,10,0.5,0.001,0.987,21.0,-0.338,-84.31,0.526,0.1765,530.56,216.07,2.455,51,-4585.6,0.0059,0.0174,,,,,
2,1.75,0.8,20,6,6,0.5,0.0,0.984,45.0,-0.344,-72.41,0.477,0.1379,478.12,160.5,2.979,58,-4524.8,0.0016,0.0164,,,,,
2,1.75,0.35,12,6,4,1.0,0.0,0.995,45.0,-0.376,-58.77,0.468,0.193,268.18,136.96,1.958,57,-3669.2,0.0,0.015,,,,,
2,1.75,0.35,16,8,6,1.0,0.0,0.995,45.0,-0.375,-57.59,0.482,0.1607,333.33,132.45,2.517,56,-3538.6,0.0,0.015,,,,,
2,1.75,0.35,20,10,10,0.3,0.0,0.995,45.0,-0.573,-89.88,0.281,0.0952,368.75,138.16,2.669,42,-4010.2,0.0,0.015,,,,,
2,1.75,0.5,12,6,10,0.5,0.0,0.995,45.0,-0.374,-79.0,0.459,0.24,279.17,192.11,1.453,50,-4230.0,0.0,0.015,,,,,
2,1.75,0.5,16,10,10,1.0,0.0,0.995,45.0,-0.397,-82.21,0.438,0.2115,302.27,185.37,1.631,52,-4566.2,0.0,0.015,,,,,
2,1.75,0.65,12,6,8,1.0,0.0,0.995,45.0,-0.297,-68.86,0.518,0.2807,264.06,198.78,1.328,57,-4244.2,0.0,0.015,,,,,
2,1.75,0.8,12,6,6,0.3,0.0,0.995,45.0,-0.378,-82.81,0.395,0.2083,260.0,173.03,1.503,48,-4243.8,0.0,0.015,,,,,
2,1.75,0.8,12,6,6,1.0,0.0,0.995,45.0,-0.373,-82.92,0.397,0.2167,251.92,175.53,1.435,60,-5311.0,0.0,0.015,,,,,
2,1.75,0.8,12,6,8,0.5,0.0,0.995,45.0,-0.302,-75.45,0.516,0.2727,295.0,214.38,1.376,55,-4458.0,0.0,0.015,,,,,
2,1.75,0.8,12,8,10,1.0,0.0,0.995,45.0,-0.338,-91.51,0.476,0.3019,275.0,250.0,1.1,53,-5146.8,0.0,0.015,,,,,
2,1.75,0.8,12,10,6,1.0,0.0,0.995,45.0,-0.362,-80.42,0.415,0.2167,263.46,175.53,1.501,60,-5161.0,0.0,0.015,,,,,
2,1.75,0.5,20,10,10,0.3,0.0,0.989,45.0,-0.477,-94.51,0.375,0.122,465.0,172.22,2.7,41,-4104.6,0.0009,0.0147,,,,,
2,1.5,0.5,12,8,4,0.15,0.0,0.996,45.0,-0.376,-65.14,0.434,0.1972,253.57,143.42,1.768,71,-5022.6,0.0,0.012,,,,,
2,1.75,0.35,12,8,8,1.0,0.0,0.996,45.0,-0.416,-68.4,0.425,0.2075,243.18,150.0,1.621,53,-3921.8,0.0,0.012,,,,,
2,1.75,0.35,12,8,10,1.0,0.0,0.996,45.0,-0.422,-70.19,0.423,0.2115,243.18,154.27,1.576,52,-3941.2,0.0,0.012,,,,,
2,1.75,0.35,20,8,10,0.5,0.0,0.996,45.0,-0.516,-81.0,0.355,0.1,445.0,139.44,3.191,50,-4330.0,0.0,0.012,,,,,
2,1.75,0.65,12,6,10,0.3,0.0,0.996,45.0,-0.35,-84.52,0.462,0.2857,254.17,220.0,1.155,42,-3785.2,0.0,0.012,,,,,
2,1.75,0.65,12,10,10,1.0,0.0,0.996,45.0,-0.354,-88.21,0.445,0.3019,234.38,227.7,1.029,53,-4971.8,0.0,0.012,,,,,
2,1.75,0.8,12,4,10,0.3,0.0,0.996,45.0,-0.361,-95.83,0.451,0.2857,275.0,244.17,1.126,42,-4260.2,0.0,0.012,,,,,
2,1.75,0.8,12,4,10,0.5,0.0,0.996,45.0,-0.317,-85.29,0.513,0.2941,305.0,247.92,1.23,51,-4635.6,0.0,0.012,,,,,
2,1.75,0.8,16,10,10,1.0,0.0,0.996,45.0,-0.369,-96.23,0.453,0.2453,325.0,233.12,1.394,53,-5396.8,0.0,0.012,,,,,
2,1.75,0.35,12,6,8,1.0,0.0,0.997,45.0,-0.41,-67.45,0.433,0.2075,247.73,150.0,1.652,53,-3871.8,0.0,0.009,,,,,
2,1.75,0.35,20,8,8,0.5,0.0,0.997,45.0,-0.508,-78.92,0.356,0.098,445.0,135.87,3.275,51,-4310.6,0.0,0.009,,,,,
2,1.75,0.35,20,8,8,1.0,0.0,0.997,45.0,-0.499,-76.89,0.368,0.0943,475.0,134.38,3.535,53,-4371.8,0.0,0.009,,,,,
2,1.75,0.35,20,8,10,1.0,0.0,0.997,45.0,-0.506,-78.85,0.367,0.0962,475.0,137.77,3.448,52,-4391.2,0.0,0.009,,,,,
2,1.75,0.5,12,10,10,1.0,0.0,0.997,45.0,-0.401,-85.1,0.414,0.25,240.38,193.59,1.242,52,-4716.2,0.0,0.009,,,,,
2,1.75,0.8,12,4,10,1.0,0.0,0.997,45.0,-0.336,-91.04,0.478,0.3019,276.56,250.0,1.106,53,-5121.8,0.0,0.009,,,,,
2,1.75,0.8,12,6,4,1.0,0.0,0.997,45.0,-0.365,-76.56,0.401,0.2031,251.92,160.29,1.572,64,-5258.4,0.0,0.009,,,,,
2,1.75,0.8,12,10,8,1.0,0.0,0.997,45.0,-0.342,-85.96,0.449,0.2807,250.0,217.07,1.152,57,-5219.2,0.0,0.009,,,,,
2,1.75,0.8,12,10,10,1.0,0.0,0.997,45.0,-0.383,-103.77,0.405,0.3019,234.38,250.0,0.938,53,-5796.8,0.0,0.009,,,,,
2,1.75,0.8,20,8,6,0.5,0.0,0.985,45.0,-0.346,-72.84,0.474,0.1379,475.0,160.5,2.96,58,-4549.8,0.0018,0.0085,,,,,
2,1.75,0.65,20,8,4,0.5,0.0,0.98,45.0,-0.32,-59.84,0.51,0.1311,475.0,140.57,3.379,61,-3991.6,0.0026,0.0084,,,,,
2,1.5,0.35,12,10,4,0.15,0.0,0.998,45.0,-0.485,-66.3,0.342,0.1594,215.91,119.83,1.802,69,-4961.4,0.0,0.006,,,,,
2,1.5,0.5,12,8,6,0.15,0.0,0.998,45.0,-0.319,-58.8,0.509,0.2535,240.28,160.38,1.498,71,-4572.6,0.0,0.006,,,,,
2,1.75,0.35,16,8,8,1.0,0.0,0.998,45.0,-0.42,-67.45,0.437,0.1698,308.33,144.32,2.136,53,-3871.8,0.0,0.006,,,,,
2,1.75,0.35,16,8,10,1.0,0.0,0.998,45.0,-0.426,-69.23,0.435,0.1731,308.33,148.26,2.08,52,-3891.2,0.0,0.006,,,,,
2,1.75,0.35,16,10,6,1.0,0.0,0.998,45.0,-0.427,-65.62,0.41,0.1607,283.33,132.45,2.139,56,-3988.6,0.0,0.006,,,,,
2,1.75,0.5,12,6,10,0.3,0.0,0.998,45.0,-0.45,-94.51,0.365,0.2195,247.22,190.62,1.297,41,-4104.6,0.0,0.006,,,,,
2,1.75,0.8,12,6,8,1.0,0.0,0.998,45.0,-0.326,-82.02,0.475,0.2807,264.06,217.07,1.216,57,-4994.2,0.0,0.006,,,,,
2,1.75,0.8,12,6,10,0.3,0.0,0.998,45.0,-0.384,-101.79,0.416,0.2857,254.17,244.17,1.041,42,-4510.2,0.0,0.006,,,,,
2,1.75,0.8,12,6,10,0.5,0.0,0.998,45.0,-0.346,-93.14,0.468,0.2941,278.33,247.92,1.123,51,-5035.6,0.0,0.006,,,,,
2,1.75,0.8,20,8,4,0.5,0.0,0.986,45.0,-0.336,-66.94,0.478,0.129,475.0,147.22,3.226,62,-4497.2,0.0018,0.0055,,,,,
2,1.75,0.8,20,6,4,0.5,0.0,0.988,45.0,-0.334,-66.53,0.481,0.129,478.12,147.22,3.248,62,-4472.2,0.0016,0.0044,,,,,
2,1.5,0.35,12,8,6,0.15,0.0,0.99,45.0,-0.359,-51.09,0.502,0.2029,253.57,128.64,1.971,69,-3911.4,0.0013,0.0042,,,,,
2,1.75,0.5,12,8,10,1.0,0.0,0.99,45.0,-0.347,-73.56,0.493,0.25,286.54,193.59,1.48,52,-4116.2,0.0013,0.0042,,,,,
2,1.75,0.5,16,8,10,1.0,0.0,0.99,45.0,-0.351,-72.6,0.503,0.2115,347.73,185.37,1.876,52,-4066.2,0.0013,0.0042,,,,,
2,1.75,0.5,16,8,10,0.5,0.0,0.973,45.0,-0.305,-63.5,0.567,0.22,377.27,187.82,2.009,50,-3455.0,0.0039,0.0035,,,,,
2,1.75,0.35,12,6,10,1.0,0.0,0.999,45.0,-0.416,-69.23,0.431,0.2115,247.73,154.27,1.606,52,-3891.2,0.0,0.003,,,,,
2,1.75,0.35,12,10,6,1.0,0.0,0.999,45.0,-0.435,-68.3,0.381,0.1964,213.64,137.22,1.557,56,-4138.6,0.0,0.003,,,,,
2,1.75,0.35,12,10,4,1.0,0.0,1.0,45.0,-0.443,-69.3,0.373,0.193,213.64,136.96,1.56,57,-4269.2,0.0,0.0,,,,,
2,1.75,0.35,12,10,8,1.0,0.0,1.0,45.0,-0.479,-78.77,0.337,0.2075,193.18,150.0,1.288,53,-4471.8,0.0,0.0,,,,,
2,1.75,0.35,12,10,10,1.0,0.0,1.0,45.0,-0.485,-80.77,0.336,0.2115,193.18,154.27,1.252,52,-4491.2,0.0,0.0,,,,,
2,1.75,0.35,16,10,4,1.0,0.0,1.0,45.0,-0.435,-66.67,0.402,0.1579,283.33,132.29,2.142,57,-4119.2,0.0,0.0,,,,,
2,1.75,0.35,16,10,8,1.0,0.0,1.0,45.0,-0.472,-75.94,0.366,0.1698,258.33,144.32,1.79,53,-4321.8,0.0,0.0,,,,,
2,1.75,0.35,16,10,10,1.0,0.0,1.0,45.0,-0.479,-77.88,0.365,0.1731,258.33,148.26,1.742,52,-4341.2,0.0,0.0,,,,,
2,1.75,0.5,12,6,10,1.0,0.0,1.0,45.0,-0.399,-84.62,0.417,0.25,242.31,193.59,1.252,52,-4691.2,0.0,0.0,,,,,
2,1.75,0.65,12,6,10,1.0,0.0,1.0,45.0,-0.337,-83.96,0.472,0.3019,248.44,227.7,1.091,53,-4746.8,0.0,0.0,,,,,
2,1.75,0.8,12,6,10,1.0,0.0,1.0,45.0,-0.367,-99.53,0.43,0.3019,248.44,250.0,0.994,53,-5571.8,0.0,0.0,,,,,
2,1.75,0.5,20,8,10,0.3,0.0,0.986,45.0,-0.453,-89.63,0.407,0.122,505.0,172.22,2.932,41,-3904.6,0.0024,-0.0063,,,,,
2,1.2,0.35,12,8,4,0.15,0.0,0.998,45.0,-0.199,-27.74,0.698,0.2439,263.12,121.57,2.164,164,-5468.4,0.0009,-0.0123,,,,,
2,1.75,0.5,20,4,10,0.3,0.0,0.986,45.0,-0.437,-86.59,0.427,0.122,530.0,172.22,3.077,41,-3779.6,0.0035,-0.0287,,,,,
